mp,iter,statistic,events,valid_years,missing_years,excluded_crash_years,excluded_edge_years,available_years,frequency
tun29,1,CatchDrop20,0,10,0,0,0,10,0
tun29,2,CatchDrop20,0,10,0,0,0,10,0
tun29,3,CatchDrop20,0,0,0,10,0,10,
tun29,4,CatchDrop20,0,10,0,0,0,10,0
tun29,5,CatchDrop20,0,10,0,0,0,10,0
tun29,6,CatchDrop20,0,10,0,0,0,10,0
tun29,7,CatchDrop20,0,0,0,10,0,10,
tun29,8,CatchDrop20,0,0,0,10,0,10,
tun29,9,CatchDrop20,0,10,0,0,0,10,0
tun29,10,CatchDrop20,0,10,0,0,0,10,0
tun29,11,CatchDrop20,0,10,0,0,0,10,0
tun29,12,CatchDrop20,0,10,0,0,0,10,0
tun29,13,CatchDrop20,0,10,0,0,0,10,0
tun29,14,CatchDrop20,0,10,0,0,0,10,0
tun29,15,CatchDrop20,0,10,0,0,0,10,0
tun29,16,CatchDrop20,0,10,0,0,0,10,0
tun29,17,CatchDrop20,0,10,0,0,0,10,0
tun29,18,CatchDrop20,0,10,0,0,0,10,0
tun29,19,CatchDrop20,0,10,0,0,0,10,0
tun29,20,CatchDrop20,0,10,0,0,0,10,0
tun29,21,CatchDrop20,0,10,0,0,0,10,0
tun29,22,CatchDrop20,0,10,0,0,0,10,0
tun29,23,CatchDrop20,0,10,0,0,0,10,0
tun29,24,CatchDrop20,0,10,0,0,0,10,0
tun29,25,CatchDrop20,0,10,0,0,0,10,0
tun29,26,CatchDrop20,0,10,0,0,0,10,0
tun29,27,CatchDrop20,0,10,0,0,0,10,0
tun29,28,CatchDrop20,0,10,0,0,0,10,0
tun29,29,CatchDrop20,0,0,0,10,0,10,
tun29,30,CatchDrop20,0,10,0,0,0,10,0
tun29,31,CatchDrop20,0,10,0,0,0,10,0
tun29,32,CatchDrop20,0,10,0,0,0,10,0
tun29,33,CatchDrop20,0,10,0,0,0,10,0
tun29,34,CatchDrop20,0,10,0,0,0,10,0
tun29,35,CatchDrop20,0,8,0,2,0,10,0
tun29,36,CatchDrop20,0,10,0,0,0,10,0
tun29,37,CatchDrop20,0,10,0,0,0,10,0
tun29,38,CatchDrop20,0,10,0,0,0,10,0
tun29,39,CatchDrop20,0,10,0,0,0,10,0
tun29,40,CatchDrop20,0,10,0,0,0,10,0
tun29,41,CatchDrop20,0,10,0,0,0,10,0
tun29,42,CatchDrop20,0,10,0,0,0,10,0
tun29,43,CatchDrop20,0,10,0,0,0,10,0
tun29,44,CatchDrop20,0,10,0,0,0,10,0
tun29,45,CatchDrop20,0,10,0,0,0,10,0
tun29,46,CatchDrop20,0,10,0,0,0,10,0
tun29,47,CatchDrop20,0,10,0,0,0,10,0
tun29,48,CatchDrop20,0,10,0,0,0,10,0
tun29,49,CatchDrop20,0,10,0,0,0,10,0
tun29,50,CatchDrop20,0,10,0,0,0,10,0
tun29,51,CatchDrop20,0,10,0,0,0,10,0
tun29,52,CatchDrop20,0,10,0,0,0,10,0
tun29,53,CatchDrop20,0,10,0,0,0,10,0
tun29,54,CatchDrop20,0,10,0,0,0,10,0
tun29,55,CatchDrop20,0,10,0,0,0,10,0
tun29,56,CatchDrop20,0,10,0,0,0,10,0
tun29,57,CatchDrop20,0,10,0,0,0,10,0
tun29,58,CatchDrop20,0,10,0,0,0,10,0
tun29,59,CatchDrop20,0,8,0,2,0,10,0
tun29,60,CatchDrop20,0,3,0,7,0,10,0
tun29,61,CatchDrop20,0,10,0,0,0,10,0
tun29,62,CatchDrop20,0,0,0,10,0,10,
tun29,63,CatchDrop20,0,10,0,0,0,10,0
tun29,64,CatchDrop20,0,10,0,0,0,10,0
tun29,65,CatchDrop20,0,10,0,0,0,10,0
tun29,66,CatchDrop20,0,10,0,0,0,10,0
tun29,67,CatchDrop20,0,10,0,0,0,10,0
tun29,68,CatchDrop20,0,10,0,0,0,10,0
tun29,69,CatchDrop20,0,10,0,0,0,10,0
tun29,70,CatchDrop20,0,10,0,0,0,10,0
tun29,71,CatchDrop20,0,10,0,0,0,10,0
tun29,72,CatchDrop20,0,10,0,0,0,10,0
tun29,73,CatchDrop20,0,10,0,0,0,10,0
tun29,74,CatchDrop20,0,10,0,0,0,10,0
tun29,75,CatchDrop20,0,6,0,4,0,10,0
tun29,76,CatchDrop20,0,10,0,0,0,10,0
tun29,77,CatchDrop20,0,10,0,0,0,10,0
tun29,78,CatchDrop20,0,4,0,6,0,10,0
tun29,79,CatchDrop20,0,10,0,0,0,10,0
tun29,80,CatchDrop20,0,10,0,0,0,10,0
tun29,81,CatchDrop20,0,10,0,0,0,10,0
tun29,82,CatchDrop20,0,8,0,2,0,10,0
tun29,83,CatchDrop20,0,1,0,9,0,10,0
tun29,84,CatchDrop20,0,10,0,0,0,10,0
tun29,85,CatchDrop20,0,0,0,10,0,10,
tun29,86,CatchDrop20,0,10,0,0,0,10,0
tun29,87,CatchDrop20,0,10,0,0,0,10,0
tun29,88,CatchDrop20,0,10,0,0,0,10,0
tun29,89,CatchDrop20,0,10,0,0,0,10,0
tun29,90,CatchDrop20,0,10,0,0,0,10,0
tun29,91,CatchDrop20,0,10,0,0,0,10,0
tun29,92,CatchDrop20,0,10,0,0,0,10,0
tun29,93,CatchDrop20,0,10,0,0,0,10,0
tun29,94,CatchDrop20,0,10,0,0,0,10,0
tun29,95,CatchDrop20,0,10,0,0,0,10,0
tun29,96,CatchDrop20,0,10,0,0,0,10,0
tun29,97,CatchDrop20,0,10,0,0,0,10,0
tun29,98,CatchDrop20,0,10,0,0,0,10,0
tun29,99,CatchDrop20,0,0,0,10,0,10,
tun29,100,CatchDrop20,0,10,0,0,0,10,0
tun29,101,CatchDrop20,0,10,0,0,0,10,0
tun29,102,CatchDrop20,0,10,0,0,0,10,0
tun29,103,CatchDrop20,0,10,0,0,0,10,0
tun29,104,CatchDrop20,0,10,0,0,0,10,0
tun29,105,CatchDrop20,0,10,0,0,0,10,0
tun29,106,CatchDrop20,0,10,0,0,0,10,0
tun29,107,CatchDrop20,0,10,0,0,0,10,0
tun29,108,CatchDrop20,0,10,0,0,0,10,0
tun29,109,CatchDrop20,0,10,0,0,0,10,0
tun29,110,CatchDrop20,0,10,0,0,0,10,0
tun29,111,CatchDrop20,0,10,0,0,0,10,0
tun29,112,CatchDrop20,0,10,0,0,0,10,0
tun29,113,CatchDrop20,0,10,0,0,0,10,0
tun29,114,CatchDrop20,0,10,0,0,0,10,0
tun29,115,CatchDrop20,0,10,0,0,0,10,0
tun29,116,CatchDrop20,0,7,0,3,0,10,0
tun29,117,CatchDrop20,0,10,0,0,0,10,0
tun29,118,CatchDrop20,0,10,0,0,0,10,0
tun29,119,CatchDrop20,0,10,0,0,0,10,0
tun29,120,CatchDrop20,0,10,0,0,0,10,0
tun29,121,CatchDrop20,0,10,0,0,0,10,0
tun29,122,CatchDrop20,0,10,0,0,0,10,0
tun29,123,CatchDrop20,0,10,0,0,0,10,0
tun29,124,CatchDrop20,0,10,0,0,0,10,0
tun29,125,CatchDrop20,0,10,0,0,0,10,0
tun29,126,CatchDrop20,0,10,0,0,0,10,0
tun29,127,CatchDrop20,0,10,0,0,0,10,0
tun29,128,CatchDrop20,0,10,0,0,0,10,0
tun29,129,CatchDrop20,0,10,0,0,0,10,0
tun29,130,CatchDrop20,0,4,0,6,0,10,0
tun29,131,CatchDrop20,0,10,0,0,0,10,0
tun29,132,CatchDrop20,0,10,0,0,0,10,0
tun29,133,CatchDrop20,0,10,0,0,0,10,0
tun29,134,CatchDrop20,0,10,0,0,0,10,0
tun29,135,CatchDrop20,0,10,0,0,0,10,0
tun29,136,CatchDrop20,0,10,0,0,0,10,0
tun29,137,CatchDrop20,0,10,0,0,0,10,0
tun29,138,CatchDrop20,0,7,0,3,0,10,0
tun29,139,CatchDrop20,0,10,0,0,0,10,0
tun29,140,CatchDrop20,0,10,0,0,0,10,0
tun29,141,CatchDrop20,0,10,0,0,0,10,0
tun29,142,CatchDrop20,0,10,0,0,0,10,0
tun29,143,CatchDrop20,0,10,0,0,0,10,0
tun29,144,CatchDrop20,0,10,0,0,0,10,0
tun29,145,CatchDrop20,0,10,0,0,0,10,0
tun29,146,CatchDrop20,0,10,0,0,0,10,0
tun29,147,CatchDrop20,0,10,0,0,0,10,0
tun29,148,CatchDrop20,0,10,0,0,0,10,0
tun29,149,CatchDrop20,0,10,0,0,0,10,0
tun29,150,CatchDrop20,0,10,0,0,0,10,0
tun29,151,CatchDrop20,0,10,0,0,0,10,0
tun29,152,CatchDrop20,0,0,0,10,0,10,
tun29,153,CatchDrop20,0,10,0,0,0,10,0
tun29,154,CatchDrop20,0,10,0,0,0,10,0
tun29,155,CatchDrop20,0,10,0,0,0,10,0
tun29,156,CatchDrop20,0,10,0,0,0,10,0
tun29,157,CatchDrop20,0,10,0,0,0,10,0
tun29,158,CatchDrop20,0,10,0,0,0,10,0
tun29,159,CatchDrop20,0,10,0,0,0,10,0
tun29,160,CatchDrop20,0,10,0,0,0,10,0
tun29,161,CatchDrop20,0,10,0,0,0,10,0
tun29,162,CatchDrop20,0,10,0,0,0,10,0
tun29,163,CatchDrop20,0,10,0,0,0,10,0
tun29,164,CatchDrop20,0,10,0,0,0,10,0
tun29,165,CatchDrop20,0,10,0,0,0,10,0
tun29,166,CatchDrop20,0,10,0,0,0,10,0
tun29,167,CatchDrop20,0,10,0,0,0,10,0
tun29,168,CatchDrop20,0,10,0,0,0,10,0
tun29,169,CatchDrop20,0,10,0,0,0,10,0
tun29,170,CatchDrop20,0,10,0,0,0,10,0
tun29,171,CatchDrop20,0,0,0,10,0,10,
tun29,172,CatchDrop20,0,10,0,0,0,10,0
tun29,173,CatchDrop20,0,10,0,0,0,10,0
tun29,174,CatchDrop20,0,10,0,0,0,10,0
tun29,175,CatchDrop20,0,5,0,5,0,10,0
tun29,176,CatchDrop20,0,10,0,0,0,10,0
tun29,177,CatchDrop20,0,10,0,0,0,10,0
tun29,178,CatchDrop20,0,10,0,0,0,10,0
tun29,179,CatchDrop20,0,10,0,0,0,10,0
tun29,180,CatchDrop20,0,10,0,0,0,10,0
tun29,181,CatchDrop20,0,10,0,0,0,10,0
tun29,182,CatchDrop20,0,10,0,0,0,10,0
tun29,183,CatchDrop20,0,10,0,0,0,10,0
tun29,184,CatchDrop20,0,0,0,10,0,10,
tun29,185,CatchDrop20,0,10,0,0,0,10,0
tun29,186,CatchDrop20,0,10,0,0,0,10,0
tun29,187,CatchDrop20,0,10,0,0,0,10,0
tun29,188,CatchDrop20,0,10,0,0,0,10,0
tun29,189,CatchDrop20,0,10,0,0,0,10,0
tun29,190,CatchDrop20,0,10,0,0,0,10,0
tun29,191,CatchDrop20,0,10,0,0,0,10,0
tun29,192,CatchDrop20,0,10,0,0,0,10,0
tun29,193,CatchDrop20,0,10,0,0,0,10,0
tun29,194,CatchDrop20,0,10,0,0,0,10,0
tun29,195,CatchDrop20,0,10,0,0,0,10,0
tun29,196,CatchDrop20,0,10,0,0,0,10,0
tun29,197,CatchDrop20,0,10,0,0,0,10,0
tun29,198,CatchDrop20,0,10,0,0,0,10,0
tun29,199,CatchDrop20,0,10,0,0,0,10,0
tun29,200,CatchDrop20,0,10,0,0,0,10,0
tun29,201,CatchDrop20,0,10,0,0,0,10,0
tun29,202,CatchDrop20,0,10,0,0,0,10,0
tun29,203,CatchDrop20,0,10,0,0,0,10,0
tun29,204,CatchDrop20,0,10,0,0,0,10,0
tun29,205,CatchDrop20,0,10,0,0,0,10,0
tun29,206,CatchDrop20,0,10,0,0,0,10,0
tun29,207,CatchDrop20,0,10,0,0,0,10,0
tun29,208,CatchDrop20,0,10,0,0,0,10,0
tun29,209,CatchDrop20,0,10,0,0,0,10,0
tun29,210,CatchDrop20,0,10,0,0,0,10,0
tun29,211,CatchDrop20,0,10,0,0,0,10,0
tun29,212,CatchDrop20,0,10,0,0,0,10,0
tun29,213,CatchDrop20,0,10,0,0,0,10,0
tun29,214,CatchDrop20,0,10,0,0,0,10,0
tun29,215,CatchDrop20,0,10,0,0,0,10,0
tun29,216,CatchDrop20,0,10,0,0,0,10,0
tun29,217,CatchDrop20,0,10,0,0,0,10,0
tun29,218,CatchDrop20,0,10,0,0,0,10,0
tun29,219,CatchDrop20,0,10,0,0,0,10,0
tun29,220,CatchDrop20,0,10,0,0,0,10,0
tun29,221,CatchDrop20,0,10,0,0,0,10,0
tun29,222,CatchDrop20,0,10,0,0,0,10,0
tun29,223,CatchDrop20,0,10,0,0,0,10,0
tun29,224,CatchDrop20,0,10,0,0,0,10,0
tun29,225,CatchDrop20,0,10,0,0,0,10,0
tun29,226,CatchDrop20,0,7,0,3,0,10,0
tun29,227,CatchDrop20,0,10,0,0,0,10,0
tun29,228,CatchDrop20,0,10,0,0,0,10,0
tun29,229,CatchDrop20,0,10,0,0,0,10,0
tun29,230,CatchDrop20,0,10,0,0,0,10,0
tun29,231,CatchDrop20,0,10,0,0,0,10,0
tun29,232,CatchDrop20,0,10,0,0,0,10,0
tun29,233,CatchDrop20,0,10,0,0,0,10,0
tun29,234,CatchDrop20,0,10,0,0,0,10,0
tun29,235,CatchDrop20,0,10,0,0,0,10,0
tun29,236,CatchDrop20,0,10,0,0,0,10,0
tun29,237,CatchDrop20,0,10,0,0,0,10,0
tun29,238,CatchDrop20,0,10,0,0,0,10,0
tun29,239,CatchDrop20,0,10,0,0,0,10,0
tun29,240,CatchDrop20,0,10,0,0,0,10,0
tun29,241,CatchDrop20,0,10,0,0,0,10,0
tun29,242,CatchDrop20,0,10,0,0,0,10,0
tun29,243,CatchDrop20,0,10,0,0,0,10,0
tun29,244,CatchDrop20,0,10,0,0,0,10,0
tun29,245,CatchDrop20,0,10,0,0,0,10,0
tun29,246,CatchDrop20,0,10,0,0,0,10,0
tun29,247,CatchDrop20,0,10,0,0,0,10,0
tun29,248,CatchDrop20,0,0,0,10,0,10,
tun29,249,CatchDrop20,0,10,0,0,0,10,0
tun29,250,CatchDrop20,0,10,0,0,0,10,0
tun29,251,CatchDrop20,0,10,0,0,0,10,0
tun29,252,CatchDrop20,0,8,0,2,0,10,0
tun29,253,CatchDrop20,0,8,0,2,0,10,0
tun29,254,CatchDrop20,0,10,0,0,0,10,0
tun29,255,CatchDrop20,0,10,0,0,0,10,0
tun29,256,CatchDrop20,0,10,0,0,0,10,0
tun29,257,CatchDrop20,0,10,0,0,0,10,0
tun29,258,CatchDrop20,0,10,0,0,0,10,0
tun29,259,CatchDrop20,0,10,0,0,0,10,0
tun29,260,CatchDrop20,0,10,0,0,0,10,0
tun29,261,CatchDrop20,0,10,0,0,0,10,0
tun29,262,CatchDrop20,0,10,0,0,0,10,0
tun29,263,CatchDrop20,0,10,0,0,0,10,0
tun29,264,CatchDrop20,0,10,0,0,0,10,0
tun29,265,CatchDrop20,0,0,0,10,0,10,
tun29,266,CatchDrop20,0,10,0,0,0,10,0
tun29,267,CatchDrop20,0,10,0,0,0,10,0
tun29,268,CatchDrop20,0,10,0,0,0,10,0
tun29,269,CatchDrop20,0,10,0,0,0,10,0
tun29,270,CatchDrop20,0,10,0,0,0,10,0
tun29,271,CatchDrop20,0,4,0,6,0,10,0
tun29,272,CatchDrop20,0,10,0,0,0,10,0
tun29,273,CatchDrop20,0,2,0,8,0,10,0
tun29,274,CatchDrop20,0,10,0,0,0,10,0
tun29,275,CatchDrop20,0,10,0,0,0,10,0
tun29,276,CatchDrop20,0,10,0,0,0,10,0
tun29,277,CatchDrop20,0,10,0,0,0,10,0
tun29,278,CatchDrop20,0,10,0,0,0,10,0
tun29,279,CatchDrop20,0,10,0,0,0,10,0
tun29,280,CatchDrop20,0,10,0,0,0,10,0
tun29,281,CatchDrop20,0,10,0,0,0,10,0
tun29,282,CatchDrop20,0,10,0,0,0,10,0
tun29,283,CatchDrop20,0,10,0,0,0,10,0
tun29,284,CatchDrop20,0,10,0,0,0,10,0
tun29,285,CatchDrop20,0,10,0,0,0,10,0
tun29,286,CatchDrop20,0,10,0,0,0,10,0
tun29,287,CatchDrop20,0,10,0,0,0,10,0
tun29,288,CatchDrop20,0,10,0,0,0,10,0
tun29,289,CatchDrop20,0,10,0,0,0,10,0
tun29,290,CatchDrop20,0,10,0,0,0,10,0
tun29,291,CatchDrop20,0,10,0,0,0,10,0
tun29,292,CatchDrop20,0,10,0,0,0,10,0
tun29,293,CatchDrop20,0,10,0,0,0,10,0
tun29,294,CatchDrop20,0,10,0,0,0,10,0
tun29,295,CatchDrop20,0,10,0,0,0,10,0
tun29,296,CatchDrop20,0,10,0,0,0,10,0
tun29,297,CatchDrop20,0,10,0,0,0,10,0
tun29,298,CatchDrop20,0,10,0,0,0,10,0
tun29,299,CatchDrop20,0,10,0,0,0,10,0
tun29,300,CatchDrop20,0,10,0,0,0,10,0
tun29,301,CatchDrop20,0,10,0,0,0,10,0
tun29,302,CatchDrop20,0,8,0,2,0,10,0
tun29,303,CatchDrop20,0,10,0,0,0,10,0
tun29,304,CatchDrop20,0,10,0,0,0,10,0
tun29,305,CatchDrop20,0,10,0,0,0,10,0
tun29,306,CatchDrop20,0,10,0,0,0,10,0
tun29,307,CatchDrop20,0,10,0,0,0,10,0
tun29,308,CatchDrop20,0,0,0,10,0,10,
tun29,309,CatchDrop20,0,10,0,0,0,10,0
tun29,310,CatchDrop20,0,0,0,10,0,10,
tun29,311,CatchDrop20,0,10,0,0,0,10,0
tun29,312,CatchDrop20,0,0,0,10,0,10,
tun29,313,CatchDrop20,0,10,0,0,0,10,0
tun29,314,CatchDrop20,0,10,0,0,0,10,0
tun29,315,CatchDrop20,0,10,0,0,0,10,0
tun29,316,CatchDrop20,0,10,0,0,0,10,0
tun29,317,CatchDrop20,0,10,0,0,0,10,0
tun29,318,CatchDrop20,0,10,0,0,0,10,0
tun29,319,CatchDrop20,0,10,0,0,0,10,0
tun29,320,CatchDrop20,0,10,0,0,0,10,0
tun29,321,CatchDrop20,0,10,0,0,0,10,0
tun29,322,CatchDrop20,0,10,0,0,0,10,0
tun29,323,CatchDrop20,0,10,0,0,0,10,0
tun29,324,CatchDrop20,0,10,0,0,0,10,0
tun29,325,CatchDrop20,0,0,0,10,0,10,
tun29,326,CatchDrop20,0,10,0,0,0,10,0
tun29,327,CatchDrop20,0,10,0,0,0,10,0
tun29,328,CatchDrop20,0,10,0,0,0,10,0
tun29,329,CatchDrop20,0,10,0,0,0,10,0
tun29,330,CatchDrop20,0,0,0,10,0,10,
tun29,331,CatchDrop20,0,10,0,0,0,10,0
tun29,332,CatchDrop20,0,10,0,0,0,10,0
tun29,333,CatchDrop20,0,10,0,0,0,10,0
tun29,334,CatchDrop20,0,10,0,0,0,10,0
tun29,335,CatchDrop20,0,10,0,0,0,10,0
tun29,336,CatchDrop20,0,10,0,0,0,10,0
tun29,337,CatchDrop20,0,9,0,1,0,10,0
tun29,338,CatchDrop20,0,10,0,0,0,10,0
tun29,339,CatchDrop20,0,10,0,0,0,10,0
tun29,340,CatchDrop20,0,10,0,0,0,10,0
tun29,341,CatchDrop20,0,10,0,0,0,10,0
tun29,342,CatchDrop20,0,10,0,0,0,10,0
tun29,343,CatchDrop20,0,10,0,0,0,10,0
tun29,344,CatchDrop20,0,10,0,0,0,10,0
tun29,345,CatchDrop20,0,10,0,0,0,10,0
tun29,346,CatchDrop20,0,10,0,0,0,10,0
tun29,347,CatchDrop20,0,10,0,0,0,10,0
tun29,348,CatchDrop20,0,10,0,0,0,10,0
tun29,349,CatchDrop20,0,10,0,0,0,10,0
tun29,350,CatchDrop20,0,10,0,0,0,10,0
tun29,351,CatchDrop20,0,10,0,0,0,10,0
tun29,352,CatchDrop20,0,10,0,0,0,10,0
tun29,353,CatchDrop20,0,10,0,0,0,10,0
tun29,354,CatchDrop20,0,10,0,0,0,10,0
tun29,355,CatchDrop20,0,10,0,0,0,10,0
tun29,356,CatchDrop20,0,10,0,0,0,10,0
tun29,357,CatchDrop20,0,10,0,0,0,10,0
tun29,358,CatchDrop20,0,10,0,0,0,10,0
tun29,359,CatchDrop20,0,10,0,0,0,10,0
tun29,360,CatchDrop20,0,10,0,0,0,10,0
tun29,361,CatchDrop20,0,10,0,0,0,10,0
tun29,362,CatchDrop20,0,10,0,0,0,10,0
tun29,363,CatchDrop20,0,10,0,0,0,10,0
tun29,364,CatchDrop20,0,10,0,0,0,10,0
tun29,365,CatchDrop20,0,10,0,0,0,10,0
tun29,366,CatchDrop20,0,10,0,0,0,10,0
tun29,367,CatchDrop20,0,10,0,0,0,10,0
tun29,368,CatchDrop20,0,10,0,0,0,10,0
tun29,369,CatchDrop20,0,10,0,0,0,10,0
tun29,370,CatchDrop20,0,10,0,0,0,10,0
tun29,371,CatchDrop20,0,10,0,0,0,10,0
tun29,372,CatchDrop20,0,10,0,0,0,10,0
tun29,373,CatchDrop20,0,10,0,0,0,10,0
tun29,374,CatchDrop20,0,10,0,0,0,10,0
tun29,375,CatchDrop20,0,10,0,0,0,10,0
tun29,376,CatchDrop20,0,10,0,0,0,10,0
tun29,377,CatchDrop20,0,10,0,0,0,10,0
tun29,378,CatchDrop20,0,10,0,0,0,10,0
tun29,379,CatchDrop20,0,10,0,0,0,10,0
tun29,380,CatchDrop20,0,5,0,5,0,10,0
tun29,381,CatchDrop20,0,10,0,0,0,10,0
tun29,382,CatchDrop20,0,10,0,0,0,10,0
tun29,383,CatchDrop20,0,10,0,0,0,10,0
tun29,384,CatchDrop20,0,2,0,8,0,10,0
tun29,385,CatchDrop20,0,10,0,0,0,10,0
tun29,386,CatchDrop20,0,10,0,0,0,10,0
tun29,387,CatchDrop20,0,10,0,0,0,10,0
tun29,388,CatchDrop20,0,2,0,8,0,10,0
tun29,389,CatchDrop20,0,10,0,0,0,10,0
tun29,390,CatchDrop20,0,0,0,10,0,10,
tun29,391,CatchDrop20,0,1,0,9,0,10,0
tun29,392,CatchDrop20,0,10,0,0,0,10,0
tun29,393,CatchDrop20,0,10,0,0,0,10,0
tun29,394,CatchDrop20,0,10,0,0,0,10,0
tun29,395,CatchDrop20,0,10,0,0,0,10,0
tun29,396,CatchDrop20,0,10,0,0,0,10,0
tun29,397,CatchDrop20,0,10,0,0,0,10,0
tun29,398,CatchDrop20,0,10,0,0,0,10,0
tun29,399,CatchDrop20,0,10,0,0,0,10,0
tun29,400,CatchDrop20,0,10,0,0,0,10,0
tun29,401,CatchDrop20,0,0,0,10,0,10,
tun29,402,CatchDrop20,0,10,0,0,0,10,0
tun29,403,CatchDrop20,0,10,0,0,0,10,0
tun29,404,CatchDrop20,0,10,0,0,0,10,0
tun29,405,CatchDrop20,0,10,0,0,0,10,0
tun29,406,CatchDrop20,0,10,0,0,0,10,0
tun29,407,CatchDrop20,0,10,0,0,0,10,0
tun29,408,CatchDrop20,0,10,0,0,0,10,0
tun29,409,CatchDrop20,0,8,0,2,0,10,0
tun29,410,CatchDrop20,0,10,0,0,0,10,0
tun29,411,CatchDrop20,0,10,0,0,0,10,0
tun29,412,CatchDrop20,0,10,0,0,0,10,0
tun29,413,CatchDrop20,0,10,0,0,0,10,0
tun29,414,CatchDrop20,0,10,0,0,0,10,0
tun29,415,CatchDrop20,0,10,0,0,0,10,0
tun29,416,CatchDrop20,0,10,0,0,0,10,0
tun29,417,CatchDrop20,0,10,0,0,0,10,0
tun29,418,CatchDrop20,0,10,0,0,0,10,0
tun29,419,CatchDrop20,0,10,0,0,0,10,0
tun29,420,CatchDrop20,0,10,0,0,0,10,0
tun29,421,CatchDrop20,0,10,0,0,0,10,0
tun29,422,CatchDrop20,0,10,0,0,0,10,0
tun29,423,CatchDrop20,0,10,0,0,0,10,0
tun29,424,CatchDrop20,0,10,0,0,0,10,0
tun29,425,CatchDrop20,0,10,0,0,0,10,0
tun29,426,CatchDrop20,0,10,0,0,0,10,0
tun29,427,CatchDrop20,0,10,0,0,0,10,0
tun29,428,CatchDrop20,0,10,0,0,0,10,0
tun29,429,CatchDrop20,0,10,0,0,0,10,0
tun29,430,CatchDrop20,0,10,0,0,0,10,0
tun29,431,CatchDrop20,0,10,0,0,0,10,0
tun29,432,CatchDrop20,0,10,0,0,0,10,0
tun29,433,CatchDrop20,0,10,0,0,0,10,0
tun29,434,CatchDrop20,0,10,0,0,0,10,0
tun29,435,CatchDrop20,0,10,0,0,0,10,0
tun29,436,CatchDrop20,0,10,0,0,0,10,0
tun29,437,CatchDrop20,0,10,0,0,0,10,0
tun29,438,CatchDrop20,0,10,0,0,0,10,0
tun29,439,CatchDrop20,0,10,0,0,0,10,0
tun29,440,CatchDrop20,0,10,0,0,0,10,0
tun29,441,CatchDrop20,0,10,0,0,0,10,0
tun29,442,CatchDrop20,0,10,0,0,0,10,0
tun29,443,CatchDrop20,0,10,0,0,0,10,0
tun29,444,CatchDrop20,0,10,0,0,0,10,0
tun29,445,CatchDrop20,0,10,0,0,0,10,0
tun29,446,CatchDrop20,0,10,0,0,0,10,0
tun29,447,CatchDrop20,0,10,0,0,0,10,0
tun29,448,CatchDrop20,0,0,0,10,0,10,
tun29,449,CatchDrop20,0,10,0,0,0,10,0
tun29,450,CatchDrop20,0,10,0,0,0,10,0
tun29,451,CatchDrop20,0,10,0,0,0,10,0
tun29,452,CatchDrop20,0,10,0,0,0,10,0
tun29,453,CatchDrop20,0,10,0,0,0,10,0
tun29,454,CatchDrop20,0,10,0,0,0,10,0
tun29,455,CatchDrop20,0,10,0,0,0,10,0
tun29,456,CatchDrop20,0,10,0,0,0,10,0
tun29,457,CatchDrop20,0,10,0,0,0,10,0
tun29,458,CatchDrop20,0,10,0,0,0,10,0
tun29,459,CatchDrop20,0,10,0,0,0,10,0
tun29,460,CatchDrop20,0,10,0,0,0,10,0
tun29,461,CatchDrop20,0,10,0,0,0,10,0
tun29,462,CatchDrop20,0,10,0,0,0,10,0
tun29,463,CatchDrop20,0,10,0,0,0,10,0
tun29,464,CatchDrop20,0,10,0,0,0,10,0
tun29,465,CatchDrop20,0,10,0,0,0,10,0
tun29,466,CatchDrop20,0,10,0,0,0,10,0
tun29,467,CatchDrop20,0,10,0,0,0,10,0
tun29,468,CatchDrop20,0,10,0,0,0,10,0
tun29,469,CatchDrop20,0,10,0,0,0,10,0
tun29,470,CatchDrop20,0,3,0,7,0,10,0
tun29,471,CatchDrop20,0,10,0,0,0,10,0
tun29,472,CatchDrop20,0,10,0,0,0,10,0
tun29,473,CatchDrop20,0,10,0,0,0,10,0
tun29,474,CatchDrop20,0,10,0,0,0,10,0
tun29,475,CatchDrop20,0,10,0,0,0,10,0
tun29,476,CatchDrop20,0,10,0,0,0,10,0
tun29,477,CatchDrop20,0,10,0,0,0,10,0
tun29,478,CatchDrop20,0,10,0,0,0,10,0
tun29,479,CatchDrop20,0,10,0,0,0,10,0
tun29,480,CatchDrop20,0,10,0,0,0,10,0
tun29,481,CatchDrop20,0,1,0,9,0,10,0
tun29,482,CatchDrop20,0,10,0,0,0,10,0
tun29,483,CatchDrop20,0,10,0,0,0,10,0
tun29,484,CatchDrop20,0,7,0,3,0,10,0
tun29,485,CatchDrop20,0,10,0,0,0,10,0
tun29,486,CatchDrop20,0,10,0,0,0,10,0
tun29,487,CatchDrop20,0,10,0,0,0,10,0
tun29,488,CatchDrop20,0,10,0,0,0,10,0
tun29,489,CatchDrop20,0,10,0,0,0,10,0
tun29,490,CatchDrop20,0,10,0,0,0,10,0
tun29,491,CatchDrop20,0,10,0,0,0,10,0
tun29,492,CatchDrop20,0,10,0,0,0,10,0
tun29,493,CatchDrop20,0,10,0,0,0,10,0
tun29,494,CatchDrop20,0,10,0,0,0,10,0
tun29,495,CatchDrop20,0,10,0,0,0,10,0
tun29,496,CatchDrop20,0,10,0,0,0,10,0
tun29,497,CatchDrop20,0,10,0,0,0,10,0
tun29,498,CatchDrop20,0,10,0,0,0,10,0
tun29,499,CatchDrop20,0,10,0,0,0,10,0
tun29,500,CatchDrop20,0,4,0,6,0,10,0
tun32,1,CatchDrop20,0,10,0,0,0,10,0
tun32,2,CatchDrop20,0,10,0,0,0,10,0
tun32,3,CatchDrop20,0,0,0,10,0,10,
tun32,4,CatchDrop20,0,10,0,0,0,10,0
tun32,5,CatchDrop20,0,10,0,0,0,10,0
tun32,6,CatchDrop20,0,10,0,0,0,10,0
tun32,7,CatchDrop20,0,0,0,10,0,10,
tun32,8,CatchDrop20,0,0,0,10,0,10,
tun32,9,CatchDrop20,0,10,0,0,0,10,0
tun32,10,CatchDrop20,0,10,0,0,0,10,0
tun32,11,CatchDrop20,0,10,0,0,0,10,0
tun32,12,CatchDrop20,0,10,0,0,0,10,0
tun32,13,CatchDrop20,0,10,0,0,0,10,0
tun32,14,CatchDrop20,0,10,0,0,0,10,0
tun32,15,CatchDrop20,0,10,0,0,0,10,0
tun32,16,CatchDrop20,0,10,0,0,0,10,0
tun32,17,CatchDrop20,0,10,0,0,0,10,0
tun32,18,CatchDrop20,0,10,0,0,0,10,0
tun32,19,CatchDrop20,0,3,0,7,0,10,0
tun32,20,CatchDrop20,0,10,0,0,0,10,0
tun32,21,CatchDrop20,0,10,0,0,0,10,0
tun32,22,CatchDrop20,0,10,0,0,0,10,0
tun32,23,CatchDrop20,0,10,0,0,0,10,0
tun32,24,CatchDrop20,0,10,0,0,0,10,0
tun32,25,CatchDrop20,0,10,0,0,0,10,0
tun32,26,CatchDrop20,0,10,0,0,0,10,0
tun32,27,CatchDrop20,0,10,0,0,0,10,0
tun32,28,CatchDrop20,0,10,0,0,0,10,0
tun32,29,CatchDrop20,0,1,0,9,0,10,0
tun32,30,CatchDrop20,0,10,0,0,0,10,0
tun32,31,CatchDrop20,0,10,0,0,0,10,0
tun32,32,CatchDrop20,0,10,0,0,0,10,0
tun32,33,CatchDrop20,0,10,0,0,0,10,0
tun32,34,CatchDrop20,0,10,0,0,0,10,0
tun32,35,CatchDrop20,0,10,0,0,0,10,0
tun32,36,CatchDrop20,0,10,0,0,0,10,0
tun32,37,CatchDrop20,0,10,0,0,0,10,0
tun32,38,CatchDrop20,0,10,0,0,0,10,0
tun32,39,CatchDrop20,0,10,0,0,0,10,0
tun32,40,CatchDrop20,0,10,0,0,0,10,0
tun32,41,CatchDrop20,0,10,0,0,0,10,0
tun32,42,CatchDrop20,0,10,0,0,0,10,0
tun32,43,CatchDrop20,0,10,0,0,0,10,0
tun32,44,CatchDrop20,0,10,0,0,0,10,0
tun32,45,CatchDrop20,0,10,0,0,0,10,0
tun32,46,CatchDrop20,0,10,0,0,0,10,0
tun32,47,CatchDrop20,0,10,0,0,0,10,0
tun32,48,CatchDrop20,0,10,0,0,0,10,0
tun32,49,CatchDrop20,0,10,0,0,0,10,0
tun32,50,CatchDrop20,0,10,0,0,0,10,0
tun32,51,CatchDrop20,0,10,0,0,0,10,0
tun32,52,CatchDrop20,0,10,0,0,0,10,0
tun32,53,CatchDrop20,0,10,0,0,0,10,0
tun32,54,CatchDrop20,0,10,0,0,0,10,0
tun32,55,CatchDrop20,0,10,0,0,0,10,0
tun32,56,CatchDrop20,0,6,0,4,0,10,0
tun32,57,CatchDrop20,0,10,0,0,0,10,0
tun32,58,CatchDrop20,0,10,0,0,0,10,0
tun32,59,CatchDrop20,0,10,0,0,0,10,0
tun32,60,CatchDrop20,0,0,0,10,0,10,
tun32,61,CatchDrop20,0,10,0,0,0,10,0
tun32,62,CatchDrop20,0,10,0,0,0,10,0
tun32,63,CatchDrop20,0,10,0,0,0,10,0
tun32,64,CatchDrop20,0,10,0,0,0,10,0
tun32,65,CatchDrop20,0,10,0,0,0,10,0
tun32,66,CatchDrop20,0,10,0,0,0,10,0
tun32,67,CatchDrop20,0,10,0,0,0,10,0
tun32,68,CatchDrop20,0,10,0,0,0,10,0
tun32,69,CatchDrop20,0,10,0,0,0,10,0
tun32,70,CatchDrop20,0,10,0,0,0,10,0
tun32,71,CatchDrop20,0,10,0,0,0,10,0
tun32,72,CatchDrop20,0,10,0,0,0,10,0
tun32,73,CatchDrop20,0,10,0,0,0,10,0
tun32,74,CatchDrop20,0,10,0,0,0,10,0
tun32,75,CatchDrop20,0,5,0,5,0,10,0
tun32,76,CatchDrop20,0,10,0,0,0,10,0
tun32,77,CatchDrop20,0,10,0,0,0,10,0
tun32,78,CatchDrop20,0,3,0,7,0,10,0
tun32,79,CatchDrop20,0,10,0,0,0,10,0
tun32,80,CatchDrop20,0,10,0,0,0,10,0
tun32,81,CatchDrop20,0,10,0,0,0,10,0
tun32,82,CatchDrop20,0,10,0,0,0,10,0
tun32,83,CatchDrop20,0,2,0,8,0,10,0
tun32,84,CatchDrop20,0,10,0,0,0,10,0
tun32,85,CatchDrop20,0,1,0,9,0,10,0
tun32,86,CatchDrop20,0,10,0,0,0,10,0
tun32,87,CatchDrop20,0,10,0,0,0,10,0
tun32,88,CatchDrop20,0,10,0,0,0,10,0
tun32,89,CatchDrop20,0,10,0,0,0,10,0
tun32,90,CatchDrop20,0,10,0,0,0,10,0
tun32,91,CatchDrop20,0,10,0,0,0,10,0
tun32,92,CatchDrop20,0,10,0,0,0,10,0
tun32,93,CatchDrop20,0,10,0,0,0,10,0
tun32,94,CatchDrop20,0,10,0,0,0,10,0
tun32,95,CatchDrop20,0,10,0,0,0,10,0
tun32,96,CatchDrop20,0,10,0,0,0,10,0
tun32,97,CatchDrop20,0,10,0,0,0,10,0
tun32,98,CatchDrop20,0,10,0,0,0,10,0
tun32,99,CatchDrop20,0,0,0,10,0,10,
tun32,100,CatchDrop20,0,10,0,0,0,10,0
tun32,101,CatchDrop20,0,10,0,0,0,10,0
tun32,102,CatchDrop20,0,10,0,0,0,10,0
tun32,103,CatchDrop20,0,10,0,0,0,10,0
tun32,104,CatchDrop20,0,10,0,0,0,10,0
tun32,105,CatchDrop20,0,10,0,0,0,10,0
tun32,106,CatchDrop20,0,10,0,0,0,10,0
tun32,107,CatchDrop20,0,10,0,0,0,10,0
tun32,108,CatchDrop20,0,10,0,0,0,10,0
tun32,109,CatchDrop20,0,10,0,0,0,10,0
tun32,110,CatchDrop20,0,10,0,0,0,10,0
tun32,111,CatchDrop20,0,10,0,0,0,10,0
tun32,112,CatchDrop20,0,10,0,0,0,10,0
tun32,113,CatchDrop20,0,10,0,0,0,10,0
tun32,114,CatchDrop20,0,10,0,0,0,10,0
tun32,115,CatchDrop20,0,10,0,0,0,10,0
tun32,116,CatchDrop20,0,10,0,0,0,10,0
tun32,117,CatchDrop20,0,10,0,0,0,10,0
tun32,118,CatchDrop20,0,10,0,0,0,10,0
tun32,119,CatchDrop20,0,10,0,0,0,10,0
tun32,120,CatchDrop20,0,10,0,0,0,10,0
tun32,121,CatchDrop20,0,10,0,0,0,10,0
tun32,122,CatchDrop20,0,10,0,0,0,10,0
tun32,123,CatchDrop20,0,10,0,0,0,10,0
tun32,124,CatchDrop20,0,10,0,0,0,10,0
tun32,125,CatchDrop20,0,10,0,0,0,10,0
tun32,126,CatchDrop20,0,10,0,0,0,10,0
tun32,127,CatchDrop20,0,10,0,0,0,10,0
tun32,128,CatchDrop20,0,10,0,0,0,10,0
tun32,129,CatchDrop20,0,10,0,0,0,10,0
tun32,130,CatchDrop20,0,5,0,5,0,10,0
tun32,131,CatchDrop20,0,10,0,0,0,10,0
tun32,132,CatchDrop20,0,10,0,0,0,10,0
tun32,133,CatchDrop20,0,10,0,0,0,10,0
tun32,134,CatchDrop20,0,10,0,0,0,10,0
tun32,135,CatchDrop20,0,10,0,0,0,10,0
tun32,136,CatchDrop20,0,10,0,0,0,10,0
tun32,137,CatchDrop20,0,10,0,0,0,10,0
tun32,138,CatchDrop20,0,3,0,7,0,10,0
tun32,139,CatchDrop20,0,10,0,0,0,10,0
tun32,140,CatchDrop20,0,10,0,0,0,10,0
tun32,141,CatchDrop20,0,10,0,0,0,10,0
tun32,142,CatchDrop20,0,10,0,0,0,10,0
tun32,143,CatchDrop20,0,10,0,0,0,10,0
tun32,144,CatchDrop20,0,10,0,0,0,10,0
tun32,145,CatchDrop20,0,10,0,0,0,10,0
tun32,146,CatchDrop20,0,10,0,0,0,10,0
tun32,147,CatchDrop20,0,10,0,0,0,10,0
tun32,148,CatchDrop20,0,10,0,0,0,10,0
tun32,149,CatchDrop20,0,10,0,0,0,10,0
tun32,150,CatchDrop20,0,10,0,0,0,10,0
tun32,151,CatchDrop20,0,10,0,0,0,10,0
tun32,152,CatchDrop20,0,10,0,0,0,10,0
tun32,153,CatchDrop20,0,10,0,0,0,10,0
tun32,154,CatchDrop20,0,3,0,7,0,10,0
tun32,155,CatchDrop20,0,10,0,0,0,10,0
tun32,156,CatchDrop20,0,10,0,0,0,10,0
tun32,157,CatchDrop20,0,10,0,0,0,10,0
tun32,158,CatchDrop20,0,10,0,0,0,10,0
tun32,159,CatchDrop20,0,10,0,0,0,10,0
tun32,160,CatchDrop20,0,10,0,0,0,10,0
tun32,161,CatchDrop20,0,10,0,0,0,10,0
tun32,162,CatchDrop20,0,10,0,0,0,10,0
tun32,163,CatchDrop20,0,10,0,0,0,10,0
tun32,164,CatchDrop20,0,10,0,0,0,10,0
tun32,165,CatchDrop20,0,10,0,0,0,10,0
tun32,166,CatchDrop20,0,10,0,0,0,10,0
tun32,167,CatchDrop20,0,10,0,0,0,10,0
tun32,168,CatchDrop20,0,10,0,0,0,10,0
tun32,169,CatchDrop20,0,10,0,0,0,10,0
tun32,170,CatchDrop20,0,10,0,0,0,10,0
tun32,171,CatchDrop20,0,0,0,10,0,10,
tun32,172,CatchDrop20,0,10,0,0,0,10,0
tun32,173,CatchDrop20,0,10,0,0,0,10,0
tun32,174,CatchDrop20,0,10,0,0,0,10,0
tun32,175,CatchDrop20,0,1,0,9,0,10,0
tun32,176,CatchDrop20,0,10,0,0,0,10,0
tun32,177,CatchDrop20,0,10,0,0,0,10,0
tun32,178,CatchDrop20,0,10,0,0,0,10,0
tun32,179,CatchDrop20,0,10,0,0,0,10,0
tun32,180,CatchDrop20,0,10,0,0,0,10,0
tun32,181,CatchDrop20,0,10,0,0,0,10,0
tun32,182,CatchDrop20,0,10,0,0,0,10,0
tun32,183,CatchDrop20,0,10,0,0,0,10,0
tun32,184,CatchDrop20,0,0,0,10,0,10,
tun32,185,CatchDrop20,0,10,0,0,0,10,0
tun32,186,CatchDrop20,0,10,0,0,0,10,0
tun32,187,CatchDrop20,0,10,0,0,0,10,0
tun32,188,CatchDrop20,0,6,0,4,0,10,0
tun32,189,CatchDrop20,0,10,0,0,0,10,0
tun32,190,CatchDrop20,0,10,0,0,0,10,0
tun32,191,CatchDrop20,0,10,0,0,0,10,0
tun32,192,CatchDrop20,0,7,0,3,0,10,0
tun32,193,CatchDrop20,0,10,0,0,0,10,0
tun32,194,CatchDrop20,0,10,0,0,0,10,0
tun32,195,CatchDrop20,0,10,0,0,0,10,0
tun32,196,CatchDrop20,0,10,0,0,0,10,0
tun32,197,CatchDrop20,0,10,0,0,0,10,0
tun32,198,CatchDrop20,0,10,0,0,0,10,0
tun32,199,CatchDrop20,0,10,0,0,0,10,0
tun32,200,CatchDrop20,0,10,0,0,0,10,0
tun32,201,CatchDrop20,0,10,0,0,0,10,0
tun32,202,CatchDrop20,0,10,0,0,0,10,0
tun32,203,CatchDrop20,0,10,0,0,0,10,0
tun32,204,CatchDrop20,0,10,0,0,0,10,0
tun32,205,CatchDrop20,0,10,0,0,0,10,0
tun32,206,CatchDrop20,0,10,0,0,0,10,0
tun32,207,CatchDrop20,0,10,0,0,0,10,0
tun32,208,CatchDrop20,0,10,0,0,0,10,0
tun32,209,CatchDrop20,0,10,0,0,0,10,0
tun32,210,CatchDrop20,0,10,0,0,0,10,0
tun32,211,CatchDrop20,0,10,0,0,0,10,0
tun32,212,CatchDrop20,0,10,0,0,0,10,0
tun32,213,CatchDrop20,0,10,0,0,0,10,0
tun32,214,CatchDrop20,0,10,0,0,0,10,0
tun32,215,CatchDrop20,0,10,0,0,0,10,0
tun32,216,CatchDrop20,0,10,0,0,0,10,0
tun32,217,CatchDrop20,0,10,0,0,0,10,0
tun32,218,CatchDrop20,0,10,0,0,0,10,0
tun32,219,CatchDrop20,0,10,0,0,0,10,0
tun32,220,CatchDrop20,0,10,0,0,0,10,0
tun32,221,CatchDrop20,0,10,0,0,0,10,0
tun32,222,CatchDrop20,0,10,0,0,0,10,0
tun32,223,CatchDrop20,0,10,0,0,0,10,0
tun32,224,CatchDrop20,0,10,0,0,0,10,0
tun32,225,CatchDrop20,0,10,0,0,0,10,0
tun32,226,CatchDrop20,0,10,0,0,0,10,0
tun32,227,CatchDrop20,0,10,0,0,0,10,0
tun32,228,CatchDrop20,0,10,0,0,0,10,0
tun32,229,CatchDrop20,0,10,0,0,0,10,0
tun32,230,CatchDrop20,0,10,0,0,0,10,0
tun32,231,CatchDrop20,0,10,0,0,0,10,0
tun32,232,CatchDrop20,0,10,0,0,0,10,0
tun32,233,CatchDrop20,0,10,0,0,0,10,0
tun32,234,CatchDrop20,0,10,0,0,0,10,0
tun32,235,CatchDrop20,0,10,0,0,0,10,0
tun32,236,CatchDrop20,0,10,0,0,0,10,0
tun32,237,CatchDrop20,0,10,0,0,0,10,0
tun32,238,CatchDrop20,0,10,0,0,0,10,0
tun32,239,CatchDrop20,0,10,0,0,0,10,0
tun32,240,CatchDrop20,0,10,0,0,0,10,0
tun32,241,CatchDrop20,0,10,0,0,0,10,0
tun32,242,CatchDrop20,0,10,0,0,0,10,0
tun32,243,CatchDrop20,0,10,0,0,0,10,0
tun32,244,CatchDrop20,0,10,0,0,0,10,0
tun32,245,CatchDrop20,0,6,0,4,0,10,0
tun32,246,CatchDrop20,0,10,0,0,0,10,0
tun32,247,CatchDrop20,0,10,0,0,0,10,0
tun32,248,CatchDrop20,0,1,0,9,0,10,0
tun32,249,CatchDrop20,0,10,0,0,0,10,0
tun32,250,CatchDrop20,0,10,0,0,0,10,0
tun32,251,CatchDrop20,0,10,0,0,0,10,0
tun32,252,CatchDrop20,0,5,0,5,0,10,0
tun32,253,CatchDrop20,0,10,0,0,0,10,0
tun32,254,CatchDrop20,0,10,0,0,0,10,0
tun32,255,CatchDrop20,0,10,0,0,0,10,0
tun32,256,CatchDrop20,0,10,0,0,0,10,0
tun32,257,CatchDrop20,0,10,0,0,0,10,0
tun32,258,CatchDrop20,0,10,0,0,0,10,0
tun32,259,CatchDrop20,0,10,0,0,0,10,0
tun32,260,CatchDrop20,0,10,0,0,0,10,0
tun32,261,CatchDrop20,0,10,0,0,0,10,0
tun32,262,CatchDrop20,0,10,0,0,0,10,0
tun32,263,CatchDrop20,0,10,0,0,0,10,0
tun32,264,CatchDrop20,0,10,0,0,0,10,0
tun32,265,CatchDrop20,0,0,0,10,0,10,
tun32,266,CatchDrop20,0,10,0,0,0,10,0
tun32,267,CatchDrop20,0,10,0,0,0,10,0
tun32,268,CatchDrop20,0,10,0,0,0,10,0
tun32,269,CatchDrop20,0,10,0,0,0,10,0
tun32,270,CatchDrop20,0,10,0,0,0,10,0
tun32,271,CatchDrop20,0,10,0,0,0,10,0
tun32,272,CatchDrop20,0,10,0,0,0,10,0
tun32,273,CatchDrop20,0,4,0,6,0,10,0
tun32,274,CatchDrop20,0,10,0,0,0,10,0
tun32,275,CatchDrop20,0,10,0,0,0,10,0
tun32,276,CatchDrop20,0,10,0,0,0,10,0
tun32,277,CatchDrop20,0,10,0,0,0,10,0
tun32,278,CatchDrop20,0,10,0,0,0,10,0
tun32,279,CatchDrop20,0,10,0,0,0,10,0
tun32,280,CatchDrop20,0,10,0,0,0,10,0
tun32,281,CatchDrop20,0,10,0,0,0,10,0
tun32,282,CatchDrop20,0,10,0,0,0,10,0
tun32,283,CatchDrop20,0,10,0,0,0,10,0
tun32,284,CatchDrop20,0,10,0,0,0,10,0
tun32,285,CatchDrop20,0,10,0,0,0,10,0
tun32,286,CatchDrop20,0,10,0,0,0,10,0
tun32,287,CatchDrop20,0,10,0,0,0,10,0
tun32,288,CatchDrop20,0,10,0,0,0,10,0
tun32,289,CatchDrop20,0,10,0,0,0,10,0
tun32,290,CatchDrop20,0,10,0,0,0,10,0
tun32,291,CatchDrop20,0,10,0,0,0,10,0
tun32,292,CatchDrop20,0,10,0,0,0,10,0
tun32,293,CatchDrop20,0,10,0,0,0,10,0
tun32,294,CatchDrop20,0,10,0,0,0,10,0
tun32,295,CatchDrop20,0,10,0,0,0,10,0
tun32,296,CatchDrop20,0,10,0,0,0,10,0
tun32,297,CatchDrop20,0,10,0,0,0,10,0
tun32,298,CatchDrop20,0,10,0,0,0,10,0
tun32,299,CatchDrop20,0,10,0,0,0,10,0
tun32,300,CatchDrop20,0,10,0,0,0,10,0
tun32,301,CatchDrop20,0,10,0,0,0,10,0
tun32,302,CatchDrop20,0,10,0,0,0,10,0
tun32,303,CatchDrop20,0,10,0,0,0,10,0
tun32,304,CatchDrop20,0,10,0,0,0,10,0
tun32,305,CatchDrop20,0,10,0,0,0,10,0
tun32,306,CatchDrop20,0,10,0,0,0,10,0
tun32,307,CatchDrop20,0,10,0,0,0,10,0
tun32,308,CatchDrop20,0,0,0,10,0,10,
tun32,309,CatchDrop20,0,10,0,0,0,10,0
tun32,310,CatchDrop20,0,10,0,0,0,10,0
tun32,311,CatchDrop20,0,10,0,0,0,10,0
tun32,312,CatchDrop20,0,10,0,0,0,10,0
tun32,313,CatchDrop20,0,10,0,0,0,10,0
tun32,314,CatchDrop20,0,10,0,0,0,10,0
tun32,315,CatchDrop20,0,10,0,0,0,10,0
tun32,316,CatchDrop20,0,10,0,0,0,10,0
tun32,317,CatchDrop20,0,10,0,0,0,10,0
tun32,318,CatchDrop20,0,10,0,0,0,10,0
tun32,319,CatchDrop20,0,10,0,0,0,10,0
tun32,320,CatchDrop20,0,10,0,0,0,10,0
tun32,321,CatchDrop20,0,10,0,0,0,10,0
tun32,322,CatchDrop20,0,10,0,0,0,10,0
tun32,323,CatchDrop20,0,10,0,0,0,10,0
tun32,324,CatchDrop20,0,10,0,0,0,10,0
tun32,325,CatchDrop20,0,0,0,10,0,10,
tun32,326,CatchDrop20,0,10,0,0,0,10,0
tun32,327,CatchDrop20,0,1,0,9,0,10,0
tun32,328,CatchDrop20,0,10,0,0,0,10,0
tun32,329,CatchDrop20,0,10,0,0,0,10,0
tun32,330,CatchDrop20,0,0,0,10,0,10,
tun32,331,CatchDrop20,0,10,0,0,0,10,0
tun32,332,CatchDrop20,0,10,0,0,0,10,0
tun32,333,CatchDrop20,0,10,0,0,0,10,0
tun32,334,CatchDrop20,0,10,0,0,0,10,0
tun32,335,CatchDrop20,0,10,0,0,0,10,0
tun32,336,CatchDrop20,0,10,0,0,0,10,0
tun32,337,CatchDrop20,0,10,0,0,0,10,0
tun32,338,CatchDrop20,0,10,0,0,0,10,0
tun32,339,CatchDrop20,0,10,0,0,0,10,0
tun32,340,CatchDrop20,0,10,0,0,0,10,0
tun32,341,CatchDrop20,0,10,0,0,0,10,0
tun32,342,CatchDrop20,0,10,0,0,0,10,0
tun32,343,CatchDrop20,0,10,0,0,0,10,0
tun32,344,CatchDrop20,0,10,0,0,0,10,0
tun32,345,CatchDrop20,0,10,0,0,0,10,0
tun32,346,CatchDrop20,0,10,0,0,0,10,0
tun32,347,CatchDrop20,0,10,0,0,0,10,0
tun32,348,CatchDrop20,0,10,0,0,0,10,0
tun32,349,CatchDrop20,0,10,0,0,0,10,0
tun32,350,CatchDrop20,0,10,0,0,0,10,0
tun32,351,CatchDrop20,0,10,0,0,0,10,0
tun32,352,CatchDrop20,0,10,0,0,0,10,0
tun32,353,CatchDrop20,0,2,0,8,0,10,0
tun32,354,CatchDrop20,0,10,0,0,0,10,0
tun32,355,CatchDrop20,0,10,0,0,0,10,0
tun32,356,CatchDrop20,0,10,0,0,0,10,0
tun32,357,CatchDrop20,0,10,0,0,0,10,0
tun32,358,CatchDrop20,0,10,0,0,0,10,0
tun32,359,CatchDrop20,0,10,0,0,0,10,0
tun32,360,CatchDrop20,0,10,0,0,0,10,0
tun32,361,CatchDrop20,0,10,0,0,0,10,0
tun32,362,CatchDrop20,0,10,0,0,0,10,0
tun32,363,CatchDrop20,0,10,0,0,0,10,0
tun32,364,CatchDrop20,0,10,0,0,0,10,0
tun32,365,CatchDrop20,0,10,0,0,0,10,0
tun32,366,CatchDrop20,0,9,0,1,0,10,0
tun32,367,CatchDrop20,0,10,0,0,0,10,0
tun32,368,CatchDrop20,0,10,0,0,0,10,0
tun32,369,CatchDrop20,0,10,0,0,0,10,0
tun32,370,CatchDrop20,0,10,0,0,0,10,0
tun32,371,CatchDrop20,0,10,0,0,0,10,0
tun32,372,CatchDrop20,0,10,0,0,0,10,0
tun32,373,CatchDrop20,0,10,0,0,0,10,0
tun32,374,CatchDrop20,0,10,0,0,0,10,0
tun32,375,CatchDrop20,0,10,0,0,0,10,0
tun32,376,CatchDrop20,0,10,0,0,0,10,0
tun32,377,CatchDrop20,0,10,0,0,0,10,0
tun32,378,CatchDrop20,0,10,0,0,0,10,0
tun32,379,CatchDrop20,0,10,0,0,0,10,0
tun32,380,CatchDrop20,0,10,0,0,0,10,0
tun32,381,CatchDrop20,0,10,0,0,0,10,0
tun32,382,CatchDrop20,0,10,0,0,0,10,0
tun32,383,CatchDrop20,0,10,0,0,0,10,0
tun32,384,CatchDrop20,0,10,0,0,0,10,0
tun32,385,CatchDrop20,0,10,0,0,0,10,0
tun32,386,CatchDrop20,0,10,0,0,0,10,0
tun32,387,CatchDrop20,0,10,0,0,0,10,0
tun32,388,CatchDrop20,0,2,0,8,0,10,0
tun32,389,CatchDrop20,0,10,0,0,0,10,0
tun32,390,CatchDrop20,0,0,0,10,0,10,
tun32,391,CatchDrop20,0,1,0,9,0,10,0
tun32,392,CatchDrop20,0,10,0,0,0,10,0
tun32,393,CatchDrop20,0,10,0,0,0,10,0
tun32,394,CatchDrop20,0,10,0,0,0,10,0
tun32,395,CatchDrop20,0,10,0,0,0,10,0
tun32,396,CatchDrop20,0,10,0,0,0,10,0
tun32,397,CatchDrop20,0,10,0,0,0,10,0
tun32,398,CatchDrop20,0,10,0,0,0,10,0
tun32,399,CatchDrop20,0,10,0,0,0,10,0
tun32,400,CatchDrop20,0,10,0,0,0,10,0
tun32,401,CatchDrop20,0,0,0,10,0,10,
tun32,402,CatchDrop20,0,10,0,0,0,10,0
tun32,403,CatchDrop20,0,10,0,0,0,10,0
tun32,404,CatchDrop20,0,10,0,0,0,10,0
tun32,405,CatchDrop20,0,10,0,0,0,10,0
tun32,406,CatchDrop20,0,6,0,4,0,10,0
tun32,407,CatchDrop20,0,10,0,0,0,10,0
tun32,408,CatchDrop20,0,10,0,0,0,10,0
tun32,409,CatchDrop20,0,10,0,0,0,10,0
tun32,410,CatchDrop20,0,10,0,0,0,10,0
tun32,411,CatchDrop20,0,10,0,0,0,10,0
tun32,412,CatchDrop20,0,10,0,0,0,10,0
tun32,413,CatchDrop20,0,10,0,0,0,10,0
tun32,414,CatchDrop20,0,10,0,0,0,10,0
tun32,415,CatchDrop20,0,10,0,0,0,10,0
tun32,416,CatchDrop20,0,10,0,0,0,10,0
tun32,417,CatchDrop20,0,10,0,0,0,10,0
tun32,418,CatchDrop20,0,10,0,0,0,10,0
tun32,419,CatchDrop20,0,10,0,0,0,10,0
tun32,420,CatchDrop20,0,10,0,0,0,10,0
tun32,421,CatchDrop20,0,10,0,0,0,10,0
tun32,422,CatchDrop20,0,10,0,0,0,10,0
tun32,423,CatchDrop20,0,10,0,0,0,10,0
tun32,424,CatchDrop20,0,10,0,0,0,10,0
tun32,425,CatchDrop20,0,10,0,0,0,10,0
tun32,426,CatchDrop20,0,10,0,0,0,10,0
tun32,427,CatchDrop20,0,10,0,0,0,10,0
tun32,428,CatchDrop20,0,10,0,0,0,10,0
tun32,429,CatchDrop20,0,10,0,0,0,10,0
tun32,430,CatchDrop20,0,10,0,0,0,10,0
tun32,431,CatchDrop20,0,10,0,0,0,10,0
tun32,432,CatchDrop20,0,10,0,0,0,10,0
tun32,433,CatchDrop20,0,10,0,0,0,10,0
tun32,434,CatchDrop20,0,10,0,0,0,10,0
tun32,435,CatchDrop20,0,10,0,0,0,10,0
tun32,436,CatchDrop20,0,10,0,0,0,10,0
tun32,437,CatchDrop20,0,10,0,0,0,10,0
tun32,438,CatchDrop20,0,10,0,0,0,10,0
tun32,439,CatchDrop20,0,5,0,5,0,10,0
tun32,440,CatchDrop20,0,10,0,0,0,10,0
tun32,441,CatchDrop20,0,10,0,0,0,10,0
tun32,442,CatchDrop20,0,10,0,0,0,10,0
tun32,443,CatchDrop20,0,10,0,0,0,10,0
tun32,444,CatchDrop20,0,10,0,0,0,10,0
tun32,445,CatchDrop20,0,10,0,0,0,10,0
tun32,446,CatchDrop20,0,10,0,0,0,10,0
tun32,447,CatchDrop20,0,10,0,0,0,10,0
tun32,448,CatchDrop20,0,0,0,10,0,10,
tun32,449,CatchDrop20,0,10,0,0,0,10,0
tun32,450,CatchDrop20,0,10,0,0,0,10,0
tun32,451,CatchDrop20,0,10,0,0,0,10,0
tun32,452,CatchDrop20,0,10,0,0,0,10,0
tun32,453,CatchDrop20,0,10,0,0,0,10,0
tun32,454,CatchDrop20,0,10,0,0,0,10,0
tun32,455,CatchDrop20,0,10,0,0,0,10,0
tun32,456,CatchDrop20,0,10,0,0,0,10,0
tun32,457,CatchDrop20,0,10,0,0,0,10,0
tun32,458,CatchDrop20,0,10,0,0,0,10,0
tun32,459,CatchDrop20,0,10,0,0,0,10,0
tun32,460,CatchDrop20,0,10,0,0,0,10,0
tun32,461,CatchDrop20,0,10,0,0,0,10,0
tun32,462,CatchDrop20,0,10,0,0,0,10,0
tun32,463,CatchDrop20,0,10,0,0,0,10,0
tun32,464,CatchDrop20,0,10,0,0,0,10,0
tun32,465,CatchDrop20,0,10,0,0,0,10,0
tun32,466,CatchDrop20,0,10,0,0,0,10,0
tun32,467,CatchDrop20,0,10,0,0,0,10,0
tun32,468,CatchDrop20,0,10,0,0,0,10,0
tun32,469,CatchDrop20,0,10,0,0,0,10,0
tun32,470,CatchDrop20,0,4,0,6,0,10,0
tun32,471,CatchDrop20,0,10,0,0,0,10,0
tun32,472,CatchDrop20,0,10,0,0,0,10,0
tun32,473,CatchDrop20,0,10,0,0,0,10,0
tun32,474,CatchDrop20,0,10,0,0,0,10,0
tun32,475,CatchDrop20,0,10,0,0,0,10,0
tun32,476,CatchDrop20,0,10,0,0,0,10,0
tun32,477,CatchDrop20,0,10,0,0,0,10,0
tun32,478,CatchDrop20,0,10,0,0,0,10,0
tun32,479,CatchDrop20,0,10,0,0,0,10,0
tun32,480,CatchDrop20,0,10,0,0,0,10,0
tun32,481,CatchDrop20,0,2,0,8,0,10,0
tun32,482,CatchDrop20,0,10,0,0,0,10,0
tun32,483,CatchDrop20,0,10,0,0,0,10,0
tun32,484,CatchDrop20,0,10,0,0,0,10,0
tun32,485,CatchDrop20,0,10,0,0,0,10,0
tun32,486,CatchDrop20,0,10,0,0,0,10,0
tun32,487,CatchDrop20,0,10,0,0,0,10,0
tun32,488,CatchDrop20,0,10,0,0,0,10,0
tun32,489,CatchDrop20,0,10,0,0,0,10,0
tun32,490,CatchDrop20,0,10,0,0,0,10,0
tun32,491,CatchDrop20,0,10,0,0,0,10,0
tun32,492,CatchDrop20,0,10,0,0,0,10,0
tun32,493,CatchDrop20,0,10,0,0,0,10,0
tun32,494,CatchDrop20,0,10,0,0,0,10,0
tun32,495,CatchDrop20,0,10,0,0,0,10,0
tun32,496,CatchDrop20,0,10,0,0,0,10,0
tun32,497,CatchDrop20,0,10,0,0,0,10,0
tun32,498,CatchDrop20,0,10,0,0,0,10,0
tun32,499,CatchDrop20,0,10,0,0,0,10,0
tun32,500,CatchDrop20,0,4,0,6,0,10,0
tun43,1,CatchDrop20,0,10,0,0,0,10,0
tun43,2,CatchDrop20,0,10,0,0,0,10,0
tun43,3,CatchDrop20,0,0,0,10,0,10,
tun43,4,CatchDrop20,0,10,0,0,0,10,0
tun43,5,CatchDrop20,0,10,0,0,0,10,0
tun43,6,CatchDrop20,0,10,0,0,0,10,0
tun43,7,CatchDrop20,0,0,0,10,0,10,
tun43,8,CatchDrop20,0,0,0,10,0,10,
tun43,9,CatchDrop20,0,10,0,0,0,10,0
tun43,10,CatchDrop20,0,10,0,0,0,10,0
tun43,11,CatchDrop20,0,10,0,0,0,10,0
tun43,12,CatchDrop20,0,10,0,0,0,10,0
tun43,13,CatchDrop20,0,10,0,0,0,10,0
tun43,14,CatchDrop20,0,10,0,0,0,10,0
tun43,15,CatchDrop20,0,10,0,0,0,10,0
tun43,16,CatchDrop20,0,10,0,0,0,10,0
tun43,17,CatchDrop20,0,10,0,0,0,10,0
tun43,18,CatchDrop20,0,10,0,0,0,10,0
tun43,19,CatchDrop20,0,10,0,0,0,10,0
tun43,20,CatchDrop20,0,10,0,0,0,10,0
tun43,21,CatchDrop20,0,10,0,0,0,10,0
tun43,22,CatchDrop20,0,10,0,0,0,10,0
tun43,23,CatchDrop20,0,10,0,0,0,10,0
tun43,24,CatchDrop20,0,10,0,0,0,10,0
tun43,25,CatchDrop20,0,10,0,0,0,10,0
tun43,26,CatchDrop20,0,8,0,0,2,10,0
tun43,27,CatchDrop20,0,10,0,0,0,10,0
tun43,28,CatchDrop20,0,10,0,0,0,10,0
tun43,29,CatchDrop20,0,0,0,10,0,10,
tun43,30,CatchDrop20,0,6,0,0,4,10,0
tun43,31,CatchDrop20,0,9,0,0,1,10,0
tun43,32,CatchDrop20,0,10,0,0,0,10,0
tun43,33,CatchDrop20,0,10,0,0,0,10,0
tun43,34,CatchDrop20,0,8,0,0,2,10,0
tun43,35,CatchDrop20,0,5,0,3,2,10,0
tun43,36,CatchDrop20,0,10,0,0,0,10,0
tun43,37,CatchDrop20,0,10,0,0,0,10,0
tun43,38,CatchDrop20,0,10,0,0,0,10,0
tun43,39,CatchDrop20,0,10,0,0,0,10,0
tun43,40,CatchDrop20,0,10,0,0,0,10,0
tun43,41,CatchDrop20,0,10,0,0,0,10,0
tun43,42,CatchDrop20,0,10,0,0,0,10,0
tun43,43,CatchDrop20,0,10,0,0,0,10,0
tun43,44,CatchDrop20,0,9,0,0,1,10,0
tun43,45,CatchDrop20,0,10,0,0,0,10,0
tun43,46,CatchDrop20,0,10,0,0,0,10,0
tun43,47,CatchDrop20,0,9,0,0,1,10,0
tun43,48,CatchDrop20,0,10,0,0,0,10,0
tun43,49,CatchDrop20,0,10,0,0,0,10,0
tun43,50,CatchDrop20,0,10,0,0,0,10,0
tun43,51,CatchDrop20,0,10,0,0,0,10,0
tun43,52,CatchDrop20,0,10,0,0,0,10,0
tun43,53,CatchDrop20,0,10,0,0,0,10,0
tun43,54,CatchDrop20,0,10,0,0,0,10,0
tun43,55,CatchDrop20,0,9,0,0,1,10,0
tun43,56,CatchDrop20,0,8,0,0,2,10,0
tun43,57,CatchDrop20,0,10,0,0,0,10,0
tun43,58,CatchDrop20,0,10,0,0,0,10,0
tun43,59,CatchDrop20,0,6,0,0,4,10,0
tun43,60,CatchDrop20,0,2,0,8,0,10,0
tun43,61,CatchDrop20,0,9,0,0,1,10,0
tun43,62,CatchDrop20,0,0,0,10,0,10,
tun43,63,CatchDrop20,0,10,0,0,0,10,0
tun43,64,CatchDrop20,0,10,0,0,0,10,0
tun43,65,CatchDrop20,0,10,0,0,0,10,0
tun43,66,CatchDrop20,0,10,0,0,0,10,0
tun43,67,CatchDrop20,0,10,0,0,0,10,0
tun43,68,CatchDrop20,0,9,0,0,1,10,0
tun43,69,CatchDrop20,0,10,0,0,0,10,0
tun43,70,CatchDrop20,0,10,0,0,0,10,0
tun43,71,CatchDrop20,0,10,0,0,0,10,0
tun43,72,CatchDrop20,0,10,0,0,0,10,0
tun43,73,CatchDrop20,0,10,0,0,0,10,0
tun43,74,CatchDrop20,0,8,0,0,2,10,0
tun43,75,CatchDrop20,0,6,0,4,0,10,0
tun43,76,CatchDrop20,0,10,0,0,0,10,0
tun43,77,CatchDrop20,0,10,0,0,0,10,0
tun43,78,CatchDrop20,0,3,0,7,0,10,0
tun43,79,CatchDrop20,0,10,0,0,0,10,0
tun43,80,CatchDrop20,0,10,0,0,0,10,0
tun43,81,CatchDrop20,0,10,0,0,0,10,0
tun43,82,CatchDrop20,0,5,0,3,2,10,0
tun43,83,CatchDrop20,0,0,0,10,0,10,
tun43,84,CatchDrop20,0,10,0,0,0,10,0
tun43,85,CatchDrop20,0,0,0,10,0,10,
tun43,86,CatchDrop20,0,6,0,0,4,10,0
tun43,87,CatchDrop20,0,10,0,0,0,10,0
tun43,88,CatchDrop20,0,7,0,0,3,10,0
tun43,89,CatchDrop20,0,10,0,0,0,10,0
tun43,90,CatchDrop20,0,10,0,0,0,10,0
tun43,91,CatchDrop20,0,10,0,0,0,10,0
tun43,92,CatchDrop20,0,10,0,0,0,10,0
tun43,93,CatchDrop20,0,10,0,0,0,10,0
tun43,94,CatchDrop20,0,10,0,0,0,10,0
tun43,95,CatchDrop20,0,9,0,0,1,10,0
tun43,96,CatchDrop20,0,9,0,0,1,10,0
tun43,97,CatchDrop20,0,10,0,0,0,10,0
tun43,98,CatchDrop20,0,10,0,0,0,10,0
tun43,99,CatchDrop20,0,0,0,10,0,10,
tun43,100,CatchDrop20,0,10,0,0,0,10,0
tun43,101,CatchDrop20,0,10,0,0,0,10,0
tun43,102,CatchDrop20,0,9,0,0,1,10,0
tun43,103,CatchDrop20,0,8,0,0,2,10,0
tun43,104,CatchDrop20,0,10,0,0,0,10,0
tun43,105,CatchDrop20,0,10,0,0,0,10,0
tun43,106,CatchDrop20,0,10,0,0,0,10,0
tun43,107,CatchDrop20,0,10,0,0,0,10,0
tun43,108,CatchDrop20,0,10,0,0,0,10,0
tun43,109,CatchDrop20,0,7,0,0,3,10,0
tun43,110,CatchDrop20,0,9,0,0,1,10,0
tun43,111,CatchDrop20,0,10,0,0,0,10,0
tun43,112,CatchDrop20,0,10,0,0,0,10,0
tun43,113,CatchDrop20,0,10,0,0,0,10,0
tun43,114,CatchDrop20,0,10,0,0,0,10,0
tun43,115,CatchDrop20,0,10,0,0,0,10,0
tun43,116,CatchDrop20,0,4,0,5,1,10,0
tun43,117,CatchDrop20,0,9,0,1,0,10,0
tun43,118,CatchDrop20,0,10,0,0,0,10,0
tun43,119,CatchDrop20,0,10,0,0,0,10,0
tun43,120,CatchDrop20,0,10,0,0,0,10,0
tun43,121,CatchDrop20,0,10,0,0,0,10,0
tun43,122,CatchDrop20,0,8,0,0,2,10,0
tun43,123,CatchDrop20,0,10,0,0,0,10,0
tun43,124,CatchDrop20,0,10,0,0,0,10,0
tun43,125,CatchDrop20,0,10,0,0,0,10,0
tun43,126,CatchDrop20,0,10,0,0,0,10,0
tun43,127,CatchDrop20,0,10,0,0,0,10,0
tun43,128,CatchDrop20,0,9,0,0,1,10,0
tun43,129,CatchDrop20,0,10,0,0,0,10,0
tun43,130,CatchDrop20,0,3,0,6,1,10,0
tun43,131,CatchDrop20,0,10,0,0,0,10,0
tun43,132,CatchDrop20,0,8,0,0,2,10,0
tun43,133,CatchDrop20,0,10,0,0,0,10,0
tun43,134,CatchDrop20,0,10,0,0,0,10,0
tun43,135,CatchDrop20,0,10,0,0,0,10,0
tun43,136,CatchDrop20,0,10,0,0,0,10,0
tun43,137,CatchDrop20,0,10,0,0,0,10,0
tun43,138,CatchDrop20,0,5,0,3,2,10,0
tun43,139,CatchDrop20,0,10,0,0,0,10,0
tun43,140,CatchDrop20,0,10,0,0,0,10,0
tun43,141,CatchDrop20,0,10,0,0,0,10,0
tun43,142,CatchDrop20,0,10,0,0,0,10,0
tun43,143,CatchDrop20,0,10,0,0,0,10,0
tun43,144,CatchDrop20,0,10,0,0,0,10,0
tun43,145,CatchDrop20,0,7,0,0,3,10,0
tun43,146,CatchDrop20,0,10,0,0,0,10,0
tun43,147,CatchDrop20,0,10,0,0,0,10,0
tun43,148,CatchDrop20,0,10,0,0,0,10,0
tun43,149,CatchDrop20,0,10,0,0,0,10,0
tun43,150,CatchDrop20,0,9,0,0,1,10,0
tun43,151,CatchDrop20,0,10,0,0,0,10,0
tun43,152,CatchDrop20,0,0,0,10,0,10,
tun43,153,CatchDrop20,0,10,0,0,0,10,0
tun43,154,CatchDrop20,0,10,0,0,0,10,0
tun43,155,CatchDrop20,0,4,0,0,6,10,0
tun43,156,CatchDrop20,0,10,0,0,0,10,0
tun43,157,CatchDrop20,0,10,0,0,0,10,0
tun43,158,CatchDrop20,0,10,0,0,0,10,0
tun43,159,CatchDrop20,0,10,0,0,0,10,0
tun43,160,CatchDrop20,0,10,0,0,0,10,0
tun43,161,CatchDrop20,0,10,0,0,0,10,0
tun43,162,CatchDrop20,0,9,0,1,0,10,0
tun43,163,CatchDrop20,0,10,0,0,0,10,0
tun43,164,CatchDrop20,0,10,0,0,0,10,0
tun43,165,CatchDrop20,0,10,0,0,0,10,0
tun43,166,CatchDrop20,0,9,0,0,1,10,0
tun43,167,CatchDrop20,0,10,0,0,0,10,0
tun43,168,CatchDrop20,0,7,0,0,3,10,0
tun43,169,CatchDrop20,0,3,0,4,3,10,0
tun43,170,CatchDrop20,0,9,0,0,1,10,0
tun43,171,CatchDrop20,0,0,0,10,0,10,
tun43,172,CatchDrop20,0,10,0,0,0,10,0
tun43,173,CatchDrop20,0,6,0,0,4,10,0
tun43,174,CatchDrop20,0,10,0,0,0,10,0
tun43,175,CatchDrop20,0,4,0,5,1,10,0
tun43,176,CatchDrop20,0,10,0,0,0,10,0
tun43,177,CatchDrop20,0,10,0,0,0,10,0
tun43,178,CatchDrop20,0,10,0,0,0,10,0
tun43,179,CatchDrop20,0,10,0,0,0,10,0
tun43,180,CatchDrop20,0,7,0,0,3,10,0
tun43,181,CatchDrop20,0,10,0,0,0,10,0
tun43,182,CatchDrop20,0,10,0,0,0,10,0
tun43,183,CatchDrop20,0,10,0,0,0,10,0
tun43,184,CatchDrop20,0,0,0,10,0,10,
tun43,185,CatchDrop20,0,10,0,0,0,10,0
tun43,186,CatchDrop20,0,10,0,0,0,10,0
tun43,187,CatchDrop20,0,9,0,0,1,10,0
tun43,188,CatchDrop20,0,10,0,0,0,10,0
tun43,189,CatchDrop20,0,7,0,0,3,10,0
tun43,190,CatchDrop20,0,10,0,0,0,10,0
tun43,191,CatchDrop20,0,7,0,0,3,10,0
tun43,192,CatchDrop20,0,10,0,0,0,10,0
tun43,193,CatchDrop20,0,10,0,0,0,10,0
tun43,194,CatchDrop20,0,10,0,0,0,10,0
tun43,195,CatchDrop20,0,8,0,0,2,10,0
tun43,196,CatchDrop20,0,10,0,0,0,10,0
tun43,197,CatchDrop20,0,10,0,0,0,10,0
tun43,198,CatchDrop20,0,10,0,0,0,10,0
tun43,199,CatchDrop20,0,10,0,0,0,10,0
tun43,200,CatchDrop20,0,10,0,0,0,10,0
tun43,201,CatchDrop20,0,10,0,0,0,10,0
tun43,202,CatchDrop20,0,10,0,0,0,10,0
tun43,203,CatchDrop20,0,10,0,0,0,10,0
tun43,204,CatchDrop20,0,10,0,0,0,10,0
tun43,205,CatchDrop20,0,10,0,0,0,10,0
tun43,206,CatchDrop20,0,10,0,0,0,10,0
tun43,207,CatchDrop20,0,8,0,0,2,10,0
tun43,208,CatchDrop20,0,10,0,0,0,10,0
tun43,209,CatchDrop20,0,10,0,0,0,10,0
tun43,210,CatchDrop20,0,10,0,0,0,10,0
tun43,211,CatchDrop20,0,10,0,0,0,10,0
tun43,212,CatchDrop20,0,10,0,0,0,10,0
tun43,213,CatchDrop20,0,10,0,0,0,10,0
tun43,214,CatchDrop20,0,10,0,0,0,10,0
tun43,215,CatchDrop20,0,10,0,0,0,10,0
tun43,216,CatchDrop20,0,10,0,0,0,10,0
tun43,217,CatchDrop20,0,10,0,0,0,10,0
tun43,218,CatchDrop20,0,10,0,0,0,10,0
tun43,219,CatchDrop20,0,10,0,0,0,10,0
tun43,220,CatchDrop20,0,10,0,0,0,10,0
tun43,221,CatchDrop20,0,6,0,0,4,10,0
tun43,222,CatchDrop20,0,10,0,0,0,10,0
tun43,223,CatchDrop20,0,10,0,0,0,10,0
tun43,224,CatchDrop20,0,9,0,0,1,10,0
tun43,225,CatchDrop20,0,10,0,0,0,10,0
tun43,226,CatchDrop20,0,3,0,2,5,10,0
tun43,227,CatchDrop20,0,10,0,0,0,10,0
tun43,228,CatchDrop20,0,10,0,0,0,10,0
tun43,229,CatchDrop20,0,10,0,0,0,10,0
tun43,230,CatchDrop20,0,10,0,0,0,10,0
tun43,231,CatchDrop20,0,10,0,0,0,10,0
tun43,232,CatchDrop20,0,10,0,0,0,10,0
tun43,233,CatchDrop20,0,10,0,0,0,10,0
tun43,234,CatchDrop20,0,7,0,3,0,10,0
tun43,235,CatchDrop20,0,9,0,1,0,10,0
tun43,236,CatchDrop20,0,7,0,0,3,10,0
tun43,237,CatchDrop20,0,10,0,0,0,10,0
tun43,238,CatchDrop20,0,10,0,0,0,10,0
tun43,239,CatchDrop20,0,10,0,0,0,10,0
tun43,240,CatchDrop20,0,10,0,0,0,10,0
tun43,241,CatchDrop20,0,10,0,0,0,10,0
tun43,242,CatchDrop20,0,6,0,0,4,10,0
tun43,243,CatchDrop20,0,10,0,0,0,10,0
tun43,244,CatchDrop20,0,10,0,0,0,10,0
tun43,245,CatchDrop20,0,10,0,0,0,10,0
tun43,246,CatchDrop20,0,10,0,0,0,10,0
tun43,247,CatchDrop20,0,10,0,0,0,10,0
tun43,248,CatchDrop20,0,0,0,10,0,10,
tun43,249,CatchDrop20,0,7,0,0,3,10,0
tun43,250,CatchDrop20,0,9,0,0,1,10,0
tun43,251,CatchDrop20,0,10,0,0,0,10,0
tun43,252,CatchDrop20,0,7,0,2,1,10,0
tun43,253,CatchDrop20,0,8,0,2,0,10,0
tun43,254,CatchDrop20,0,10,0,0,0,10,0
tun43,255,CatchDrop20,0,10,0,0,0,10,0
tun43,256,CatchDrop20,0,10,0,0,0,10,0
tun43,257,CatchDrop20,0,10,0,0,0,10,0
tun43,258,CatchDrop20,0,10,0,0,0,10,0
tun43,259,CatchDrop20,0,10,0,0,0,10,0
tun43,260,CatchDrop20,0,9,0,0,1,10,0
tun43,261,CatchDrop20,0,10,0,0,0,10,0
tun43,262,CatchDrop20,0,10,0,0,0,10,0
tun43,263,CatchDrop20,0,10,0,0,0,10,0
tun43,264,CatchDrop20,0,10,0,0,0,10,0
tun43,265,CatchDrop20,0,0,0,10,0,10,
tun43,266,CatchDrop20,0,10,0,0,0,10,0
tun43,267,CatchDrop20,0,10,0,0,0,10,0
tun43,268,CatchDrop20,0,10,0,0,0,10,0
tun43,269,CatchDrop20,0,10,0,0,0,10,0
tun43,270,CatchDrop20,0,8,0,0,2,10,0
tun43,271,CatchDrop20,0,2,0,7,1,10,0
tun43,272,CatchDrop20,0,10,0,0,0,10,0
tun43,273,CatchDrop20,0,4,0,6,0,10,0
tun43,274,CatchDrop20,0,10,0,0,0,10,0
tun43,275,CatchDrop20,0,10,0,0,0,10,0
tun43,276,CatchDrop20,0,10,0,0,0,10,0
tun43,277,CatchDrop20,0,6,0,0,4,10,0
tun43,278,CatchDrop20,0,10,0,0,0,10,0
tun43,279,CatchDrop20,0,6,0,0,4,10,0
tun43,280,CatchDrop20,0,10,0,0,0,10,0
tun43,281,CatchDrop20,0,10,0,0,0,10,0
tun43,282,CatchDrop20,0,6,0,0,4,10,0
tun43,283,CatchDrop20,0,8,0,0,2,10,0
tun43,284,CatchDrop20,0,10,0,0,0,10,0
tun43,285,CatchDrop20,0,10,0,0,0,10,0
tun43,286,CatchDrop20,0,10,0,0,0,10,0
tun43,287,CatchDrop20,0,10,0,0,0,10,0
tun43,288,CatchDrop20,0,7,0,0,3,10,0
tun43,289,CatchDrop20,0,9,0,0,1,10,0
tun43,290,CatchDrop20,0,10,0,0,0,10,0
tun43,291,CatchDrop20,0,10,0,0,0,10,0
tun43,292,CatchDrop20,0,10,0,0,0,10,0
tun43,293,CatchDrop20,0,10,0,0,0,10,0
tun43,294,CatchDrop20,0,9,0,0,1,10,0
tun43,295,CatchDrop20,0,10,0,0,0,10,0
tun43,296,CatchDrop20,0,8,0,0,2,10,0
tun43,297,CatchDrop20,0,9,0,0,1,10,0
tun43,298,CatchDrop20,0,10,0,0,0,10,0
tun43,299,CatchDrop20,0,9,0,0,1,10,0
tun43,300,CatchDrop20,0,10,0,0,0,10,0
tun43,301,CatchDrop20,0,10,0,0,0,10,0
tun43,302,CatchDrop20,0,9,0,1,0,10,0
tun43,303,CatchDrop20,0,10,0,0,0,10,0
tun43,304,CatchDrop20,0,10,0,0,0,10,0
tun43,305,CatchDrop20,0,10,0,0,0,10,0
tun43,306,CatchDrop20,0,10,0,0,0,10,0
tun43,307,CatchDrop20,0,10,0,0,0,10,0
tun43,308,CatchDrop20,0,0,0,10,0,10,
tun43,309,CatchDrop20,0,7,0,0,3,10,0
tun43,310,CatchDrop20,0,0,0,10,0,10,
tun43,311,CatchDrop20,0,4,0,0,6,10,0
tun43,312,CatchDrop20,0,0,0,10,0,10,
tun43,313,CatchDrop20,0,8,0,0,2,10,0
tun43,314,CatchDrop20,0,8,0,0,2,10,0
tun43,315,CatchDrop20,0,9,0,0,1,10,0
tun43,316,CatchDrop20,0,10,0,0,0,10,0
tun43,317,CatchDrop20,0,10,0,0,0,10,0
tun43,318,CatchDrop20,0,7,0,0,3,10,0
tun43,319,CatchDrop20,0,10,0,0,0,10,0
tun43,320,CatchDrop20,0,10,0,0,0,10,0
tun43,321,CatchDrop20,0,10,0,0,0,10,0
tun43,322,CatchDrop20,0,10,0,0,0,10,0
tun43,323,CatchDrop20,0,10,0,0,0,10,0
tun43,324,CatchDrop20,0,10,0,0,0,10,0
tun43,325,CatchDrop20,0,0,0,10,0,10,
tun43,326,CatchDrop20,0,6,0,0,4,10,0
tun43,327,CatchDrop20,0,6,0,0,4,10,0
tun43,328,CatchDrop20,0,10,0,0,0,10,0
tun43,329,CatchDrop20,0,10,0,0,0,10,0
tun43,330,CatchDrop20,0,0,0,10,0,10,
tun43,331,CatchDrop20,0,10,0,0,0,10,0
tun43,332,CatchDrop20,0,10,0,0,0,10,0
tun43,333,CatchDrop20,0,10,0,0,0,10,0
tun43,334,CatchDrop20,0,10,0,0,0,10,0
tun43,335,CatchDrop20,0,10,0,0,0,10,0
tun43,336,CatchDrop20,0,10,0,0,0,10,0
tun43,337,CatchDrop20,0,2,0,8,0,10,0
tun43,338,CatchDrop20,0,10,0,0,0,10,0
tun43,339,CatchDrop20,0,10,0,0,0,10,0
tun43,340,CatchDrop20,0,10,0,0,0,10,0
tun43,341,CatchDrop20,0,10,0,0,0,10,0
tun43,342,CatchDrop20,0,10,0,0,0,10,0
tun43,343,CatchDrop20,0,10,0,0,0,10,0
tun43,344,CatchDrop20,0,10,0,0,0,10,0
tun43,345,CatchDrop20,0,10,0,0,0,10,0
tun43,346,CatchDrop20,0,10,0,0,0,10,0
tun43,347,CatchDrop20,0,10,0,0,0,10,0
tun43,348,CatchDrop20,0,5,0,0,5,10,0
tun43,349,CatchDrop20,0,10,0,0,0,10,0
tun43,350,CatchDrop20,0,8,0,0,2,10,0
tun43,351,CatchDrop20,0,10,0,0,0,10,0
tun43,352,CatchDrop20,0,10,0,0,0,10,0
tun43,353,CatchDrop20,0,4,0,0,6,10,0
tun43,354,CatchDrop20,0,10,0,0,0,10,0
tun43,355,CatchDrop20,0,7,0,0,3,10,0
tun43,356,CatchDrop20,0,7,0,0,3,10,0
tun43,357,CatchDrop20,0,10,0,0,0,10,0
tun43,358,CatchDrop20,0,10,0,0,0,10,0
tun43,359,CatchDrop20,0,10,0,0,0,10,0
tun43,360,CatchDrop20,0,10,0,0,0,10,0
tun43,361,CatchDrop20,0,10,0,0,0,10,0
tun43,362,CatchDrop20,0,10,0,0,0,10,0
tun43,363,CatchDrop20,0,10,0,0,0,10,0
tun43,364,CatchDrop20,0,10,0,0,0,10,0
tun43,365,CatchDrop20,0,7,0,0,3,10,0
tun43,366,CatchDrop20,0,10,0,0,0,10,0
tun43,367,CatchDrop20,0,10,0,0,0,10,0
tun43,368,CatchDrop20,0,10,0,0,0,10,0
tun43,369,CatchDrop20,0,9,0,0,1,10,0
tun43,370,CatchDrop20,0,10,0,0,0,10,0
tun43,371,CatchDrop20,0,10,0,0,0,10,0
tun43,372,CatchDrop20,0,10,0,0,0,10,0
tun43,373,CatchDrop20,0,10,0,0,0,10,0
tun43,374,CatchDrop20,0,10,0,0,0,10,0
tun43,375,CatchDrop20,0,6,0,0,4,10,0
tun43,376,CatchDrop20,0,10,0,0,0,10,0
tun43,377,CatchDrop20,0,9,0,0,1,10,0
tun43,378,CatchDrop20,0,10,0,0,0,10,0
tun43,379,CatchDrop20,0,10,0,0,0,10,0
tun43,380,CatchDrop20,0,4,0,6,0,10,0
tun43,381,CatchDrop20,0,10,0,0,0,10,0
tun43,382,CatchDrop20,0,10,0,0,0,10,0
tun43,383,CatchDrop20,0,10,0,0,0,10,0
tun43,384,CatchDrop20,0,2,0,8,0,10,0
tun43,385,CatchDrop20,0,9,0,0,1,10,0
tun43,386,CatchDrop20,0,10,0,0,0,10,0
tun43,387,CatchDrop20,0,9,0,0,1,10,0
tun43,388,CatchDrop20,0,1,0,9,0,10,0
tun43,389,CatchDrop20,0,10,0,0,0,10,0
tun43,390,CatchDrop20,0,0,0,10,0,10,
tun43,391,CatchDrop20,0,1,0,9,0,10,0
tun43,392,CatchDrop20,0,10,0,0,0,10,0
tun43,393,CatchDrop20,0,10,0,0,0,10,0
tun43,394,CatchDrop20,0,10,0,0,0,10,0
tun43,395,CatchDrop20,0,10,0,0,0,10,0
tun43,396,CatchDrop20,0,10,0,0,0,10,0
tun43,397,CatchDrop20,0,7,0,0,3,10,0
tun43,398,CatchDrop20,0,9,0,0,1,10,0
tun43,399,CatchDrop20,0,9,0,0,1,10,0
tun43,400,CatchDrop20,0,8,0,0,2,10,0
tun43,401,CatchDrop20,0,0,0,10,0,10,
tun43,402,CatchDrop20,0,10,0,0,0,10,0
tun43,403,CatchDrop20,0,10,0,0,0,10,0
tun43,404,CatchDrop20,0,10,0,0,0,10,0
tun43,405,CatchDrop20,0,10,0,0,0,10,0
tun43,406,CatchDrop20,0,9,0,0,1,10,0
tun43,407,CatchDrop20,0,8,0,0,2,10,0
tun43,408,CatchDrop20,0,10,0,0,0,10,0
tun43,409,CatchDrop20,0,2,0,7,1,10,0
tun43,410,CatchDrop20,0,9,0,0,1,10,0
tun43,411,CatchDrop20,0,9,0,0,1,10,0
tun43,412,CatchDrop20,0,10,0,0,0,10,0
tun43,413,CatchDrop20,0,10,0,0,0,10,0
tun43,414,CatchDrop20,0,7,0,2,1,10,0
tun43,415,CatchDrop20,0,9,0,0,1,10,0
tun43,416,CatchDrop20,0,10,0,0,0,10,0
tun43,417,CatchDrop20,0,10,0,0,0,10,0
tun43,418,CatchDrop20,0,6,0,0,4,10,0
tun43,419,CatchDrop20,0,10,0,0,0,10,0
tun43,420,CatchDrop20,0,10,0,0,0,10,0
tun43,421,CatchDrop20,0,8,0,0,2,10,0
tun43,422,CatchDrop20,0,10,0,0,0,10,0
tun43,423,CatchDrop20,0,10,0,0,0,10,0
tun43,424,CatchDrop20,0,10,0,0,0,10,0
tun43,425,CatchDrop20,0,8,0,0,2,10,0
tun43,426,CatchDrop20,0,10,0,0,0,10,0
tun43,427,CatchDrop20,0,9,0,0,1,10,0
tun43,428,CatchDrop20,0,8,0,0,2,10,0
tun43,429,CatchDrop20,0,10,0,0,0,10,0
tun43,430,CatchDrop20,0,10,0,0,0,10,0
tun43,431,CatchDrop20,0,10,0,0,0,10,0
tun43,432,CatchDrop20,0,10,0,0,0,10,0
tun43,433,CatchDrop20,0,10,0,0,0,10,0
tun43,434,CatchDrop20,0,10,0,0,0,10,0
tun43,435,CatchDrop20,0,10,0,0,0,10,0
tun43,436,CatchDrop20,0,10,0,0,0,10,0
tun43,437,CatchDrop20,0,10,0,0,0,10,0
tun43,438,CatchDrop20,0,10,0,0,0,10,0
tun43,439,CatchDrop20,0,10,0,0,0,10,0
tun43,440,CatchDrop20,0,10,0,0,0,10,0
tun43,441,CatchDrop20,0,10,0,0,0,10,0
tun43,442,CatchDrop20,0,9,0,0,1,10,0
tun43,443,CatchDrop20,0,10,0,0,0,10,0
tun43,444,CatchDrop20,0,10,0,0,0,10,0
tun43,445,CatchDrop20,0,10,0,0,0,10,0
tun43,446,CatchDrop20,0,9,0,0,1,10,0
tun43,447,CatchDrop20,0,10,0,0,0,10,0
tun43,448,CatchDrop20,0,0,0,10,0,10,
tun43,449,CatchDrop20,0,10,0,0,0,10,0
tun43,450,CatchDrop20,0,10,0,0,0,10,0
tun43,451,CatchDrop20,0,10,0,0,0,10,0
tun43,452,CatchDrop20,0,7,0,0,3,10,0
tun43,453,CatchDrop20,0,10,0,0,0,10,0
tun43,454,CatchDrop20,0,10,0,0,0,10,0
tun43,455,CatchDrop20,0,10,0,0,0,10,0
tun43,456,CatchDrop20,0,10,0,0,0,10,0
tun43,457,CatchDrop20,0,10,0,0,0,10,0
tun43,458,CatchDrop20,0,10,0,0,0,10,0
tun43,459,CatchDrop20,0,10,0,0,0,10,0
tun43,460,CatchDrop20,0,10,0,0,0,10,0
tun43,461,CatchDrop20,0,10,0,0,0,10,0
tun43,462,CatchDrop20,0,10,0,0,0,10,0
tun43,463,CatchDrop20,0,10,0,0,0,10,0
tun43,464,CatchDrop20,0,10,0,0,0,10,0
tun43,465,CatchDrop20,0,8,0,0,2,10,0
tun43,466,CatchDrop20,0,10,0,0,0,10,0
tun43,467,CatchDrop20,0,10,0,0,0,10,0
tun43,468,CatchDrop20,0,10,0,0,0,10,0
tun43,469,CatchDrop20,0,10,0,0,0,10,0
tun43,470,CatchDrop20,0,3,0,7,0,10,0
tun43,471,CatchDrop20,0,10,0,0,0,10,0
tun43,472,CatchDrop20,0,10,0,0,0,10,0
tun43,473,CatchDrop20,0,10,0,0,0,10,0
tun43,474,CatchDrop20,0,10,0,0,0,10,0
tun43,475,CatchDrop20,0,10,0,0,0,10,0
tun43,476,CatchDrop20,0,10,0,0,0,10,0
tun43,477,CatchDrop20,0,9,0,0,1,10,0
tun43,478,CatchDrop20,0,10,0,0,0,10,0
tun43,479,CatchDrop20,0,10,0,0,0,10,0
tun43,480,CatchDrop20,0,10,0,0,0,10,0
tun43,481,CatchDrop20,0,0,0,10,0,10,
tun43,482,CatchDrop20,0,10,0,0,0,10,0
tun43,483,CatchDrop20,0,10,0,0,0,10,0
tun43,484,CatchDrop20,0,5,0,4,1,10,0
tun43,485,CatchDrop20,0,10,0,0,0,10,0
tun43,486,CatchDrop20,0,10,0,0,0,10,0
tun43,487,CatchDrop20,0,10,0,0,0,10,0
tun43,488,CatchDrop20,0,10,0,0,0,10,0
tun43,489,CatchDrop20,0,9,0,0,1,10,0
tun43,490,CatchDrop20,0,8,0,0,2,10,0
tun43,491,CatchDrop20,0,10,0,0,0,10,0
tun43,492,CatchDrop20,0,10,0,0,0,10,0
tun43,493,CatchDrop20,0,10,0,0,0,10,0
tun43,494,CatchDrop20,0,8,0,0,2,10,0
tun43,495,CatchDrop20,0,10,0,0,0,10,0
tun43,496,CatchDrop20,0,10,0,0,0,10,0
tun43,497,CatchDrop20,0,10,0,0,0,10,0
tun43,498,CatchDrop20,0,9,0,0,1,10,0
tun43,499,CatchDrop20,0,10,0,0,0,10,0
tun43,500,CatchDrop20,0,0,0,8,2,10,
tun44,1,CatchDrop20,0,9,0,0,1,10,0
tun44,2,CatchDrop20,0,9,0,0,1,10,0
tun44,3,CatchDrop20,0,0,0,10,0,10,
tun44,4,CatchDrop20,0,10,0,0,0,10,0
tun44,5,CatchDrop20,0,10,0,0,0,10,0
tun44,6,CatchDrop20,0,10,0,0,0,10,0
tun44,7,CatchDrop20,0,0,0,10,0,10,
tun44,8,CatchDrop20,0,0,0,10,0,10,
tun44,9,CatchDrop20,0,10,0,0,0,10,0
tun44,10,CatchDrop20,0,10,0,0,0,10,0
tun44,11,CatchDrop20,0,10,0,0,0,10,0
tun44,12,CatchDrop20,0,10,0,0,0,10,0
tun44,13,CatchDrop20,0,8,0,0,2,10,0
tun44,14,CatchDrop20,0,10,0,0,0,10,0
tun44,15,CatchDrop20,0,10,0,0,0,10,0
tun44,16,CatchDrop20,0,10,0,0,0,10,0
tun44,17,CatchDrop20,0,10,0,0,0,10,0
tun44,18,CatchDrop20,0,7,0,0,3,10,0
tun44,19,CatchDrop20,0,3,0,6,1,10,0
tun44,20,CatchDrop20,0,10,0,0,0,10,0
tun44,21,CatchDrop20,0,10,0,0,0,10,0
tun44,22,CatchDrop20,0,4,0,0,6,10,0
tun44,23,CatchDrop20,0,10,0,0,0,10,0
tun44,24,CatchDrop20,0,10,0,0,0,10,0
tun44,25,CatchDrop20,0,10,0,0,0,10,0
tun44,26,CatchDrop20,0,6,0,0,4,10,0
tun44,27,CatchDrop20,0,9,0,0,1,10,0
tun44,28,CatchDrop20,0,9,0,0,1,10,0
tun44,29,CatchDrop20,0,0,0,9,1,10,
tun44,30,CatchDrop20,0,5,0,0,5,10,0
tun44,31,CatchDrop20,0,8,0,0,2,10,0
tun44,32,CatchDrop20,0,6,0,0,4,10,0
tun44,33,CatchDrop20,0,8,0,0,2,10,0
tun44,34,CatchDrop20,0,5,0,0,5,10,0
tun44,35,CatchDrop20,0,5,0,0,5,10,0
tun44,36,CatchDrop20,0,10,0,0,0,10,0
tun44,37,CatchDrop20,0,10,0,0,0,10,0
tun44,38,CatchDrop20,0,10,0,0,0,10,0
tun44,39,CatchDrop20,0,8,0,0,2,10,0
tun44,40,CatchDrop20,0,10,0,0,0,10,0
tun44,41,CatchDrop20,0,10,0,0,0,10,0
tun44,42,CatchDrop20,0,8,0,0,2,10,0
tun44,43,CatchDrop20,0,8,0,0,2,10,0
tun44,44,CatchDrop20,0,8,0,0,2,10,0
tun44,45,CatchDrop20,0,9,0,0,1,10,0
tun44,46,CatchDrop20,0,10,0,0,0,10,0
tun44,47,CatchDrop20,0,8,0,0,2,10,0
tun44,48,CatchDrop20,0,10,0,0,0,10,0
tun44,49,CatchDrop20,0,10,0,0,0,10,0
tun44,50,CatchDrop20,0,9,0,0,1,10,0
tun44,51,CatchDrop20,0,10,0,0,0,10,0
tun44,52,CatchDrop20,0,10,0,0,0,10,0
tun44,53,CatchDrop20,0,10,0,0,0,10,0
tun44,54,CatchDrop20,0,8,0,0,2,10,0
tun44,55,CatchDrop20,0,5,0,0,5,10,0
tun44,56,CatchDrop20,0,4,0,4,2,10,0
tun44,57,CatchDrop20,0,10,0,0,0,10,0
tun44,58,CatchDrop20,0,10,0,0,0,10,0
tun44,59,CatchDrop20,0,5,0,0,5,10,0
tun44,60,CatchDrop20,0,0,0,10,0,10,
tun44,61,CatchDrop20,0,9,0,0,1,10,0
tun44,62,CatchDrop20,0,9,0,0,1,10,0
tun44,63,CatchDrop20,0,10,0,0,0,10,0
tun44,64,CatchDrop20,0,10,0,0,0,10,0
tun44,65,CatchDrop20,0,10,0,0,0,10,0
tun44,66,CatchDrop20,0,10,0,0,0,10,0
tun44,67,CatchDrop20,0,10,0,0,0,10,0
tun44,68,CatchDrop20,0,9,0,0,1,10,0
tun44,69,CatchDrop20,0,10,0,0,0,10,0
tun44,70,CatchDrop20,0,7,0,0,3,10,0
tun44,71,CatchDrop20,0,10,0,0,0,10,0
tun44,72,CatchDrop20,0,10,0,0,0,10,0
tun44,73,CatchDrop20,0,7,0,0,3,10,0
tun44,74,CatchDrop20,0,6,0,0,4,10,0
tun44,75,CatchDrop20,0,5,0,5,0,10,0
tun44,76,CatchDrop20,0,8,0,0,2,10,0
tun44,77,CatchDrop20,0,9,0,0,1,10,0
tun44,78,CatchDrop20,0,3,0,7,0,10,0
tun44,79,CatchDrop20,0,10,0,0,0,10,0
tun44,80,CatchDrop20,0,10,0,0,0,10,0
tun44,81,CatchDrop20,0,10,0,0,0,10,0
tun44,82,CatchDrop20,0,4,0,0,6,10,0
tun44,83,CatchDrop20,0,1,0,8,1,10,0
tun44,84,CatchDrop20,0,10,0,0,0,10,0
tun44,85,CatchDrop20,0,0,0,10,0,10,
tun44,86,CatchDrop20,0,5,0,0,5,10,0
tun44,87,CatchDrop20,0,9,0,0,1,10,0
tun44,88,CatchDrop20,0,3,0,0,7,10,0
tun44,89,CatchDrop20,0,9,0,0,1,10,0
tun44,90,CatchDrop20,0,10,0,0,0,10,0
tun44,91,CatchDrop20,0,9,0,0,1,10,0
tun44,92,CatchDrop20,0,10,0,0,0,10,0
tun44,93,CatchDrop20,0,10,0,0,0,10,0
tun44,94,CatchDrop20,0,10,0,0,0,10,0
tun44,95,CatchDrop20,0,4,0,0,6,10,0
tun44,96,CatchDrop20,0,7,0,0,3,10,0
tun44,97,CatchDrop20,0,10,0,0,0,10,0
tun44,98,CatchDrop20,0,9,0,0,1,10,0
tun44,99,CatchDrop20,0,1,0,9,0,10,0
tun44,100,CatchDrop20,0,10,0,0,0,10,0
tun44,101,CatchDrop20,0,10,0,0,0,10,0
tun44,102,CatchDrop20,0,10,0,0,0,10,0
tun44,103,CatchDrop20,0,8,0,0,2,10,0
tun44,104,CatchDrop20,0,10,0,0,0,10,0
tun44,105,CatchDrop20,0,10,0,0,0,10,0
tun44,106,CatchDrop20,0,8,0,0,2,10,0
tun44,107,CatchDrop20,0,10,0,0,0,10,0
tun44,108,CatchDrop20,0,10,0,0,0,10,0
tun44,109,CatchDrop20,0,5,0,0,5,10,0
tun44,110,CatchDrop20,0,8,0,0,2,10,0
tun44,111,CatchDrop20,0,5,0,0,5,10,0
tun44,112,CatchDrop20,0,10,0,0,0,10,0
tun44,113,CatchDrop20,0,10,0,0,0,10,0
tun44,114,CatchDrop20,0,6,0,0,4,10,0
tun44,115,CatchDrop20,0,9,0,0,1,10,0
tun44,116,CatchDrop20,0,3,0,0,7,10,0
tun44,117,CatchDrop20,0,6,0,0,4,10,0
tun44,118,CatchDrop20,0,10,0,0,0,10,0
tun44,119,CatchDrop20,0,10,0,0,0,10,0
tun44,120,CatchDrop20,0,6,0,0,4,10,0
tun44,121,CatchDrop20,0,10,0,0,0,10,0
tun44,122,CatchDrop20,0,8,0,0,2,10,0
tun44,123,CatchDrop20,0,9,0,0,1,10,0
tun44,124,CatchDrop20,0,10,0,0,0,10,0
tun44,125,CatchDrop20,0,8,0,0,2,10,0
tun44,126,CatchDrop20,0,9,0,0,1,10,0
tun44,127,CatchDrop20,0,10,0,0,0,10,0
tun44,128,CatchDrop20,0,9,0,0,1,10,0
tun44,129,CatchDrop20,0,9,0,0,1,10,0
tun44,130,CatchDrop20,0,4,0,6,0,10,0
tun44,131,CatchDrop20,0,9,0,0,1,10,0
tun44,132,CatchDrop20,0,5,0,0,5,10,0
tun44,133,CatchDrop20,0,10,0,0,0,10,0
tun44,134,CatchDrop20,0,10,0,0,0,10,0
tun44,135,CatchDrop20,0,10,0,0,0,10,0
tun44,136,CatchDrop20,0,10,0,0,0,10,0
tun44,137,CatchDrop20,0,9,0,0,1,10,0
tun44,138,CatchDrop20,0,3,0,7,0,10,0
tun44,139,CatchDrop20,0,10,0,0,0,10,0
tun44,140,CatchDrop20,0,9,0,0,1,10,0
tun44,141,CatchDrop20,0,10,0,0,0,10,0
tun44,142,CatchDrop20,0,10,0,0,0,10,0
tun44,143,CatchDrop20,0,9,0,0,1,10,0
tun44,144,CatchDrop20,0,10,0,0,0,10,0
tun44,145,CatchDrop20,0,7,0,0,3,10,0
tun44,146,CatchDrop20,0,10,0,0,0,10,0
tun44,147,CatchDrop20,0,9,0,0,1,10,0
tun44,148,CatchDrop20,0,10,0,0,0,10,0
tun44,149,CatchDrop20,0,10,0,0,0,10,0
tun44,150,CatchDrop20,0,10,0,0,0,10,0
tun44,151,CatchDrop20,0,10,0,0,0,10,0
tun44,152,CatchDrop20,0,6,0,0,4,10,0
tun44,153,CatchDrop20,0,10,0,0,0,10,0
tun44,154,CatchDrop20,0,3,0,7,0,10,0
tun44,155,CatchDrop20,0,3,0,0,7,10,0
tun44,156,CatchDrop20,0,10,0,0,0,10,0
tun44,157,CatchDrop20,0,10,0,0,0,10,0
tun44,158,CatchDrop20,0,10,0,0,0,10,0
tun44,159,CatchDrop20,0,10,0,0,0,10,0
tun44,160,CatchDrop20,0,10,0,0,0,10,0
tun44,161,CatchDrop20,0,10,0,0,0,10,0
tun44,162,CatchDrop20,0,10,0,0,0,10,0
tun44,163,CatchDrop20,0,10,0,0,0,10,0
tun44,164,CatchDrop20,0,10,0,0,0,10,0
tun44,165,CatchDrop20,0,10,0,0,0,10,0
tun44,166,CatchDrop20,0,9,0,0,1,10,0
tun44,167,CatchDrop20,0,10,0,0,0,10,0
tun44,168,CatchDrop20,0,8,0,0,2,10,0
tun44,169,CatchDrop20,0,3,0,0,7,10,0
tun44,170,CatchDrop20,0,5,0,0,5,10,0
tun44,171,CatchDrop20,0,5,0,0,5,10,0
tun44,172,CatchDrop20,0,10,0,0,0,10,0
tun44,173,CatchDrop20,0,5,0,0,5,10,0
tun44,174,CatchDrop20,0,10,0,0,0,10,0
tun44,175,CatchDrop20,0,2,0,8,0,10,0
tun44,176,CatchDrop20,0,10,0,0,0,10,0
tun44,177,CatchDrop20,0,8,0,0,2,10,0
tun44,178,CatchDrop20,0,9,0,0,1,10,0
tun44,179,CatchDrop20,0,10,0,0,0,10,0
tun44,180,CatchDrop20,0,6,0,0,4,10,0
tun44,181,CatchDrop20,0,9,0,0,1,10,0
tun44,182,CatchDrop20,0,10,0,0,0,10,0
tun44,183,CatchDrop20,0,10,0,0,0,10,0
tun44,184,CatchDrop20,0,3,0,7,0,10,0
tun44,185,CatchDrop20,0,10,0,0,0,10,0
tun44,186,CatchDrop20,0,10,0,0,0,10,0
tun44,187,CatchDrop20,0,7,0,0,3,10,0
tun44,188,CatchDrop20,0,6,0,3,1,10,0
tun44,189,CatchDrop20,0,8,0,0,2,10,0
tun44,190,CatchDrop20,0,10,0,0,0,10,0
tun44,191,CatchDrop20,0,5,0,0,5,10,0
tun44,192,CatchDrop20,0,5,0,2,3,10,0
tun44,193,CatchDrop20,0,10,0,0,0,10,0
tun44,194,CatchDrop20,0,10,0,0,0,10,0
tun44,195,CatchDrop20,0,7,0,0,3,10,0
tun44,196,CatchDrop20,0,10,0,0,0,10,0
tun44,197,CatchDrop20,0,10,0,0,0,10,0
tun44,198,CatchDrop20,0,10,0,0,0,10,0
tun44,199,CatchDrop20,0,10,0,0,0,10,0
tun44,200,CatchDrop20,0,10,0,0,0,10,0
tun44,201,CatchDrop20,0,10,0,0,0,10,0
tun44,202,CatchDrop20,0,9,0,0,1,10,0
tun44,203,CatchDrop20,0,10,0,0,0,10,0
tun44,204,CatchDrop20,0,10,0,0,0,10,0
tun44,205,CatchDrop20,0,9,0,0,1,10,0
tun44,206,CatchDrop20,0,10,0,0,0,10,0
tun44,207,CatchDrop20,0,6,0,0,4,10,0
tun44,208,CatchDrop20,0,10,0,0,0,10,0
tun44,209,CatchDrop20,0,10,0,0,0,10,0
tun44,210,CatchDrop20,0,10,0,0,0,10,0
tun44,211,CatchDrop20,0,10,0,0,0,10,0
tun44,212,CatchDrop20,0,10,0,0,0,10,0
tun44,213,CatchDrop20,0,10,0,0,0,10,0
tun44,214,CatchDrop20,0,10,0,0,0,10,0
tun44,215,CatchDrop20,0,10,0,0,0,10,0
tun44,216,CatchDrop20,0,10,0,0,0,10,0
tun44,217,CatchDrop20,0,6,0,0,4,10,0
tun44,218,CatchDrop20,0,10,0,0,0,10,0
tun44,219,CatchDrop20,0,10,0,0,0,10,0
tun44,220,CatchDrop20,0,10,0,0,0,10,0
tun44,221,CatchDrop20,0,4,0,0,6,10,0
tun44,222,CatchDrop20,0,6,0,0,4,10,0
tun44,223,CatchDrop20,0,10,0,0,0,10,0
tun44,224,CatchDrop20,0,6,0,0,4,10,0
tun44,225,CatchDrop20,0,6,0,0,4,10,0
tun44,226,CatchDrop20,0,2,0,0,8,10,0
tun44,227,CatchDrop20,0,8,0,0,2,10,0
tun44,228,CatchDrop20,0,10,0,0,0,10,0
tun44,229,CatchDrop20,0,10,0,0,0,10,0
tun44,230,CatchDrop20,0,10,0,0,0,10,0
tun44,231,CatchDrop20,0,10,0,0,0,10,0
tun44,232,CatchDrop20,0,10,0,0,0,10,0
tun44,233,CatchDrop20,0,10,0,0,0,10,0
tun44,234,CatchDrop20,0,10,0,0,0,10,0
tun44,235,CatchDrop20,0,10,0,0,0,10,0
tun44,236,CatchDrop20,0,7,0,0,3,10,0
tun44,237,CatchDrop20,0,6,0,0,4,10,0
tun44,238,CatchDrop20,0,10,0,0,0,10,0
tun44,239,CatchDrop20,0,10,0,0,0,10,0
tun44,240,CatchDrop20,0,10,0,0,0,10,0
tun44,241,CatchDrop20,0,10,0,0,0,10,0
tun44,242,CatchDrop20,0,7,0,0,3,10,0
tun44,243,CatchDrop20,0,10,0,0,0,10,0
tun44,244,CatchDrop20,0,10,0,0,0,10,0
tun44,245,CatchDrop20,0,5,0,4,1,10,0
tun44,246,CatchDrop20,0,8,0,0,2,10,0
tun44,247,CatchDrop20,0,8,0,0,2,10,0
tun44,248,CatchDrop20,0,1,0,9,0,10,0
tun44,249,CatchDrop20,0,4,0,0,6,10,0
tun44,250,CatchDrop20,0,9,0,0,1,10,0
tun44,251,CatchDrop20,0,10,0,0,0,10,0
tun44,252,CatchDrop20,0,5,0,5,0,10,0
tun44,253,CatchDrop20,0,4,0,0,6,10,0
tun44,254,CatchDrop20,0,10,0,0,0,10,0
tun44,255,CatchDrop20,0,10,0,0,0,10,0
tun44,256,CatchDrop20,0,8,0,0,2,10,0
tun44,257,CatchDrop20,0,6,0,0,4,10,0
tun44,258,CatchDrop20,0,10,0,0,0,10,0
tun44,259,CatchDrop20,0,8,0,0,2,10,0
tun44,260,CatchDrop20,0,9,0,0,1,10,0
tun44,261,CatchDrop20,0,10,0,0,0,10,0
tun44,262,CatchDrop20,0,10,0,0,0,10,0
tun44,263,CatchDrop20,0,10,0,0,0,10,0
tun44,264,CatchDrop20,0,9,0,0,1,10,0
tun44,265,CatchDrop20,0,0,0,9,1,10,
tun44,266,CatchDrop20,0,9,0,0,1,10,0
tun44,267,CatchDrop20,0,10,0,0,0,10,0
tun44,268,CatchDrop20,0,8,0,0,2,10,0
tun44,269,CatchDrop20,0,8,0,0,2,10,0
tun44,270,CatchDrop20,0,7,0,0,3,10,0
tun44,271,CatchDrop20,0,3,0,0,7,10,0
tun44,272,CatchDrop20,0,10,0,0,0,10,0
tun44,273,CatchDrop20,0,2,0,7,1,10,0
tun44,274,CatchDrop20,0,10,0,0,0,10,0
tun44,275,CatchDrop20,0,9,0,0,1,10,0
tun44,276,CatchDrop20,0,10,0,0,0,10,0
tun44,277,CatchDrop20,0,4,0,0,6,10,0
tun44,278,CatchDrop20,0,10,0,0,0,10,0
tun44,279,CatchDrop20,0,5,0,0,5,10,0
tun44,280,CatchDrop20,0,10,0,0,0,10,0
tun44,281,CatchDrop20,0,10,0,0,0,10,0
tun44,282,CatchDrop20,0,5,0,0,5,10,0
tun44,283,CatchDrop20,0,5,0,0,5,10,0
tun44,284,CatchDrop20,0,10,0,0,0,10,0
tun44,285,CatchDrop20,0,9,0,0,1,10,0
tun44,286,CatchDrop20,0,10,0,0,0,10,0
tun44,287,CatchDrop20,0,6,0,0,4,10,0
tun44,288,CatchDrop20,0,5,0,0,5,10,0
tun44,289,CatchDrop20,0,9,0,0,1,10,0
tun44,290,CatchDrop20,0,8,0,0,2,10,0
tun44,291,CatchDrop20,0,8,0,0,2,10,0
tun44,292,CatchDrop20,0,9,0,0,1,10,0
tun44,293,CatchDrop20,0,10,0,0,0,10,0
tun44,294,CatchDrop20,0,9,0,0,1,10,0
tun44,295,CatchDrop20,0,10,0,0,0,10,0
tun44,296,CatchDrop20,0,8,0,0,2,10,0
tun44,297,CatchDrop20,0,7,0,0,3,10,0
tun44,298,CatchDrop20,0,10,0,0,0,10,0
tun44,299,CatchDrop20,0,4,0,0,6,10,0
tun44,300,CatchDrop20,0,8,0,0,2,10,0
tun44,301,CatchDrop20,0,10,0,0,0,10,0
tun44,302,CatchDrop20,0,9,0,0,1,10,0
tun44,303,CatchDrop20,0,10,0,0,0,10,0
tun44,304,CatchDrop20,0,10,0,0,0,10,0
tun44,305,CatchDrop20,0,9,0,0,1,10,0
tun44,306,CatchDrop20,0,10,0,0,0,10,0
tun44,307,CatchDrop20,0,10,0,0,0,10,0
tun44,308,CatchDrop20,0,0,0,10,0,10,
tun44,309,CatchDrop20,0,7,0,0,3,10,0
tun44,310,CatchDrop20,0,4,0,0,6,10,0
tun44,311,CatchDrop20,0,4,0,0,6,10,0
tun44,312,CatchDrop20,0,7,0,0,3,10,0
tun44,313,CatchDrop20,0,8,0,0,2,10,0
tun44,314,CatchDrop20,0,6,0,0,4,10,0
tun44,315,CatchDrop20,0,8,0,0,2,10,0
tun44,316,CatchDrop20,0,10,0,0,0,10,0
tun44,317,CatchDrop20,0,9,0,0,1,10,0
tun44,318,CatchDrop20,0,5,0,0,5,10,0
tun44,319,CatchDrop20,0,10,0,0,0,10,0
tun44,320,CatchDrop20,0,9,0,0,1,10,0
tun44,321,CatchDrop20,0,10,0,0,0,10,0
tun44,322,CatchDrop20,0,10,0,0,0,10,0
tun44,323,CatchDrop20,0,8,0,0,2,10,0
tun44,324,CatchDrop20,0,10,0,0,0,10,0
tun44,325,CatchDrop20,0,0,0,10,0,10,
tun44,326,CatchDrop20,0,5,0,0,5,10,0
tun44,327,CatchDrop20,0,1,0,9,0,10,0
tun44,328,CatchDrop20,0,9,0,0,1,10,0
tun44,329,CatchDrop20,0,10,0,0,0,10,0
tun44,330,CatchDrop20,0,0,0,10,0,10,
tun44,331,CatchDrop20,0,10,0,0,0,10,0
tun44,332,CatchDrop20,0,7,0,0,3,10,0
tun44,333,CatchDrop20,0,10,0,0,0,10,0
tun44,334,CatchDrop20,0,7,0,0,3,10,0
tun44,335,CatchDrop20,0,10,0,0,0,10,0
tun44,336,CatchDrop20,0,10,0,0,0,10,0
tun44,337,CatchDrop20,0,10,0,0,0,10,0
tun44,338,CatchDrop20,0,5,0,0,5,10,0
tun44,339,CatchDrop20,0,9,0,0,1,10,0
tun44,340,CatchDrop20,0,10,0,0,0,10,0
tun44,341,CatchDrop20,0,10,0,0,0,10,0
tun44,342,CatchDrop20,0,8,0,0,2,10,0
tun44,343,CatchDrop20,0,10,0,0,0,10,0
tun44,344,CatchDrop20,0,7,0,0,3,10,0
tun44,345,CatchDrop20,0,10,0,0,0,10,0
tun44,346,CatchDrop20,0,10,0,0,0,10,0
tun44,347,CatchDrop20,0,10,0,0,0,10,0
tun44,348,CatchDrop20,0,4,0,0,6,10,0
tun44,349,CatchDrop20,0,10,0,0,0,10,0
tun44,350,CatchDrop20,0,6,0,0,4,10,0
tun44,351,CatchDrop20,0,4,0,0,6,10,0
tun44,352,CatchDrop20,0,10,0,0,0,10,0
tun44,353,CatchDrop20,0,1,0,8,1,10,0
tun44,354,CatchDrop20,0,10,0,0,0,10,0
tun44,355,CatchDrop20,0,10,0,0,0,10,0
tun44,356,CatchDrop20,0,7,0,0,3,10,0
tun44,357,CatchDrop20,0,5,0,0,5,10,0
tun44,358,CatchDrop20,0,9,0,0,1,10,0
tun44,359,CatchDrop20,0,10,0,0,0,10,0
tun44,360,CatchDrop20,0,10,0,0,0,10,0
tun44,361,CatchDrop20,0,10,0,0,0,10,0
tun44,362,CatchDrop20,0,10,0,0,0,10,0
tun44,363,CatchDrop20,0,10,0,0,0,10,0
tun44,364,CatchDrop20,0,10,0,0,0,10,0
tun44,365,CatchDrop20,0,4,0,0,6,10,0
tun44,366,CatchDrop20,0,4,0,1,5,10,0
tun44,367,CatchDrop20,0,10,0,0,0,10,0
tun44,368,CatchDrop20,0,10,0,0,0,10,0
tun44,369,CatchDrop20,0,5,0,0,5,10,0
tun44,370,CatchDrop20,0,10,0,0,0,10,0
tun44,371,CatchDrop20,0,10,0,0,0,10,0
tun44,372,CatchDrop20,0,7,0,0,3,10,0
tun44,373,CatchDrop20,0,10,0,0,0,10,0
tun44,374,CatchDrop20,0,10,0,0,0,10,0
tun44,375,CatchDrop20,0,6,0,0,4,10,0
tun44,376,CatchDrop20,0,8,0,0,2,10,0
tun44,377,CatchDrop20,0,6,0,0,4,10,0
tun44,378,CatchDrop20,0,10,0,0,0,10,0
tun44,379,CatchDrop20,0,10,0,0,0,10,0
tun44,380,CatchDrop20,0,7,0,0,3,10,0
tun44,381,CatchDrop20,0,10,0,0,0,10,0
tun44,382,CatchDrop20,0,10,0,0,0,10,0
tun44,383,CatchDrop20,0,10,0,0,0,10,0
tun44,384,CatchDrop20,0,4,0,0,6,10,0
tun44,385,CatchDrop20,0,6,0,0,4,10,0
tun44,386,CatchDrop20,0,10,0,0,0,10,0
tun44,387,CatchDrop20,0,10,0,0,0,10,0
tun44,388,CatchDrop20,0,1,0,9,0,10,0
tun44,389,CatchDrop20,0,4,0,0,6,10,0
tun44,390,CatchDrop20,0,0,0,10,0,10,
tun44,391,CatchDrop20,0,1,0,9,0,10,0
tun44,392,CatchDrop20,0,10,0,0,0,10,0
tun44,393,CatchDrop20,0,10,0,0,0,10,0
tun44,394,CatchDrop20,0,9,0,0,1,10,0
tun44,395,CatchDrop20,0,10,0,0,0,10,0
tun44,396,CatchDrop20,0,6,0,0,4,10,0
tun44,397,CatchDrop20,0,5,0,0,5,10,0
tun44,398,CatchDrop20,0,10,0,0,0,10,0
tun44,399,CatchDrop20,0,4,0,0,6,10,0
tun44,400,CatchDrop20,0,3,0,0,7,10,0
tun44,401,CatchDrop20,0,0,0,10,0,10,
tun44,402,CatchDrop20,0,10,0,0,0,10,0
tun44,403,CatchDrop20,0,10,0,0,0,10,0
tun44,404,CatchDrop20,0,10,0,0,0,10,0
tun44,405,CatchDrop20,0,10,0,0,0,10,0
tun44,406,CatchDrop20,0,2,0,8,0,10,0
tun44,407,CatchDrop20,0,7,0,0,3,10,0
tun44,408,CatchDrop20,0,7,0,0,3,10,0
tun44,409,CatchDrop20,0,4,0,0,6,10,0
tun44,410,CatchDrop20,0,7,0,0,3,10,0
tun44,411,CatchDrop20,0,6,0,0,4,10,0
tun44,412,CatchDrop20,0,10,0,0,0,10,0
tun44,413,CatchDrop20,0,10,0,0,0,10,0
tun44,414,CatchDrop20,0,3,0,0,7,10,0
tun44,415,CatchDrop20,0,10,0,0,0,10,0
tun44,416,CatchDrop20,0,10,0,0,0,10,0
tun44,417,CatchDrop20,0,9,0,0,1,10,0
tun44,418,CatchDrop20,0,4,0,0,6,10,0
tun44,419,CatchDrop20,0,10,0,0,0,10,0
tun44,420,CatchDrop20,0,10,0,0,0,10,0
tun44,421,CatchDrop20,0,4,0,0,6,10,0
tun44,422,CatchDrop20,0,10,0,0,0,10,0
tun44,423,CatchDrop20,0,6,0,0,4,10,0
tun44,424,CatchDrop20,0,10,0,0,0,10,0
tun44,425,CatchDrop20,0,4,0,0,6,10,0
tun44,426,CatchDrop20,0,10,0,0,0,10,0
tun44,427,CatchDrop20,0,9,0,0,1,10,0
tun44,428,CatchDrop20,0,8,0,0,2,10,0
tun44,429,CatchDrop20,0,10,0,0,0,10,0
tun44,430,CatchDrop20,0,8,0,0,2,10,0
tun44,431,CatchDrop20,0,9,0,0,1,10,0
tun44,432,CatchDrop20,0,10,0,0,0,10,0
tun44,433,CatchDrop20,0,10,0,0,0,10,0
tun44,434,CatchDrop20,0,10,0,0,0,10,0
tun44,435,CatchDrop20,0,6,0,0,4,10,0
tun44,436,CatchDrop20,0,10,0,0,0,10,0
tun44,437,CatchDrop20,0,2,0,0,8,10,0
tun44,438,CatchDrop20,0,10,0,0,0,10,0
tun44,439,CatchDrop20,0,5,0,0,5,10,0
tun44,440,CatchDrop20,0,10,0,0,0,10,0
tun44,441,CatchDrop20,0,10,0,0,0,10,0
tun44,442,CatchDrop20,0,8,0,0,2,10,0
tun44,443,CatchDrop20,0,6,0,0,4,10,0
tun44,444,CatchDrop20,0,10,0,0,0,10,0
tun44,445,CatchDrop20,0,10,0,0,0,10,0
tun44,446,CatchDrop20,0,7,0,0,3,10,0
tun44,447,CatchDrop20,0,8,0,0,2,10,0
tun44,448,CatchDrop20,0,0,0,10,0,10,
tun44,449,CatchDrop20,0,10,0,0,0,10,0
tun44,450,CatchDrop20,0,10,0,0,0,10,0
tun44,451,CatchDrop20,0,10,0,0,0,10,0
tun44,452,CatchDrop20,0,6,0,0,4,10,0
tun44,453,CatchDrop20,0,10,0,0,0,10,0
tun44,454,CatchDrop20,0,10,0,0,0,10,0
tun44,455,CatchDrop20,0,8,0,0,2,10,0
tun44,456,CatchDrop20,0,9,0,0,1,10,0
tun44,457,CatchDrop20,0,8,0,0,2,10,0
tun44,458,CatchDrop20,0,10,0,0,0,10,0
tun44,459,CatchDrop20,0,9,0,0,1,10,0
tun44,460,CatchDrop20,0,10,0,0,0,10,0
tun44,461,CatchDrop20,0,10,0,0,0,10,0
tun44,462,CatchDrop20,0,4,0,0,6,10,0
tun44,463,CatchDrop20,0,10,0,0,0,10,0
tun44,464,CatchDrop20,0,10,0,0,0,10,0
tun44,465,CatchDrop20,0,5,0,0,5,10,0
tun44,466,CatchDrop20,0,10,0,0,0,10,0
tun44,467,CatchDrop20,0,10,0,0,0,10,0
tun44,468,CatchDrop20,0,10,0,0,0,10,0
tun44,469,CatchDrop20,0,9,0,0,1,10,0
tun44,470,CatchDrop20,0,4,0,6,0,10,0
tun44,471,CatchDrop20,0,10,0,0,0,10,0
tun44,472,CatchDrop20,0,10,0,0,0,10,0
tun44,473,CatchDrop20,0,10,0,0,0,10,0
tun44,474,CatchDrop20,0,10,0,0,0,10,0
tun44,475,CatchDrop20,0,10,0,0,0,10,0
tun44,476,CatchDrop20,0,9,0,0,1,10,0
tun44,477,CatchDrop20,0,4,0,0,6,10,0
tun44,478,CatchDrop20,0,10,0,0,0,10,0
tun44,479,CatchDrop20,0,9,0,0,1,10,0
tun44,480,CatchDrop20,0,10,0,0,0,10,0
tun44,481,CatchDrop20,0,0,0,8,2,10,
tun44,482,CatchDrop20,0,10,0,0,0,10,0
tun44,483,CatchDrop20,0,10,0,0,0,10,0
tun44,484,CatchDrop20,0,5,0,0,5,10,0
tun44,485,CatchDrop20,0,5,0,0,5,10,0
tun44,486,CatchDrop20,0,10,0,0,0,10,0
tun44,487,CatchDrop20,0,10,0,0,0,10,0
tun44,488,CatchDrop20,0,9,0,0,1,10,0
tun44,489,CatchDrop20,0,7,0,0,3,10,0
tun44,490,CatchDrop20,0,6,0,0,4,10,0
tun44,491,CatchDrop20,0,10,0,0,0,10,0
tun44,492,CatchDrop20,0,10,0,0,0,10,0
tun44,493,CatchDrop20,0,10,0,0,0,10,0
tun44,494,CatchDrop20,0,6,0,0,4,10,0
tun44,495,CatchDrop20,0,9,0,0,1,10,0
tun44,496,CatchDrop20,0,7,0,0,3,10,0
tun44,497,CatchDrop20,0,10,0,0,0,10,0
tun44,498,CatchDrop20,0,9,0,0,1,10,0
tun44,499,CatchDrop20,0,10,0,0,0,10,0
tun44,500,CatchDrop20,0,6,0,0,4,10,0
tun45,1,CatchDrop20,0,10,0,0,0,10,0
tun45,2,CatchDrop20,0,10,0,0,0,10,0
tun45,3,CatchDrop20,0,0,0,10,0,10,
tun45,4,CatchDrop20,0,10,0,0,0,10,0
tun45,5,CatchDrop20,0,10,0,0,0,10,0
tun45,6,CatchDrop20,0,10,0,0,0,10,0
tun45,7,CatchDrop20,0,0,0,10,0,10,
tun45,8,CatchDrop20,0,0,0,10,0,10,
tun45,9,CatchDrop20,0,10,0,0,0,10,0
tun45,10,CatchDrop20,0,10,0,0,0,10,0
tun45,11,CatchDrop20,0,10,0,0,0,10,0
tun45,12,CatchDrop20,0,10,0,0,0,10,0
tun45,13,CatchDrop20,0,10,0,0,0,10,0
tun45,14,CatchDrop20,0,10,0,0,0,10,0
tun45,15,CatchDrop20,0,10,0,0,0,10,0
tun45,16,CatchDrop20,0,10,0,0,0,10,0
tun45,17,CatchDrop20,0,10,0,0,0,10,0
tun45,18,CatchDrop20,0,10,0,0,0,10,0
tun45,19,CatchDrop20,0,10,0,0,0,10,0
tun45,20,CatchDrop20,0,10,0,0,0,10,0
tun45,21,CatchDrop20,0,10,0,0,0,10,0
tun45,22,CatchDrop20,0,10,0,0,0,10,0
tun45,23,CatchDrop20,0,10,0,0,0,10,0
tun45,24,CatchDrop20,0,10,0,0,0,10,0
tun45,25,CatchDrop20,0,10,0,0,0,10,0
tun45,26,CatchDrop20,0,10,0,0,0,10,0
tun45,27,CatchDrop20,0,10,0,0,0,10,0
tun45,28,CatchDrop20,0,10,0,0,0,10,0
tun45,29,CatchDrop20,0,0,0,10,0,10,
tun45,30,CatchDrop20,0,10,0,0,0,10,0
tun45,31,CatchDrop20,0,10,0,0,0,10,0
tun45,32,CatchDrop20,0,10,0,0,0,10,0
tun45,33,CatchDrop20,0,10,0,0,0,10,0
tun45,34,CatchDrop20,0,10,0,0,0,10,0
tun45,35,CatchDrop20,0,7,0,3,0,10,0
tun45,36,CatchDrop20,0,10,0,0,0,10,0
tun45,37,CatchDrop20,0,10,0,0,0,10,0
tun45,38,CatchDrop20,0,10,0,0,0,10,0
tun45,39,CatchDrop20,0,10,0,0,0,10,0
tun45,40,CatchDrop20,0,10,0,0,0,10,0
tun45,41,CatchDrop20,0,10,0,0,0,10,0
tun45,42,CatchDrop20,0,10,0,0,0,10,0
tun45,43,CatchDrop20,0,10,0,0,0,10,0
tun45,44,CatchDrop20,0,10,0,0,0,10,0
tun45,45,CatchDrop20,0,10,0,0,0,10,0
tun45,46,CatchDrop20,0,10,0,0,0,10,0
tun45,47,CatchDrop20,0,10,0,0,0,10,0
tun45,48,CatchDrop20,0,10,0,0,0,10,0
tun45,49,CatchDrop20,0,10,0,0,0,10,0
tun45,50,CatchDrop20,0,10,0,0,0,10,0
tun45,51,CatchDrop20,0,10,0,0,0,10,0
tun45,52,CatchDrop20,0,10,0,0,0,10,0
tun45,53,CatchDrop20,0,10,0,0,0,10,0
tun45,54,CatchDrop20,0,10,0,0,0,10,0
tun45,55,CatchDrop20,0,10,0,0,0,10,0
tun45,56,CatchDrop20,0,10,0,0,0,10,0
tun45,57,CatchDrop20,0,10,0,0,0,10,0
tun45,58,CatchDrop20,0,10,0,0,0,10,0
tun45,59,CatchDrop20,0,8,0,2,0,10,0
tun45,60,CatchDrop20,0,0,0,10,0,10,
tun45,61,CatchDrop20,0,10,0,0,0,10,0
tun45,62,CatchDrop20,0,0,0,10,0,10,
tun45,63,CatchDrop20,0,10,0,0,0,10,0
tun45,64,CatchDrop20,0,10,0,0,0,10,0
tun45,65,CatchDrop20,0,10,0,0,0,10,0
tun45,66,CatchDrop20,0,10,0,0,0,10,0
tun45,67,CatchDrop20,0,10,0,0,0,10,0
tun45,68,CatchDrop20,0,10,0,0,0,10,0
tun45,69,CatchDrop20,0,10,0,0,0,10,0
tun45,70,CatchDrop20,0,10,0,0,0,10,0
tun45,71,CatchDrop20,0,10,0,0,0,10,0
tun45,72,CatchDrop20,0,10,0,0,0,10,0
tun45,73,CatchDrop20,0,10,0,0,0,10,0
tun45,74,CatchDrop20,0,10,0,0,0,10,0
tun45,75,CatchDrop20,0,6,0,4,0,10,0
tun45,76,CatchDrop20,0,10,0,0,0,10,0
tun45,77,CatchDrop20,0,10,0,0,0,10,0
tun45,78,CatchDrop20,0,3,0,7,0,10,0
tun45,79,CatchDrop20,0,10,0,0,0,10,0
tun45,80,CatchDrop20,0,10,0,0,0,10,0
tun45,81,CatchDrop20,0,10,0,0,0,10,0
tun45,82,CatchDrop20,0,0,0,10,0,10,
tun45,83,CatchDrop20,0,1,0,9,0,10,0
tun45,84,CatchDrop20,0,10,0,0,0,10,0
tun45,85,CatchDrop20,0,0,0,10,0,10,
tun45,86,CatchDrop20,0,10,0,0,0,10,0
tun45,87,CatchDrop20,0,10,0,0,0,10,0
tun45,88,CatchDrop20,0,10,0,0,0,10,0
tun45,89,CatchDrop20,0,10,0,0,0,10,0
tun45,90,CatchDrop20,0,10,0,0,0,10,0
tun45,91,CatchDrop20,0,10,0,0,0,10,0
tun45,92,CatchDrop20,0,10,0,0,0,10,0
tun45,93,CatchDrop20,0,10,0,0,0,10,0
tun45,94,CatchDrop20,0,10,0,0,0,10,0
tun45,95,CatchDrop20,0,10,0,0,0,10,0
tun45,96,CatchDrop20,0,10,0,0,0,10,0
tun45,97,CatchDrop20,0,10,0,0,0,10,0
tun45,98,CatchDrop20,0,10,0,0,0,10,0
tun45,99,CatchDrop20,0,0,0,10,0,10,
tun45,100,CatchDrop20,0,10,0,0,0,10,0
tun45,101,CatchDrop20,0,10,0,0,0,10,0
tun45,102,CatchDrop20,0,10,0,0,0,10,0
tun45,103,CatchDrop20,0,10,0,0,0,10,0
tun45,104,CatchDrop20,0,10,0,0,0,10,0
tun45,105,CatchDrop20,0,10,0,0,0,10,0
tun45,106,CatchDrop20,0,10,0,0,0,10,0
tun45,107,CatchDrop20,0,10,0,0,0,10,0
tun45,108,CatchDrop20,0,10,0,0,0,10,0
tun45,109,CatchDrop20,0,10,0,0,0,10,0
tun45,110,CatchDrop20,0,10,0,0,0,10,0
tun45,111,CatchDrop20,0,10,0,0,0,10,0
tun45,112,CatchDrop20,0,10,0,0,0,10,0
tun45,113,CatchDrop20,0,10,0,0,0,10,0
tun45,114,CatchDrop20,0,10,0,0,0,10,0
tun45,115,CatchDrop20,0,10,0,0,0,10,0
tun45,116,CatchDrop20,0,5,0,5,0,10,0
tun45,117,CatchDrop20,0,9,0,1,0,10,0
tun45,118,CatchDrop20,0,10,0,0,0,10,0
tun45,119,CatchDrop20,0,10,0,0,0,10,0
tun45,120,CatchDrop20,0,10,0,0,0,10,0
tun45,121,CatchDrop20,0,10,0,0,0,10,0
tun45,122,CatchDrop20,0,10,0,0,0,10,0
tun45,123,CatchDrop20,0,10,0,0,0,10,0
tun45,124,CatchDrop20,0,10,0,0,0,10,0
tun45,125,CatchDrop20,0,10,0,0,0,10,0
tun45,126,CatchDrop20,0,10,0,0,0,10,0
tun45,127,CatchDrop20,0,10,0,0,0,10,0
tun45,128,CatchDrop20,0,10,0,0,0,10,0
tun45,129,CatchDrop20,0,10,0,0,0,10,0
tun45,130,CatchDrop20,0,4,0,6,0,10,0
tun45,131,CatchDrop20,0,10,0,0,0,10,0
tun45,132,CatchDrop20,0,10,0,0,0,10,0
tun45,133,CatchDrop20,0,10,0,0,0,10,0
tun45,134,CatchDrop20,0,10,0,0,0,10,0
tun45,135,CatchDrop20,0,10,0,0,0,10,0
tun45,136,CatchDrop20,0,10,0,0,0,10,0
tun45,137,CatchDrop20,0,10,0,0,0,10,0
tun45,138,CatchDrop20,0,7,0,3,0,10,0
tun45,139,CatchDrop20,0,10,0,0,0,10,0
tun45,140,CatchDrop20,0,10,0,0,0,10,0
tun45,141,CatchDrop20,0,10,0,0,0,10,0
tun45,142,CatchDrop20,0,10,0,0,0,10,0
tun45,143,CatchDrop20,0,0,0,10,0,10,
tun45,144,CatchDrop20,0,10,0,0,0,10,0
tun45,145,CatchDrop20,0,10,0,0,0,10,0
tun45,146,CatchDrop20,0,10,0,0,0,10,0
tun45,147,CatchDrop20,0,10,0,0,0,10,0
tun45,148,CatchDrop20,0,10,0,0,0,10,0
tun45,149,CatchDrop20,0,10,0,0,0,10,0
tun45,150,CatchDrop20,0,10,0,0,0,10,0
tun45,151,CatchDrop20,0,10,0,0,0,10,0
tun45,152,CatchDrop20,0,0,0,10,0,10,
tun45,153,CatchDrop20,0,10,0,0,0,10,0
tun45,154,CatchDrop20,0,10,0,0,0,10,0
tun45,155,CatchDrop20,0,10,0,0,0,10,0
tun45,156,CatchDrop20,0,10,0,0,0,10,0
tun45,157,CatchDrop20,0,10,0,0,0,10,0
tun45,158,CatchDrop20,0,10,0,0,0,10,0
tun45,159,CatchDrop20,0,10,0,0,0,10,0
tun45,160,CatchDrop20,0,10,0,0,0,10,0
tun45,161,CatchDrop20,0,10,0,0,0,10,0
tun45,162,CatchDrop20,0,9,0,1,0,10,0
tun45,163,CatchDrop20,0,10,0,0,0,10,0
tun45,164,CatchDrop20,0,10,0,0,0,10,0
tun45,165,CatchDrop20,0,10,0,0,0,10,0
tun45,166,CatchDrop20,0,10,0,0,0,10,0
tun45,167,CatchDrop20,0,10,0,0,0,10,0
tun45,168,CatchDrop20,0,10,0,0,0,10,0
tun45,169,CatchDrop20,0,7,0,3,0,10,0
tun45,170,CatchDrop20,0,10,0,0,0,10,0
tun45,171,CatchDrop20,0,0,0,10,0,10,
tun45,172,CatchDrop20,0,10,0,0,0,10,0
tun45,173,CatchDrop20,0,10,0,0,0,10,0
tun45,174,CatchDrop20,0,10,0,0,0,10,0
tun45,175,CatchDrop20,0,6,0,4,0,10,0
tun45,176,CatchDrop20,0,10,0,0,0,10,0
tun45,177,CatchDrop20,0,10,0,0,0,10,0
tun45,178,CatchDrop20,0,10,0,0,0,10,0
tun45,179,CatchDrop20,0,10,0,0,0,10,0
tun45,180,CatchDrop20,0,10,0,0,0,10,0
tun45,181,CatchDrop20,0,10,0,0,0,10,0
tun45,182,CatchDrop20,0,10,0,0,0,10,0
tun45,183,CatchDrop20,0,10,0,0,0,10,0
tun45,184,CatchDrop20,0,0,0,10,0,10,
tun45,185,CatchDrop20,0,10,0,0,0,10,0
tun45,186,CatchDrop20,0,10,0,0,0,10,0
tun45,187,CatchDrop20,0,10,0,0,0,10,0
tun45,188,CatchDrop20,0,10,0,0,0,10,0
tun45,189,CatchDrop20,0,10,0,0,0,10,0
tun45,190,CatchDrop20,0,10,0,0,0,10,0
tun45,191,CatchDrop20,0,10,0,0,0,10,0
tun45,192,CatchDrop20,0,10,0,0,0,10,0
tun45,193,CatchDrop20,0,10,0,0,0,10,0
tun45,194,CatchDrop20,0,10,0,0,0,10,0
tun45,195,CatchDrop20,0,10,0,0,0,10,0
tun45,196,CatchDrop20,0,10,0,0,0,10,0
tun45,197,CatchDrop20,0,10,0,0,0,10,0
tun45,198,CatchDrop20,0,10,0,0,0,10,0
tun45,199,CatchDrop20,0,10,0,0,0,10,0
tun45,200,CatchDrop20,0,10,0,0,0,10,0
tun45,201,CatchDrop20,0,10,0,0,0,10,0
tun45,202,CatchDrop20,0,10,0,0,0,10,0
tun45,203,CatchDrop20,0,10,0,0,0,10,0
tun45,204,CatchDrop20,0,10,0,0,0,10,0
tun45,205,CatchDrop20,0,10,0,0,0,10,0
tun45,206,CatchDrop20,0,10,0,0,0,10,0
tun45,207,CatchDrop20,0,10,0,0,0,10,0
tun45,208,CatchDrop20,0,10,0,0,0,10,0
tun45,209,CatchDrop20,0,10,0,0,0,10,0
tun45,210,CatchDrop20,0,10,0,0,0,10,0
tun45,211,CatchDrop20,0,10,0,0,0,10,0
tun45,212,CatchDrop20,0,10,0,0,0,10,0
tun45,213,CatchDrop20,0,10,0,0,0,10,0
tun45,214,CatchDrop20,0,10,0,0,0,10,0
tun45,215,CatchDrop20,0,10,0,0,0,10,0
tun45,216,CatchDrop20,0,10,0,0,0,10,0
tun45,217,CatchDrop20,0,10,0,0,0,10,0
tun45,218,CatchDrop20,0,10,0,0,0,10,0
tun45,219,CatchDrop20,0,10,0,0,0,10,0
tun45,220,CatchDrop20,0,10,0,0,0,10,0
tun45,221,CatchDrop20,0,10,0,0,0,10,0
tun45,222,CatchDrop20,0,10,0,0,0,10,0
tun45,223,CatchDrop20,0,10,0,0,0,10,0
tun45,224,CatchDrop20,0,10,0,0,0,10,0
tun45,225,CatchDrop20,0,10,0,0,0,10,0
tun45,226,CatchDrop20,0,6,0,4,0,10,0
tun45,227,CatchDrop20,0,10,0,0,0,10,0
tun45,228,CatchDrop20,0,10,0,0,0,10,0
tun45,229,CatchDrop20,0,10,0,0,0,10,0
tun45,230,CatchDrop20,0,10,0,0,0,10,0
tun45,231,CatchDrop20,0,10,0,0,0,10,0
tun45,232,CatchDrop20,0,10,0,0,0,10,0
tun45,233,CatchDrop20,0,10,0,0,0,10,0
tun45,234,CatchDrop20,0,10,0,0,0,10,0
tun45,235,CatchDrop20,0,10,0,0,0,10,0
tun45,236,CatchDrop20,0,10,0,0,0,10,0
tun45,237,CatchDrop20,0,10,0,0,0,10,0
tun45,238,CatchDrop20,0,10,0,0,0,10,0
tun45,239,CatchDrop20,0,10,0,0,0,10,0
tun45,240,CatchDrop20,0,10,0,0,0,10,0
tun45,241,CatchDrop20,0,10,0,0,0,10,0
tun45,242,CatchDrop20,0,10,0,0,0,10,0
tun45,243,CatchDrop20,0,10,0,0,0,10,0
tun45,244,CatchDrop20,0,10,0,0,0,10,0
tun45,245,CatchDrop20,0,10,0,0,0,10,0
tun45,246,CatchDrop20,0,10,0,0,0,10,0
tun45,247,CatchDrop20,0,10,0,0,0,10,0
tun45,248,CatchDrop20,0,0,0,10,0,10,
tun45,249,CatchDrop20,0,10,0,0,0,10,0
tun45,250,CatchDrop20,0,10,0,0,0,10,0
tun45,251,CatchDrop20,0,10,0,0,0,10,0
tun45,252,CatchDrop20,0,8,0,2,0,10,0
tun45,253,CatchDrop20,0,5,0,5,0,10,0
tun45,254,CatchDrop20,0,10,0,0,0,10,0
tun45,255,CatchDrop20,0,10,0,0,0,10,0
tun45,256,CatchDrop20,0,10,0,0,0,10,0
tun45,257,CatchDrop20,0,10,0,0,0,10,0
tun45,258,CatchDrop20,0,10,0,0,0,10,0
tun45,259,CatchDrop20,0,10,0,0,0,10,0
tun45,260,CatchDrop20,0,10,0,0,0,10,0
tun45,261,CatchDrop20,0,10,0,0,0,10,0
tun45,262,CatchDrop20,0,10,0,0,0,10,0
tun45,263,CatchDrop20,0,10,0,0,0,10,0
tun45,264,CatchDrop20,0,10,0,0,0,10,0
tun45,265,CatchDrop20,0,0,0,10,0,10,
tun45,266,CatchDrop20,0,10,0,0,0,10,0
tun45,267,CatchDrop20,0,10,0,0,0,10,0
tun45,268,CatchDrop20,0,10,0,0,0,10,0
tun45,269,CatchDrop20,0,10,0,0,0,10,0
tun45,270,CatchDrop20,0,10,0,0,0,10,0
tun45,271,CatchDrop20,0,3,0,7,0,10,0
tun45,272,CatchDrop20,0,10,0,0,0,10,0
tun45,273,CatchDrop20,0,2,0,8,0,10,0
tun45,274,CatchDrop20,0,10,0,0,0,10,0
tun45,275,CatchDrop20,0,10,0,0,0,10,0
tun45,276,CatchDrop20,0,10,0,0,0,10,0
tun45,277,CatchDrop20,0,10,0,0,0,10,0
tun45,278,CatchDrop20,0,10,0,0,0,10,0
tun45,279,CatchDrop20,0,10,0,0,0,10,0
tun45,280,CatchDrop20,0,10,0,0,0,10,0
tun45,281,CatchDrop20,0,10,0,0,0,10,0
tun45,282,CatchDrop20,0,10,0,0,0,10,0
tun45,283,CatchDrop20,0,10,0,0,0,10,0
tun45,284,CatchDrop20,0,10,0,0,0,10,0
tun45,285,CatchDrop20,0,10,0,0,0,10,0
tun45,286,CatchDrop20,0,10,0,0,0,10,0
tun45,287,CatchDrop20,0,10,0,0,0,10,0
tun45,288,CatchDrop20,0,10,0,0,0,10,0
tun45,289,CatchDrop20,0,10,0,0,0,10,0
tun45,290,CatchDrop20,0,10,0,0,0,10,0
tun45,291,CatchDrop20,0,10,0,0,0,10,0
tun45,292,CatchDrop20,0,10,0,0,0,10,0
tun45,293,CatchDrop20,0,10,0,0,0,10,0
tun45,294,CatchDrop20,0,10,0,0,0,10,0
tun45,295,CatchDrop20,0,10,0,0,0,10,0
tun45,296,CatchDrop20,0,10,0,0,0,10,0
tun45,297,CatchDrop20,0,10,0,0,0,10,0
tun45,298,CatchDrop20,0,10,0,0,0,10,0
tun45,299,CatchDrop20,0,10,0,0,0,10,0
tun45,300,CatchDrop20,0,10,0,0,0,10,0
tun45,301,CatchDrop20,0,10,0,0,0,10,0
tun45,302,CatchDrop20,0,5,0,5,0,10,0
tun45,303,CatchDrop20,0,10,0,0,0,10,0
tun45,304,CatchDrop20,0,10,0,0,0,10,0
tun45,305,CatchDrop20,0,10,0,0,0,10,0
tun45,306,CatchDrop20,0,10,0,0,0,10,0
tun45,307,CatchDrop20,0,10,0,0,0,10,0
tun45,308,CatchDrop20,0,0,0,10,0,10,
tun45,309,CatchDrop20,0,10,0,0,0,10,0
tun45,310,CatchDrop20,0,0,0,10,0,10,
tun45,311,CatchDrop20,0,9,0,1,0,10,0
tun45,312,CatchDrop20,0,0,0,10,0,10,
tun45,313,CatchDrop20,0,10,0,0,0,10,0
tun45,314,CatchDrop20,0,10,0,0,0,10,0
tun45,315,CatchDrop20,0,10,0,0,0,10,0
tun45,316,CatchDrop20,0,10,0,0,0,10,0
tun45,317,CatchDrop20,0,10,0,0,0,10,0
tun45,318,CatchDrop20,0,10,0,0,0,10,0
tun45,319,CatchDrop20,0,10,0,0,0,10,0
tun45,320,CatchDrop20,0,10,0,0,0,10,0
tun45,321,CatchDrop20,0,10,0,0,0,10,0
tun45,322,CatchDrop20,0,10,0,0,0,10,0
tun45,323,CatchDrop20,0,10,0,0,0,10,0
tun45,324,CatchDrop20,0,10,0,0,0,10,0
tun45,325,CatchDrop20,0,0,0,10,0,10,
tun45,326,CatchDrop20,0,10,0,0,0,10,0
tun45,327,CatchDrop20,0,10,0,0,0,10,0
tun45,328,CatchDrop20,0,10,0,0,0,10,0
tun45,329,CatchDrop20,0,10,0,0,0,10,0
tun45,330,CatchDrop20,0,0,0,10,0,10,
tun45,331,CatchDrop20,0,10,0,0,0,10,0
tun45,332,CatchDrop20,0,10,0,0,0,10,0
tun45,333,CatchDrop20,0,10,0,0,0,10,0
tun45,334,CatchDrop20,0,10,0,0,0,10,0
tun45,335,CatchDrop20,0,10,0,0,0,10,0
tun45,336,CatchDrop20,0,10,0,0,0,10,0
tun45,337,CatchDrop20,0,2,0,8,0,10,0
tun45,338,CatchDrop20,0,10,0,0,0,10,0
tun45,339,CatchDrop20,0,10,0,0,0,10,0
tun45,340,CatchDrop20,0,10,0,0,0,10,0
tun45,341,CatchDrop20,0,10,0,0,0,10,0
tun45,342,CatchDrop20,0,10,0,0,0,10,0
tun45,343,CatchDrop20,0,10,0,0,0,10,0
tun45,344,CatchDrop20,0,10,0,0,0,10,0
tun45,345,CatchDrop20,0,10,0,0,0,10,0
tun45,346,CatchDrop20,0,10,0,0,0,10,0
tun45,347,CatchDrop20,0,10,0,0,0,10,0
tun45,348,CatchDrop20,0,10,0,0,0,10,0
tun45,349,CatchDrop20,0,10,0,0,0,10,0
tun45,350,CatchDrop20,0,10,0,0,0,10,0
tun45,351,CatchDrop20,0,10,0,0,0,10,0
tun45,352,CatchDrop20,0,10,0,0,0,10,0
tun45,353,CatchDrop20,0,10,0,0,0,10,0
tun45,354,CatchDrop20,0,10,0,0,0,10,0
tun45,355,CatchDrop20,0,10,0,0,0,10,0
tun45,356,CatchDrop20,0,10,0,0,0,10,0
tun45,357,CatchDrop20,0,10,0,0,0,10,0
tun45,358,CatchDrop20,0,10,0,0,0,10,0
tun45,359,CatchDrop20,0,10,0,0,0,10,0
tun45,360,CatchDrop20,0,10,0,0,0,10,0
tun45,361,CatchDrop20,0,10,0,0,0,10,0
tun45,362,CatchDrop20,0,10,0,0,0,10,0
tun45,363,CatchDrop20,0,10,0,0,0,10,0
tun45,364,CatchDrop20,0,10,0,0,0,10,0
tun45,365,CatchDrop20,0,10,0,0,0,10,0
tun45,366,CatchDrop20,0,10,0,0,0,10,0
tun45,367,CatchDrop20,0,10,0,0,0,10,0
tun45,368,CatchDrop20,0,10,0,0,0,10,0
tun45,369,CatchDrop20,0,10,0,0,0,10,0
tun45,370,CatchDrop20,0,10,0,0,0,10,0
tun45,371,CatchDrop20,0,10,0,0,0,10,0
tun45,372,CatchDrop20,0,10,0,0,0,10,0
tun45,373,CatchDrop20,0,10,0,0,0,10,0
tun45,374,CatchDrop20,0,10,0,0,0,10,0
tun45,375,CatchDrop20,0,10,0,0,0,10,0
tun45,376,CatchDrop20,0,10,0,0,0,10,0
tun45,377,CatchDrop20,0,10,0,0,0,10,0
tun45,378,CatchDrop20,0,10,0,0,0,10,0
tun45,379,CatchDrop20,0,10,0,0,0,10,0
tun45,380,CatchDrop20,0,5,0,5,0,10,0
tun45,381,CatchDrop20,0,10,0,0,0,10,0
tun45,382,CatchDrop20,0,10,0,0,0,10,0
tun45,383,CatchDrop20,0,10,0,0,0,10,0
tun45,384,CatchDrop20,0,2,0,8,0,10,0
tun45,385,CatchDrop20,0,10,0,0,0,10,0
tun45,386,CatchDrop20,0,10,0,0,0,10,0
tun45,387,CatchDrop20,0,10,0,0,0,10,0
tun45,388,CatchDrop20,0,1,0,9,0,10,0
tun45,389,CatchDrop20,0,10,0,0,0,10,0
tun45,390,CatchDrop20,0,0,0,10,0,10,
tun45,391,CatchDrop20,0,1,0,9,0,10,0
tun45,392,CatchDrop20,0,10,0,0,0,10,0
tun45,393,CatchDrop20,0,10,0,0,0,10,0
tun45,394,CatchDrop20,0,10,0,0,0,10,0
tun45,395,CatchDrop20,0,10,0,0,0,10,0
tun45,396,CatchDrop20,0,10,0,0,0,10,0
tun45,397,CatchDrop20,0,10,0,0,0,10,0
tun45,398,CatchDrop20,0,10,0,0,0,10,0
tun45,399,CatchDrop20,0,10,0,0,0,10,0
tun45,400,CatchDrop20,0,10,0,0,0,10,0
tun45,401,CatchDrop20,0,0,0,10,0,10,
tun45,402,CatchDrop20,0,10,0,0,0,10,0
tun45,403,CatchDrop20,0,10,0,0,0,10,0
tun45,404,CatchDrop20,0,10,0,0,0,10,0
tun45,405,CatchDrop20,0,10,0,0,0,10,0
tun45,406,CatchDrop20,0,10,0,0,0,10,0
tun45,407,CatchDrop20,0,10,0,0,0,10,0
tun45,408,CatchDrop20,0,10,0,0,0,10,0
tun45,409,CatchDrop20,0,3,0,7,0,10,0
tun45,410,CatchDrop20,0,10,0,0,0,10,0
tun45,411,CatchDrop20,0,10,0,0,0,10,0
tun45,412,CatchDrop20,0,10,0,0,0,10,0
tun45,413,CatchDrop20,0,10,0,0,0,10,0
tun45,414,CatchDrop20,0,10,0,0,0,10,0
tun45,415,CatchDrop20,0,10,0,0,0,10,0
tun45,416,CatchDrop20,0,10,0,0,0,10,0
tun45,417,CatchDrop20,0,10,0,0,0,10,0
tun45,418,CatchDrop20,0,10,0,0,0,10,0
tun45,419,CatchDrop20,0,10,0,0,0,10,0
tun45,420,CatchDrop20,0,10,0,0,0,10,0
tun45,421,CatchDrop20,0,10,0,0,0,10,0
tun45,422,CatchDrop20,0,10,0,0,0,10,0
tun45,423,CatchDrop20,0,10,0,0,0,10,0
tun45,424,CatchDrop20,0,10,0,0,0,10,0
tun45,425,CatchDrop20,0,10,0,0,0,10,0
tun45,426,CatchDrop20,0,10,0,0,0,10,0
tun45,427,CatchDrop20,0,10,0,0,0,10,0
tun45,428,CatchDrop20,0,10,0,0,0,10,0
tun45,429,CatchDrop20,0,10,0,0,0,10,0
tun45,430,CatchDrop20,0,10,0,0,0,10,0
tun45,431,CatchDrop20,0,10,0,0,0,10,0
tun45,432,CatchDrop20,0,10,0,0,0,10,0
tun45,433,CatchDrop20,0,10,0,0,0,10,0
tun45,434,CatchDrop20,0,10,0,0,0,10,0
tun45,435,CatchDrop20,0,10,0,0,0,10,0
tun45,436,CatchDrop20,0,10,0,0,0,10,0
tun45,437,CatchDrop20,0,10,0,0,0,10,0
tun45,438,CatchDrop20,0,10,0,0,0,10,0
tun45,439,CatchDrop20,0,10,0,0,0,10,0
tun45,440,CatchDrop20,0,10,0,0,0,10,0
tun45,441,CatchDrop20,0,10,0,0,0,10,0
tun45,442,CatchDrop20,0,10,0,0,0,10,0
tun45,443,CatchDrop20,0,10,0,0,0,10,0
tun45,444,CatchDrop20,0,10,0,0,0,10,0
tun45,445,CatchDrop20,0,10,0,0,0,10,0
tun45,446,CatchDrop20,0,10,0,0,0,10,0
tun45,447,CatchDrop20,0,10,0,0,0,10,0
tun45,448,CatchDrop20,0,0,0,10,0,10,
tun45,449,CatchDrop20,0,10,0,0,0,10,0
tun45,450,CatchDrop20,0,10,0,0,0,10,0
tun45,451,CatchDrop20,0,10,0,0,0,10,0
tun45,452,CatchDrop20,0,10,0,0,0,10,0
tun45,453,CatchDrop20,0,10,0,0,0,10,0
tun45,454,CatchDrop20,0,10,0,0,0,10,0
tun45,455,CatchDrop20,0,10,0,0,0,10,0
tun45,456,CatchDrop20,0,10,0,0,0,10,0
tun45,457,CatchDrop20,0,10,0,0,0,10,0
tun45,458,CatchDrop20,0,10,0,0,0,10,0
tun45,459,CatchDrop20,0,10,0,0,0,10,0
tun45,460,CatchDrop20,0,10,0,0,0,10,0
tun45,461,CatchDrop20,0,10,0,0,0,10,0
tun45,462,CatchDrop20,0,10,0,0,0,10,0
tun45,463,CatchDrop20,0,10,0,0,0,10,0
tun45,464,CatchDrop20,0,10,0,0,0,10,0
tun45,465,CatchDrop20,0,10,0,0,0,10,0
tun45,466,CatchDrop20,0,10,0,0,0,10,0
tun45,467,CatchDrop20,0,10,0,0,0,10,0
tun45,468,CatchDrop20,0,10,0,0,0,10,0
tun45,469,CatchDrop20,0,10,0,0,0,10,0
tun45,470,CatchDrop20,0,3,0,7,0,10,0
tun45,471,CatchDrop20,0,10,0,0,0,10,0
tun45,472,CatchDrop20,0,10,0,0,0,10,0
tun45,473,CatchDrop20,0,10,0,0,0,10,0
tun45,474,CatchDrop20,0,10,0,0,0,10,0
tun45,475,CatchDrop20,0,10,0,0,0,10,0
tun45,476,CatchDrop20,0,10,0,0,0,10,0
tun45,477,CatchDrop20,0,10,0,0,0,10,0
tun45,478,CatchDrop20,0,10,0,0,0,10,0
tun45,479,CatchDrop20,0,10,0,0,0,10,0
tun45,480,CatchDrop20,0,10,0,0,0,10,0
tun45,481,CatchDrop20,0,0,0,10,0,10,
tun45,482,CatchDrop20,0,10,0,0,0,10,0
tun45,483,CatchDrop20,0,10,0,0,0,10,0
tun45,484,CatchDrop20,0,6,0,4,0,10,0
tun45,485,CatchDrop20,0,10,0,0,0,10,0
tun45,486,CatchDrop20,0,10,0,0,0,10,0
tun45,487,CatchDrop20,0,10,0,0,0,10,0
tun45,488,CatchDrop20,0,10,0,0,0,10,0
tun45,489,CatchDrop20,0,10,0,0,0,10,0
tun45,490,CatchDrop20,0,10,0,0,0,10,0
tun45,491,CatchDrop20,0,10,0,0,0,10,0
tun45,492,CatchDrop20,0,10,0,0,0,10,0
tun45,493,CatchDrop20,0,10,0,0,0,10,0
tun45,494,CatchDrop20,0,10,0,0,0,10,0
tun45,495,CatchDrop20,0,10,0,0,0,10,0
tun45,496,CatchDrop20,0,10,0,0,0,10,0
tun45,497,CatchDrop20,0,10,0,0,0,10,0
tun45,498,CatchDrop20,0,10,0,0,0,10,0
tun45,499,CatchDrop20,0,10,0,0,0,10,0
tun45,500,CatchDrop20,0,2,0,8,0,10,0
tun46,1,CatchDrop20,0,10,0,0,0,10,0
tun46,2,CatchDrop20,0,10,0,0,0,10,0
tun46,3,CatchDrop20,0,0,0,10,0,10,
tun46,4,CatchDrop20,0,10,0,0,0,10,0
tun46,5,CatchDrop20,0,10,0,0,0,10,0
tun46,6,CatchDrop20,0,10,0,0,0,10,0
tun46,7,CatchDrop20,0,0,0,10,0,10,
tun46,8,CatchDrop20,0,0,0,10,0,10,
tun46,9,CatchDrop20,0,10,0,0,0,10,0
tun46,10,CatchDrop20,0,10,0,0,0,10,0
tun46,11,CatchDrop20,0,10,0,0,0,10,0
tun46,12,CatchDrop20,0,10,0,0,0,10,0
tun46,13,CatchDrop20,0,10,0,0,0,10,0
tun46,14,CatchDrop20,0,10,0,0,0,10,0
tun46,15,CatchDrop20,0,10,0,0,0,10,0
tun46,16,CatchDrop20,0,10,0,0,0,10,0
tun46,17,CatchDrop20,0,10,0,0,0,10,0
tun46,18,CatchDrop20,0,10,0,0,0,10,0
tun46,19,CatchDrop20,0,4,0,6,0,10,0
tun46,20,CatchDrop20,0,10,0,0,0,10,0
tun46,21,CatchDrop20,0,10,0,0,0,10,0
tun46,22,CatchDrop20,0,10,0,0,0,10,0
tun46,23,CatchDrop20,0,10,0,0,0,10,0
tun46,24,CatchDrop20,0,10,0,0,0,10,0
tun46,25,CatchDrop20,0,10,0,0,0,10,0
tun46,26,CatchDrop20,0,10,0,0,0,10,0
tun46,27,CatchDrop20,0,10,0,0,0,10,0
tun46,28,CatchDrop20,0,10,0,0,0,10,0
tun46,29,CatchDrop20,0,1,0,9,0,10,0
tun46,30,CatchDrop20,0,10,0,0,0,10,0
tun46,31,CatchDrop20,0,10,0,0,0,10,0
tun46,32,CatchDrop20,0,10,0,0,0,10,0
tun46,33,CatchDrop20,0,10,0,0,0,10,0
tun46,34,CatchDrop20,0,10,0,0,0,10,0
tun46,35,CatchDrop20,0,10,0,0,0,10,0
tun46,36,CatchDrop20,0,10,0,0,0,10,0
tun46,37,CatchDrop20,0,10,0,0,0,10,0
tun46,38,CatchDrop20,0,10,0,0,0,10,0
tun46,39,CatchDrop20,0,10,0,0,0,10,0
tun46,40,CatchDrop20,0,10,0,0,0,10,0
tun46,41,CatchDrop20,0,10,0,0,0,10,0
tun46,42,CatchDrop20,0,10,0,0,0,10,0
tun46,43,CatchDrop20,0,10,0,0,0,10,0
tun46,44,CatchDrop20,0,10,0,0,0,10,0
tun46,45,CatchDrop20,0,10,0,0,0,10,0
tun46,46,CatchDrop20,0,10,0,0,0,10,0
tun46,47,CatchDrop20,0,10,0,0,0,10,0
tun46,48,CatchDrop20,0,10,0,0,0,10,0
tun46,49,CatchDrop20,0,10,0,0,0,10,0
tun46,50,CatchDrop20,0,10,0,0,0,10,0
tun46,51,CatchDrop20,0,10,0,0,0,10,0
tun46,52,CatchDrop20,0,10,0,0,0,10,0
tun46,53,CatchDrop20,0,10,0,0,0,10,0
tun46,54,CatchDrop20,0,10,0,0,0,10,0
tun46,55,CatchDrop20,0,10,0,0,0,10,0
tun46,56,CatchDrop20,0,6,0,4,0,10,0
tun46,57,CatchDrop20,0,10,0,0,0,10,0
tun46,58,CatchDrop20,0,10,0,0,0,10,0
tun46,59,CatchDrop20,0,10,0,0,0,10,0
tun46,60,CatchDrop20,0,0,0,10,0,10,
tun46,61,CatchDrop20,0,10,0,0,0,10,0
tun46,62,CatchDrop20,0,10,0,0,0,10,0
tun46,63,CatchDrop20,0,10,0,0,0,10,0
tun46,64,CatchDrop20,0,10,0,0,0,10,0
tun46,65,CatchDrop20,0,10,0,0,0,10,0
tun46,66,CatchDrop20,0,10,0,0,0,10,0
tun46,67,CatchDrop20,0,10,0,0,0,10,0
tun46,68,CatchDrop20,0,10,0,0,0,10,0
tun46,69,CatchDrop20,0,10,0,0,0,10,0
tun46,70,CatchDrop20,0,10,0,0,0,10,0
tun46,71,CatchDrop20,0,10,0,0,0,10,0
tun46,72,CatchDrop20,0,10,0,0,0,10,0
tun46,73,CatchDrop20,0,10,0,0,0,10,0
tun46,74,CatchDrop20,0,10,0,0,0,10,0
tun46,75,CatchDrop20,0,5,0,5,0,10,0
tun46,76,CatchDrop20,0,10,0,0,0,10,0
tun46,77,CatchDrop20,0,10,0,0,0,10,0
tun46,78,CatchDrop20,0,3,0,7,0,10,0
tun46,79,CatchDrop20,0,10,0,0,0,10,0
tun46,80,CatchDrop20,0,10,0,0,0,10,0
tun46,81,CatchDrop20,0,10,0,0,0,10,0
tun46,82,CatchDrop20,0,10,0,0,0,10,0
tun46,83,CatchDrop20,0,2,0,8,0,10,0
tun46,84,CatchDrop20,0,10,0,0,0,10,0
tun46,85,CatchDrop20,0,0,0,10,0,10,
tun46,86,CatchDrop20,0,10,0,0,0,10,0
tun46,87,CatchDrop20,0,10,0,0,0,10,0
tun46,88,CatchDrop20,0,10,0,0,0,10,0
tun46,89,CatchDrop20,0,10,0,0,0,10,0
tun46,90,CatchDrop20,0,10,0,0,0,10,0
tun46,91,CatchDrop20,0,10,0,0,0,10,0
tun46,92,CatchDrop20,0,10,0,0,0,10,0
tun46,93,CatchDrop20,0,10,0,0,0,10,0
tun46,94,CatchDrop20,0,10,0,0,0,10,0
tun46,95,CatchDrop20,0,10,0,0,0,10,0
tun46,96,CatchDrop20,0,10,0,0,0,10,0
tun46,97,CatchDrop20,0,10,0,0,0,10,0
tun46,98,CatchDrop20,0,10,0,0,0,10,0
tun46,99,CatchDrop20,0,1,0,9,0,10,0
tun46,100,CatchDrop20,0,10,0,0,0,10,0
tun46,101,CatchDrop20,0,10,0,0,0,10,0
tun46,102,CatchDrop20,0,10,0,0,0,10,0
tun46,103,CatchDrop20,0,10,0,0,0,10,0
tun46,104,CatchDrop20,0,10,0,0,0,10,0
tun46,105,CatchDrop20,0,10,0,0,0,10,0
tun46,106,CatchDrop20,0,10,0,0,0,10,0
tun46,107,CatchDrop20,0,10,0,0,0,10,0
tun46,108,CatchDrop20,0,10,0,0,0,10,0
tun46,109,CatchDrop20,0,10,0,0,0,10,0
tun46,110,CatchDrop20,0,10,0,0,0,10,0
tun46,111,CatchDrop20,0,10,0,0,0,10,0
tun46,112,CatchDrop20,0,10,0,0,0,10,0
tun46,113,CatchDrop20,0,10,0,0,0,10,0
tun46,114,CatchDrop20,0,10,0,0,0,10,0
tun46,115,CatchDrop20,0,10,0,0,0,10,0
tun46,116,CatchDrop20,0,7,0,3,0,10,0
tun46,117,CatchDrop20,0,10,0,0,0,10,0
tun46,118,CatchDrop20,0,10,0,0,0,10,0
tun46,119,CatchDrop20,0,10,0,0,0,10,0
tun46,120,CatchDrop20,0,10,0,0,0,10,0
tun46,121,CatchDrop20,0,10,0,0,0,10,0
tun46,122,CatchDrop20,0,10,0,0,0,10,0
tun46,123,CatchDrop20,0,10,0,0,0,10,0
tun46,124,CatchDrop20,0,10,0,0,0,10,0
tun46,125,CatchDrop20,0,10,0,0,0,10,0
tun46,126,CatchDrop20,0,10,0,0,0,10,0
tun46,127,CatchDrop20,0,10,0,0,0,10,0
tun46,128,CatchDrop20,0,10,0,0,0,10,0
tun46,129,CatchDrop20,0,10,0,0,0,10,0
tun46,130,CatchDrop20,0,5,0,5,0,10,0
tun46,131,CatchDrop20,0,10,0,0,0,10,0
tun46,132,CatchDrop20,0,10,0,0,0,10,0
tun46,133,CatchDrop20,0,10,0,0,0,10,0
tun46,134,CatchDrop20,0,10,0,0,0,10,0
tun46,135,CatchDrop20,0,10,0,0,0,10,0
tun46,136,CatchDrop20,0,10,0,0,0,10,0
tun46,137,CatchDrop20,0,10,0,0,0,10,0
tun46,138,CatchDrop20,0,4,0,6,0,10,0
tun46,139,CatchDrop20,0,10,0,0,0,10,0
tun46,140,CatchDrop20,0,10,0,0,0,10,0
tun46,141,CatchDrop20,0,10,0,0,0,10,0
tun46,142,CatchDrop20,0,10,0,0,0,10,0
tun46,143,CatchDrop20,0,10,0,0,0,10,0
tun46,144,CatchDrop20,0,10,0,0,0,10,0
tun46,145,CatchDrop20,0,10,0,0,0,10,0
tun46,146,CatchDrop20,0,10,0,0,0,10,0
tun46,147,CatchDrop20,0,10,0,0,0,10,0
tun46,148,CatchDrop20,0,10,0,0,0,10,0
tun46,149,CatchDrop20,0,10,0,0,0,10,0
tun46,150,CatchDrop20,0,10,0,0,0,10,0
tun46,151,CatchDrop20,0,10,0,0,0,10,0
tun46,152,CatchDrop20,0,10,0,0,0,10,0
tun46,153,CatchDrop20,0,10,0,0,0,10,0
tun46,154,CatchDrop20,0,3,0,7,0,10,0
tun46,155,CatchDrop20,0,10,0,0,0,10,0
tun46,156,CatchDrop20,0,10,0,0,0,10,0
tun46,157,CatchDrop20,0,10,0,0,0,10,0
tun46,158,CatchDrop20,0,10,0,0,0,10,0
tun46,159,CatchDrop20,0,10,0,0,0,10,0
tun46,160,CatchDrop20,0,10,0,0,0,10,0
tun46,161,CatchDrop20,0,10,0,0,0,10,0
tun46,162,CatchDrop20,0,10,0,0,0,10,0
tun46,163,CatchDrop20,0,10,0,0,0,10,0
tun46,164,CatchDrop20,0,10,0,0,0,10,0
tun46,165,CatchDrop20,0,10,0,0,0,10,0
tun46,166,CatchDrop20,0,10,0,0,0,10,0
tun46,167,CatchDrop20,0,10,0,0,0,10,0
tun46,168,CatchDrop20,0,10,0,0,0,10,0
tun46,169,CatchDrop20,0,10,0,0,0,10,0
tun46,170,CatchDrop20,0,10,0,0,0,10,0
tun46,171,CatchDrop20,0,10,0,0,0,10,0
tun46,172,CatchDrop20,0,10,0,0,0,10,0
tun46,173,CatchDrop20,0,10,0,0,0,10,0
tun46,174,CatchDrop20,0,10,0,0,0,10,0
tun46,175,CatchDrop20,0,2,0,8,0,10,0
tun46,176,CatchDrop20,0,10,0,0,0,10,0
tun46,177,CatchDrop20,0,10,0,0,0,10,0
tun46,178,CatchDrop20,0,10,0,0,0,10,0
tun46,179,CatchDrop20,0,10,0,0,0,10,0
tun46,180,CatchDrop20,0,10,0,0,0,10,0
tun46,181,CatchDrop20,0,10,0,0,0,10,0
tun46,182,CatchDrop20,0,10,0,0,0,10,0
tun46,183,CatchDrop20,0,10,0,0,0,10,0
tun46,184,CatchDrop20,0,0,0,10,0,10,
tun46,185,CatchDrop20,0,10,0,0,0,10,0
tun46,186,CatchDrop20,0,10,0,0,0,10,0
tun46,187,CatchDrop20,0,10,0,0,0,10,0
tun46,188,CatchDrop20,0,6,0,4,0,10,0
tun46,189,CatchDrop20,0,10,0,0,0,10,0
tun46,190,CatchDrop20,0,10,0,0,0,10,0
tun46,191,CatchDrop20,0,10,0,0,0,10,0
tun46,192,CatchDrop20,0,7,0,3,0,10,0
tun46,193,CatchDrop20,0,10,0,0,0,10,0
tun46,194,CatchDrop20,0,10,0,0,0,10,0
tun46,195,CatchDrop20,0,10,0,0,0,10,0
tun46,196,CatchDrop20,0,10,0,0,0,10,0
tun46,197,CatchDrop20,0,10,0,0,0,10,0
tun46,198,CatchDrop20,0,10,0,0,0,10,0
tun46,199,CatchDrop20,0,10,0,0,0,10,0
tun46,200,CatchDrop20,0,10,0,0,0,10,0
tun46,201,CatchDrop20,0,10,0,0,0,10,0
tun46,202,CatchDrop20,0,10,0,0,0,10,0
tun46,203,CatchDrop20,0,10,0,0,0,10,0
tun46,204,CatchDrop20,0,10,0,0,0,10,0
tun46,205,CatchDrop20,0,10,0,0,0,10,0
tun46,206,CatchDrop20,0,10,0,0,0,10,0
tun46,207,CatchDrop20,0,10,0,0,0,10,0
tun46,208,CatchDrop20,0,10,0,0,0,10,0
tun46,209,CatchDrop20,0,10,0,0,0,10,0
tun46,210,CatchDrop20,0,10,0,0,0,10,0
tun46,211,CatchDrop20,0,10,0,0,0,10,0
tun46,212,CatchDrop20,0,10,0,0,0,10,0
tun46,213,CatchDrop20,0,10,0,0,0,10,0
tun46,214,CatchDrop20,0,10,0,0,0,10,0
tun46,215,CatchDrop20,0,10,0,0,0,10,0
tun46,216,CatchDrop20,0,10,0,0,0,10,0
tun46,217,CatchDrop20,0,10,0,0,0,10,0
tun46,218,CatchDrop20,0,10,0,0,0,10,0
tun46,219,CatchDrop20,0,10,0,0,0,10,0
tun46,220,CatchDrop20,0,10,0,0,0,10,0
tun46,221,CatchDrop20,0,10,0,0,0,10,0
tun46,222,CatchDrop20,0,10,0,0,0,10,0
tun46,223,CatchDrop20,0,10,0,0,0,10,0
tun46,224,CatchDrop20,0,10,0,0,0,10,0
tun46,225,CatchDrop20,0,10,0,0,0,10,0
tun46,226,CatchDrop20,0,10,0,0,0,10,0
tun46,227,CatchDrop20,0,10,0,0,0,10,0
tun46,228,CatchDrop20,0,10,0,0,0,10,0
tun46,229,CatchDrop20,0,10,0,0,0,10,0
tun46,230,CatchDrop20,0,10,0,0,0,10,0
tun46,231,CatchDrop20,0,10,0,0,0,10,0
tun46,232,CatchDrop20,0,10,0,0,0,10,0
tun46,233,CatchDrop20,0,10,0,0,0,10,0
tun46,234,CatchDrop20,0,10,0,0,0,10,0
tun46,235,CatchDrop20,0,10,0,0,0,10,0
tun46,236,CatchDrop20,0,10,0,0,0,10,0
tun46,237,CatchDrop20,0,10,0,0,0,10,0
tun46,238,CatchDrop20,0,10,0,0,0,10,0
tun46,239,CatchDrop20,0,10,0,0,0,10,0
tun46,240,CatchDrop20,0,10,0,0,0,10,0
tun46,241,CatchDrop20,0,10,0,0,0,10,0
tun46,242,CatchDrop20,0,10,0,0,0,10,0
tun46,243,CatchDrop20,0,10,0,0,0,10,0
tun46,244,CatchDrop20,0,10,0,0,0,10,0
tun46,245,CatchDrop20,0,6,0,4,0,10,0
tun46,246,CatchDrop20,0,10,0,0,0,10,0
tun46,247,CatchDrop20,0,10,0,0,0,10,0
tun46,248,CatchDrop20,0,1,0,9,0,10,0
tun46,249,CatchDrop20,0,10,0,0,0,10,0
tun46,250,CatchDrop20,0,10,0,0,0,10,0
tun46,251,CatchDrop20,0,10,0,0,0,10,0
tun46,252,CatchDrop20,0,5,0,5,0,10,0
tun46,253,CatchDrop20,0,10,0,0,0,10,0
tun46,254,CatchDrop20,0,10,0,0,0,10,0
tun46,255,CatchDrop20,0,10,0,0,0,10,0
tun46,256,CatchDrop20,0,10,0,0,0,10,0
tun46,257,CatchDrop20,0,10,0,0,0,10,0
tun46,258,CatchDrop20,0,10,0,0,0,10,0
tun46,259,CatchDrop20,0,10,0,0,0,10,0
tun46,260,CatchDrop20,0,10,0,0,0,10,0
tun46,261,CatchDrop20,0,10,0,0,0,10,0
tun46,262,CatchDrop20,0,10,0,0,0,10,0
tun46,263,CatchDrop20,0,10,0,0,0,10,0
tun46,264,CatchDrop20,0,10,0,0,0,10,0
tun46,265,CatchDrop20,0,1,0,9,0,10,0
tun46,266,CatchDrop20,0,10,0,0,0,10,0
tun46,267,CatchDrop20,0,10,0,0,0,10,0
tun46,268,CatchDrop20,0,10,0,0,0,10,0
tun46,269,CatchDrop20,0,10,0,0,0,10,0
tun46,270,CatchDrop20,0,10,0,0,0,10,0
tun46,271,CatchDrop20,0,10,0,0,0,10,0
tun46,272,CatchDrop20,0,10,0,0,0,10,0
tun46,273,CatchDrop20,0,4,0,6,0,10,0
tun46,274,CatchDrop20,0,10,0,0,0,10,0
tun46,275,CatchDrop20,0,10,0,0,0,10,0
tun46,276,CatchDrop20,0,10,0,0,0,10,0
tun46,277,CatchDrop20,0,10,0,0,0,10,0
tun46,278,CatchDrop20,0,10,0,0,0,10,0
tun46,279,CatchDrop20,0,10,0,0,0,10,0
tun46,280,CatchDrop20,0,10,0,0,0,10,0
tun46,281,CatchDrop20,0,10,0,0,0,10,0
tun46,282,CatchDrop20,0,10,0,0,0,10,0
tun46,283,CatchDrop20,0,10,0,0,0,10,0
tun46,284,CatchDrop20,0,10,0,0,0,10,0
tun46,285,CatchDrop20,0,10,0,0,0,10,0
tun46,286,CatchDrop20,0,10,0,0,0,10,0
tun46,287,CatchDrop20,0,10,0,0,0,10,0
tun46,288,CatchDrop20,0,10,0,0,0,10,0
tun46,289,CatchDrop20,0,10,0,0,0,10,0
tun46,290,CatchDrop20,0,10,0,0,0,10,0
tun46,291,CatchDrop20,0,10,0,0,0,10,0
tun46,292,CatchDrop20,0,10,0,0,0,10,0
tun46,293,CatchDrop20,0,10,0,0,0,10,0
tun46,294,CatchDrop20,0,10,0,0,0,10,0
tun46,295,CatchDrop20,0,10,0,0,0,10,0
tun46,296,CatchDrop20,0,10,0,0,0,10,0
tun46,297,CatchDrop20,0,10,0,0,0,10,0
tun46,298,CatchDrop20,0,10,0,0,0,10,0
tun46,299,CatchDrop20,0,10,0,0,0,10,0
tun46,300,CatchDrop20,0,10,0,0,0,10,0
tun46,301,CatchDrop20,0,10,0,0,0,10,0
tun46,302,CatchDrop20,0,10,0,0,0,10,0
tun46,303,CatchDrop20,0,10,0,0,0,10,0
tun46,304,CatchDrop20,0,10,0,0,0,10,0
tun46,305,CatchDrop20,0,10,0,0,0,10,0
tun46,306,CatchDrop20,0,10,0,0,0,10,0
tun46,307,CatchDrop20,0,10,0,0,0,10,0
tun46,308,CatchDrop20,0,0,0,10,0,10,
tun46,309,CatchDrop20,0,10,0,0,0,10,0
tun46,310,CatchDrop20,0,1,0,9,0,10,0
tun46,311,CatchDrop20,0,10,0,0,0,10,0
tun46,312,CatchDrop20,0,10,0,0,0,10,0
tun46,313,CatchDrop20,0,10,0,0,0,10,0
tun46,314,CatchDrop20,0,10,0,0,0,10,0
tun46,315,CatchDrop20,0,10,0,0,0,10,0
tun46,316,CatchDrop20,0,10,0,0,0,10,0
tun46,317,CatchDrop20,0,10,0,0,0,10,0
tun46,318,CatchDrop20,0,10,0,0,0,10,0
tun46,319,CatchDrop20,0,10,0,0,0,10,0
tun46,320,CatchDrop20,0,10,0,0,0,10,0
tun46,321,CatchDrop20,0,10,0,0,0,10,0
tun46,322,CatchDrop20,0,10,0,0,0,10,0
tun46,323,CatchDrop20,0,10,0,0,0,10,0
tun46,324,CatchDrop20,0,10,0,0,0,10,0
tun46,325,CatchDrop20,0,0,0,10,0,10,
tun46,326,CatchDrop20,0,10,0,0,0,10,0
tun46,327,CatchDrop20,0,1,0,9,0,10,0
tun46,328,CatchDrop20,0,10,0,0,0,10,0
tun46,329,CatchDrop20,0,10,0,0,0,10,0
tun46,330,CatchDrop20,0,0,0,10,0,10,
tun46,331,CatchDrop20,0,10,0,0,0,10,0
tun46,332,CatchDrop20,0,10,0,0,0,10,0
tun46,333,CatchDrop20,0,10,0,0,0,10,0
tun46,334,CatchDrop20,0,10,0,0,0,10,0
tun46,335,CatchDrop20,0,10,0,0,0,10,0
tun46,336,CatchDrop20,0,10,0,0,0,10,0
tun46,337,CatchDrop20,0,10,0,0,0,10,0
tun46,338,CatchDrop20,0,10,0,0,0,10,0
tun46,339,CatchDrop20,0,10,0,0,0,10,0
tun46,340,CatchDrop20,0,10,0,0,0,10,0
tun46,341,CatchDrop20,0,10,0,0,0,10,0
tun46,342,CatchDrop20,0,10,0,0,0,10,0
tun46,343,CatchDrop20,0,10,0,0,0,10,0
tun46,344,CatchDrop20,0,10,0,0,0,10,0
tun46,345,CatchDrop20,0,10,0,0,0,10,0
tun46,346,CatchDrop20,0,10,0,0,0,10,0
tun46,347,CatchDrop20,0,10,0,0,0,10,0
tun46,348,CatchDrop20,0,10,0,0,0,10,0
tun46,349,CatchDrop20,0,10,0,0,0,10,0
tun46,350,CatchDrop20,0,10,0,0,0,10,0
tun46,351,CatchDrop20,0,10,0,0,0,10,0
tun46,352,CatchDrop20,0,10,0,0,0,10,0
tun46,353,CatchDrop20,0,1,0,9,0,10,0
tun46,354,CatchDrop20,0,10,0,0,0,10,0
tun46,355,CatchDrop20,0,10,0,0,0,10,0
tun46,356,CatchDrop20,0,10,0,0,0,10,0
tun46,357,CatchDrop20,0,10,0,0,0,10,0
tun46,358,CatchDrop20,0,10,0,0,0,10,0
tun46,359,CatchDrop20,0,10,0,0,0,10,0
tun46,360,CatchDrop20,0,10,0,0,0,10,0
tun46,361,CatchDrop20,0,10,0,0,0,10,0
tun46,362,CatchDrop20,0,10,0,0,0,10,0
tun46,363,CatchDrop20,0,10,0,0,0,10,0
tun46,364,CatchDrop20,0,10,0,0,0,10,0
tun46,365,CatchDrop20,0,10,0,0,0,10,0
tun46,366,CatchDrop20,0,8,0,2,0,10,0
tun46,367,CatchDrop20,0,10,0,0,0,10,0
tun46,368,CatchDrop20,0,10,0,0,0,10,0
tun46,369,CatchDrop20,0,10,0,0,0,10,0
tun46,370,CatchDrop20,0,10,0,0,0,10,0
tun46,371,CatchDrop20,0,10,0,0,0,10,0
tun46,372,CatchDrop20,0,10,0,0,0,10,0
tun46,373,CatchDrop20,0,10,0,0,0,10,0
tun46,374,CatchDrop20,0,10,0,0,0,10,0
tun46,375,CatchDrop20,0,10,0,0,0,10,0
tun46,376,CatchDrop20,0,10,0,0,0,10,0
tun46,377,CatchDrop20,0,10,0,0,0,10,0
tun46,378,CatchDrop20,0,10,0,0,0,10,0
tun46,379,CatchDrop20,0,10,0,0,0,10,0
tun46,380,CatchDrop20,0,10,0,0,0,10,0
tun46,381,CatchDrop20,0,10,0,0,0,10,0
tun46,382,CatchDrop20,0,10,0,0,0,10,0
tun46,383,CatchDrop20,0,10,0,0,0,10,0
tun46,384,CatchDrop20,0,10,0,0,0,10,0
tun46,385,CatchDrop20,0,10,0,0,0,10,0
tun46,386,CatchDrop20,0,10,0,0,0,10,0
tun46,387,CatchDrop20,0,10,0,0,0,10,0
tun46,388,CatchDrop20,0,1,0,9,0,10,0
tun46,389,CatchDrop20,0,10,0,0,0,10,0
tun46,390,CatchDrop20,0,0,0,10,0,10,
tun46,391,CatchDrop20,0,1,0,9,0,10,0
tun46,392,CatchDrop20,0,10,0,0,0,10,0
tun46,393,CatchDrop20,0,10,0,0,0,10,0
tun46,394,CatchDrop20,0,10,0,0,0,10,0
tun46,395,CatchDrop20,0,10,0,0,0,10,0
tun46,396,CatchDrop20,0,10,0,0,0,10,0
tun46,397,CatchDrop20,0,10,0,0,0,10,0
tun46,398,CatchDrop20,0,10,0,0,0,10,0
tun46,399,CatchDrop20,0,10,0,0,0,10,0
tun46,400,CatchDrop20,0,5,0,5,0,10,0
tun46,401,CatchDrop20,0,0,0,10,0,10,
tun46,402,CatchDrop20,0,10,0,0,0,10,0
tun46,403,CatchDrop20,0,10,0,0,0,10,0
tun46,404,CatchDrop20,0,10,0,0,0,10,0
tun46,405,CatchDrop20,0,10,0,0,0,10,0
tun46,406,CatchDrop20,0,3,0,7,0,10,0
tun46,407,CatchDrop20,0,10,0,0,0,10,0
tun46,408,CatchDrop20,0,10,0,0,0,10,0
tun46,409,CatchDrop20,0,4,0,6,0,10,0
tun46,410,CatchDrop20,0,10,0,0,0,10,0
tun46,411,CatchDrop20,0,10,0,0,0,10,0
tun46,412,CatchDrop20,0,10,0,0,0,10,0
tun46,413,CatchDrop20,0,10,0,0,0,10,0
tun46,414,CatchDrop20,0,6,0,4,0,10,0
tun46,415,CatchDrop20,0,10,0,0,0,10,0
tun46,416,CatchDrop20,0,10,0,0,0,10,0
tun46,417,CatchDrop20,0,10,0,0,0,10,0
tun46,418,CatchDrop20,0,10,0,0,0,10,0
tun46,419,CatchDrop20,0,10,0,0,0,10,0
tun46,420,CatchDrop20,0,10,0,0,0,10,0
tun46,421,CatchDrop20,0,10,0,0,0,10,0
tun46,422,CatchDrop20,0,10,0,0,0,10,0
tun46,423,CatchDrop20,0,10,0,0,0,10,0
tun46,424,CatchDrop20,0,10,0,0,0,10,0
tun46,425,CatchDrop20,0,10,0,0,0,10,0
tun46,426,CatchDrop20,0,10,0,0,0,10,0
tun46,427,CatchDrop20,0,10,0,0,0,10,0
tun46,428,CatchDrop20,0,10,0,0,0,10,0
tun46,429,CatchDrop20,0,10,0,0,0,10,0
tun46,430,CatchDrop20,0,10,0,0,0,10,0
tun46,431,CatchDrop20,0,10,0,0,0,10,0
tun46,432,CatchDrop20,0,10,0,0,0,10,0
tun46,433,CatchDrop20,0,10,0,0,0,10,0
tun46,434,CatchDrop20,0,10,0,0,0,10,0
tun46,435,CatchDrop20,0,10,0,0,0,10,0
tun46,436,CatchDrop20,0,10,0,0,0,10,0
tun46,437,CatchDrop20,0,10,0,0,0,10,0
tun46,438,CatchDrop20,0,10,0,0,0,10,0
tun46,439,CatchDrop20,0,6,0,4,0,10,0
tun46,440,CatchDrop20,0,10,0,0,0,10,0
tun46,441,CatchDrop20,0,10,0,0,0,10,0
tun46,442,CatchDrop20,0,10,0,0,0,10,0
tun46,443,CatchDrop20,0,10,0,0,0,10,0
tun46,444,CatchDrop20,0,10,0,0,0,10,0
tun46,445,CatchDrop20,0,10,0,0,0,10,0
tun46,446,CatchDrop20,0,10,0,0,0,10,0
tun46,447,CatchDrop20,0,10,0,0,0,10,0
tun46,448,CatchDrop20,0,0,0,10,0,10,
tun46,449,CatchDrop20,0,10,0,0,0,10,0
tun46,450,CatchDrop20,0,10,0,0,0,10,0
tun46,451,CatchDrop20,0,10,0,0,0,10,0
tun46,452,CatchDrop20,0,10,0,0,0,10,0
tun46,453,CatchDrop20,0,10,0,0,0,10,0
tun46,454,CatchDrop20,0,10,0,0,0,10,0
tun46,455,CatchDrop20,0,10,0,0,0,10,0
tun46,456,CatchDrop20,0,10,0,0,0,10,0
tun46,457,CatchDrop20,0,10,0,0,0,10,0
tun46,458,CatchDrop20,0,10,0,0,0,10,0
tun46,459,CatchDrop20,0,10,0,0,0,10,0
tun46,460,CatchDrop20,0,10,0,0,0,10,0
tun46,461,CatchDrop20,0,10,0,0,0,10,0
tun46,462,CatchDrop20,0,10,0,0,0,10,0
tun46,463,CatchDrop20,0,10,0,0,0,10,0
tun46,464,CatchDrop20,0,10,0,0,0,10,0
tun46,465,CatchDrop20,0,10,0,0,0,10,0
tun46,466,CatchDrop20,0,10,0,0,0,10,0
tun46,467,CatchDrop20,0,10,0,0,0,10,0
tun46,468,CatchDrop20,0,10,0,0,0,10,0
tun46,469,CatchDrop20,0,10,0,0,0,10,0
tun46,470,CatchDrop20,0,4,0,6,0,10,0
tun46,471,CatchDrop20,0,10,0,0,0,10,0
tun46,472,CatchDrop20,0,10,0,0,0,10,0
tun46,473,CatchDrop20,0,10,0,0,0,10,0
tun46,474,CatchDrop20,0,10,0,0,0,10,0
tun46,475,CatchDrop20,0,10,0,0,0,10,0
tun46,476,CatchDrop20,0,10,0,0,0,10,0
tun46,477,CatchDrop20,0,10,0,0,0,10,0
tun46,478,CatchDrop20,0,10,0,0,0,10,0
tun46,479,CatchDrop20,0,10,0,0,0,10,0
tun46,480,CatchDrop20,0,10,0,0,0,10,0
tun46,481,CatchDrop20,0,2,0,8,0,10,0
tun46,482,CatchDrop20,0,10,0,0,0,10,0
tun46,483,CatchDrop20,0,10,0,0,0,10,0
tun46,484,CatchDrop20,0,10,0,0,0,10,0
tun46,485,CatchDrop20,0,10,0,0,0,10,0
tun46,486,CatchDrop20,0,10,0,0,0,10,0
tun46,487,CatchDrop20,0,10,0,0,0,10,0
tun46,488,CatchDrop20,0,10,0,0,0,10,0
tun46,489,CatchDrop20,0,10,0,0,0,10,0
tun46,490,CatchDrop20,0,10,0,0,0,10,0
tun46,491,CatchDrop20,0,10,0,0,0,10,0
tun46,492,CatchDrop20,0,10,0,0,0,10,0
tun46,493,CatchDrop20,0,10,0,0,0,10,0
tun46,494,CatchDrop20,0,10,0,0,0,10,0
tun46,495,CatchDrop20,0,10,0,0,0,10,0
tun46,496,CatchDrop20,0,10,0,0,0,10,0
tun46,497,CatchDrop20,0,10,0,0,0,10,0
tun46,498,CatchDrop20,0,10,0,0,0,10,0
tun46,499,CatchDrop20,0,10,0,0,0,10,0
tun46,500,CatchDrop20,0,4,0,6,0,10,0
tun47,1,CatchDrop20,0,10,0,0,0,10,0
tun47,2,CatchDrop20,0,10,0,0,0,10,0
tun47,3,CatchDrop20,0,0,0,10,0,10,
tun47,4,CatchDrop20,0,10,0,0,0,10,0
tun47,5,CatchDrop20,0,10,0,0,0,10,0
tun47,6,CatchDrop20,0,10,0,0,0,10,0
tun47,7,CatchDrop20,0,0,0,10,0,10,
tun47,8,CatchDrop20,0,0,0,10,0,10,
tun47,9,CatchDrop20,0,10,0,0,0,10,0
tun47,10,CatchDrop20,0,10,0,0,0,10,0
tun47,11,CatchDrop20,0,10,0,0,0,10,0
tun47,12,CatchDrop20,0,10,0,0,0,10,0
tun47,13,CatchDrop20,0,10,0,0,0,10,0
tun47,14,CatchDrop20,0,10,0,0,0,10,0
tun47,15,CatchDrop20,0,10,0,0,0,10,0
tun47,16,CatchDrop20,0,10,0,0,0,10,0
tun47,17,CatchDrop20,0,10,0,0,0,10,0
tun47,18,CatchDrop20,0,10,0,0,0,10,0
tun47,19,CatchDrop20,0,10,0,0,0,10,0
tun47,20,CatchDrop20,0,10,0,0,0,10,0
tun47,21,CatchDrop20,0,10,0,0,0,10,0
tun47,22,CatchDrop20,0,10,0,0,0,10,0
tun47,23,CatchDrop20,0,10,0,0,0,10,0
tun47,24,CatchDrop20,0,10,0,0,0,10,0
tun47,25,CatchDrop20,0,10,0,0,0,10,0
tun47,26,CatchDrop20,0,10,0,0,0,10,0
tun47,27,CatchDrop20,0,10,0,0,0,10,0
tun47,28,CatchDrop20,1,10,0,0,0,10,0.1
tun47,29,CatchDrop20,0,0,0,10,0,10,
tun47,30,CatchDrop20,2,10,0,0,0,10,0.2
tun47,31,CatchDrop20,1,10,0,0,0,10,0.1
tun47,32,CatchDrop20,0,10,0,0,0,10,0
tun47,33,CatchDrop20,0,10,0,0,0,10,0
tun47,34,CatchDrop20,2,10,0,0,0,10,0.2
tun47,35,CatchDrop20,3,10,0,0,0,10,0.3
tun47,36,CatchDrop20,0,10,0,0,0,10,0
tun47,37,CatchDrop20,0,10,0,0,0,10,0
tun47,38,CatchDrop20,0,10,0,0,0,10,0
tun47,39,CatchDrop20,0,10,0,0,0,10,0
tun47,40,CatchDrop20,0,10,0,0,0,10,0
tun47,41,CatchDrop20,0,10,0,0,0,10,0
tun47,42,CatchDrop20,0,10,0,0,0,10,0
tun47,43,CatchDrop20,0,10,0,0,0,10,0
tun47,44,CatchDrop20,1,10,0,0,0,10,0.1
tun47,45,CatchDrop20,0,10,0,0,0,10,0
tun47,46,CatchDrop20,0,10,0,0,0,10,0
tun47,47,CatchDrop20,1,10,0,0,0,10,0.1
tun47,48,CatchDrop20,0,10,0,0,0,10,0
tun47,49,CatchDrop20,0,10,0,0,0,10,0
tun47,50,CatchDrop20,0,10,0,0,0,10,0
tun47,51,CatchDrop20,0,10,0,0,0,10,0
tun47,52,CatchDrop20,0,10,0,0,0,10,0
tun47,53,CatchDrop20,0,10,0,0,0,10,0
tun47,54,CatchDrop20,0,10,0,0,0,10,0
tun47,55,CatchDrop20,1,10,0,0,0,10,0.1
tun47,56,CatchDrop20,2,10,0,0,0,10,0.2
tun47,57,CatchDrop20,0,10,0,0,0,10,0
tun47,58,CatchDrop20,0,10,0,0,0,10,0
tun47,59,CatchDrop20,4,10,0,0,0,10,0.4
tun47,60,CatchDrop20,1,10,0,0,0,10,0.1
tun47,61,CatchDrop20,1,10,0,0,0,10,0.1
tun47,62,CatchDrop20,0,5,0,5,0,10,0
tun47,63,CatchDrop20,0,10,0,0,0,10,0
tun47,64,CatchDrop20,0,10,0,0,0,10,0
tun47,65,CatchDrop20,0,10,0,0,0,10,0
tun47,66,CatchDrop20,0,10,0,0,0,10,0
tun47,67,CatchDrop20,0,10,0,0,0,10,0
tun47,68,CatchDrop20,1,10,0,0,0,10,0.1
tun47,69,CatchDrop20,0,10,0,0,0,10,0
tun47,70,CatchDrop20,0,10,0,0,0,10,0
tun47,71,CatchDrop20,0,10,0,0,0,10,0
tun47,72,CatchDrop20,0,10,0,0,0,10,0
tun47,73,CatchDrop20,0,10,0,0,0,10,0
tun47,74,CatchDrop20,1,10,0,0,0,10,0.1
tun47,75,CatchDrop20,0,6,0,4,0,10,0
tun47,76,CatchDrop20,0,10,0,0,0,10,0
tun47,77,CatchDrop20,0,10,0,0,0,10,0
tun47,78,CatchDrop20,5,10,0,0,0,10,0.5
tun47,79,CatchDrop20,0,10,0,0,0,10,0
tun47,80,CatchDrop20,0,10,0,0,0,10,0
tun47,81,CatchDrop20,0,10,0,0,0,10,0
tun47,82,CatchDrop20,1,10,0,0,0,10,0.1
tun47,83,CatchDrop20,0,1,0,9,0,10,0
tun47,84,CatchDrop20,0,10,0,0,0,10,0
tun47,85,CatchDrop20,0,0,0,10,0,10,
tun47,86,CatchDrop20,1,10,0,0,0,10,0.1
tun47,87,CatchDrop20,0,10,0,0,0,10,0
tun47,88,CatchDrop20,3,10,0,0,0,10,0.3
tun47,89,CatchDrop20,0,10,0,0,0,10,0
tun47,90,CatchDrop20,0,10,0,0,0,10,0
tun47,91,CatchDrop20,0,10,0,0,0,10,0
tun47,92,CatchDrop20,0,10,0,0,0,10,0
tun47,93,CatchDrop20,0,10,0,0,0,10,0
tun47,94,CatchDrop20,0,10,0,0,0,10,0
tun47,95,CatchDrop20,1,10,0,0,0,10,0.1
tun47,96,CatchDrop20,0,10,0,0,0,10,0
tun47,97,CatchDrop20,0,10,0,0,0,10,0
tun47,98,CatchDrop20,0,10,0,0,0,10,0
tun47,99,CatchDrop20,0,0,0,10,0,10,
tun47,100,CatchDrop20,0,10,0,0,0,10,0
tun47,101,CatchDrop20,0,10,0,0,0,10,0
tun47,102,CatchDrop20,1,10,0,0,0,10,0.1
tun47,103,CatchDrop20,1,10,0,0,0,10,0.1
tun47,104,CatchDrop20,0,10,0,0,0,10,0
tun47,105,CatchDrop20,0,10,0,0,0,10,0
tun47,106,CatchDrop20,0,10,0,0,0,10,0
tun47,107,CatchDrop20,0,10,0,0,0,10,0
tun47,108,CatchDrop20,0,10,0,0,0,10,0
tun47,109,CatchDrop20,3,10,0,0,0,10,0.3
tun47,110,CatchDrop20,1,10,0,0,0,10,0.1
tun47,111,CatchDrop20,0,10,0,0,0,10,0
tun47,112,CatchDrop20,0,10,0,0,0,10,0
tun47,113,CatchDrop20,0,10,0,0,0,10,0
tun47,114,CatchDrop20,0,10,0,0,0,10,0
tun47,115,CatchDrop20,0,10,0,0,0,10,0
tun47,116,CatchDrop20,2,10,0,0,0,10,0.2
tun47,117,CatchDrop20,0,10,0,0,0,10,0
tun47,118,CatchDrop20,0,10,0,0,0,10,0
tun47,119,CatchDrop20,0,10,0,0,0,10,0
tun47,120,CatchDrop20,0,10,0,0,0,10,0
tun47,121,CatchDrop20,0,10,0,0,0,10,0
tun47,122,CatchDrop20,2,10,0,0,0,10,0.2
tun47,123,CatchDrop20,0,10,0,0,0,10,0
tun47,124,CatchDrop20,0,10,0,0,0,10,0
tun47,125,CatchDrop20,0,10,0,0,0,10,0
tun47,126,CatchDrop20,0,10,0,0,0,10,0
tun47,127,CatchDrop20,0,10,0,0,0,10,0
tun47,128,CatchDrop20,1,10,0,0,0,10,0.1
tun47,129,CatchDrop20,0,10,0,0,0,10,0
tun47,130,CatchDrop20,1,4,0,6,0,10,0.25
tun47,131,CatchDrop20,0,10,0,0,0,10,0
tun47,132,CatchDrop20,1,10,0,0,0,10,0.1
tun47,133,CatchDrop20,0,10,0,0,0,10,0
tun47,134,CatchDrop20,0,10,0,0,0,10,0
tun47,135,CatchDrop20,0,10,0,0,0,10,0
tun47,136,CatchDrop20,0,10,0,0,0,10,0
tun47,137,CatchDrop20,0,10,0,0,0,10,0
tun47,138,CatchDrop20,3,10,0,0,0,10,0.3
tun47,139,CatchDrop20,0,10,0,0,0,10,0
tun47,140,CatchDrop20,0,10,0,0,0,10,0
tun47,141,CatchDrop20,0,10,0,0,0,10,0
tun47,142,CatchDrop20,0,10,0,0,0,10,0
tun47,143,CatchDrop20,0,10,0,0,0,10,0
tun47,144,CatchDrop20,0,10,0,0,0,10,0
tun47,145,CatchDrop20,2,10,0,0,0,10,0.2
tun47,146,CatchDrop20,0,10,0,0,0,10,0
tun47,147,CatchDrop20,0,10,0,0,0,10,0
tun47,148,CatchDrop20,0,10,0,0,0,10,0
tun47,149,CatchDrop20,0,10,0,0,0,10,0
tun47,150,CatchDrop20,1,10,0,0,0,10,0.1
tun47,151,CatchDrop20,0,10,0,0,0,10,0
tun47,152,CatchDrop20,0,9,0,1,0,10,0
tun47,153,CatchDrop20,0,10,0,0,0,10,0
tun47,154,CatchDrop20,0,10,0,0,0,10,0
tun47,155,CatchDrop20,3,10,0,0,0,10,0.3
tun47,156,CatchDrop20,0,10,0,0,0,10,0
tun47,157,CatchDrop20,0,10,0,0,0,10,0
tun47,158,CatchDrop20,0,10,0,0,0,10,0
tun47,159,CatchDrop20,0,10,0,0,0,10,0
tun47,160,CatchDrop20,0,10,0,0,0,10,0
tun47,161,CatchDrop20,0,10,0,0,0,10,0
tun47,162,CatchDrop20,0,10,0,0,0,10,0
tun47,163,CatchDrop20,0,10,0,0,0,10,0
tun47,164,CatchDrop20,0,10,0,0,0,10,0
tun47,165,CatchDrop20,0,10,0,0,0,10,0
tun47,166,CatchDrop20,1,10,0,0,0,10,0.1
tun47,167,CatchDrop20,0,10,0,0,0,10,0
tun47,168,CatchDrop20,1,10,0,0,0,10,0.1
tun47,169,CatchDrop20,4,10,0,0,0,10,0.4
tun47,170,CatchDrop20,1,10,0,0,0,10,0.1
tun47,171,CatchDrop20,0,0,0,10,0,10,
tun47,172,CatchDrop20,0,10,0,0,0,10,0
tun47,173,CatchDrop20,2,10,0,0,0,10,0.2
tun47,174,CatchDrop20,0,10,0,0,0,10,0
tun47,175,CatchDrop20,3,9,0,0,1,10,0.333333333333333
tun47,176,CatchDrop20,0,10,0,0,0,10,0
tun47,177,CatchDrop20,0,10,0,0,0,10,0
tun47,178,CatchDrop20,0,10,0,0,0,10,0
tun47,179,CatchDrop20,0,10,0,0,0,10,0
tun47,180,CatchDrop20,2,10,0,0,0,10,0.2
tun47,181,CatchDrop20,0,10,0,0,0,10,0
tun47,182,CatchDrop20,0,10,0,0,0,10,0
tun47,183,CatchDrop20,0,10,0,0,0,10,0
tun47,184,CatchDrop20,0,0,0,10,0,10,
tun47,185,CatchDrop20,0,10,0,0,0,10,0
tun47,186,CatchDrop20,0,10,0,0,0,10,0
tun47,187,CatchDrop20,1,10,0,0,0,10,0.1
tun47,188,CatchDrop20,0,10,0,0,0,10,0
tun47,189,CatchDrop20,2,10,0,0,0,10,0.2
tun47,190,CatchDrop20,0,10,0,0,0,10,0
tun47,191,CatchDrop20,3,10,0,0,0,10,0.3
tun47,192,CatchDrop20,0,10,0,0,0,10,0
tun47,193,CatchDrop20,0,10,0,0,0,10,0
tun47,194,CatchDrop20,0,10,0,0,0,10,0
tun47,195,CatchDrop20,2,10,0,0,0,10,0.2
tun47,196,CatchDrop20,0,10,0,0,0,10,0
tun47,197,CatchDrop20,0,10,0,0,0,10,0
tun47,198,CatchDrop20,0,10,0,0,0,10,0
tun47,199,CatchDrop20,0,10,0,0,0,10,0
tun47,200,CatchDrop20,0,10,0,0,0,10,0
tun47,201,CatchDrop20,0,10,0,0,0,10,0
tun47,202,CatchDrop20,0,10,0,0,0,10,0
tun47,203,CatchDrop20,0,10,0,0,0,10,0
tun47,204,CatchDrop20,0,10,0,0,0,10,0
tun47,205,CatchDrop20,0,10,0,0,0,10,0
tun47,206,CatchDrop20,0,10,0,0,0,10,0
tun47,207,CatchDrop20,1,10,0,0,0,10,0.1
tun47,208,CatchDrop20,0,10,0,0,0,10,0
tun47,209,CatchDrop20,0,10,0,0,0,10,0
tun47,210,CatchDrop20,0,10,0,0,0,10,0
tun47,211,CatchDrop20,0,10,0,0,0,10,0
tun47,212,CatchDrop20,0,10,0,0,0,10,0
tun47,213,CatchDrop20,0,10,0,0,0,10,0
tun47,214,CatchDrop20,0,10,0,0,0,10,0
tun47,215,CatchDrop20,0,10,0,0,0,10,0
tun47,216,CatchDrop20,0,10,0,0,0,10,0
tun47,217,CatchDrop20,0,10,0,0,0,10,0
tun47,218,CatchDrop20,0,10,0,0,0,10,0
tun47,219,CatchDrop20,0,10,0,0,0,10,0
tun47,220,CatchDrop20,0,10,0,0,0,10,0
tun47,221,CatchDrop20,3,10,0,0,0,10,0.3
tun47,222,CatchDrop20,0,10,0,0,0,10,0
tun47,223,CatchDrop20,0,10,0,0,0,10,0
tun47,224,CatchDrop20,1,10,0,0,0,10,0.1
tun47,225,CatchDrop20,0,10,0,0,0,10,0
tun47,226,CatchDrop20,4,10,0,0,0,10,0.4
tun47,227,CatchDrop20,0,10,0,0,0,10,0
tun47,228,CatchDrop20,0,10,0,0,0,10,0
tun47,229,CatchDrop20,0,10,0,0,0,10,0
tun47,230,CatchDrop20,0,10,0,0,0,10,0
tun47,231,CatchDrop20,0,10,0,0,0,10,0
tun47,232,CatchDrop20,0,10,0,0,0,10,0
tun47,233,CatchDrop20,0,10,0,0,0,10,0
tun47,234,CatchDrop20,0,8,0,2,0,10,0
tun47,235,CatchDrop20,0,10,0,0,0,10,0
tun47,236,CatchDrop20,3,10,0,0,0,10,0.3
tun47,237,CatchDrop20,0,10,0,0,0,10,0
tun47,238,CatchDrop20,0,10,0,0,0,10,0
tun47,239,CatchDrop20,0,10,0,0,0,10,0
tun47,240,CatchDrop20,0,10,0,0,0,10,0
tun47,241,CatchDrop20,0,10,0,0,0,10,0
tun47,242,CatchDrop20,2,10,0,0,0,10,0.2
tun47,243,CatchDrop20,0,10,0,0,0,10,0
tun47,244,CatchDrop20,0,10,0,0,0,10,0
tun47,245,CatchDrop20,0,10,0,0,0,10,0
tun47,246,CatchDrop20,0,10,0,0,0,10,0
tun47,247,CatchDrop20,0,10,0,0,0,10,0
tun47,248,CatchDrop20,0,0,0,10,0,10,
tun47,249,CatchDrop20,2,10,0,0,0,10,0.2
tun47,250,CatchDrop20,2,10,0,0,0,10,0.2
tun47,251,CatchDrop20,0,10,0,0,0,10,0
tun47,252,CatchDrop20,1,8,0,2,0,10,0.125
tun47,253,CatchDrop20,1,10,0,0,0,10,0.1
tun47,254,CatchDrop20,0,10,0,0,0,10,0
tun47,255,CatchDrop20,0,10,0,0,0,10,0
tun47,256,CatchDrop20,0,10,0,0,0,10,0
tun47,257,CatchDrop20,0,10,0,0,0,10,0
tun47,258,CatchDrop20,0,10,0,0,0,10,0
tun47,259,CatchDrop20,0,10,0,0,0,10,0
tun47,260,CatchDrop20,1,10,0,0,0,10,0.1
tun47,261,CatchDrop20,0,10,0,0,0,10,0
tun47,262,CatchDrop20,0,10,0,0,0,10,0
tun47,263,CatchDrop20,0,10,0,0,0,10,0
tun47,264,CatchDrop20,0,10,0,0,0,10,0
tun47,265,CatchDrop20,0,0,0,10,0,10,
tun47,266,CatchDrop20,0,10,0,0,0,10,0
tun47,267,CatchDrop20,0,10,0,0,0,10,0
tun47,268,CatchDrop20,0,10,0,0,0,10,0
tun47,269,CatchDrop20,0,10,0,0,0,10,0
tun47,270,CatchDrop20,2,10,0,0,0,10,0.2
tun47,271,CatchDrop20,3,6,0,4,0,10,0.5
tun47,272,CatchDrop20,0,10,0,0,0,10,0
tun47,273,CatchDrop20,1,8,0,2,0,10,0.125
tun47,274,CatchDrop20,0,10,0,0,0,10,0
tun47,275,CatchDrop20,0,10,0,0,0,10,0
tun47,276,CatchDrop20,0,10,0,0,0,10,0
tun47,277,CatchDrop20,3,10,0,0,0,10,0.3
tun47,278,CatchDrop20,0,10,0,0,0,10,0
tun47,279,CatchDrop20,2,10,0,0,0,10,0.2
tun47,280,CatchDrop20,0,10,0,0,0,10,0
tun47,281,CatchDrop20,0,10,0,0,0,10,0
tun47,282,CatchDrop20,3,10,0,0,0,10,0.3
tun47,283,CatchDrop20,1,10,0,0,0,10,0.1
tun47,284,CatchDrop20,0,10,0,0,0,10,0
tun47,285,CatchDrop20,0,10,0,0,0,10,0
tun47,286,CatchDrop20,0,10,0,0,0,10,0
tun47,287,CatchDrop20,0,10,0,0,0,10,0
tun47,288,CatchDrop20,1,10,0,0,0,10,0.1
tun47,289,CatchDrop20,1,10,0,0,0,10,0.1
tun47,290,CatchDrop20,0,10,0,0,0,10,0
tun47,291,CatchDrop20,0,10,0,0,0,10,0
tun47,292,CatchDrop20,0,10,0,0,0,10,0
tun47,293,CatchDrop20,0,10,0,0,0,10,0
tun47,294,CatchDrop20,0,10,0,0,0,10,0
tun47,295,CatchDrop20,0,10,0,0,0,10,0
tun47,296,CatchDrop20,2,10,0,0,0,10,0.2
tun47,297,CatchDrop20,0,10,0,0,0,10,0
tun47,298,CatchDrop20,0,10,0,0,0,10,0
tun47,299,CatchDrop20,1,10,0,0,0,10,0.1
tun47,300,CatchDrop20,0,10,0,0,0,10,0
tun47,301,CatchDrop20,0,10,0,0,0,10,0
tun47,302,CatchDrop20,0,10,0,0,0,10,0
tun47,303,CatchDrop20,0,10,0,0,0,10,0
tun47,304,CatchDrop20,0,10,0,0,0,10,0
tun47,305,CatchDrop20,0,10,0,0,0,10,0
tun47,306,CatchDrop20,0,10,0,0,0,10,0
tun47,307,CatchDrop20,0,10,0,0,0,10,0
tun47,308,CatchDrop20,0,0,0,10,0,10,
tun47,309,CatchDrop20,2,10,0,0,0,10,0.2
tun47,310,CatchDrop20,2,10,0,0,0,10,0.2
tun47,311,CatchDrop20,4,10,0,0,0,10,0.4
tun47,312,CatchDrop20,0,5,0,5,0,10,0
tun47,313,CatchDrop20,1,10,0,0,0,10,0.1
tun47,314,CatchDrop20,2,10,0,0,0,10,0.2
tun47,315,CatchDrop20,1,10,0,0,0,10,0.1
tun47,316,CatchDrop20,0,10,0,0,0,10,0
tun47,317,CatchDrop20,0,10,0,0,0,10,0
tun47,318,CatchDrop20,2,10,0,0,0,10,0.2
tun47,319,CatchDrop20,0,10,0,0,0,10,0
tun47,320,CatchDrop20,0,10,0,0,0,10,0
tun47,321,CatchDrop20,0,10,0,0,0,10,0
tun47,322,CatchDrop20,0,10,0,0,0,10,0
tun47,323,CatchDrop20,0,10,0,0,0,10,0
tun47,324,CatchDrop20,0,10,0,0,0,10,0
tun47,325,CatchDrop20,1,10,0,0,0,10,0.1
tun47,326,CatchDrop20,2,10,0,0,0,10,0.2
tun47,327,CatchDrop20,3,10,0,0,0,10,0.3
tun47,328,CatchDrop20,0,10,0,0,0,10,0
tun47,329,CatchDrop20,0,10,0,0,0,10,0
tun47,330,CatchDrop20,0,0,0,10,0,10,
tun47,331,CatchDrop20,0,10,0,0,0,10,0
tun47,332,CatchDrop20,0,10,0,0,0,10,0
tun47,333,CatchDrop20,0,10,0,0,0,10,0
tun47,334,CatchDrop20,0,10,0,0,0,10,0
tun47,335,CatchDrop20,0,10,0,0,0,10,0
tun47,336,CatchDrop20,0,10,0,0,0,10,0
tun47,337,CatchDrop20,0,10,0,0,0,10,0
tun47,338,CatchDrop20,0,10,0,0,0,10,0
tun47,339,CatchDrop20,0,10,0,0,0,10,0
tun47,340,CatchDrop20,0,10,0,0,0,10,0
tun47,341,CatchDrop20,0,10,0,0,0,10,0
tun47,342,CatchDrop20,0,10,0,0,0,10,0
tun47,343,CatchDrop20,0,10,0,0,0,10,0
tun47,344,CatchDrop20,0,10,0,0,0,10,0
tun47,345,CatchDrop20,0,10,0,0,0,10,0
tun47,346,CatchDrop20,1,10,0,0,0,10,0.1
tun47,347,CatchDrop20,0,10,0,0,0,10,0
tun47,348,CatchDrop20,4,10,0,0,0,10,0.4
tun47,349,CatchDrop20,0,10,0,0,0,10,0
tun47,350,CatchDrop20,1,10,0,0,0,10,0.1
tun47,351,CatchDrop20,0,10,0,0,0,10,0
tun47,352,CatchDrop20,0,10,0,0,0,10,0
tun47,353,CatchDrop20,4,10,0,0,0,10,0.4
tun47,354,CatchDrop20,0,10,0,0,0,10,0
tun47,355,CatchDrop20,2,10,0,0,0,10,0.2
tun47,356,CatchDrop20,2,10,0,0,0,10,0.2
tun47,357,CatchDrop20,0,10,0,0,0,10,0
tun47,358,CatchDrop20,0,10,0,0,0,10,0
tun47,359,CatchDrop20,0,10,0,0,0,10,0
tun47,360,CatchDrop20,0,10,0,0,0,10,0
tun47,361,CatchDrop20,0,10,0,0,0,10,0
tun47,362,CatchDrop20,0,10,0,0,0,10,0
tun47,363,CatchDrop20,0,10,0,0,0,10,0
tun47,364,CatchDrop20,0,10,0,0,0,10,0
tun47,365,CatchDrop20,2,10,0,0,0,10,0.2
tun47,366,CatchDrop20,0,10,0,0,0,10,0
tun47,367,CatchDrop20,0,10,0,0,0,10,0
tun47,368,CatchDrop20,0,10,0,0,0,10,0
tun47,369,CatchDrop20,1,10,0,0,0,10,0.1
tun47,370,CatchDrop20,0,10,0,0,0,10,0
tun47,371,CatchDrop20,0,10,0,0,0,10,0
tun47,372,CatchDrop20,0,10,0,0,0,10,0
tun47,373,CatchDrop20,0,10,0,0,0,10,0
tun47,374,CatchDrop20,0,10,0,0,0,10,0
tun47,375,CatchDrop20,2,10,0,0,0,10,0.2
tun47,376,CatchDrop20,0,10,0,0,0,10,0
tun47,377,CatchDrop20,0,9,0,0,1,10,0
tun47,378,CatchDrop20,0,10,0,0,0,10,0
tun47,379,CatchDrop20,0,10,0,0,0,10,0
tun47,380,CatchDrop20,1,5,0,5,0,10,0.2
tun47,381,CatchDrop20,0,10,0,0,0,10,0
tun47,382,CatchDrop20,0,10,0,0,0,10,0
tun47,383,CatchDrop20,0,10,0,0,0,10,0
tun47,384,CatchDrop20,0,2,0,8,0,10,0
tun47,385,CatchDrop20,1,10,0,0,0,10,0.1
tun47,386,CatchDrop20,0,10,0,0,0,10,0
tun47,387,CatchDrop20,1,10,0,0,0,10,0.1
tun47,388,CatchDrop20,0,4,0,6,0,10,0
tun47,389,CatchDrop20,0,10,0,0,0,10,0
tun47,390,CatchDrop20,0,0,0,10,0,10,
tun47,391,CatchDrop20,0,1,0,9,0,10,0
tun47,392,CatchDrop20,0,10,0,0,0,10,0
tun47,393,CatchDrop20,0,10,0,0,0,10,0
tun47,394,CatchDrop20,0,10,0,0,0,10,0
tun47,395,CatchDrop20,0,10,0,0,0,10,0
tun47,396,CatchDrop20,0,10,0,0,0,10,0
tun47,397,CatchDrop20,2,10,0,0,0,10,0.2
tun47,398,CatchDrop20,1,10,0,0,0,10,0.1
tun47,399,CatchDrop20,0,10,0,0,0,10,0
tun47,400,CatchDrop20,1,10,0,0,0,10,0.1
tun47,401,CatchDrop20,0,0,0,10,0,10,
tun47,402,CatchDrop20,0,10,0,0,0,10,0
tun47,403,CatchDrop20,0,10,0,0,0,10,0
tun47,404,CatchDrop20,0,10,0,0,0,10,0
tun47,405,CatchDrop20,0,10,0,0,0,10,0
tun47,406,CatchDrop20,0,10,0,0,0,10,0
tun47,407,CatchDrop20,1,9,0,0,1,10,0.111111111111111
tun47,408,CatchDrop20,0,10,0,0,0,10,0
tun47,409,CatchDrop20,2,7,0,3,0,10,0.285714285714286
tun47,410,CatchDrop20,1,10,0,0,0,10,0.1
tun47,411,CatchDrop20,1,10,0,0,0,10,0.1
tun47,412,CatchDrop20,0,10,0,0,0,10,0
tun47,413,CatchDrop20,0,10,0,0,0,10,0
tun47,414,CatchDrop20,1,10,0,0,0,10,0.1
tun47,415,CatchDrop20,1,10,0,0,0,10,0.1
tun47,416,CatchDrop20,0,10,0,0,0,10,0
tun47,417,CatchDrop20,0,10,0,0,0,10,0
tun47,418,CatchDrop20,3,10,0,0,0,10,0.3
tun47,419,CatchDrop20,0,10,0,0,0,10,0
tun47,420,CatchDrop20,0,10,0,0,0,10,0
tun47,421,CatchDrop20,1,10,0,0,0,10,0.1
tun47,422,CatchDrop20,0,10,0,0,0,10,0
tun47,423,CatchDrop20,0,10,0,0,0,10,0
tun47,424,CatchDrop20,0,10,0,0,0,10,0
tun47,425,CatchDrop20,2,10,0,0,0,10,0.2
tun47,426,CatchDrop20,0,10,0,0,0,10,0
tun47,427,CatchDrop20,1,10,0,0,0,10,0.1
tun47,428,CatchDrop20,2,10,0,0,0,10,0.2
tun47,429,CatchDrop20,0,10,0,0,0,10,0
tun47,430,CatchDrop20,0,10,0,0,0,10,0
tun47,431,CatchDrop20,0,10,0,0,0,10,0
tun47,432,CatchDrop20,0,10,0,0,0,10,0
tun47,433,CatchDrop20,0,10,0,0,0,10,0
tun47,434,CatchDrop20,0,10,0,0,0,10,0
tun47,435,CatchDrop20,1,10,0,0,0,10,0.1
tun47,436,CatchDrop20,0,10,0,0,0,10,0
tun47,437,CatchDrop20,0,10,0,0,0,10,0
tun47,438,CatchDrop20,0,10,0,0,0,10,0
tun47,439,CatchDrop20,0,10,0,0,0,10,0
tun47,440,CatchDrop20,0,10,0,0,0,10,0
tun47,441,CatchDrop20,0,10,0,0,0,10,0
tun47,442,CatchDrop20,1,10,0,0,0,10,0.1
tun47,443,CatchDrop20,0,10,0,0,0,10,0
tun47,444,CatchDrop20,0,10,0,0,0,10,0
tun47,445,CatchDrop20,0,10,0,0,0,10,0
tun47,446,CatchDrop20,1,10,0,0,0,10,0.1
tun47,447,CatchDrop20,0,10,0,0,0,10,0
tun47,448,CatchDrop20,0,0,0,10,0,10,
tun47,449,CatchDrop20,0,10,0,0,0,10,0
tun47,450,CatchDrop20,0,10,0,0,0,10,0
tun47,451,CatchDrop20,0,10,0,0,0,10,0
tun47,452,CatchDrop20,2,10,0,0,0,10,0.2
tun47,453,CatchDrop20,0,10,0,0,0,10,0
tun47,454,CatchDrop20,0,10,0,0,0,10,0
tun47,455,CatchDrop20,0,10,0,0,0,10,0
tun47,456,CatchDrop20,0,10,0,0,0,10,0
tun47,457,CatchDrop20,0,10,0,0,0,10,0
tun47,458,CatchDrop20,0,10,0,0,0,10,0
tun47,459,CatchDrop20,0,10,0,0,0,10,0
tun47,460,CatchDrop20,0,10,0,0,0,10,0
tun47,461,CatchDrop20,0,10,0,0,0,10,0
tun47,462,CatchDrop20,0,10,0,0,0,10,0
tun47,463,CatchDrop20,0,10,0,0,0,10,0
tun47,464,CatchDrop20,0,10,0,0,0,10,0
tun47,465,CatchDrop20,2,10,0,0,0,10,0.2
tun47,466,CatchDrop20,0,10,0,0,0,10,0
tun47,467,CatchDrop20,0,10,0,0,0,10,0
tun47,468,CatchDrop20,0,10,0,0,0,10,0
tun47,469,CatchDrop20,0,10,0,0,0,10,0
tun47,470,CatchDrop20,0,3,0,7,0,10,0
tun47,471,CatchDrop20,0,10,0,0,0,10,0
tun47,472,CatchDrop20,0,10,0,0,0,10,0
tun47,473,CatchDrop20,0,10,0,0,0,10,0
tun47,474,CatchDrop20,0,10,0,0,0,10,0
tun47,475,CatchDrop20,0,10,0,0,0,10,0
tun47,476,CatchDrop20,0,10,0,0,0,10,0
tun47,477,CatchDrop20,0,10,0,0,0,10,0
tun47,478,CatchDrop20,0,10,0,0,0,10,0
tun47,479,CatchDrop20,0,10,0,0,0,10,0
tun47,480,CatchDrop20,0,10,0,0,0,10,0
tun47,481,CatchDrop20,3,8,0,2,0,10,0.375
tun47,482,CatchDrop20,0,10,0,0,0,10,0
tun47,483,CatchDrop20,0,10,0,0,0,10,0
tun47,484,CatchDrop20,3,10,0,0,0,10,0.3
tun47,485,CatchDrop20,1,10,0,0,0,10,0.1
tun47,486,CatchDrop20,0,10,0,0,0,10,0
tun47,487,CatchDrop20,0,10,0,0,0,10,0
tun47,488,CatchDrop20,0,10,0,0,0,10,0
tun47,489,CatchDrop20,1,10,0,0,0,10,0.1
tun47,490,CatchDrop20,2,10,0,0,0,10,0.2
tun47,491,CatchDrop20,0,10,0,0,0,10,0
tun47,492,CatchDrop20,0,10,0,0,0,10,0
tun47,493,CatchDrop20,0,10,0,0,0,10,0
tun47,494,CatchDrop20,1,10,0,0,0,10,0.1
tun47,495,CatchDrop20,0,10,0,0,0,10,0
tun47,496,CatchDrop20,0,10,0,0,0,10,0
tun47,497,CatchDrop20,0,10,0,0,0,10,0
tun47,498,CatchDrop20,1,10,0,0,0,10,0.1
tun47,499,CatchDrop20,0,10,0,0,0,10,0
tun47,500,CatchDrop20,2,6,0,4,0,10,0.333333333333333
tun48,1,CatchDrop20,1,10,0,0,0,10,0.1
tun48,2,CatchDrop20,1,10,0,0,0,10,0.1
tun48,3,CatchDrop20,1,10,0,0,0,10,0.1
tun48,4,CatchDrop20,0,10,0,0,0,10,0
tun48,5,CatchDrop20,0,10,0,0,0,10,0
tun48,6,CatchDrop20,0,10,0,0,0,10,0
tun48,7,CatchDrop20,0,0,0,10,0,10,
tun48,8,CatchDrop20,0,0,0,10,0,10,
tun48,9,CatchDrop20,0,10,0,0,0,10,0
tun48,10,CatchDrop20,0,10,0,0,0,10,0
tun48,11,CatchDrop20,0,10,0,0,0,10,0
tun48,12,CatchDrop20,0,10,0,0,0,10,0
tun48,13,CatchDrop20,0,10,0,0,0,10,0
tun48,14,CatchDrop20,0,10,0,0,0,10,0
tun48,15,CatchDrop20,0,10,0,0,0,10,0
tun48,16,CatchDrop20,0,10,0,0,0,10,0
tun48,17,CatchDrop20,0,10,0,0,0,10,0
tun48,18,CatchDrop20,0,10,0,0,0,10,0
tun48,19,CatchDrop20,2,4,0,6,0,10,0.5
tun48,20,CatchDrop20,0,10,0,0,0,10,0
tun48,21,CatchDrop20,0,10,0,0,0,10,0
tun48,22,CatchDrop20,5,10,0,0,0,10,0.5
tun48,23,CatchDrop20,0,10,0,0,0,10,0
tun48,24,CatchDrop20,0,10,0,0,0,10,0
tun48,25,CatchDrop20,0,10,0,0,0,10,0
tun48,26,CatchDrop20,3,10,0,0,0,10,0.3
tun48,27,CatchDrop20,1,10,0,0,0,10,0.1
tun48,28,CatchDrop20,0,10,0,0,0,10,0
tun48,29,CatchDrop20,1,6,0,4,0,10,0.166666666666667
tun48,30,CatchDrop20,3,10,0,0,0,10,0.3
tun48,31,CatchDrop20,1,10,0,0,0,10,0.1
tun48,32,CatchDrop20,4,10,0,0,0,10,0.4
tun48,33,CatchDrop20,2,10,0,0,0,10,0.2
tun48,34,CatchDrop20,3,10,0,0,0,10,0.3
tun48,35,CatchDrop20,5,10,0,0,0,10,0.5
tun48,36,CatchDrop20,0,10,0,0,0,10,0
tun48,37,CatchDrop20,0,10,0,0,0,10,0
tun48,38,CatchDrop20,0,10,0,0,0,10,0
tun48,39,CatchDrop20,1,10,0,0,0,10,0.1
tun48,40,CatchDrop20,0,10,0,0,0,10,0
tun48,41,CatchDrop20,0,10,0,0,0,10,0
tun48,42,CatchDrop20,2,10,0,0,0,10,0.2
tun48,43,CatchDrop20,4,10,0,0,0,10,0.4
tun48,44,CatchDrop20,2,10,0,0,0,10,0.2
tun48,45,CatchDrop20,1,10,0,0,0,10,0.1
tun48,46,CatchDrop20,0,10,0,0,0,10,0
tun48,47,CatchDrop20,1,10,0,0,0,10,0.1
tun48,48,CatchDrop20,0,10,0,0,0,10,0
tun48,49,CatchDrop20,0,10,0,0,0,10,0
tun48,50,CatchDrop20,1,10,0,0,0,10,0.1
tun48,51,CatchDrop20,0,10,0,0,0,10,0
tun48,52,CatchDrop20,0,10,0,0,0,10,0
tun48,53,CatchDrop20,0,10,0,0,0,10,0
tun48,54,CatchDrop20,2,10,0,0,0,10,0.2
tun48,55,CatchDrop20,3,10,0,0,0,10,0.3
tun48,56,CatchDrop20,3,7,0,3,0,10,0.428571428571429
tun48,57,CatchDrop20,0,10,0,0,0,10,0
tun48,58,CatchDrop20,0,10,0,0,0,10,0
tun48,59,CatchDrop20,5,10,0,0,0,10,0.5
tun48,60,CatchDrop20,1,9,0,1,0,10,0.111111111111111
tun48,61,CatchDrop20,1,10,0,0,0,10,0.1
tun48,62,CatchDrop20,0,10,0,0,0,10,0
tun48,63,CatchDrop20,0,10,0,0,0,10,0
tun48,64,CatchDrop20,1,10,0,0,0,10,0.1
tun48,65,CatchDrop20,0,10,0,0,0,10,0
tun48,66,CatchDrop20,0,10,0,0,0,10,0
tun48,67,CatchDrop20,0,10,0,0,0,10,0
tun48,68,CatchDrop20,1,10,0,0,0,10,0.1
tun48,69,CatchDrop20,0,10,0,0,0,10,0
tun48,70,CatchDrop20,2,10,0,0,0,10,0.2
tun48,71,CatchDrop20,0,10,0,0,0,10,0
tun48,72,CatchDrop20,0,10,0,0,0,10,0
tun48,73,CatchDrop20,3,10,0,0,0,10,0.3
tun48,74,CatchDrop20,3,10,0,0,0,10,0.3
tun48,75,CatchDrop20,0,5,0,5,0,10,0
tun48,76,CatchDrop20,2,10,0,0,0,10,0.2
tun48,77,CatchDrop20,0,10,0,0,0,10,0
tun48,78,CatchDrop20,5,10,0,0,0,10,0.5
tun48,79,CatchDrop20,0,10,0,0,0,10,0
tun48,80,CatchDrop20,0,10,0,0,0,10,0
tun48,81,CatchDrop20,0,10,0,0,0,10,0
tun48,82,CatchDrop20,4,10,0,0,0,10,0.4
tun48,83,CatchDrop20,1,2,0,8,0,10,0.5
tun48,84,CatchDrop20,0,10,0,0,0,10,0
tun48,85,CatchDrop20,4,10,0,0,0,10,0.4
tun48,86,CatchDrop20,4,10,0,0,0,10,0.4
tun48,87,CatchDrop20,1,10,0,0,0,10,0.1
tun48,88,CatchDrop20,2,10,0,0,0,10,0.2
tun48,89,CatchDrop20,2,10,0,0,0,10,0.2
tun48,90,CatchDrop20,0,10,0,0,0,10,0
tun48,91,CatchDrop20,1,10,0,0,0,10,0.1
tun48,92,CatchDrop20,0,10,0,0,0,10,0
tun48,93,CatchDrop20,0,10,0,0,0,10,0
tun48,94,CatchDrop20,0,10,0,0,0,10,0
tun48,95,CatchDrop20,5,10,0,0,0,10,0.5
tun48,96,CatchDrop20,2,10,0,0,0,10,0.2
tun48,97,CatchDrop20,0,10,0,0,0,10,0
tun48,98,CatchDrop20,1,10,0,0,0,10,0.1
tun48,99,CatchDrop20,0,0,0,10,0,10,
tun48,100,CatchDrop20,0,10,0,0,0,10,0
tun48,101,CatchDrop20,0,10,0,0,0,10,0
tun48,102,CatchDrop20,1,10,0,0,0,10,0.1
tun48,103,CatchDrop20,2,10,0,0,0,10,0.2
tun48,104,CatchDrop20,0,10,0,0,0,10,0
tun48,105,CatchDrop20,0,10,0,0,0,10,0
tun48,106,CatchDrop20,2,10,0,0,0,10,0.2
tun48,107,CatchDrop20,0,10,0,0,0,10,0
tun48,108,CatchDrop20,0,10,0,0,0,10,0
tun48,109,CatchDrop20,4,10,0,0,0,10,0.4
tun48,110,CatchDrop20,0,10,0,0,0,10,0
tun48,111,CatchDrop20,3,10,0,0,0,10,0.3
tun48,112,CatchDrop20,0,10,0,0,0,10,0
tun48,113,CatchDrop20,0,10,0,0,0,10,0
tun48,114,CatchDrop20,1,10,0,0,0,10,0.1
tun48,115,CatchDrop20,1,10,0,0,0,10,0.1
tun48,116,CatchDrop20,1,10,0,0,0,10,0.1
tun48,117,CatchDrop20,1,10,0,0,0,10,0.1
tun48,118,CatchDrop20,0,10,0,0,0,10,0
tun48,119,CatchDrop20,0,10,0,0,0,10,0
tun48,120,CatchDrop20,2,10,0,0,0,10,0.2
tun48,121,CatchDrop20,0,10,0,0,0,10,0
tun48,122,CatchDrop20,1,10,0,0,0,10,0.1
tun48,123,CatchDrop20,0,10,0,0,0,10,0
tun48,124,CatchDrop20,0,10,0,0,0,10,0
tun48,125,CatchDrop20,0,10,0,0,0,10,0
tun48,126,CatchDrop20,1,10,0,0,0,10,0.1
tun48,127,CatchDrop20,0,10,0,0,0,10,0
tun48,128,CatchDrop20,1,10,0,0,0,10,0.1
tun48,129,CatchDrop20,0,10,0,0,0,10,0
tun48,130,CatchDrop20,1,7,0,3,0,10,0.142857142857143
tun48,131,CatchDrop20,0,10,0,0,0,10,0
tun48,132,CatchDrop20,3,10,0,0,0,10,0.3
tun48,133,CatchDrop20,0,10,0,0,0,10,0
tun48,134,CatchDrop20,0,10,0,0,0,10,0
tun48,135,CatchDrop20,0,10,0,0,0,10,0
tun48,136,CatchDrop20,0,10,0,0,0,10,0
tun48,137,CatchDrop20,1,10,0,0,0,10,0.1
tun48,138,CatchDrop20,0,3,0,7,0,10,0
tun48,139,CatchDrop20,0,10,0,0,0,10,0
tun48,140,CatchDrop20,1,10,0,0,0,10,0.1
tun48,141,CatchDrop20,0,10,0,0,0,10,0
tun48,142,CatchDrop20,0,10,0,0,0,10,0
tun48,143,CatchDrop20,1,10,0,0,0,10,0.1
tun48,144,CatchDrop20,0,10,0,0,0,10,0
tun48,145,CatchDrop20,3,10,0,0,0,10,0.3
tun48,146,CatchDrop20,0,10,0,0,0,10,0
tun48,147,CatchDrop20,0,10,0,0,0,10,0
tun48,148,CatchDrop20,0,10,0,0,0,10,0
tun48,149,CatchDrop20,0,10,0,0,0,10,0
tun48,150,CatchDrop20,0,10,0,0,0,10,0
tun48,151,CatchDrop20,0,10,0,0,0,10,0
tun48,152,CatchDrop20,3,10,0,0,0,10,0.3
tun48,153,CatchDrop20,0,10,0,0,0,10,0
tun48,154,CatchDrop20,0,3,0,7,0,10,0
tun48,155,CatchDrop20,4,10,0,0,0,10,0.4
tun48,156,CatchDrop20,0,10,0,0,0,10,0
tun48,157,CatchDrop20,0,10,0,0,0,10,0
tun48,158,CatchDrop20,0,10,0,0,0,10,0
tun48,159,CatchDrop20,0,10,0,0,0,10,0
tun48,160,CatchDrop20,0,10,0,0,0,10,0
tun48,161,CatchDrop20,0,10,0,0,0,10,0
tun48,162,CatchDrop20,0,10,0,0,0,10,0
tun48,163,CatchDrop20,0,10,0,0,0,10,0
tun48,164,CatchDrop20,0,10,0,0,0,10,0
tun48,165,CatchDrop20,0,10,0,0,0,10,0
tun48,166,CatchDrop20,1,10,0,0,0,10,0.1
tun48,167,CatchDrop20,1,10,0,0,0,10,0.1
tun48,168,CatchDrop20,1,10,0,0,0,10,0.1
tun48,169,CatchDrop20,5,10,0,0,0,10,0.5
tun48,170,CatchDrop20,3,10,0,0,0,10,0.3
tun48,171,CatchDrop20,0,0,0,10,0,10,
tun48,172,CatchDrop20,0,10,0,0,0,10,0
tun48,173,CatchDrop20,4,10,0,0,0,10,0.4
tun48,174,CatchDrop20,0,10,0,0,0,10,0
tun48,175,CatchDrop20,0,1,0,9,0,10,0
tun48,176,CatchDrop20,0,10,0,0,0,10,0
tun48,177,CatchDrop20,2,10,0,0,0,10,0.2
tun48,178,CatchDrop20,1,10,0,0,0,10,0.1
tun48,179,CatchDrop20,0,10,0,0,0,10,0
tun48,180,CatchDrop20,4,10,0,0,0,10,0.4
tun48,181,CatchDrop20,1,10,0,0,0,10,0.1
tun48,182,CatchDrop20,0,10,0,0,0,10,0
tun48,183,CatchDrop20,0,10,0,0,0,10,0
tun48,184,CatchDrop20,3,10,0,0,0,10,0.3
tun48,185,CatchDrop20,0,10,0,0,0,10,0
tun48,186,CatchDrop20,0,10,0,0,0,10,0
tun48,187,CatchDrop20,1,10,0,0,0,10,0.1
tun48,188,CatchDrop20,0,6,0,4,0,10,0
tun48,189,CatchDrop20,2,10,0,0,0,10,0.2
tun48,190,CatchDrop20,0,10,0,0,0,10,0
tun48,191,CatchDrop20,5,10,0,0,0,10,0.5
tun48,192,CatchDrop20,5,10,0,0,0,10,0.5
tun48,193,CatchDrop20,0,10,0,0,0,10,0
tun48,194,CatchDrop20,0,10,0,0,0,10,0
tun48,195,CatchDrop20,3,10,0,0,0,10,0.3
tun48,196,CatchDrop20,0,10,0,0,0,10,0
tun48,197,CatchDrop20,0,10,0,0,0,10,0
tun48,198,CatchDrop20,0,10,0,0,0,10,0
tun48,199,CatchDrop20,0,10,0,0,0,10,0
tun48,200,CatchDrop20,0,10,0,0,0,10,0
tun48,201,CatchDrop20,0,10,0,0,0,10,0
tun48,202,CatchDrop20,1,10,0,0,0,10,0.1
tun48,203,CatchDrop20,0,10,0,0,0,10,0
tun48,204,CatchDrop20,0,10,0,0,0,10,0
tun48,205,CatchDrop20,1,10,0,0,0,10,0.1
tun48,206,CatchDrop20,0,10,0,0,0,10,0
tun48,207,CatchDrop20,3,10,0,0,0,10,0.3
tun48,208,CatchDrop20,0,10,0,0,0,10,0
tun48,209,CatchDrop20,0,10,0,0,0,10,0
tun48,210,CatchDrop20,0,10,0,0,0,10,0
tun48,211,CatchDrop20,1,10,0,0,0,10,0.1
tun48,212,CatchDrop20,0,10,0,0,0,10,0
tun48,213,CatchDrop20,0,10,0,0,0,10,0
tun48,214,CatchDrop20,0,10,0,0,0,10,0
tun48,215,CatchDrop20,0,10,0,0,0,10,0
tun48,216,CatchDrop20,0,10,0,0,0,10,0
tun48,217,CatchDrop20,3,10,0,0,0,10,0.3
tun48,218,CatchDrop20,0,10,0,0,0,10,0
tun48,219,CatchDrop20,0,10,0,0,0,10,0
tun48,220,CatchDrop20,0,10,0,0,0,10,0
tun48,221,CatchDrop20,5,10,0,0,0,10,0.5
tun48,222,CatchDrop20,2,10,0,0,0,10,0.2
tun48,223,CatchDrop20,0,10,0,0,0,10,0
tun48,224,CatchDrop20,3,10,0,0,0,10,0.3
tun48,225,CatchDrop20,2,10,0,0,0,10,0.2
tun48,226,CatchDrop20,5,10,0,0,0,10,0.5
tun48,227,CatchDrop20,1,10,0,0,0,10,0.1
tun48,228,CatchDrop20,0,10,0,0,0,10,0
tun48,229,CatchDrop20,0,10,0,0,0,10,0
tun48,230,CatchDrop20,0,10,0,0,0,10,0
tun48,231,CatchDrop20,0,10,0,0,0,10,0
tun48,232,CatchDrop20,0,10,0,0,0,10,0
tun48,233,CatchDrop20,0,10,0,0,0,10,0
tun48,234,CatchDrop20,0,10,0,0,0,10,0
tun48,235,CatchDrop20,0,10,0,0,0,10,0
tun48,236,CatchDrop20,3,10,0,0,0,10,0.3
tun48,237,CatchDrop20,3,10,0,0,0,10,0.3
tun48,238,CatchDrop20,0,10,0,0,0,10,0
tun48,239,CatchDrop20,0,10,0,0,0,10,0
tun48,240,CatchDrop20,0,10,0,0,0,10,0
tun48,241,CatchDrop20,0,10,0,0,0,10,0
tun48,242,CatchDrop20,4,10,0,0,0,10,0.4
tun48,243,CatchDrop20,0,10,0,0,0,10,0
tun48,244,CatchDrop20,0,10,0,0,0,10,0
tun48,245,CatchDrop20,1,6,0,4,0,10,0.166666666666667
tun48,246,CatchDrop20,1,10,0,0,0,10,0.1
tun48,247,CatchDrop20,0,10,0,0,0,10,0
tun48,248,CatchDrop20,0,0,0,10,0,10,
tun48,249,CatchDrop20,4,10,0,0,0,10,0.4
tun48,250,CatchDrop20,2,10,0,0,0,10,0.2
tun48,251,CatchDrop20,0,10,0,0,0,10,0
tun48,252,CatchDrop20,0,5,0,5,0,10,0
tun48,253,CatchDrop20,3,10,0,0,0,10,0.3
tun48,254,CatchDrop20,0,10,0,0,0,10,0
tun48,255,CatchDrop20,0,10,0,0,0,10,0
tun48,256,CatchDrop20,0,10,0,0,0,10,0
tun48,257,CatchDrop20,2,10,0,0,0,10,0.2
tun48,258,CatchDrop20,0,10,0,0,0,10,0
tun48,259,CatchDrop20,1,10,0,0,0,10,0.1
tun48,260,CatchDrop20,1,10,0,0,0,10,0.1
tun48,261,CatchDrop20,0,10,0,0,0,10,0
tun48,262,CatchDrop20,0,10,0,0,0,10,0
tun48,263,CatchDrop20,0,10,0,0,0,10,0
tun48,264,CatchDrop20,0,10,0,0,0,10,0
tun48,265,CatchDrop20,0,0,0,10,0,10,
tun48,266,CatchDrop20,0,10,0,0,0,10,0
tun48,267,CatchDrop20,0,10,0,0,0,10,0
tun48,268,CatchDrop20,1,10,0,0,0,10,0.1
tun48,269,CatchDrop20,1,9,0,0,1,10,0.111111111111111
tun48,270,CatchDrop20,3,10,0,0,0,10,0.3
tun48,271,CatchDrop20,4,10,0,0,0,10,0.4
tun48,272,CatchDrop20,0,10,0,0,0,10,0
tun48,273,CatchDrop20,2,4,0,6,0,10,0.5
tun48,274,CatchDrop20,0,10,0,0,0,10,0
tun48,275,CatchDrop20,1,10,0,0,0,10,0.1
tun48,276,CatchDrop20,0,10,0,0,0,10,0
tun48,277,CatchDrop20,5,10,0,0,0,10,0.5
tun48,278,CatchDrop20,0,10,0,0,0,10,0
tun48,279,CatchDrop20,4,10,0,0,0,10,0.4
tun48,280,CatchDrop20,0,10,0,0,0,10,0
tun48,281,CatchDrop20,0,10,0,0,0,10,0
tun48,282,CatchDrop20,3,10,0,0,0,10,0.3
tun48,283,CatchDrop20,1,10,0,0,0,10,0.1
tun48,284,CatchDrop20,0,10,0,0,0,10,0
tun48,285,CatchDrop20,1,9,0,0,1,10,0.111111111111111
tun48,286,CatchDrop20,0,10,0,0,0,10,0
tun48,287,CatchDrop20,2,10,0,0,0,10,0.2
tun48,288,CatchDrop20,3,10,0,0,0,10,0.3
tun48,289,CatchDrop20,2,10,0,0,0,10,0.2
tun48,290,CatchDrop20,1,10,0,0,0,10,0.1
tun48,291,CatchDrop20,3,10,0,0,0,10,0.3
tun48,292,CatchDrop20,1,10,0,0,0,10,0.1
tun48,293,CatchDrop20,0,10,0,0,0,10,0
tun48,294,CatchDrop20,2,10,0,0,0,10,0.2
tun48,295,CatchDrop20,0,10,0,0,0,10,0
tun48,296,CatchDrop20,2,10,0,0,0,10,0.2
tun48,297,CatchDrop20,2,10,0,0,0,10,0.2
tun48,298,CatchDrop20,0,10,0,0,0,10,0
tun48,299,CatchDrop20,5,10,0,0,0,10,0.5
tun48,300,CatchDrop20,1,10,0,0,0,10,0.1
tun48,301,CatchDrop20,0,10,0,0,0,10,0
tun48,302,CatchDrop20,0,10,0,0,0,10,0
tun48,303,CatchDrop20,0,10,0,0,0,10,0
tun48,304,CatchDrop20,0,10,0,0,0,10,0
tun48,305,CatchDrop20,1,10,0,0,0,10,0.1
tun48,306,CatchDrop20,0,10,0,0,0,10,0
tun48,307,CatchDrop20,0,10,0,0,0,10,0
tun48,308,CatchDrop20,0,0,0,10,0,10,
tun48,309,CatchDrop20,3,10,0,0,0,10,0.3
tun48,310,CatchDrop20,4,10,0,0,0,10,0.4
tun48,311,CatchDrop20,5,10,0,0,0,10,0.5
tun48,312,CatchDrop20,0,10,0,0,0,10,0
tun48,313,CatchDrop20,2,10,0,0,0,10,0.2
tun48,314,CatchDrop20,3,10,0,0,0,10,0.3
tun48,315,CatchDrop20,2,10,0,0,0,10,0.2
tun48,316,CatchDrop20,0,10,0,0,0,10,0
tun48,317,CatchDrop20,0,10,0,0,0,10,0
tun48,318,CatchDrop20,4,10,0,0,0,10,0.4
tun48,319,CatchDrop20,0,10,0,0,0,10,0
tun48,320,CatchDrop20,1,10,0,0,0,10,0.1
tun48,321,CatchDrop20,0,10,0,0,0,10,0
tun48,322,CatchDrop20,0,10,0,0,0,10,0
tun48,323,CatchDrop20,1,10,0,0,0,10,0.1
tun48,324,CatchDrop20,0,10,0,0,0,10,0
tun48,325,CatchDrop20,0,0,0,10,0,10,
tun48,326,CatchDrop20,4,10,0,0,0,10,0.4
tun48,327,CatchDrop20,0,0,0,10,0,10,
tun48,328,CatchDrop20,1,10,0,0,0,10,0.1
tun48,329,CatchDrop20,0,10,0,0,0,10,0
tun48,330,CatchDrop20,0,0,0,10,0,10,
tun48,331,CatchDrop20,0,10,0,0,0,10,0
tun48,332,CatchDrop20,1,10,0,0,0,10,0.1
tun48,333,CatchDrop20,0,10,0,0,0,10,0
tun48,334,CatchDrop20,1,10,0,0,0,10,0.1
tun48,335,CatchDrop20,0,10,0,0,0,10,0
tun48,336,CatchDrop20,0,10,0,0,0,10,0
tun48,337,CatchDrop20,0,10,0,0,0,10,0
tun48,338,CatchDrop20,4,10,0,0,0,10,0.4
tun48,339,CatchDrop20,1,10,0,0,0,10,0.1
tun48,340,CatchDrop20,0,10,0,0,0,10,0
tun48,341,CatchDrop20,0,10,0,0,0,10,0
tun48,342,CatchDrop20,2,10,0,0,0,10,0.2
tun48,343,CatchDrop20,0,10,0,0,0,10,0
tun48,344,CatchDrop20,3,10,0,0,0,10,0.3
tun48,345,CatchDrop20,0,10,0,0,0,10,0
tun48,346,CatchDrop20,0,10,0,0,0,10,0
tun48,347,CatchDrop20,0,10,0,0,0,10,0
tun48,348,CatchDrop20,4,10,0,0,0,10,0.4
tun48,349,CatchDrop20,0,10,0,0,0,10,0
tun48,350,CatchDrop20,2,10,0,0,0,10,0.2
tun48,351,CatchDrop20,6,10,0,0,0,10,0.6
tun48,352,CatchDrop20,0,10,0,0,0,10,0
tun48,353,CatchDrop20,2,2,0,8,0,10,1
tun48,354,CatchDrop20,0,10,0,0,0,10,0
tun48,355,CatchDrop20,2,10,0,0,0,10,0.2
tun48,356,CatchDrop20,4,10,0,0,0,10,0.4
tun48,357,CatchDrop20,4,10,0,0,0,10,0.4
tun48,358,CatchDrop20,1,10,0,0,0,10,0.1
tun48,359,CatchDrop20,0,10,0,0,0,10,0
tun48,360,CatchDrop20,0,10,0,0,0,10,0
tun48,361,CatchDrop20,0,10,0,0,0,10,0
tun48,362,CatchDrop20,0,10,0,0,0,10,0
tun48,363,CatchDrop20,0,10,0,0,0,10,0
tun48,364,CatchDrop20,0,10,0,0,0,10,0
tun48,365,CatchDrop20,3,10,0,0,0,10,0.3
tun48,366,CatchDrop20,6,10,0,0,0,10,0.6
tun48,367,CatchDrop20,0,10,0,0,0,10,0
tun48,368,CatchDrop20,0,10,0,0,0,10,0
tun48,369,CatchDrop20,2,10,0,0,0,10,0.2
tun48,370,CatchDrop20,0,10,0,0,0,10,0
tun48,371,CatchDrop20,0,10,0,0,0,10,0
tun48,372,CatchDrop20,3,10,0,0,0,10,0.3
tun48,373,CatchDrop20,2,10,0,0,0,10,0.2
tun48,374,CatchDrop20,0,10,0,0,0,10,0
tun48,375,CatchDrop20,4,10,0,0,0,10,0.4
tun48,376,CatchDrop20,2,10,0,0,0,10,0.2
tun48,377,CatchDrop20,4,10,0,0,0,10,0.4
tun48,378,CatchDrop20,0,10,0,0,0,10,0
tun48,379,CatchDrop20,0,10,0,0,0,10,0
tun48,380,CatchDrop20,1,10,0,0,0,10,0.1
tun48,381,CatchDrop20,0,10,0,0,0,10,0
tun48,382,CatchDrop20,0,10,0,0,0,10,0
tun48,383,CatchDrop20,0,10,0,0,0,10,0
tun48,384,CatchDrop20,5,10,0,0,0,10,0.5
tun48,385,CatchDrop20,3,10,0,0,0,10,0.3
tun48,386,CatchDrop20,0,10,0,0,0,10,0
tun48,387,CatchDrop20,0,10,0,0,0,10,0
tun48,388,CatchDrop20,0,5,0,5,0,10,0
tun48,389,CatchDrop20,6,10,0,0,0,10,0.6
tun48,390,CatchDrop20,0,0,0,10,0,10,
tun48,391,CatchDrop20,0,0,0,10,0,10,
tun48,392,CatchDrop20,0,10,0,0,0,10,0
tun48,393,CatchDrop20,0,10,0,0,0,10,0
tun48,394,CatchDrop20,1,10,0,0,0,10,0.1
tun48,395,CatchDrop20,0,10,0,0,0,10,0
tun48,396,CatchDrop20,2,10,0,0,0,10,0.2
tun48,397,CatchDrop20,2,10,0,0,0,10,0.2
tun48,398,CatchDrop20,0,10,0,0,0,10,0
tun48,399,CatchDrop20,3,10,0,0,0,10,0.3
tun48,400,CatchDrop20,7,10,0,0,0,10,0.7
tun48,401,CatchDrop20,0,0,0,10,0,10,
tun48,402,CatchDrop20,0,10,0,0,0,10,0
tun48,403,CatchDrop20,0,10,0,0,0,10,0
tun48,404,CatchDrop20,0,10,0,0,0,10,0
tun48,405,CatchDrop20,0,10,0,0,0,10,0
tun48,406,CatchDrop20,5,10,0,0,0,10,0.5
tun48,407,CatchDrop20,2,10,0,0,0,10,0.2
tun48,408,CatchDrop20,2,10,0,0,0,10,0.2
tun48,409,CatchDrop20,2,10,0,0,0,10,0.2
tun48,410,CatchDrop20,3,10,0,0,0,10,0.3
tun48,411,CatchDrop20,3,10,0,0,0,10,0.3
tun48,412,CatchDrop20,2,10,0,0,0,10,0.2
tun48,413,CatchDrop20,0,10,0,0,0,10,0
tun48,414,CatchDrop20,2,10,0,0,0,10,0.2
tun48,415,CatchDrop20,0,10,0,0,0,10,0
tun48,416,CatchDrop20,0,10,0,0,0,10,0
tun48,417,CatchDrop20,1,10,0,0,0,10,0.1
tun48,418,CatchDrop20,4,10,0,0,0,10,0.4
tun48,419,CatchDrop20,0,10,0,0,0,10,0
tun48,420,CatchDrop20,0,10,0,0,0,10,0
tun48,421,CatchDrop20,4,10,0,0,0,10,0.4
tun48,422,CatchDrop20,0,10,0,0,0,10,0
tun48,423,CatchDrop20,4,10,0,0,0,10,0.4
tun48,424,CatchDrop20,0,10,0,0,0,10,0
tun48,425,CatchDrop20,3,10,0,0,0,10,0.3
tun48,426,CatchDrop20,0,10,0,0,0,10,0
tun48,427,CatchDrop20,1,10,0,0,0,10,0.1
tun48,428,CatchDrop20,2,10,0,0,0,10,0.2
tun48,429,CatchDrop20,0,10,0,0,0,10,0
tun48,430,CatchDrop20,2,10,0,0,0,10,0.2
tun48,431,CatchDrop20,1,10,0,0,0,10,0.1
tun48,432,CatchDrop20,0,10,0,0,0,10,0
tun48,433,CatchDrop20,0,10,0,0,0,10,0
tun48,434,CatchDrop20,0,10,0,0,0,10,0
tun48,435,CatchDrop20,3,10,0,0,0,10,0.3
tun48,436,CatchDrop20,0,10,0,0,0,10,0
tun48,437,CatchDrop20,5,10,0,0,0,10,0.5
tun48,438,CatchDrop20,0,10,0,0,0,10,0
tun48,439,CatchDrop20,6,10,0,0,0,10,0.6
tun48,440,CatchDrop20,0,10,0,0,0,10,0
tun48,441,CatchDrop20,0,10,0,0,0,10,0
tun48,442,CatchDrop20,3,10,0,0,0,10,0.3
tun48,443,CatchDrop20,3,10,0,0,0,10,0.3
tun48,444,CatchDrop20,0,10,0,0,0,10,0
tun48,445,CatchDrop20,0,10,0,0,0,10,0
tun48,446,CatchDrop20,2,10,0,0,0,10,0.2
tun48,447,CatchDrop20,1,10,0,0,0,10,0.1
tun48,448,CatchDrop20,0,0,0,10,0,10,
tun48,449,CatchDrop20,0,10,0,0,0,10,0
tun48,450,CatchDrop20,0,10,0,0,0,10,0
tun48,451,CatchDrop20,0,10,0,0,0,10,0
tun48,452,CatchDrop20,4,10,0,0,0,10,0.4
tun48,453,CatchDrop20,1,10,0,0,0,10,0.1
tun48,454,CatchDrop20,0,10,0,0,0,10,0
tun48,455,CatchDrop20,1,10,0,0,0,10,0.1
tun48,456,CatchDrop20,0,10,0,0,0,10,0
tun48,457,CatchDrop20,0,10,0,0,0,10,0
tun48,458,CatchDrop20,0,10,0,0,0,10,0
tun48,459,CatchDrop20,1,10,0,0,0,10,0.1
tun48,460,CatchDrop20,0,10,0,0,0,10,0
tun48,461,CatchDrop20,0,10,0,0,0,10,0
tun48,462,CatchDrop20,3,10,0,0,0,10,0.3
tun48,463,CatchDrop20,0,10,0,0,0,10,0
tun48,464,CatchDrop20,0,10,0,0,0,10,0
tun48,465,CatchDrop20,3,10,0,0,0,10,0.3
tun48,466,CatchDrop20,0,10,0,0,0,10,0
tun48,467,CatchDrop20,0,10,0,0,0,10,0
tun48,468,CatchDrop20,0,10,0,0,0,10,0
tun48,469,CatchDrop20,2,10,0,0,0,10,0.2
tun48,470,CatchDrop20,0,4,0,6,0,10,0
tun48,471,CatchDrop20,0,10,0,0,0,10,0
tun48,472,CatchDrop20,1,10,0,0,0,10,0.1
tun48,473,CatchDrop20,0,10,0,0,0,10,0
tun48,474,CatchDrop20,0,10,0,0,0,10,0
tun48,475,CatchDrop20,0,10,0,0,0,10,0
tun48,476,CatchDrop20,0,10,0,0,0,10,0
tun48,477,CatchDrop20,4,10,0,0,0,10,0.4
tun48,478,CatchDrop20,0,10,0,0,0,10,0
tun48,479,CatchDrop20,1,10,0,0,0,10,0.1
tun48,480,CatchDrop20,0,10,0,0,0,10,0
tun48,481,CatchDrop20,4,10,0,0,0,10,0.4
tun48,482,CatchDrop20,0,10,0,0,0,10,0
tun48,483,CatchDrop20,0,10,0,0,0,10,0
tun48,484,CatchDrop20,4,10,0,0,0,10,0.4
tun48,485,CatchDrop20,5,10,0,0,0,10,0.5
tun48,486,CatchDrop20,0,10,0,0,0,10,0
tun48,487,CatchDrop20,0,10,0,0,0,10,0
tun48,488,CatchDrop20,1,10,0,0,0,10,0.1
tun48,489,CatchDrop20,2,10,0,0,0,10,0.2
tun48,490,CatchDrop20,5,10,0,0,0,10,0.5
tun48,491,CatchDrop20,0,10,0,0,0,10,0
tun48,492,CatchDrop20,0,10,0,0,0,10,0
tun48,493,CatchDrop20,0,10,0,0,0,10,0
tun48,494,CatchDrop20,3,10,0,0,0,10,0.3
tun48,495,CatchDrop20,1,10,0,0,0,10,0.1
tun48,496,CatchDrop20,2,10,0,0,0,10,0.2
tun48,497,CatchDrop20,0,10,0,0,0,10,0
tun48,498,CatchDrop20,2,10,0,0,0,10,0.2
tun48,499,CatchDrop20,0,10,0,0,0,10,0
tun48,500,CatchDrop20,3,9,0,1,0,10,0.333333333333333
tun29,1,SSBbelow8dB0,0,10,0,0,0,10,0
tun29,2,SSBbelow8dB0,0,10,0,0,0,10,0
tun29,3,SSBbelow8dB0,10,10,0,0,0,10,1
tun29,4,SSBbelow8dB0,0,10,0,0,0,10,0
tun29,5,SSBbelow8dB0,0,10,0,0,0,10,0
tun29,6,SSBbelow8dB0,0,10,0,0,0,10,0
tun29,7,SSBbelow8dB0,10,10,0,0,0,10,1
tun29,8,SSBbelow8dB0,10,10,0,0,0,10,1
tun29,9,SSBbelow8dB0,0,10,0,0,0,10,0
tun29,10,SSBbelow8dB0,0,10,0,0,0,10,0
tun29,11,SSBbelow8dB0,0,10,0,0,0,10,0
tun29,12,SSBbelow8dB0,0,10,0,0,0,10,0
tun29,13,SSBbelow8dB0,0,10,0,0,0,10,0
tun29,14,SSBbelow8dB0,0,10,0,0,0,10,0
tun29,15,SSBbelow8dB0,0,10,0,0,0,10,0
tun29,16,SSBbelow8dB0,0,10,0,0,0,10,0
tun29,17,SSBbelow8dB0,0,10,0,0,0,10,0
tun29,18,SSBbelow8dB0,0,10,0,0,0,10,0
tun29,19,SSBbelow8dB0,0,10,0,0,0,10,0
tun29,20,SSBbelow8dB0,0,10,0,0,0,10,0
tun29,21,SSBbelow8dB0,0,10,0,0,0,10,0
tun29,22,SSBbelow8dB0,0,10,0,0,0,10,0
tun29,23,SSBbelow8dB0,0,10,0,0,0,10,0
tun29,24,SSBbelow8dB0,0,10,0,0,0,10,0
tun29,25,SSBbelow8dB0,0,10,0,0,0,10,0
tun29,26,SSBbelow8dB0,0,10,0,0,0,10,0
tun29,27,SSBbelow8dB0,0,10,0,0,0,10,0
tun29,28,SSBbelow8dB0,0,10,0,0,0,10,0
tun29,29,SSBbelow8dB0,10,10,0,0,0,10,1
tun29,30,SSBbelow8dB0,0,10,0,0,0,10,0
tun29,31,SSBbelow8dB0,0,10,0,0,0,10,0
tun29,32,SSBbelow8dB0,0,10,0,0,0,10,0
tun29,33,SSBbelow8dB0,0,10,0,0,0,10,0
tun29,34,SSBbelow8dB0,0,10,0,0,0,10,0
tun29,35,SSBbelow8dB0,2,10,0,0,0,10,0.2
tun29,36,SSBbelow8dB0,0,10,0,0,0,10,0
tun29,37,SSBbelow8dB0,0,10,0,0,0,10,0
tun29,38,SSBbelow8dB0,0,10,0,0,0,10,0
tun29,39,SSBbelow8dB0,0,10,0,0,0,10,0
tun29,40,SSBbelow8dB0,0,10,0,0,0,10,0
tun29,41,SSBbelow8dB0,0,10,0,0,0,10,0
tun29,42,SSBbelow8dB0,0,10,0,0,0,10,0
tun29,43,SSBbelow8dB0,0,10,0,0,0,10,0
tun29,44,SSBbelow8dB0,0,10,0,0,0,10,0
tun29,45,SSBbelow8dB0,0,10,0,0,0,10,0
tun29,46,SSBbelow8dB0,0,10,0,0,0,10,0
tun29,47,SSBbelow8dB0,0,10,0,0,0,10,0
tun29,48,SSBbelow8dB0,0,10,0,0,0,10,0
tun29,49,SSBbelow8dB0,0,10,0,0,0,10,0
tun29,50,SSBbelow8dB0,0,10,0,0,0,10,0
tun29,51,SSBbelow8dB0,0,10,0,0,0,10,0
tun29,52,SSBbelow8dB0,0,10,0,0,0,10,0
tun29,53,SSBbelow8dB0,0,10,0,0,0,10,0
tun29,54,SSBbelow8dB0,0,10,0,0,0,10,0
tun29,55,SSBbelow8dB0,0,10,0,0,0,10,0
tun29,56,SSBbelow8dB0,0,10,0,0,0,10,0
tun29,57,SSBbelow8dB0,0,10,0,0,0,10,0
tun29,58,SSBbelow8dB0,0,10,0,0,0,10,0
tun29,59,SSBbelow8dB0,2,10,0,0,0,10,0.2
tun29,60,SSBbelow8dB0,6,10,0,0,0,10,0.6
tun29,61,SSBbelow8dB0,0,10,0,0,0,10,0
tun29,62,SSBbelow8dB0,10,10,0,0,0,10,1
tun29,63,SSBbelow8dB0,0,10,0,0,0,10,0
tun29,64,SSBbelow8dB0,0,10,0,0,0,10,0
tun29,65,SSBbelow8dB0,0,10,0,0,0,10,0
tun29,66,SSBbelow8dB0,0,10,0,0,0,10,0
tun29,67,SSBbelow8dB0,0,10,0,0,0,10,0
tun29,68,SSBbelow8dB0,0,10,0,0,0,10,0
tun29,69,SSBbelow8dB0,0,10,0,0,0,10,0
tun29,70,SSBbelow8dB0,0,10,0,0,0,10,0
tun29,71,SSBbelow8dB0,0,10,0,0,0,10,0
tun29,72,SSBbelow8dB0,0,10,0,0,0,10,0
tun29,73,SSBbelow8dB0,0,10,0,0,0,10,0
tun29,74,SSBbelow8dB0,0,10,0,0,0,10,0
tun29,75,SSBbelow8dB0,4,10,0,0,0,10,0.4
tun29,76,SSBbelow8dB0,0,10,0,0,0,10,0
tun29,77,SSBbelow8dB0,0,10,0,0,0,10,0
tun29,78,SSBbelow8dB0,6,10,0,0,0,10,0.6
tun29,79,SSBbelow8dB0,0,10,0,0,0,10,0
tun29,80,SSBbelow8dB0,0,10,0,0,0,10,0
tun29,81,SSBbelow8dB0,0,10,0,0,0,10,0
tun29,82,SSBbelow8dB0,1,10,0,0,0,10,0.1
tun29,83,SSBbelow8dB0,9,10,0,0,0,10,0.9
tun29,84,SSBbelow8dB0,0,10,0,0,0,10,0
tun29,85,SSBbelow8dB0,10,10,0,0,0,10,1
tun29,86,SSBbelow8dB0,0,10,0,0,0,10,0
tun29,87,SSBbelow8dB0,0,10,0,0,0,10,0
tun29,88,SSBbelow8dB0,0,10,0,0,0,10,0
tun29,89,SSBbelow8dB0,0,10,0,0,0,10,0
tun29,90,SSBbelow8dB0,0,10,0,0,0,10,0
tun29,91,SSBbelow8dB0,0,10,0,0,0,10,0
tun29,92,SSBbelow8dB0,0,10,0,0,0,10,0
tun29,93,SSBbelow8dB0,0,10,0,0,0,10,0
tun29,94,SSBbelow8dB0,0,10,0,0,0,10,0
tun29,95,SSBbelow8dB0,0,10,0,0,0,10,0
tun29,96,SSBbelow8dB0,0,10,0,0,0,10,0
tun29,97,SSBbelow8dB0,0,10,0,0,0,10,0
tun29,98,SSBbelow8dB0,0,10,0,0,0,10,0
tun29,99,SSBbelow8dB0,10,10,0,0,0,10,1
tun29,100,SSBbelow8dB0,0,10,0,0,0,10,0
tun29,101,SSBbelow8dB0,0,10,0,0,0,10,0
tun29,102,SSBbelow8dB0,0,10,0,0,0,10,0
tun29,103,SSBbelow8dB0,0,10,0,0,0,10,0
tun29,104,SSBbelow8dB0,0,10,0,0,0,10,0
tun29,105,SSBbelow8dB0,0,10,0,0,0,10,0
tun29,106,SSBbelow8dB0,0,10,0,0,0,10,0
tun29,107,SSBbelow8dB0,0,10,0,0,0,10,0
tun29,108,SSBbelow8dB0,0,10,0,0,0,10,0
tun29,109,SSBbelow8dB0,0,10,0,0,0,10,0
tun29,110,SSBbelow8dB0,0,10,0,0,0,10,0
tun29,111,SSBbelow8dB0,0,10,0,0,0,10,0
tun29,112,SSBbelow8dB0,0,10,0,0,0,10,0
tun29,113,SSBbelow8dB0,0,10,0,0,0,10,0
tun29,114,SSBbelow8dB0,0,10,0,0,0,10,0
tun29,115,SSBbelow8dB0,0,10,0,0,0,10,0
tun29,116,SSBbelow8dB0,2,10,0,0,0,10,0.2
tun29,117,SSBbelow8dB0,0,10,0,0,0,10,0
tun29,118,SSBbelow8dB0,0,10,0,0,0,10,0
tun29,119,SSBbelow8dB0,0,10,0,0,0,10,0
tun29,120,SSBbelow8dB0,0,10,0,0,0,10,0
tun29,121,SSBbelow8dB0,0,10,0,0,0,10,0
tun29,122,SSBbelow8dB0,0,10,0,0,0,10,0
tun29,123,SSBbelow8dB0,0,10,0,0,0,10,0
tun29,124,SSBbelow8dB0,0,10,0,0,0,10,0
tun29,125,SSBbelow8dB0,0,10,0,0,0,10,0
tun29,126,SSBbelow8dB0,0,10,0,0,0,10,0
tun29,127,SSBbelow8dB0,0,10,0,0,0,10,0
tun29,128,SSBbelow8dB0,0,10,0,0,0,10,0
tun29,129,SSBbelow8dB0,0,10,0,0,0,10,0
tun29,130,SSBbelow8dB0,6,10,0,0,0,10,0.6
tun29,131,SSBbelow8dB0,0,10,0,0,0,10,0
tun29,132,SSBbelow8dB0,0,10,0,0,0,10,0
tun29,133,SSBbelow8dB0,0,10,0,0,0,10,0
tun29,134,SSBbelow8dB0,0,10,0,0,0,10,0
tun29,135,SSBbelow8dB0,0,10,0,0,0,10,0
tun29,136,SSBbelow8dB0,0,10,0,0,0,10,0
tun29,137,SSBbelow8dB0,0,10,0,0,0,10,0
tun29,138,SSBbelow8dB0,3,10,0,0,0,10,0.3
tun29,139,SSBbelow8dB0,0,10,0,0,0,10,0
tun29,140,SSBbelow8dB0,0,10,0,0,0,10,0
tun29,141,SSBbelow8dB0,0,10,0,0,0,10,0
tun29,142,SSBbelow8dB0,0,10,0,0,0,10,0
tun29,143,SSBbelow8dB0,0,10,0,0,0,10,0
tun29,144,SSBbelow8dB0,0,10,0,0,0,10,0
tun29,145,SSBbelow8dB0,0,10,0,0,0,10,0
tun29,146,SSBbelow8dB0,0,10,0,0,0,10,0
tun29,147,SSBbelow8dB0,0,10,0,0,0,10,0
tun29,148,SSBbelow8dB0,0,10,0,0,0,10,0
tun29,149,SSBbelow8dB0,0,10,0,0,0,10,0
tun29,150,SSBbelow8dB0,0,10,0,0,0,10,0
tun29,151,SSBbelow8dB0,0,10,0,0,0,10,0
tun29,152,SSBbelow8dB0,10,10,0,0,0,10,1
tun29,153,SSBbelow8dB0,0,10,0,0,0,10,0
tun29,154,SSBbelow8dB0,0,10,0,0,0,10,0
tun29,155,SSBbelow8dB0,0,10,0,0,0,10,0
tun29,156,SSBbelow8dB0,0,10,0,0,0,10,0
tun29,157,SSBbelow8dB0,0,10,0,0,0,10,0
tun29,158,SSBbelow8dB0,0,10,0,0,0,10,0
tun29,159,SSBbelow8dB0,0,10,0,0,0,10,0
tun29,160,SSBbelow8dB0,0,10,0,0,0,10,0
tun29,161,SSBbelow8dB0,0,10,0,0,0,10,0
tun29,162,SSBbelow8dB0,0,10,0,0,0,10,0
tun29,163,SSBbelow8dB0,0,10,0,0,0,10,0
tun29,164,SSBbelow8dB0,0,10,0,0,0,10,0
tun29,165,SSBbelow8dB0,0,10,0,0,0,10,0
tun29,166,SSBbelow8dB0,0,10,0,0,0,10,0
tun29,167,SSBbelow8dB0,0,10,0,0,0,10,0
tun29,168,SSBbelow8dB0,0,10,0,0,0,10,0
tun29,169,SSBbelow8dB0,0,10,0,0,0,10,0
tun29,170,SSBbelow8dB0,0,10,0,0,0,10,0
tun29,171,SSBbelow8dB0,10,10,0,0,0,10,1
tun29,172,SSBbelow8dB0,0,10,0,0,0,10,0
tun29,173,SSBbelow8dB0,0,10,0,0,0,10,0
tun29,174,SSBbelow8dB0,0,10,0,0,0,10,0
tun29,175,SSBbelow8dB0,5,10,0,0,0,10,0.5
tun29,176,SSBbelow8dB0,0,10,0,0,0,10,0
tun29,177,SSBbelow8dB0,0,10,0,0,0,10,0
tun29,178,SSBbelow8dB0,0,10,0,0,0,10,0
tun29,179,SSBbelow8dB0,0,10,0,0,0,10,0
tun29,180,SSBbelow8dB0,0,10,0,0,0,10,0
tun29,181,SSBbelow8dB0,0,10,0,0,0,10,0
tun29,182,SSBbelow8dB0,0,10,0,0,0,10,0
tun29,183,SSBbelow8dB0,0,10,0,0,0,10,0
tun29,184,SSBbelow8dB0,10,10,0,0,0,10,1
tun29,185,SSBbelow8dB0,0,10,0,0,0,10,0
tun29,186,SSBbelow8dB0,0,10,0,0,0,10,0
tun29,187,SSBbelow8dB0,0,10,0,0,0,10,0
tun29,188,SSBbelow8dB0,0,10,0,0,0,10,0
tun29,189,SSBbelow8dB0,0,10,0,0,0,10,0
tun29,190,SSBbelow8dB0,0,10,0,0,0,10,0
tun29,191,SSBbelow8dB0,0,10,0,0,0,10,0
tun29,192,SSBbelow8dB0,0,10,0,0,0,10,0
tun29,193,SSBbelow8dB0,0,10,0,0,0,10,0
tun29,194,SSBbelow8dB0,0,10,0,0,0,10,0
tun29,195,SSBbelow8dB0,0,10,0,0,0,10,0
tun29,196,SSBbelow8dB0,0,10,0,0,0,10,0
tun29,197,SSBbelow8dB0,0,10,0,0,0,10,0
tun29,198,SSBbelow8dB0,0,10,0,0,0,10,0
tun29,199,SSBbelow8dB0,0,10,0,0,0,10,0
tun29,200,SSBbelow8dB0,0,10,0,0,0,10,0
tun29,201,SSBbelow8dB0,0,10,0,0,0,10,0
tun29,202,SSBbelow8dB0,0,10,0,0,0,10,0
tun29,203,SSBbelow8dB0,0,10,0,0,0,10,0
tun29,204,SSBbelow8dB0,0,10,0,0,0,10,0
tun29,205,SSBbelow8dB0,0,10,0,0,0,10,0
tun29,206,SSBbelow8dB0,0,10,0,0,0,10,0
tun29,207,SSBbelow8dB0,0,10,0,0,0,10,0
tun29,208,SSBbelow8dB0,0,10,0,0,0,10,0
tun29,209,SSBbelow8dB0,0,10,0,0,0,10,0
tun29,210,SSBbelow8dB0,0,10,0,0,0,10,0
tun29,211,SSBbelow8dB0,0,10,0,0,0,10,0
tun29,212,SSBbelow8dB0,0,10,0,0,0,10,0
tun29,213,SSBbelow8dB0,0,10,0,0,0,10,0
tun29,214,SSBbelow8dB0,0,10,0,0,0,10,0
tun29,215,SSBbelow8dB0,0,10,0,0,0,10,0
tun29,216,SSBbelow8dB0,0,10,0,0,0,10,0
tun29,217,SSBbelow8dB0,0,10,0,0,0,10,0
tun29,218,SSBbelow8dB0,0,10,0,0,0,10,0
tun29,219,SSBbelow8dB0,0,10,0,0,0,10,0
tun29,220,SSBbelow8dB0,0,10,0,0,0,10,0
tun29,221,SSBbelow8dB0,0,10,0,0,0,10,0
tun29,222,SSBbelow8dB0,0,10,0,0,0,10,0
tun29,223,SSBbelow8dB0,0,10,0,0,0,10,0
tun29,224,SSBbelow8dB0,0,10,0,0,0,10,0
tun29,225,SSBbelow8dB0,0,10,0,0,0,10,0
tun29,226,SSBbelow8dB0,3,10,0,0,0,10,0.3
tun29,227,SSBbelow8dB0,0,10,0,0,0,10,0
tun29,228,SSBbelow8dB0,0,10,0,0,0,10,0
tun29,229,SSBbelow8dB0,0,10,0,0,0,10,0
tun29,230,SSBbelow8dB0,0,10,0,0,0,10,0
tun29,231,SSBbelow8dB0,0,10,0,0,0,10,0
tun29,232,SSBbelow8dB0,0,10,0,0,0,10,0
tun29,233,SSBbelow8dB0,0,10,0,0,0,10,0
tun29,234,SSBbelow8dB0,0,10,0,0,0,10,0
tun29,235,SSBbelow8dB0,0,10,0,0,0,10,0
tun29,236,SSBbelow8dB0,0,10,0,0,0,10,0
tun29,237,SSBbelow8dB0,0,10,0,0,0,10,0
tun29,238,SSBbelow8dB0,0,10,0,0,0,10,0
tun29,239,SSBbelow8dB0,0,10,0,0,0,10,0
tun29,240,SSBbelow8dB0,0,10,0,0,0,10,0
tun29,241,SSBbelow8dB0,0,10,0,0,0,10,0
tun29,242,SSBbelow8dB0,0,10,0,0,0,10,0
tun29,243,SSBbelow8dB0,0,10,0,0,0,10,0
tun29,244,SSBbelow8dB0,0,10,0,0,0,10,0
tun29,245,SSBbelow8dB0,0,10,0,0,0,10,0
tun29,246,SSBbelow8dB0,0,10,0,0,0,10,0
tun29,247,SSBbelow8dB0,0,10,0,0,0,10,0
tun29,248,SSBbelow8dB0,10,10,0,0,0,10,1
tun29,249,SSBbelow8dB0,0,10,0,0,0,10,0
tun29,250,SSBbelow8dB0,0,10,0,0,0,10,0
tun29,251,SSBbelow8dB0,0,10,0,0,0,10,0
tun29,252,SSBbelow8dB0,2,10,0,0,0,10,0.2
tun29,253,SSBbelow8dB0,1,10,0,0,0,10,0.1
tun29,254,SSBbelow8dB0,0,10,0,0,0,10,0
tun29,255,SSBbelow8dB0,0,10,0,0,0,10,0
tun29,256,SSBbelow8dB0,0,10,0,0,0,10,0
tun29,257,SSBbelow8dB0,0,10,0,0,0,10,0
tun29,258,SSBbelow8dB0,0,10,0,0,0,10,0
tun29,259,SSBbelow8dB0,0,10,0,0,0,10,0
tun29,260,SSBbelow8dB0,0,10,0,0,0,10,0
tun29,261,SSBbelow8dB0,0,10,0,0,0,10,0
tun29,262,SSBbelow8dB0,0,10,0,0,0,10,0
tun29,263,SSBbelow8dB0,0,10,0,0,0,10,0
tun29,264,SSBbelow8dB0,0,10,0,0,0,10,0
tun29,265,SSBbelow8dB0,10,10,0,0,0,10,1
tun29,266,SSBbelow8dB0,0,10,0,0,0,10,0
tun29,267,SSBbelow8dB0,0,10,0,0,0,10,0
tun29,268,SSBbelow8dB0,0,10,0,0,0,10,0
tun29,269,SSBbelow8dB0,0,10,0,0,0,10,0
tun29,270,SSBbelow8dB0,0,10,0,0,0,10,0
tun29,271,SSBbelow8dB0,6,10,0,0,0,10,0.6
tun29,272,SSBbelow8dB0,0,10,0,0,0,10,0
tun29,273,SSBbelow8dB0,8,10,0,0,0,10,0.8
tun29,274,SSBbelow8dB0,0,10,0,0,0,10,0
tun29,275,SSBbelow8dB0,0,10,0,0,0,10,0
tun29,276,SSBbelow8dB0,0,10,0,0,0,10,0
tun29,277,SSBbelow8dB0,0,10,0,0,0,10,0
tun29,278,SSBbelow8dB0,0,10,0,0,0,10,0
tun29,279,SSBbelow8dB0,0,10,0,0,0,10,0
tun29,280,SSBbelow8dB0,0,10,0,0,0,10,0
tun29,281,SSBbelow8dB0,0,10,0,0,0,10,0
tun29,282,SSBbelow8dB0,0,10,0,0,0,10,0
tun29,283,SSBbelow8dB0,0,10,0,0,0,10,0
tun29,284,SSBbelow8dB0,0,10,0,0,0,10,0
tun29,285,SSBbelow8dB0,0,10,0,0,0,10,0
tun29,286,SSBbelow8dB0,0,10,0,0,0,10,0
tun29,287,SSBbelow8dB0,0,10,0,0,0,10,0
tun29,288,SSBbelow8dB0,0,10,0,0,0,10,0
tun29,289,SSBbelow8dB0,0,10,0,0,0,10,0
tun29,290,SSBbelow8dB0,0,10,0,0,0,10,0
tun29,291,SSBbelow8dB0,0,10,0,0,0,10,0
tun29,292,SSBbelow8dB0,0,10,0,0,0,10,0
tun29,293,SSBbelow8dB0,0,10,0,0,0,10,0
tun29,294,SSBbelow8dB0,0,10,0,0,0,10,0
tun29,295,SSBbelow8dB0,0,10,0,0,0,10,0
tun29,296,SSBbelow8dB0,0,10,0,0,0,10,0
tun29,297,SSBbelow8dB0,0,10,0,0,0,10,0
tun29,298,SSBbelow8dB0,0,10,0,0,0,10,0
tun29,299,SSBbelow8dB0,0,10,0,0,0,10,0
tun29,300,SSBbelow8dB0,0,10,0,0,0,10,0
tun29,301,SSBbelow8dB0,0,10,0,0,0,10,0
tun29,302,SSBbelow8dB0,1,10,0,0,0,10,0.1
tun29,303,SSBbelow8dB0,0,10,0,0,0,10,0
tun29,304,SSBbelow8dB0,0,10,0,0,0,10,0
tun29,305,SSBbelow8dB0,0,10,0,0,0,10,0
tun29,306,SSBbelow8dB0,0,10,0,0,0,10,0
tun29,307,SSBbelow8dB0,0,10,0,0,0,10,0
tun29,308,SSBbelow8dB0,10,10,0,0,0,10,1
tun29,309,SSBbelow8dB0,0,10,0,0,0,10,0
tun29,310,SSBbelow8dB0,10,10,0,0,0,10,1
tun29,311,SSBbelow8dB0,0,10,0,0,0,10,0
tun29,312,SSBbelow8dB0,10,10,0,0,0,10,1
tun29,313,SSBbelow8dB0,0,10,0,0,0,10,0
tun29,314,SSBbelow8dB0,0,10,0,0,0,10,0
tun29,315,SSBbelow8dB0,0,10,0,0,0,10,0
tun29,316,SSBbelow8dB0,0,10,0,0,0,10,0
tun29,317,SSBbelow8dB0,0,10,0,0,0,10,0
tun29,318,SSBbelow8dB0,0,10,0,0,0,10,0
tun29,319,SSBbelow8dB0,0,10,0,0,0,10,0
tun29,320,SSBbelow8dB0,0,10,0,0,0,10,0
tun29,321,SSBbelow8dB0,0,10,0,0,0,10,0
tun29,322,SSBbelow8dB0,0,10,0,0,0,10,0
tun29,323,SSBbelow8dB0,0,10,0,0,0,10,0
tun29,324,SSBbelow8dB0,0,10,0,0,0,10,0
tun29,325,SSBbelow8dB0,10,10,0,0,0,10,1
tun29,326,SSBbelow8dB0,0,10,0,0,0,10,0
tun29,327,SSBbelow8dB0,0,10,0,0,0,10,0
tun29,328,SSBbelow8dB0,0,10,0,0,0,10,0
tun29,329,SSBbelow8dB0,0,10,0,0,0,10,0
tun29,330,SSBbelow8dB0,10,10,0,0,0,10,1
tun29,331,SSBbelow8dB0,0,10,0,0,0,10,0
tun29,332,SSBbelow8dB0,0,10,0,0,0,10,0
tun29,333,SSBbelow8dB0,0,10,0,0,0,10,0
tun29,334,SSBbelow8dB0,0,10,0,0,0,10,0
tun29,335,SSBbelow8dB0,0,10,0,0,0,10,0
tun29,336,SSBbelow8dB0,0,10,0,0,0,10,0
tun29,337,SSBbelow8dB0,0,10,0,0,0,10,0
tun29,338,SSBbelow8dB0,0,10,0,0,0,10,0
tun29,339,SSBbelow8dB0,0,10,0,0,0,10,0
tun29,340,SSBbelow8dB0,0,10,0,0,0,10,0
tun29,341,SSBbelow8dB0,0,10,0,0,0,10,0
tun29,342,SSBbelow8dB0,0,10,0,0,0,10,0
tun29,343,SSBbelow8dB0,0,10,0,0,0,10,0
tun29,344,SSBbelow8dB0,0,10,0,0,0,10,0
tun29,345,SSBbelow8dB0,0,10,0,0,0,10,0
tun29,346,SSBbelow8dB0,0,10,0,0,0,10,0
tun29,347,SSBbelow8dB0,0,10,0,0,0,10,0
tun29,348,SSBbelow8dB0,0,10,0,0,0,10,0
tun29,349,SSBbelow8dB0,0,10,0,0,0,10,0
tun29,350,SSBbelow8dB0,0,10,0,0,0,10,0
tun29,351,SSBbelow8dB0,0,10,0,0,0,10,0
tun29,352,SSBbelow8dB0,0,10,0,0,0,10,0
tun29,353,SSBbelow8dB0,0,10,0,0,0,10,0
tun29,354,SSBbelow8dB0,0,10,0,0,0,10,0
tun29,355,SSBbelow8dB0,0,10,0,0,0,10,0
tun29,356,SSBbelow8dB0,0,10,0,0,0,10,0
tun29,357,SSBbelow8dB0,0,10,0,0,0,10,0
tun29,358,SSBbelow8dB0,0,10,0,0,0,10,0
tun29,359,SSBbelow8dB0,0,10,0,0,0,10,0
tun29,360,SSBbelow8dB0,0,10,0,0,0,10,0
tun29,361,SSBbelow8dB0,0,10,0,0,0,10,0
tun29,362,SSBbelow8dB0,0,10,0,0,0,10,0
tun29,363,SSBbelow8dB0,0,10,0,0,0,10,0
tun29,364,SSBbelow8dB0,0,10,0,0,0,10,0
tun29,365,SSBbelow8dB0,0,10,0,0,0,10,0
tun29,366,SSBbelow8dB0,0,10,0,0,0,10,0
tun29,367,SSBbelow8dB0,0,10,0,0,0,10,0
tun29,368,SSBbelow8dB0,0,10,0,0,0,10,0
tun29,369,SSBbelow8dB0,0,10,0,0,0,10,0
tun29,370,SSBbelow8dB0,0,10,0,0,0,10,0
tun29,371,SSBbelow8dB0,0,10,0,0,0,10,0
tun29,372,SSBbelow8dB0,0,10,0,0,0,10,0
tun29,373,SSBbelow8dB0,0,10,0,0,0,10,0
tun29,374,SSBbelow8dB0,0,10,0,0,0,10,0
tun29,375,SSBbelow8dB0,0,10,0,0,0,10,0
tun29,376,SSBbelow8dB0,0,10,0,0,0,10,0
tun29,377,SSBbelow8dB0,0,10,0,0,0,10,0
tun29,378,SSBbelow8dB0,0,10,0,0,0,10,0
tun29,379,SSBbelow8dB0,0,10,0,0,0,10,0
tun29,380,SSBbelow8dB0,5,10,0,0,0,10,0.5
tun29,381,SSBbelow8dB0,0,10,0,0,0,10,0
tun29,382,SSBbelow8dB0,0,10,0,0,0,10,0
tun29,383,SSBbelow8dB0,0,10,0,0,0,10,0
tun29,384,SSBbelow8dB0,8,10,0,0,0,10,0.8
tun29,385,SSBbelow8dB0,0,10,0,0,0,10,0
tun29,386,SSBbelow8dB0,0,10,0,0,0,10,0
tun29,387,SSBbelow8dB0,0,10,0,0,0,10,0
tun29,388,SSBbelow8dB0,7,10,0,0,0,10,0.7
tun29,389,SSBbelow8dB0,0,10,0,0,0,10,0
tun29,390,SSBbelow8dB0,10,10,0,0,0,10,1
tun29,391,SSBbelow8dB0,9,10,0,0,0,10,0.9
tun29,392,SSBbelow8dB0,0,10,0,0,0,10,0
tun29,393,SSBbelow8dB0,0,10,0,0,0,10,0
tun29,394,SSBbelow8dB0,0,10,0,0,0,10,0
tun29,395,SSBbelow8dB0,0,10,0,0,0,10,0
tun29,396,SSBbelow8dB0,0,10,0,0,0,10,0
tun29,397,SSBbelow8dB0,0,10,0,0,0,10,0
tun29,398,SSBbelow8dB0,0,10,0,0,0,10,0
tun29,399,SSBbelow8dB0,0,10,0,0,0,10,0
tun29,400,SSBbelow8dB0,0,10,0,0,0,10,0
tun29,401,SSBbelow8dB0,10,10,0,0,0,10,1
tun29,402,SSBbelow8dB0,0,10,0,0,0,10,0
tun29,403,SSBbelow8dB0,0,10,0,0,0,10,0
tun29,404,SSBbelow8dB0,0,10,0,0,0,10,0
tun29,405,SSBbelow8dB0,0,10,0,0,0,10,0
tun29,406,SSBbelow8dB0,0,10,0,0,0,10,0
tun29,407,SSBbelow8dB0,0,10,0,0,0,10,0
tun29,408,SSBbelow8dB0,0,10,0,0,0,10,0
tun29,409,SSBbelow8dB0,1,10,0,0,0,10,0.1
tun29,410,SSBbelow8dB0,0,10,0,0,0,10,0
tun29,411,SSBbelow8dB0,0,10,0,0,0,10,0
tun29,412,SSBbelow8dB0,0,10,0,0,0,10,0
tun29,413,SSBbelow8dB0,0,10,0,0,0,10,0
tun29,414,SSBbelow8dB0,0,10,0,0,0,10,0
tun29,415,SSBbelow8dB0,0,10,0,0,0,10,0
tun29,416,SSBbelow8dB0,0,10,0,0,0,10,0
tun29,417,SSBbelow8dB0,0,10,0,0,0,10,0
tun29,418,SSBbelow8dB0,0,10,0,0,0,10,0
tun29,419,SSBbelow8dB0,0,10,0,0,0,10,0
tun29,420,SSBbelow8dB0,0,10,0,0,0,10,0
tun29,421,SSBbelow8dB0,0,10,0,0,0,10,0
tun29,422,SSBbelow8dB0,0,10,0,0,0,10,0
tun29,423,SSBbelow8dB0,0,10,0,0,0,10,0
tun29,424,SSBbelow8dB0,0,10,0,0,0,10,0
tun29,425,SSBbelow8dB0,0,10,0,0,0,10,0
tun29,426,SSBbelow8dB0,0,10,0,0,0,10,0
tun29,427,SSBbelow8dB0,0,10,0,0,0,10,0
tun29,428,SSBbelow8dB0,0,10,0,0,0,10,0
tun29,429,SSBbelow8dB0,0,10,0,0,0,10,0
tun29,430,SSBbelow8dB0,0,10,0,0,0,10,0
tun29,431,SSBbelow8dB0,0,10,0,0,0,10,0
tun29,432,SSBbelow8dB0,0,10,0,0,0,10,0
tun29,433,SSBbelow8dB0,0,10,0,0,0,10,0
tun29,434,SSBbelow8dB0,0,10,0,0,0,10,0
tun29,435,SSBbelow8dB0,0,10,0,0,0,10,0
tun29,436,SSBbelow8dB0,0,10,0,0,0,10,0
tun29,437,SSBbelow8dB0,0,10,0,0,0,10,0
tun29,438,SSBbelow8dB0,0,10,0,0,0,10,0
tun29,439,SSBbelow8dB0,0,10,0,0,0,10,0
tun29,440,SSBbelow8dB0,0,10,0,0,0,10,0
tun29,441,SSBbelow8dB0,0,10,0,0,0,10,0
tun29,442,SSBbelow8dB0,0,10,0,0,0,10,0
tun29,443,SSBbelow8dB0,0,10,0,0,0,10,0
tun29,444,SSBbelow8dB0,0,10,0,0,0,10,0
tun29,445,SSBbelow8dB0,0,10,0,0,0,10,0
tun29,446,SSBbelow8dB0,0,10,0,0,0,10,0
tun29,447,SSBbelow8dB0,0,10,0,0,0,10,0
tun29,448,SSBbelow8dB0,10,10,0,0,0,10,1
tun29,449,SSBbelow8dB0,0,10,0,0,0,10,0
tun29,450,SSBbelow8dB0,0,10,0,0,0,10,0
tun29,451,SSBbelow8dB0,0,10,0,0,0,10,0
tun29,452,SSBbelow8dB0,0,10,0,0,0,10,0
tun29,453,SSBbelow8dB0,0,10,0,0,0,10,0
tun29,454,SSBbelow8dB0,0,10,0,0,0,10,0
tun29,455,SSBbelow8dB0,0,10,0,0,0,10,0
tun29,456,SSBbelow8dB0,0,10,0,0,0,10,0
tun29,457,SSBbelow8dB0,0,10,0,0,0,10,0
tun29,458,SSBbelow8dB0,0,10,0,0,0,10,0
tun29,459,SSBbelow8dB0,0,10,0,0,0,10,0
tun29,460,SSBbelow8dB0,0,10,0,0,0,10,0
tun29,461,SSBbelow8dB0,0,10,0,0,0,10,0
tun29,462,SSBbelow8dB0,0,10,0,0,0,10,0
tun29,463,SSBbelow8dB0,0,10,0,0,0,10,0
tun29,464,SSBbelow8dB0,0,10,0,0,0,10,0
tun29,465,SSBbelow8dB0,0,10,0,0,0,10,0
tun29,466,SSBbelow8dB0,0,10,0,0,0,10,0
tun29,467,SSBbelow8dB0,0,10,0,0,0,10,0
tun29,468,SSBbelow8dB0,0,10,0,0,0,10,0
tun29,469,SSBbelow8dB0,0,10,0,0,0,10,0
tun29,470,SSBbelow8dB0,7,10,0,0,0,10,0.7
tun29,471,SSBbelow8dB0,0,10,0,0,0,10,0
tun29,472,SSBbelow8dB0,0,10,0,0,0,10,0
tun29,473,SSBbelow8dB0,0,10,0,0,0,10,0
tun29,474,SSBbelow8dB0,0,10,0,0,0,10,0
tun29,475,SSBbelow8dB0,0,10,0,0,0,10,0
tun29,476,SSBbelow8dB0,0,10,0,0,0,10,0
tun29,477,SSBbelow8dB0,0,10,0,0,0,10,0
tun29,478,SSBbelow8dB0,0,10,0,0,0,10,0
tun29,479,SSBbelow8dB0,0,10,0,0,0,10,0
tun29,480,SSBbelow8dB0,0,10,0,0,0,10,0
tun29,481,SSBbelow8dB0,9,10,0,0,0,10,0.9
tun29,482,SSBbelow8dB0,0,10,0,0,0,10,0
tun29,483,SSBbelow8dB0,0,10,0,0,0,10,0
tun29,484,SSBbelow8dB0,3,10,0,0,0,10,0.3
tun29,485,SSBbelow8dB0,0,10,0,0,0,10,0
tun29,486,SSBbelow8dB0,0,10,0,0,0,10,0
tun29,487,SSBbelow8dB0,0,10,0,0,0,10,0
tun29,488,SSBbelow8dB0,0,10,0,0,0,10,0
tun29,489,SSBbelow8dB0,0,10,0,0,0,10,0
tun29,490,SSBbelow8dB0,0,10,0,0,0,10,0
tun29,491,SSBbelow8dB0,0,10,0,0,0,10,0
tun29,492,SSBbelow8dB0,0,10,0,0,0,10,0
tun29,493,SSBbelow8dB0,0,10,0,0,0,10,0
tun29,494,SSBbelow8dB0,0,10,0,0,0,10,0
tun29,495,SSBbelow8dB0,0,10,0,0,0,10,0
tun29,496,SSBbelow8dB0,0,10,0,0,0,10,0
tun29,497,SSBbelow8dB0,0,10,0,0,0,10,0
tun29,498,SSBbelow8dB0,0,10,0,0,0,10,0
tun29,499,SSBbelow8dB0,0,10,0,0,0,10,0
tun29,500,SSBbelow8dB0,6,10,0,0,0,10,0.6
tun43,1,SSBbelow8dB0,0,10,0,0,0,10,0
tun43,2,SSBbelow8dB0,0,10,0,0,0,10,0
tun43,3,SSBbelow8dB0,10,10,0,0,0,10,1
tun43,4,SSBbelow8dB0,0,10,0,0,0,10,0
tun43,5,SSBbelow8dB0,0,10,0,0,0,10,0
tun43,6,SSBbelow8dB0,0,10,0,0,0,10,0
tun43,7,SSBbelow8dB0,10,10,0,0,0,10,1
tun43,8,SSBbelow8dB0,10,10,0,0,0,10,1
tun43,9,SSBbelow8dB0,0,10,0,0,0,10,0
tun43,10,SSBbelow8dB0,0,10,0,0,0,10,0
tun43,11,SSBbelow8dB0,0,10,0,0,0,10,0
tun43,12,SSBbelow8dB0,0,10,0,0,0,10,0
tun43,13,SSBbelow8dB0,0,10,0,0,0,10,0
tun43,14,SSBbelow8dB0,0,10,0,0,0,10,0
tun43,15,SSBbelow8dB0,0,10,0,0,0,10,0
tun43,16,SSBbelow8dB0,0,10,0,0,0,10,0
tun43,17,SSBbelow8dB0,0,10,0,0,0,10,0
tun43,18,SSBbelow8dB0,0,10,0,0,0,10,0
tun43,19,SSBbelow8dB0,0,10,0,0,0,10,0
tun43,20,SSBbelow8dB0,0,10,0,0,0,10,0
tun43,21,SSBbelow8dB0,0,10,0,0,0,10,0
tun43,22,SSBbelow8dB0,0,10,0,0,0,10,0
tun43,23,SSBbelow8dB0,0,10,0,0,0,10,0
tun43,24,SSBbelow8dB0,0,10,0,0,0,10,0
tun43,25,SSBbelow8dB0,0,10,0,0,0,10,0
tun43,26,SSBbelow8dB0,0,10,0,0,0,10,0
tun43,27,SSBbelow8dB0,0,10,0,0,0,10,0
tun43,28,SSBbelow8dB0,0,10,0,0,0,10,0
tun43,29,SSBbelow8dB0,10,10,0,0,0,10,1
tun43,30,SSBbelow8dB0,0,10,0,0,0,10,0
tun43,31,SSBbelow8dB0,0,10,0,0,0,10,0
tun43,32,SSBbelow8dB0,0,10,0,0,0,10,0
tun43,33,SSBbelow8dB0,0,10,0,0,0,10,0
tun43,34,SSBbelow8dB0,0,10,0,0,0,10,0
tun43,35,SSBbelow8dB0,3,10,0,0,0,10,0.3
tun43,36,SSBbelow8dB0,0,10,0,0,0,10,0
tun43,37,SSBbelow8dB0,0,10,0,0,0,10,0
tun43,38,SSBbelow8dB0,0,10,0,0,0,10,0
tun43,39,SSBbelow8dB0,0,10,0,0,0,10,0
tun43,40,SSBbelow8dB0,0,10,0,0,0,10,0
tun43,41,SSBbelow8dB0,0,10,0,0,0,10,0
tun43,42,SSBbelow8dB0,0,10,0,0,0,10,0
tun43,43,SSBbelow8dB0,0,10,0,0,0,10,0
tun43,44,SSBbelow8dB0,0,10,0,0,0,10,0
tun43,45,SSBbelow8dB0,0,10,0,0,0,10,0
tun43,46,SSBbelow8dB0,0,10,0,0,0,10,0
tun43,47,SSBbelow8dB0,0,10,0,0,0,10,0
tun43,48,SSBbelow8dB0,0,10,0,0,0,10,0
tun43,49,SSBbelow8dB0,0,10,0,0,0,10,0
tun43,50,SSBbelow8dB0,0,10,0,0,0,10,0
tun43,51,SSBbelow8dB0,0,10,0,0,0,10,0
tun43,52,SSBbelow8dB0,0,10,0,0,0,10,0
tun43,53,SSBbelow8dB0,0,10,0,0,0,10,0
tun43,54,SSBbelow8dB0,0,10,0,0,0,10,0
tun43,55,SSBbelow8dB0,0,10,0,0,0,10,0
tun43,56,SSBbelow8dB0,0,10,0,0,0,10,0
tun43,57,SSBbelow8dB0,0,10,0,0,0,10,0
tun43,58,SSBbelow8dB0,0,10,0,0,0,10,0
tun43,59,SSBbelow8dB0,0,10,0,0,0,10,0
tun43,60,SSBbelow8dB0,7,10,0,0,0,10,0.7
tun43,61,SSBbelow8dB0,0,10,0,0,0,10,0
tun43,62,SSBbelow8dB0,10,10,0,0,0,10,1
tun43,63,SSBbelow8dB0,0,10,0,0,0,10,0
tun43,64,SSBbelow8dB0,0,10,0,0,0,10,0
tun43,65,SSBbelow8dB0,0,10,0,0,0,10,0
tun43,66,SSBbelow8dB0,0,10,0,0,0,10,0
tun43,67,SSBbelow8dB0,0,10,0,0,0,10,0
tun43,68,SSBbelow8dB0,0,10,0,0,0,10,0
tun43,69,SSBbelow8dB0,0,10,0,0,0,10,0
tun43,70,SSBbelow8dB0,0,10,0,0,0,10,0
tun43,71,SSBbelow8dB0,0,10,0,0,0,10,0
tun43,72,SSBbelow8dB0,0,10,0,0,0,10,0
tun43,73,SSBbelow8dB0,0,10,0,0,0,10,0
tun43,74,SSBbelow8dB0,0,10,0,0,0,10,0
tun43,75,SSBbelow8dB0,4,10,0,0,0,10,0.4
tun43,76,SSBbelow8dB0,0,10,0,0,0,10,0
tun43,77,SSBbelow8dB0,0,10,0,0,0,10,0
tun43,78,SSBbelow8dB0,7,10,0,0,0,10,0.7
tun43,79,SSBbelow8dB0,0,10,0,0,0,10,0
tun43,80,SSBbelow8dB0,0,10,0,0,0,10,0
tun43,81,SSBbelow8dB0,0,10,0,0,0,10,0
tun43,82,SSBbelow8dB0,2,10,0,0,0,10,0.2
tun43,83,SSBbelow8dB0,10,10,0,0,0,10,1
tun43,84,SSBbelow8dB0,0,10,0,0,0,10,0
tun43,85,SSBbelow8dB0,10,10,0,0,0,10,1
tun43,86,SSBbelow8dB0,0,10,0,0,0,10,0
tun43,87,SSBbelow8dB0,0,10,0,0,0,10,0
tun43,88,SSBbelow8dB0,0,10,0,0,0,10,0
tun43,89,SSBbelow8dB0,0,10,0,0,0,10,0
tun43,90,SSBbelow8dB0,0,10,0,0,0,10,0
tun43,91,SSBbelow8dB0,0,10,0,0,0,10,0
tun43,92,SSBbelow8dB0,0,10,0,0,0,10,0
tun43,93,SSBbelow8dB0,0,10,0,0,0,10,0
tun43,94,SSBbelow8dB0,0,10,0,0,0,10,0
tun43,95,SSBbelow8dB0,0,10,0,0,0,10,0
tun43,96,SSBbelow8dB0,0,10,0,0,0,10,0
tun43,97,SSBbelow8dB0,0,10,0,0,0,10,0
tun43,98,SSBbelow8dB0,0,10,0,0,0,10,0
tun43,99,SSBbelow8dB0,10,10,0,0,0,10,1
tun43,100,SSBbelow8dB0,0,10,0,0,0,10,0
tun43,101,SSBbelow8dB0,0,10,0,0,0,10,0
tun43,102,SSBbelow8dB0,0,10,0,0,0,10,0
tun43,103,SSBbelow8dB0,0,10,0,0,0,10,0
tun43,104,SSBbelow8dB0,0,10,0,0,0,10,0
tun43,105,SSBbelow8dB0,0,10,0,0,0,10,0
tun43,106,SSBbelow8dB0,0,10,0,0,0,10,0
tun43,107,SSBbelow8dB0,0,10,0,0,0,10,0
tun43,108,SSBbelow8dB0,0,10,0,0,0,10,0
tun43,109,SSBbelow8dB0,0,10,0,0,0,10,0
tun43,110,SSBbelow8dB0,0,10,0,0,0,10,0
tun43,111,SSBbelow8dB0,0,10,0,0,0,10,0
tun43,112,SSBbelow8dB0,0,10,0,0,0,10,0
tun43,113,SSBbelow8dB0,0,10,0,0,0,10,0
tun43,114,SSBbelow8dB0,0,10,0,0,0,10,0
tun43,115,SSBbelow8dB0,0,10,0,0,0,10,0
tun43,116,SSBbelow8dB0,4,10,0,0,0,10,0.4
tun43,117,SSBbelow8dB0,0,10,0,0,0,10,0
tun43,118,SSBbelow8dB0,0,10,0,0,0,10,0
tun43,119,SSBbelow8dB0,0,10,0,0,0,10,0
tun43,120,SSBbelow8dB0,0,10,0,0,0,10,0
tun43,121,SSBbelow8dB0,0,10,0,0,0,10,0
tun43,122,SSBbelow8dB0,0,10,0,0,0,10,0
tun43,123,SSBbelow8dB0,0,10,0,0,0,10,0
tun43,124,SSBbelow8dB0,0,10,0,0,0,10,0
tun43,125,SSBbelow8dB0,0,10,0,0,0,10,0
tun43,126,SSBbelow8dB0,0,10,0,0,0,10,0
tun43,127,SSBbelow8dB0,0,10,0,0,0,10,0
tun43,128,SSBbelow8dB0,0,10,0,0,0,10,0
tun43,129,SSBbelow8dB0,0,10,0,0,0,10,0
tun43,130,SSBbelow8dB0,6,10,0,0,0,10,0.6
tun43,131,SSBbelow8dB0,0,10,0,0,0,10,0
tun43,132,SSBbelow8dB0,0,10,0,0,0,10,0
tun43,133,SSBbelow8dB0,0,10,0,0,0,10,0
tun43,134,SSBbelow8dB0,0,10,0,0,0,10,0
tun43,135,SSBbelow8dB0,0,10,0,0,0,10,0
tun43,136,SSBbelow8dB0,0,10,0,0,0,10,0
tun43,137,SSBbelow8dB0,0,10,0,0,0,10,0
tun43,138,SSBbelow8dB0,3,10,0,0,0,10,0.3
tun43,139,SSBbelow8dB0,0,10,0,0,0,10,0
tun43,140,SSBbelow8dB0,0,10,0,0,0,10,0
tun43,141,SSBbelow8dB0,0,10,0,0,0,10,0
tun43,142,SSBbelow8dB0,0,10,0,0,0,10,0
tun43,143,SSBbelow8dB0,0,10,0,0,0,10,0
tun43,144,SSBbelow8dB0,0,10,0,0,0,10,0
tun43,145,SSBbelow8dB0,0,10,0,0,0,10,0
tun43,146,SSBbelow8dB0,0,10,0,0,0,10,0
tun43,147,SSBbelow8dB0,0,10,0,0,0,10,0
tun43,148,SSBbelow8dB0,0,10,0,0,0,10,0
tun43,149,SSBbelow8dB0,0,10,0,0,0,10,0
tun43,150,SSBbelow8dB0,0,10,0,0,0,10,0
tun43,151,SSBbelow8dB0,0,10,0,0,0,10,0
tun43,152,SSBbelow8dB0,10,10,0,0,0,10,1
tun43,153,SSBbelow8dB0,0,10,0,0,0,10,0
tun43,154,SSBbelow8dB0,0,10,0,0,0,10,0
tun43,155,SSBbelow8dB0,0,10,0,0,0,10,0
tun43,156,SSBbelow8dB0,0,10,0,0,0,10,0
tun43,157,SSBbelow8dB0,0,10,0,0,0,10,0
tun43,158,SSBbelow8dB0,0,10,0,0,0,10,0
tun43,159,SSBbelow8dB0,0,10,0,0,0,10,0
tun43,160,SSBbelow8dB0,0,10,0,0,0,10,0
tun43,161,SSBbelow8dB0,0,10,0,0,0,10,0
tun43,162,SSBbelow8dB0,1,10,0,0,0,10,0.1
tun43,163,SSBbelow8dB0,0,10,0,0,0,10,0
tun43,164,SSBbelow8dB0,0,10,0,0,0,10,0
tun43,165,SSBbelow8dB0,0,10,0,0,0,10,0
tun43,166,SSBbelow8dB0,0,10,0,0,0,10,0
tun43,167,SSBbelow8dB0,0,10,0,0,0,10,0
tun43,168,SSBbelow8dB0,0,10,0,0,0,10,0
tun43,169,SSBbelow8dB0,4,10,0,0,0,10,0.4
tun43,170,SSBbelow8dB0,0,10,0,0,0,10,0
tun43,171,SSBbelow8dB0,10,10,0,0,0,10,1
tun43,172,SSBbelow8dB0,0,10,0,0,0,10,0
tun43,173,SSBbelow8dB0,0,10,0,0,0,10,0
tun43,174,SSBbelow8dB0,0,10,0,0,0,10,0
tun43,175,SSBbelow8dB0,4,10,0,0,0,10,0.4
tun43,176,SSBbelow8dB0,0,10,0,0,0,10,0
tun43,177,SSBbelow8dB0,0,10,0,0,0,10,0
tun43,178,SSBbelow8dB0,0,10,0,0,0,10,0
tun43,179,SSBbelow8dB0,0,10,0,0,0,10,0
tun43,180,SSBbelow8dB0,0,10,0,0,0,10,0
tun43,181,SSBbelow8dB0,0,10,0,0,0,10,0
tun43,182,SSBbelow8dB0,0,10,0,0,0,10,0
tun43,183,SSBbelow8dB0,0,10,0,0,0,10,0
tun43,184,SSBbelow8dB0,10,10,0,0,0,10,1
tun43,185,SSBbelow8dB0,0,10,0,0,0,10,0
tun43,186,SSBbelow8dB0,0,10,0,0,0,10,0
tun43,187,SSBbelow8dB0,0,10,0,0,0,10,0
tun43,188,SSBbelow8dB0,0,10,0,0,0,10,0
tun43,189,SSBbelow8dB0,0,10,0,0,0,10,0
tun43,190,SSBbelow8dB0,0,10,0,0,0,10,0
tun43,191,SSBbelow8dB0,0,10,0,0,0,10,0
tun43,192,SSBbelow8dB0,0,10,0,0,0,10,0
tun43,193,SSBbelow8dB0,0,10,0,0,0,10,0
tun43,194,SSBbelow8dB0,0,10,0,0,0,10,0
tun43,195,SSBbelow8dB0,0,10,0,0,0,10,0
tun43,196,SSBbelow8dB0,0,10,0,0,0,10,0
tun43,197,SSBbelow8dB0,0,10,0,0,0,10,0
tun43,198,SSBbelow8dB0,0,10,0,0,0,10,0
tun43,199,SSBbelow8dB0,0,10,0,0,0,10,0
tun43,200,SSBbelow8dB0,0,10,0,0,0,10,0
tun43,201,SSBbelow8dB0,0,10,0,0,0,10,0
tun43,202,SSBbelow8dB0,0,10,0,0,0,10,0
tun43,203,SSBbelow8dB0,0,10,0,0,0,10,0
tun43,204,SSBbelow8dB0,0,10,0,0,0,10,0
tun43,205,SSBbelow8dB0,0,10,0,0,0,10,0
tun43,206,SSBbelow8dB0,0,10,0,0,0,10,0
tun43,207,SSBbelow8dB0,0,10,0,0,0,10,0
tun43,208,SSBbelow8dB0,0,10,0,0,0,10,0
tun43,209,SSBbelow8dB0,0,10,0,0,0,10,0
tun43,210,SSBbelow8dB0,0,10,0,0,0,10,0
tun43,211,SSBbelow8dB0,0,10,0,0,0,10,0
tun43,212,SSBbelow8dB0,0,10,0,0,0,10,0
tun43,213,SSBbelow8dB0,0,10,0,0,0,10,0
tun43,214,SSBbelow8dB0,0,10,0,0,0,10,0
tun43,215,SSBbelow8dB0,0,10,0,0,0,10,0
tun43,216,SSBbelow8dB0,0,10,0,0,0,10,0
tun43,217,SSBbelow8dB0,0,10,0,0,0,10,0
tun43,218,SSBbelow8dB0,0,10,0,0,0,10,0
tun43,219,SSBbelow8dB0,0,10,0,0,0,10,0
tun43,220,SSBbelow8dB0,0,10,0,0,0,10,0
tun43,221,SSBbelow8dB0,0,10,0,0,0,10,0
tun43,222,SSBbelow8dB0,0,10,0,0,0,10,0
tun43,223,SSBbelow8dB0,0,10,0,0,0,10,0
tun43,224,SSBbelow8dB0,0,10,0,0,0,10,0
tun43,225,SSBbelow8dB0,0,10,0,0,0,10,0
tun43,226,SSBbelow8dB0,2,10,0,0,0,10,0.2
tun43,227,SSBbelow8dB0,0,10,0,0,0,10,0
tun43,228,SSBbelow8dB0,0,10,0,0,0,10,0
tun43,229,SSBbelow8dB0,0,10,0,0,0,10,0
tun43,230,SSBbelow8dB0,0,10,0,0,0,10,0
tun43,231,SSBbelow8dB0,0,10,0,0,0,10,0
tun43,232,SSBbelow8dB0,0,10,0,0,0,10,0
tun43,233,SSBbelow8dB0,0,10,0,0,0,10,0
tun43,234,SSBbelow8dB0,2,10,0,0,0,10,0.2
tun43,235,SSBbelow8dB0,0,10,0,0,0,10,0
tun43,236,SSBbelow8dB0,0,10,0,0,0,10,0
tun43,237,SSBbelow8dB0,0,10,0,0,0,10,0
tun43,238,SSBbelow8dB0,0,10,0,0,0,10,0
tun43,239,SSBbelow8dB0,0,10,0,0,0,10,0
tun43,240,SSBbelow8dB0,0,10,0,0,0,10,0
tun43,241,SSBbelow8dB0,0,10,0,0,0,10,0
tun43,242,SSBbelow8dB0,0,10,0,0,0,10,0
tun43,243,SSBbelow8dB0,0,10,0,0,0,10,0
tun43,244,SSBbelow8dB0,0,10,0,0,0,10,0
tun43,245,SSBbelow8dB0,0,10,0,0,0,10,0
tun43,246,SSBbelow8dB0,0,10,0,0,0,10,0
tun43,247,SSBbelow8dB0,0,10,0,0,0,10,0
tun43,248,SSBbelow8dB0,10,10,0,0,0,10,1
tun43,249,SSBbelow8dB0,0,10,0,0,0,10,0
tun43,250,SSBbelow8dB0,0,10,0,0,0,10,0
tun43,251,SSBbelow8dB0,0,10,0,0,0,10,0
tun43,252,SSBbelow8dB0,2,10,0,0,0,10,0.2
tun43,253,SSBbelow8dB0,1,10,0,0,0,10,0.1
tun43,254,SSBbelow8dB0,0,10,0,0,0,10,0
tun43,255,SSBbelow8dB0,0,10,0,0,0,10,0
tun43,256,SSBbelow8dB0,0,10,0,0,0,10,0
tun43,257,SSBbelow8dB0,0,10,0,0,0,10,0
tun43,258,SSBbelow8dB0,0,10,0,0,0,10,0
tun43,259,SSBbelow8dB0,0,10,0,0,0,10,0
tun43,260,SSBbelow8dB0,0,10,0,0,0,10,0
tun43,261,SSBbelow8dB0,0,10,0,0,0,10,0
tun43,262,SSBbelow8dB0,0,10,0,0,0,10,0
tun43,263,SSBbelow8dB0,0,10,0,0,0,10,0
tun43,264,SSBbelow8dB0,0,10,0,0,0,10,0
tun43,265,SSBbelow8dB0,10,10,0,0,0,10,1
tun43,266,SSBbelow8dB0,0,10,0,0,0,10,0
tun43,267,SSBbelow8dB0,0,10,0,0,0,10,0
tun43,268,SSBbelow8dB0,0,10,0,0,0,10,0
tun43,269,SSBbelow8dB0,0,10,0,0,0,10,0
tun43,270,SSBbelow8dB0,0,10,0,0,0,10,0
tun43,271,SSBbelow8dB0,7,10,0,0,0,10,0.7
tun43,272,SSBbelow8dB0,0,10,0,0,0,10,0
tun43,273,SSBbelow8dB0,6,10,0,0,0,10,0.6
tun43,274,SSBbelow8dB0,0,10,0,0,0,10,0
tun43,275,SSBbelow8dB0,0,10,0,0,0,10,0
tun43,276,SSBbelow8dB0,0,10,0,0,0,10,0
tun43,277,SSBbelow8dB0,0,10,0,0,0,10,0
tun43,278,SSBbelow8dB0,0,10,0,0,0,10,0
tun43,279,SSBbelow8dB0,0,10,0,0,0,10,0
tun43,280,SSBbelow8dB0,0,10,0,0,0,10,0
tun43,281,SSBbelow8dB0,0,10,0,0,0,10,0
tun43,282,SSBbelow8dB0,0,10,0,0,0,10,0
tun43,283,SSBbelow8dB0,0,10,0,0,0,10,0
tun43,284,SSBbelow8dB0,0,10,0,0,0,10,0
tun43,285,SSBbelow8dB0,0,10,0,0,0,10,0
tun43,286,SSBbelow8dB0,0,10,0,0,0,10,0
tun43,287,SSBbelow8dB0,0,10,0,0,0,10,0
tun43,288,SSBbelow8dB0,0,10,0,0,0,10,0
tun43,289,SSBbelow8dB0,0,10,0,0,0,10,0
tun43,290,SSBbelow8dB0,0,10,0,0,0,10,0
tun43,291,SSBbelow8dB0,0,10,0,0,0,10,0
tun43,292,SSBbelow8dB0,0,10,0,0,0,10,0
tun43,293,SSBbelow8dB0,0,10,0,0,0,10,0
tun43,294,SSBbelow8dB0,0,10,0,0,0,10,0
tun43,295,SSBbelow8dB0,0,10,0,0,0,10,0
tun43,296,SSBbelow8dB0,0,10,0,0,0,10,0
tun43,297,SSBbelow8dB0,0,10,0,0,0,10,0
tun43,298,SSBbelow8dB0,0,10,0,0,0,10,0
tun43,299,SSBbelow8dB0,0,10,0,0,0,10,0
tun43,300,SSBbelow8dB0,0,10,0,0,0,10,0
tun43,301,SSBbelow8dB0,0,10,0,0,0,10,0
tun43,302,SSBbelow8dB0,0,10,0,0,0,10,0
tun43,303,SSBbelow8dB0,0,10,0,0,0,10,0
tun43,304,SSBbelow8dB0,0,10,0,0,0,10,0
tun43,305,SSBbelow8dB0,0,10,0,0,0,10,0
tun43,306,SSBbelow8dB0,0,10,0,0,0,10,0
tun43,307,SSBbelow8dB0,0,10,0,0,0,10,0
tun43,308,SSBbelow8dB0,10,10,0,0,0,10,1
tun43,309,SSBbelow8dB0,0,10,0,0,0,10,0
tun43,310,SSBbelow8dB0,10,10,0,0,0,10,1
tun43,311,SSBbelow8dB0,0,10,0,0,0,10,0
tun43,312,SSBbelow8dB0,10,10,0,0,0,10,1
tun43,313,SSBbelow8dB0,0,10,0,0,0,10,0
tun43,314,SSBbelow8dB0,0,10,0,0,0,10,0
tun43,315,SSBbelow8dB0,0,10,0,0,0,10,0
tun43,316,SSBbelow8dB0,0,10,0,0,0,10,0
tun43,317,SSBbelow8dB0,0,10,0,0,0,10,0
tun43,318,SSBbelow8dB0,0,10,0,0,0,10,0
tun43,319,SSBbelow8dB0,0,10,0,0,0,10,0
tun43,320,SSBbelow8dB0,0,10,0,0,0,10,0
tun43,321,SSBbelow8dB0,0,10,0,0,0,10,0
tun43,322,SSBbelow8dB0,0,10,0,0,0,10,0
tun43,323,SSBbelow8dB0,0,10,0,0,0,10,0
tun43,324,SSBbelow8dB0,0,10,0,0,0,10,0
tun43,325,SSBbelow8dB0,10,10,0,0,0,10,1
tun43,326,SSBbelow8dB0,0,10,0,0,0,10,0
tun43,327,SSBbelow8dB0,0,10,0,0,0,10,0
tun43,328,SSBbelow8dB0,0,10,0,0,0,10,0
tun43,329,SSBbelow8dB0,0,10,0,0,0,10,0
tun43,330,SSBbelow8dB0,10,10,0,0,0,10,1
tun43,331,SSBbelow8dB0,0,10,0,0,0,10,0
tun43,332,SSBbelow8dB0,0,10,0,0,0,10,0
tun43,333,SSBbelow8dB0,0,10,0,0,0,10,0
tun43,334,SSBbelow8dB0,0,10,0,0,0,10,0
tun43,335,SSBbelow8dB0,0,10,0,0,0,10,0
tun43,336,SSBbelow8dB0,0,10,0,0,0,10,0
tun43,337,SSBbelow8dB0,7,10,0,0,0,10,0.7
tun43,338,SSBbelow8dB0,0,10,0,0,0,10,0
tun43,339,SSBbelow8dB0,0,10,0,0,0,10,0
tun43,340,SSBbelow8dB0,0,10,0,0,0,10,0
tun43,341,SSBbelow8dB0,0,10,0,0,0,10,0
tun43,342,SSBbelow8dB0,0,10,0,0,0,10,0
tun43,343,SSBbelow8dB0,0,10,0,0,0,10,0
tun43,344,SSBbelow8dB0,0,10,0,0,0,10,0
tun43,345,SSBbelow8dB0,0,10,0,0,0,10,0
tun43,346,SSBbelow8dB0,0,10,0,0,0,10,0
tun43,347,SSBbelow8dB0,0,10,0,0,0,10,0
tun43,348,SSBbelow8dB0,0,10,0,0,0,10,0
tun43,349,SSBbelow8dB0,0,10,0,0,0,10,0
tun43,350,SSBbelow8dB0,0,10,0,0,0,10,0
tun43,351,SSBbelow8dB0,0,10,0,0,0,10,0
tun43,352,SSBbelow8dB0,0,10,0,0,0,10,0
tun43,353,SSBbelow8dB0,0,10,0,0,0,10,0
tun43,354,SSBbelow8dB0,0,10,0,0,0,10,0
tun43,355,SSBbelow8dB0,0,10,0,0,0,10,0
tun43,356,SSBbelow8dB0,0,10,0,0,0,10,0
tun43,357,SSBbelow8dB0,0,10,0,0,0,10,0
tun43,358,SSBbelow8dB0,0,10,0,0,0,10,0
tun43,359,SSBbelow8dB0,0,10,0,0,0,10,0
tun43,360,SSBbelow8dB0,0,10,0,0,0,10,0
tun43,361,SSBbelow8dB0,0,10,0,0,0,10,0
tun43,362,SSBbelow8dB0,0,10,0,0,0,10,0
tun43,363,SSBbelow8dB0,0,10,0,0,0,10,0
tun43,364,SSBbelow8dB0,0,10,0,0,0,10,0
tun43,365,SSBbelow8dB0,0,10,0,0,0,10,0
tun43,366,SSBbelow8dB0,0,10,0,0,0,10,0
tun43,367,SSBbelow8dB0,0,10,0,0,0,10,0
tun43,368,SSBbelow8dB0,0,10,0,0,0,10,0
tun43,369,SSBbelow8dB0,0,10,0,0,0,10,0
tun43,370,SSBbelow8dB0,0,10,0,0,0,10,0
tun43,371,SSBbelow8dB0,0,10,0,0,0,10,0
tun43,372,SSBbelow8dB0,0,10,0,0,0,10,0
tun43,373,SSBbelow8dB0,0,10,0,0,0,10,0
tun43,374,SSBbelow8dB0,0,10,0,0,0,10,0
tun43,375,SSBbelow8dB0,0,10,0,0,0,10,0
tun43,376,SSBbelow8dB0,0,10,0,0,0,10,0
tun43,377,SSBbelow8dB0,0,10,0,0,0,10,0
tun43,378,SSBbelow8dB0,0,10,0,0,0,10,0
tun43,379,SSBbelow8dB0,0,10,0,0,0,10,0
tun43,380,SSBbelow8dB0,6,10,0,0,0,10,0.6
tun43,381,SSBbelow8dB0,0,10,0,0,0,10,0
tun43,382,SSBbelow8dB0,0,10,0,0,0,10,0
tun43,383,SSBbelow8dB0,0,10,0,0,0,10,0
tun43,384,SSBbelow8dB0,8,10,0,0,0,10,0.8
tun43,385,SSBbelow8dB0,0,10,0,0,0,10,0
tun43,386,SSBbelow8dB0,0,10,0,0,0,10,0
tun43,387,SSBbelow8dB0,0,10,0,0,0,10,0
tun43,388,SSBbelow8dB0,9,10,0,0,0,10,0.9
tun43,389,SSBbelow8dB0,0,10,0,0,0,10,0
tun43,390,SSBbelow8dB0,10,10,0,0,0,10,1
tun43,391,SSBbelow8dB0,9,10,0,0,0,10,0.9
tun43,392,SSBbelow8dB0,0,10,0,0,0,10,0
tun43,393,SSBbelow8dB0,0,10,0,0,0,10,0
tun43,394,SSBbelow8dB0,0,10,0,0,0,10,0
tun43,395,SSBbelow8dB0,0,10,0,0,0,10,0
tun43,396,SSBbelow8dB0,0,10,0,0,0,10,0
tun43,397,SSBbelow8dB0,0,10,0,0,0,10,0
tun43,398,SSBbelow8dB0,0,10,0,0,0,10,0
tun43,399,SSBbelow8dB0,0,10,0,0,0,10,0
tun43,400,SSBbelow8dB0,0,10,0,0,0,10,0
tun43,401,SSBbelow8dB0,10,10,0,0,0,10,1
tun43,402,SSBbelow8dB0,0,10,0,0,0,10,0
tun43,403,SSBbelow8dB0,0,10,0,0,0,10,0
tun43,404,SSBbelow8dB0,0,10,0,0,0,10,0
tun43,405,SSBbelow8dB0,0,10,0,0,0,10,0
tun43,406,SSBbelow8dB0,0,10,0,0,0,10,0
tun43,407,SSBbelow8dB0,0,10,0,0,0,10,0
tun43,408,SSBbelow8dB0,0,10,0,0,0,10,0
tun43,409,SSBbelow8dB0,7,10,0,0,0,10,0.7
tun43,410,SSBbelow8dB0,0,10,0,0,0,10,0
tun43,411,SSBbelow8dB0,0,10,0,0,0,10,0
tun43,412,SSBbelow8dB0,0,10,0,0,0,10,0
tun43,413,SSBbelow8dB0,0,10,0,0,0,10,0
tun43,414,SSBbelow8dB0,2,10,0,0,0,10,0.2
tun43,415,SSBbelow8dB0,0,10,0,0,0,10,0
tun43,416,SSBbelow8dB0,0,10,0,0,0,10,0
tun43,417,SSBbelow8dB0,0,10,0,0,0,10,0
tun43,418,SSBbelow8dB0,0,10,0,0,0,10,0
tun43,419,SSBbelow8dB0,0,10,0,0,0,10,0
tun43,420,SSBbelow8dB0,0,10,0,0,0,10,0
tun43,421,SSBbelow8dB0,0,10,0,0,0,10,0
tun43,422,SSBbelow8dB0,0,10,0,0,0,10,0
tun43,423,SSBbelow8dB0,0,10,0,0,0,10,0
tun43,424,SSBbelow8dB0,0,10,0,0,0,10,0
tun43,425,SSBbelow8dB0,0,10,0,0,0,10,0
tun43,426,SSBbelow8dB0,0,10,0,0,0,10,0
tun43,427,SSBbelow8dB0,0,10,0,0,0,10,0
tun43,428,SSBbelow8dB0,0,10,0,0,0,10,0
tun43,429,SSBbelow8dB0,0,10,0,0,0,10,0
tun43,430,SSBbelow8dB0,0,10,0,0,0,10,0
tun43,431,SSBbelow8dB0,0,10,0,0,0,10,0
tun43,432,SSBbelow8dB0,0,10,0,0,0,10,0
tun43,433,SSBbelow8dB0,0,10,0,0,0,10,0
tun43,434,SSBbelow8dB0,0,10,0,0,0,10,0
tun43,435,SSBbelow8dB0,0,10,0,0,0,10,0
tun43,436,SSBbelow8dB0,0,10,0,0,0,10,0
tun43,437,SSBbelow8dB0,0,10,0,0,0,10,0
tun43,438,SSBbelow8dB0,0,10,0,0,0,10,0
tun43,439,SSBbelow8dB0,0,10,0,0,0,10,0
tun43,440,SSBbelow8dB0,0,10,0,0,0,10,0
tun43,441,SSBbelow8dB0,0,10,0,0,0,10,0
tun43,442,SSBbelow8dB0,0,10,0,0,0,10,0
tun43,443,SSBbelow8dB0,0,10,0,0,0,10,0
tun43,444,SSBbelow8dB0,0,10,0,0,0,10,0
tun43,445,SSBbelow8dB0,0,10,0,0,0,10,0
tun43,446,SSBbelow8dB0,0,10,0,0,0,10,0
tun43,447,SSBbelow8dB0,0,10,0,0,0,10,0
tun43,448,SSBbelow8dB0,10,10,0,0,0,10,1
tun43,449,SSBbelow8dB0,0,10,0,0,0,10,0
tun43,450,SSBbelow8dB0,0,10,0,0,0,10,0
tun43,451,SSBbelow8dB0,0,10,0,0,0,10,0
tun43,452,SSBbelow8dB0,0,10,0,0,0,10,0
tun43,453,SSBbelow8dB0,0,10,0,0,0,10,0
tun43,454,SSBbelow8dB0,0,10,0,0,0,10,0
tun43,455,SSBbelow8dB0,0,10,0,0,0,10,0
tun43,456,SSBbelow8dB0,0,10,0,0,0,10,0
tun43,457,SSBbelow8dB0,0,10,0,0,0,10,0
tun43,458,SSBbelow8dB0,0,10,0,0,0,10,0
tun43,459,SSBbelow8dB0,0,10,0,0,0,10,0
tun43,460,SSBbelow8dB0,0,10,0,0,0,10,0
tun43,461,SSBbelow8dB0,0,10,0,0,0,10,0
tun43,462,SSBbelow8dB0,0,10,0,0,0,10,0
tun43,463,SSBbelow8dB0,0,10,0,0,0,10,0
tun43,464,SSBbelow8dB0,0,10,0,0,0,10,0
tun43,465,SSBbelow8dB0,0,10,0,0,0,10,0
tun43,466,SSBbelow8dB0,0,10,0,0,0,10,0
tun43,467,SSBbelow8dB0,0,10,0,0,0,10,0
tun43,468,SSBbelow8dB0,0,10,0,0,0,10,0
tun43,469,SSBbelow8dB0,0,10,0,0,0,10,0
tun43,470,SSBbelow8dB0,7,10,0,0,0,10,0.7
tun43,471,SSBbelow8dB0,0,10,0,0,0,10,0
tun43,472,SSBbelow8dB0,0,10,0,0,0,10,0
tun43,473,SSBbelow8dB0,0,10,0,0,0,10,0
tun43,474,SSBbelow8dB0,0,10,0,0,0,10,0
tun43,475,SSBbelow8dB0,0,10,0,0,0,10,0
tun43,476,SSBbelow8dB0,0,10,0,0,0,10,0
tun43,477,SSBbelow8dB0,0,10,0,0,0,10,0
tun43,478,SSBbelow8dB0,0,10,0,0,0,10,0
tun43,479,SSBbelow8dB0,0,10,0,0,0,10,0
tun43,480,SSBbelow8dB0,0,10,0,0,0,10,0
tun43,481,SSBbelow8dB0,10,10,0,0,0,10,1
tun43,482,SSBbelow8dB0,0,10,0,0,0,10,0
tun43,483,SSBbelow8dB0,0,10,0,0,0,10,0
tun43,484,SSBbelow8dB0,4,10,0,0,0,10,0.4
tun43,485,SSBbelow8dB0,0,10,0,0,0,10,0
tun43,486,SSBbelow8dB0,0,10,0,0,0,10,0
tun43,487,SSBbelow8dB0,0,10,0,0,0,10,0
tun43,488,SSBbelow8dB0,0,10,0,0,0,10,0
tun43,489,SSBbelow8dB0,0,10,0,0,0,10,0
tun43,490,SSBbelow8dB0,0,10,0,0,0,10,0
tun43,491,SSBbelow8dB0,0,10,0,0,0,10,0
tun43,492,SSBbelow8dB0,0,10,0,0,0,10,0
tun43,493,SSBbelow8dB0,0,10,0,0,0,10,0
tun43,494,SSBbelow8dB0,0,10,0,0,0,10,0
tun43,495,SSBbelow8dB0,0,10,0,0,0,10,0
tun43,496,SSBbelow8dB0,0,10,0,0,0,10,0
tun43,497,SSBbelow8dB0,0,10,0,0,0,10,0
tun43,498,SSBbelow8dB0,0,10,0,0,0,10,0
tun43,499,SSBbelow8dB0,0,10,0,0,0,10,0
tun43,500,SSBbelow8dB0,8,10,0,0,0,10,0.8
tun45,1,SSBbelow8dB0,0,10,0,0,0,10,0
tun45,2,SSBbelow8dB0,0,10,0,0,0,10,0
tun45,3,SSBbelow8dB0,10,10,0,0,0,10,1
tun45,4,SSBbelow8dB0,0,10,0,0,0,10,0
tun45,5,SSBbelow8dB0,0,10,0,0,0,10,0
tun45,6,SSBbelow8dB0,0,10,0,0,0,10,0
tun45,7,SSBbelow8dB0,10,10,0,0,0,10,1
tun45,8,SSBbelow8dB0,10,10,0,0,0,10,1
tun45,9,SSBbelow8dB0,0,10,0,0,0,10,0
tun45,10,SSBbelow8dB0,0,10,0,0,0,10,0
tun45,11,SSBbelow8dB0,0,10,0,0,0,10,0
tun45,12,SSBbelow8dB0,0,10,0,0,0,10,0
tun45,13,SSBbelow8dB0,0,10,0,0,0,10,0
tun45,14,SSBbelow8dB0,0,10,0,0,0,10,0
tun45,15,SSBbelow8dB0,0,10,0,0,0,10,0
tun45,16,SSBbelow8dB0,0,10,0,0,0,10,0
tun45,17,SSBbelow8dB0,0,10,0,0,0,10,0
tun45,18,SSBbelow8dB0,0,10,0,0,0,10,0
tun45,19,SSBbelow8dB0,0,10,0,0,0,10,0
tun45,20,SSBbelow8dB0,0,10,0,0,0,10,0
tun45,21,SSBbelow8dB0,0,10,0,0,0,10,0
tun45,22,SSBbelow8dB0,0,10,0,0,0,10,0
tun45,23,SSBbelow8dB0,0,10,0,0,0,10,0
tun45,24,SSBbelow8dB0,0,10,0,0,0,10,0
tun45,25,SSBbelow8dB0,0,10,0,0,0,10,0
tun45,26,SSBbelow8dB0,0,10,0,0,0,10,0
tun45,27,SSBbelow8dB0,0,10,0,0,0,10,0
tun45,28,SSBbelow8dB0,0,10,0,0,0,10,0
tun45,29,SSBbelow8dB0,10,10,0,0,0,10,1
tun45,30,SSBbelow8dB0,0,10,0,0,0,10,0
tun45,31,SSBbelow8dB0,0,10,0,0,0,10,0
tun45,32,SSBbelow8dB0,0,10,0,0,0,10,0
tun45,33,SSBbelow8dB0,0,10,0,0,0,10,0
tun45,34,SSBbelow8dB0,0,10,0,0,0,10,0
tun45,35,SSBbelow8dB0,3,10,0,0,0,10,0.3
tun45,36,SSBbelow8dB0,0,10,0,0,0,10,0
tun45,37,SSBbelow8dB0,0,10,0,0,0,10,0
tun45,38,SSBbelow8dB0,0,10,0,0,0,10,0
tun45,39,SSBbelow8dB0,0,10,0,0,0,10,0
tun45,40,SSBbelow8dB0,0,10,0,0,0,10,0
tun45,41,SSBbelow8dB0,0,10,0,0,0,10,0
tun45,42,SSBbelow8dB0,0,10,0,0,0,10,0
tun45,43,SSBbelow8dB0,0,10,0,0,0,10,0
tun45,44,SSBbelow8dB0,0,10,0,0,0,10,0
tun45,45,SSBbelow8dB0,0,10,0,0,0,10,0
tun45,46,SSBbelow8dB0,0,10,0,0,0,10,0
tun45,47,SSBbelow8dB0,0,10,0,0,0,10,0
tun45,48,SSBbelow8dB0,0,10,0,0,0,10,0
tun45,49,SSBbelow8dB0,0,10,0,0,0,10,0
tun45,50,SSBbelow8dB0,0,10,0,0,0,10,0
tun45,51,SSBbelow8dB0,0,10,0,0,0,10,0
tun45,52,SSBbelow8dB0,0,10,0,0,0,10,0
tun45,53,SSBbelow8dB0,0,10,0,0,0,10,0
tun45,54,SSBbelow8dB0,0,10,0,0,0,10,0
tun45,55,SSBbelow8dB0,0,10,0,0,0,10,0
tun45,56,SSBbelow8dB0,0,10,0,0,0,10,0
tun45,57,SSBbelow8dB0,0,10,0,0,0,10,0
tun45,58,SSBbelow8dB0,0,10,0,0,0,10,0
tun45,59,SSBbelow8dB0,2,10,0,0,0,10,0.2
tun45,60,SSBbelow8dB0,10,10,0,0,0,10,1
tun45,61,SSBbelow8dB0,0,10,0,0,0,10,0
tun45,62,SSBbelow8dB0,10,10,0,0,0,10,1
tun45,63,SSBbelow8dB0,0,10,0,0,0,10,0
tun45,64,SSBbelow8dB0,0,10,0,0,0,10,0
tun45,65,SSBbelow8dB0,0,10,0,0,0,10,0
tun45,66,SSBbelow8dB0,0,10,0,0,0,10,0
tun45,67,SSBbelow8dB0,0,10,0,0,0,10,0
tun45,68,SSBbelow8dB0,0,10,0,0,0,10,0
tun45,69,SSBbelow8dB0,0,10,0,0,0,10,0
tun45,70,SSBbelow8dB0,0,10,0,0,0,10,0
tun45,71,SSBbelow8dB0,0,10,0,0,0,10,0
tun45,72,SSBbelow8dB0,0,10,0,0,0,10,0
tun45,73,SSBbelow8dB0,0,10,0,0,0,10,0
tun45,74,SSBbelow8dB0,0,10,0,0,0,10,0
tun45,75,SSBbelow8dB0,4,10,0,0,0,10,0.4
tun45,76,SSBbelow8dB0,0,10,0,0,0,10,0
tun45,77,SSBbelow8dB0,0,10,0,0,0,10,0
tun45,78,SSBbelow8dB0,7,10,0,0,0,10,0.7
tun45,79,SSBbelow8dB0,0,10,0,0,0,10,0
tun45,80,SSBbelow8dB0,0,10,0,0,0,10,0
tun45,81,SSBbelow8dB0,0,10,0,0,0,10,0
tun45,82,SSBbelow8dB0,10,10,0,0,0,10,1
tun45,83,SSBbelow8dB0,9,10,0,0,0,10,0.9
tun45,84,SSBbelow8dB0,0,10,0,0,0,10,0
tun45,85,SSBbelow8dB0,10,10,0,0,0,10,1
tun45,86,SSBbelow8dB0,0,10,0,0,0,10,0
tun45,87,SSBbelow8dB0,0,10,0,0,0,10,0
tun45,88,SSBbelow8dB0,0,10,0,0,0,10,0
tun45,89,SSBbelow8dB0,0,10,0,0,0,10,0
tun45,90,SSBbelow8dB0,0,10,0,0,0,10,0
tun45,91,SSBbelow8dB0,0,10,0,0,0,10,0
tun45,92,SSBbelow8dB0,0,10,0,0,0,10,0
tun45,93,SSBbelow8dB0,0,10,0,0,0,10,0
tun45,94,SSBbelow8dB0,0,10,0,0,0,10,0
tun45,95,SSBbelow8dB0,0,10,0,0,0,10,0
tun45,96,SSBbelow8dB0,0,10,0,0,0,10,0
tun45,97,SSBbelow8dB0,0,10,0,0,0,10,0
tun45,98,SSBbelow8dB0,0,10,0,0,0,10,0
tun45,99,SSBbelow8dB0,10,10,0,0,0,10,1
tun45,100,SSBbelow8dB0,0,10,0,0,0,10,0
tun45,101,SSBbelow8dB0,0,10,0,0,0,10,0
tun45,102,SSBbelow8dB0,0,10,0,0,0,10,0
tun45,103,SSBbelow8dB0,0,10,0,0,0,10,0
tun45,104,SSBbelow8dB0,0,10,0,0,0,10,0
tun45,105,SSBbelow8dB0,0,10,0,0,0,10,0
tun45,106,SSBbelow8dB0,0,10,0,0,0,10,0
tun45,107,SSBbelow8dB0,0,10,0,0,0,10,0
tun45,108,SSBbelow8dB0,0,10,0,0,0,10,0
tun45,109,SSBbelow8dB0,0,10,0,0,0,10,0
tun45,110,SSBbelow8dB0,0,10,0,0,0,10,0
tun45,111,SSBbelow8dB0,0,10,0,0,0,10,0
tun45,112,SSBbelow8dB0,0,10,0,0,0,10,0
tun45,113,SSBbelow8dB0,0,10,0,0,0,10,0
tun45,114,SSBbelow8dB0,0,10,0,0,0,10,0
tun45,115,SSBbelow8dB0,0,10,0,0,0,10,0
tun45,116,SSBbelow8dB0,4,10,0,0,0,10,0.4
tun45,117,SSBbelow8dB0,0,10,0,0,0,10,0
tun45,118,SSBbelow8dB0,0,10,0,0,0,10,0
tun45,119,SSBbelow8dB0,0,10,0,0,0,10,0
tun45,120,SSBbelow8dB0,0,10,0,0,0,10,0
tun45,121,SSBbelow8dB0,0,10,0,0,0,10,0
tun45,122,SSBbelow8dB0,0,10,0,0,0,10,0
tun45,123,SSBbelow8dB0,0,10,0,0,0,10,0
tun45,124,SSBbelow8dB0,0,10,0,0,0,10,0
tun45,125,SSBbelow8dB0,0,10,0,0,0,10,0
tun45,126,SSBbelow8dB0,0,10,0,0,0,10,0
tun45,127,SSBbelow8dB0,0,10,0,0,0,10,0
tun45,128,SSBbelow8dB0,0,10,0,0,0,10,0
tun45,129,SSBbelow8dB0,0,10,0,0,0,10,0
tun45,130,SSBbelow8dB0,6,10,0,0,0,10,0.6
tun45,131,SSBbelow8dB0,0,10,0,0,0,10,0
tun45,132,SSBbelow8dB0,0,10,0,0,0,10,0
tun45,133,SSBbelow8dB0,0,10,0,0,0,10,0
tun45,134,SSBbelow8dB0,0,10,0,0,0,10,0
tun45,135,SSBbelow8dB0,0,10,0,0,0,10,0
tun45,136,SSBbelow8dB0,0,10,0,0,0,10,0
tun45,137,SSBbelow8dB0,0,10,0,0,0,10,0
tun45,138,SSBbelow8dB0,3,10,0,0,0,10,0.3
tun45,139,SSBbelow8dB0,0,10,0,0,0,10,0
tun45,140,SSBbelow8dB0,0,10,0,0,0,10,0
tun45,141,SSBbelow8dB0,0,10,0,0,0,10,0
tun45,142,SSBbelow8dB0,0,10,0,0,0,10,0
tun45,143,SSBbelow8dB0,10,10,0,0,0,10,1
tun45,144,SSBbelow8dB0,0,10,0,0,0,10,0
tun45,145,SSBbelow8dB0,0,10,0,0,0,10,0
tun45,146,SSBbelow8dB0,0,10,0,0,0,10,0
tun45,147,SSBbelow8dB0,0,10,0,0,0,10,0
tun45,148,SSBbelow8dB0,0,10,0,0,0,10,0
tun45,149,SSBbelow8dB0,0,10,0,0,0,10,0
tun45,150,SSBbelow8dB0,0,10,0,0,0,10,0
tun45,151,SSBbelow8dB0,0,10,0,0,0,10,0
tun45,152,SSBbelow8dB0,10,10,0,0,0,10,1
tun45,153,SSBbelow8dB0,0,10,0,0,0,10,0
tun45,154,SSBbelow8dB0,0,10,0,0,0,10,0
tun45,155,SSBbelow8dB0,0,10,0,0,0,10,0
tun45,156,SSBbelow8dB0,0,10,0,0,0,10,0
tun45,157,SSBbelow8dB0,0,10,0,0,0,10,0
tun45,158,SSBbelow8dB0,0,10,0,0,0,10,0
tun45,159,SSBbelow8dB0,0,10,0,0,0,10,0
tun45,160,SSBbelow8dB0,0,10,0,0,0,10,0
tun45,161,SSBbelow8dB0,0,10,0,0,0,10,0
tun45,162,SSBbelow8dB0,1,10,0,0,0,10,0.1
tun45,163,SSBbelow8dB0,0,10,0,0,0,10,0
tun45,164,SSBbelow8dB0,0,10,0,0,0,10,0
tun45,165,SSBbelow8dB0,0,10,0,0,0,10,0
tun45,166,SSBbelow8dB0,0,10,0,0,0,10,0
tun45,167,SSBbelow8dB0,0,10,0,0,0,10,0
tun45,168,SSBbelow8dB0,0,10,0,0,0,10,0
tun45,169,SSBbelow8dB0,3,10,0,0,0,10,0.3
tun45,170,SSBbelow8dB0,0,10,0,0,0,10,0
tun45,171,SSBbelow8dB0,10,10,0,0,0,10,1
tun45,172,SSBbelow8dB0,0,10,0,0,0,10,0
tun45,173,SSBbelow8dB0,0,10,0,0,0,10,0
tun45,174,SSBbelow8dB0,0,10,0,0,0,10,0
tun45,175,SSBbelow8dB0,4,10,0,0,0,10,0.4
tun45,176,SSBbelow8dB0,0,10,0,0,0,10,0
tun45,177,SSBbelow8dB0,0,10,0,0,0,10,0
tun45,178,SSBbelow8dB0,0,10,0,0,0,10,0
tun45,179,SSBbelow8dB0,0,10,0,0,0,10,0
tun45,180,SSBbelow8dB0,0,10,0,0,0,10,0
tun45,181,SSBbelow8dB0,0,10,0,0,0,10,0
tun45,182,SSBbelow8dB0,0,10,0,0,0,10,0
tun45,183,SSBbelow8dB0,0,10,0,0,0,10,0
tun45,184,SSBbelow8dB0,10,10,0,0,0,10,1
tun45,185,SSBbelow8dB0,0,10,0,0,0,10,0
tun45,186,SSBbelow8dB0,0,10,0,0,0,10,0
tun45,187,SSBbelow8dB0,0,10,0,0,0,10,0
tun45,188,SSBbelow8dB0,0,10,0,0,0,10,0
tun45,189,SSBbelow8dB0,0,10,0,0,0,10,0
tun45,190,SSBbelow8dB0,0,10,0,0,0,10,0
tun45,191,SSBbelow8dB0,0,10,0,0,0,10,0
tun45,192,SSBbelow8dB0,0,10,0,0,0,10,0
tun45,193,SSBbelow8dB0,0,10,0,0,0,10,0
tun45,194,SSBbelow8dB0,0,10,0,0,0,10,0
tun45,195,SSBbelow8dB0,0,10,0,0,0,10,0
tun45,196,SSBbelow8dB0,0,10,0,0,0,10,0
tun45,197,SSBbelow8dB0,0,10,0,0,0,10,0
tun45,198,SSBbelow8dB0,0,10,0,0,0,10,0
tun45,199,SSBbelow8dB0,0,10,0,0,0,10,0
tun45,200,SSBbelow8dB0,0,10,0,0,0,10,0
tun45,201,SSBbelow8dB0,0,10,0,0,0,10,0
tun45,202,SSBbelow8dB0,0,10,0,0,0,10,0
tun45,203,SSBbelow8dB0,0,10,0,0,0,10,0
tun45,204,SSBbelow8dB0,0,10,0,0,0,10,0
tun45,205,SSBbelow8dB0,0,10,0,0,0,10,0
tun45,206,SSBbelow8dB0,0,10,0,0,0,10,0
tun45,207,SSBbelow8dB0,0,10,0,0,0,10,0
tun45,208,SSBbelow8dB0,0,10,0,0,0,10,0
tun45,209,SSBbelow8dB0,0,10,0,0,0,10,0
tun45,210,SSBbelow8dB0,0,10,0,0,0,10,0
tun45,211,SSBbelow8dB0,0,10,0,0,0,10,0
tun45,212,SSBbelow8dB0,0,10,0,0,0,10,0
tun45,213,SSBbelow8dB0,0,10,0,0,0,10,0
tun45,214,SSBbelow8dB0,0,10,0,0,0,10,0
tun45,215,SSBbelow8dB0,0,10,0,0,0,10,0
tun45,216,SSBbelow8dB0,0,10,0,0,0,10,0
tun45,217,SSBbelow8dB0,0,10,0,0,0,10,0
tun45,218,SSBbelow8dB0,0,10,0,0,0,10,0
tun45,219,SSBbelow8dB0,0,10,0,0,0,10,0
tun45,220,SSBbelow8dB0,0,10,0,0,0,10,0
tun45,221,SSBbelow8dB0,0,10,0,0,0,10,0
tun45,222,SSBbelow8dB0,0,10,0,0,0,10,0
tun45,223,SSBbelow8dB0,0,10,0,0,0,10,0
tun45,224,SSBbelow8dB0,0,10,0,0,0,10,0
tun45,225,SSBbelow8dB0,0,10,0,0,0,10,0
tun45,226,SSBbelow8dB0,4,10,0,0,0,10,0.4
tun45,227,SSBbelow8dB0,0,10,0,0,0,10,0
tun45,228,SSBbelow8dB0,0,10,0,0,0,10,0
tun45,229,SSBbelow8dB0,0,10,0,0,0,10,0
tun45,230,SSBbelow8dB0,0,10,0,0,0,10,0
tun45,231,SSBbelow8dB0,0,10,0,0,0,10,0
tun45,232,SSBbelow8dB0,0,10,0,0,0,10,0
tun45,233,SSBbelow8dB0,0,10,0,0,0,10,0
tun45,234,SSBbelow8dB0,0,10,0,0,0,10,0
tun45,235,SSBbelow8dB0,0,10,0,0,0,10,0
tun45,236,SSBbelow8dB0,0,10,0,0,0,10,0
tun45,237,SSBbelow8dB0,0,10,0,0,0,10,0
tun45,238,SSBbelow8dB0,0,10,0,0,0,10,0
tun45,239,SSBbelow8dB0,0,10,0,0,0,10,0
tun45,240,SSBbelow8dB0,0,10,0,0,0,10,0
tun45,241,SSBbelow8dB0,0,10,0,0,0,10,0
tun45,242,SSBbelow8dB0,0,10,0,0,0,10,0
tun45,243,SSBbelow8dB0,0,10,0,0,0,10,0
tun45,244,SSBbelow8dB0,0,10,0,0,0,10,0
tun45,245,SSBbelow8dB0,0,10,0,0,0,10,0
tun45,246,SSBbelow8dB0,0,10,0,0,0,10,0
tun45,247,SSBbelow8dB0,0,10,0,0,0,10,0
tun45,248,SSBbelow8dB0,10,10,0,0,0,10,1
tun45,249,SSBbelow8dB0,0,10,0,0,0,10,0
tun45,250,SSBbelow8dB0,0,10,0,0,0,10,0
tun45,251,SSBbelow8dB0,0,10,0,0,0,10,0
tun45,252,SSBbelow8dB0,2,10,0,0,0,10,0.2
tun45,253,SSBbelow8dB0,4,10,0,0,0,10,0.4
tun45,254,SSBbelow8dB0,0,10,0,0,0,10,0
tun45,255,SSBbelow8dB0,0,10,0,0,0,10,0
tun45,256,SSBbelow8dB0,0,10,0,0,0,10,0
tun45,257,SSBbelow8dB0,0,10,0,0,0,10,0
tun45,258,SSBbelow8dB0,0,10,0,0,0,10,0
tun45,259,SSBbelow8dB0,0,10,0,0,0,10,0
tun45,260,SSBbelow8dB0,0,10,0,0,0,10,0
tun45,261,SSBbelow8dB0,0,10,0,0,0,10,0
tun45,262,SSBbelow8dB0,0,10,0,0,0,10,0
tun45,263,SSBbelow8dB0,0,10,0,0,0,10,0
tun45,264,SSBbelow8dB0,0,10,0,0,0,10,0
tun45,265,SSBbelow8dB0,10,10,0,0,0,10,1
tun45,266,SSBbelow8dB0,0,10,0,0,0,10,0
tun45,267,SSBbelow8dB0,0,10,0,0,0,10,0
tun45,268,SSBbelow8dB0,0,10,0,0,0,10,0
tun45,269,SSBbelow8dB0,0,10,0,0,0,10,0
tun45,270,SSBbelow8dB0,0,10,0,0,0,10,0
tun45,271,SSBbelow8dB0,7,10,0,0,0,10,0.7
tun45,272,SSBbelow8dB0,0,10,0,0,0,10,0
tun45,273,SSBbelow8dB0,8,10,0,0,0,10,0.8
tun45,274,SSBbelow8dB0,0,10,0,0,0,10,0
tun45,275,SSBbelow8dB0,0,10,0,0,0,10,0
tun45,276,SSBbelow8dB0,0,10,0,0,0,10,0
tun45,277,SSBbelow8dB0,0,10,0,0,0,10,0
tun45,278,SSBbelow8dB0,0,10,0,0,0,10,0
tun45,279,SSBbelow8dB0,0,10,0,0,0,10,0
tun45,280,SSBbelow8dB0,0,10,0,0,0,10,0
tun45,281,SSBbelow8dB0,0,10,0,0,0,10,0
tun45,282,SSBbelow8dB0,0,10,0,0,0,10,0
tun45,283,SSBbelow8dB0,0,10,0,0,0,10,0
tun45,284,SSBbelow8dB0,0,10,0,0,0,10,0
tun45,285,SSBbelow8dB0,0,10,0,0,0,10,0
tun45,286,SSBbelow8dB0,0,10,0,0,0,10,0
tun45,287,SSBbelow8dB0,0,10,0,0,0,10,0
tun45,288,SSBbelow8dB0,0,10,0,0,0,10,0
tun45,289,SSBbelow8dB0,0,10,0,0,0,10,0
tun45,290,SSBbelow8dB0,0,10,0,0,0,10,0
tun45,291,SSBbelow8dB0,0,10,0,0,0,10,0
tun45,292,SSBbelow8dB0,0,10,0,0,0,10,0
tun45,293,SSBbelow8dB0,0,10,0,0,0,10,0
tun45,294,SSBbelow8dB0,0,10,0,0,0,10,0
tun45,295,SSBbelow8dB0,0,10,0,0,0,10,0
tun45,296,SSBbelow8dB0,0,10,0,0,0,10,0
tun45,297,SSBbelow8dB0,0,10,0,0,0,10,0
tun45,298,SSBbelow8dB0,0,10,0,0,0,10,0
tun45,299,SSBbelow8dB0,0,10,0,0,0,10,0
tun45,300,SSBbelow8dB0,0,10,0,0,0,10,0
tun45,301,SSBbelow8dB0,0,10,0,0,0,10,0
tun45,302,SSBbelow8dB0,4,10,0,0,0,10,0.4
tun45,303,SSBbelow8dB0,0,10,0,0,0,10,0
tun45,304,SSBbelow8dB0,0,10,0,0,0,10,0
tun45,305,SSBbelow8dB0,0,10,0,0,0,10,0
tun45,306,SSBbelow8dB0,0,10,0,0,0,10,0
tun45,307,SSBbelow8dB0,0,10,0,0,0,10,0
tun45,308,SSBbelow8dB0,10,10,0,0,0,10,1
tun45,309,SSBbelow8dB0,0,10,0,0,0,10,0
tun45,310,SSBbelow8dB0,10,10,0,0,0,10,1
tun45,311,SSBbelow8dB0,1,10,0,0,0,10,0.1
tun45,312,SSBbelow8dB0,10,10,0,0,0,10,1
tun45,313,SSBbelow8dB0,0,10,0,0,0,10,0
tun45,314,SSBbelow8dB0,0,10,0,0,0,10,0
tun45,315,SSBbelow8dB0,0,10,0,0,0,10,0
tun45,316,SSBbelow8dB0,0,10,0,0,0,10,0
tun45,317,SSBbelow8dB0,0,10,0,0,0,10,0
tun45,318,SSBbelow8dB0,0,10,0,0,0,10,0
tun45,319,SSBbelow8dB0,0,10,0,0,0,10,0
tun45,320,SSBbelow8dB0,0,10,0,0,0,10,0
tun45,321,SSBbelow8dB0,0,10,0,0,0,10,0
tun45,322,SSBbelow8dB0,0,10,0,0,0,10,0
tun45,323,SSBbelow8dB0,0,10,0,0,0,10,0
tun45,324,SSBbelow8dB0,0,10,0,0,0,10,0
tun45,325,SSBbelow8dB0,10,10,0,0,0,10,1
tun45,326,SSBbelow8dB0,0,10,0,0,0,10,0
tun45,327,SSBbelow8dB0,0,10,0,0,0,10,0
tun45,328,SSBbelow8dB0,0,10,0,0,0,10,0
tun45,329,SSBbelow8dB0,0,10,0,0,0,10,0
tun45,330,SSBbelow8dB0,10,10,0,0,0,10,1
tun45,331,SSBbelow8dB0,0,10,0,0,0,10,0
tun45,332,SSBbelow8dB0,0,10,0,0,0,10,0
tun45,333,SSBbelow8dB0,0,10,0,0,0,10,0
tun45,334,SSBbelow8dB0,0,10,0,0,0,10,0
tun45,335,SSBbelow8dB0,0,10,0,0,0,10,0
tun45,336,SSBbelow8dB0,0,10,0,0,0,10,0
tun45,337,SSBbelow8dB0,7,10,0,0,0,10,0.7
tun45,338,SSBbelow8dB0,0,10,0,0,0,10,0
tun45,339,SSBbelow8dB0,0,10,0,0,0,10,0
tun45,340,SSBbelow8dB0,0,10,0,0,0,10,0
tun45,341,SSBbelow8dB0,0,10,0,0,0,10,0
tun45,342,SSBbelow8dB0,0,10,0,0,0,10,0
tun45,343,SSBbelow8dB0,0,10,0,0,0,10,0
tun45,344,SSBbelow8dB0,0,10,0,0,0,10,0
tun45,345,SSBbelow8dB0,0,10,0,0,0,10,0
tun45,346,SSBbelow8dB0,0,10,0,0,0,10,0
tun45,347,SSBbelow8dB0,0,10,0,0,0,10,0
tun45,348,SSBbelow8dB0,0,10,0,0,0,10,0
tun45,349,SSBbelow8dB0,0,10,0,0,0,10,0
tun45,350,SSBbelow8dB0,0,10,0,0,0,10,0
tun45,351,SSBbelow8dB0,0,10,0,0,0,10,0
tun45,352,SSBbelow8dB0,0,10,0,0,0,10,0
tun45,353,SSBbelow8dB0,0,10,0,0,0,10,0
tun45,354,SSBbelow8dB0,0,10,0,0,0,10,0
tun45,355,SSBbelow8dB0,0,10,0,0,0,10,0
tun45,356,SSBbelow8dB0,0,10,0,0,0,10,0
tun45,357,SSBbelow8dB0,0,10,0,0,0,10,0
tun45,358,SSBbelow8dB0,0,10,0,0,0,10,0
tun45,359,SSBbelow8dB0,0,10,0,0,0,10,0
tun45,360,SSBbelow8dB0,0,10,0,0,0,10,0
tun45,361,SSBbelow8dB0,0,10,0,0,0,10,0
tun45,362,SSBbelow8dB0,0,10,0,0,0,10,0
tun45,363,SSBbelow8dB0,0,10,0,0,0,10,0
tun45,364,SSBbelow8dB0,0,10,0,0,0,10,0
tun45,365,SSBbelow8dB0,0,10,0,0,0,10,0
tun45,366,SSBbelow8dB0,0,10,0,0,0,10,0
tun45,367,SSBbelow8dB0,0,10,0,0,0,10,0
tun45,368,SSBbelow8dB0,0,10,0,0,0,10,0
tun45,369,SSBbelow8dB0,0,10,0,0,0,10,0
tun45,370,SSBbelow8dB0,0,10,0,0,0,10,0
tun45,371,SSBbelow8dB0,0,10,0,0,0,10,0
tun45,372,SSBbelow8dB0,0,10,0,0,0,10,0
tun45,373,SSBbelow8dB0,0,10,0,0,0,10,0
tun45,374,SSBbelow8dB0,0,10,0,0,0,10,0
tun45,375,SSBbelow8dB0,0,10,0,0,0,10,0
tun45,376,SSBbelow8dB0,0,10,0,0,0,10,0
tun45,377,SSBbelow8dB0,0,10,0,0,0,10,0
tun45,378,SSBbelow8dB0,0,10,0,0,0,10,0
tun45,379,SSBbelow8dB0,0,10,0,0,0,10,0
tun45,380,SSBbelow8dB0,5,10,0,0,0,10,0.5
tun45,381,SSBbelow8dB0,0,10,0,0,0,10,0
tun45,382,SSBbelow8dB0,0,10,0,0,0,10,0
tun45,383,SSBbelow8dB0,0,10,0,0,0,10,0
tun45,384,SSBbelow8dB0,8,10,0,0,0,10,0.8
tun45,385,SSBbelow8dB0,0,10,0,0,0,10,0
tun45,386,SSBbelow8dB0,0,10,0,0,0,10,0
tun45,387,SSBbelow8dB0,0,10,0,0,0,10,0
tun45,388,SSBbelow8dB0,9,10,0,0,0,10,0.9
tun45,389,SSBbelow8dB0,0,10,0,0,0,10,0
tun45,390,SSBbelow8dB0,10,10,0,0,0,10,1
tun45,391,SSBbelow8dB0,9,10,0,0,0,10,0.9
tun45,392,SSBbelow8dB0,0,10,0,0,0,10,0
tun45,393,SSBbelow8dB0,0,10,0,0,0,10,0
tun45,394,SSBbelow8dB0,0,10,0,0,0,10,0
tun45,395,SSBbelow8dB0,0,10,0,0,0,10,0
tun45,396,SSBbelow8dB0,0,10,0,0,0,10,0
tun45,397,SSBbelow8dB0,0,10,0,0,0,10,0
tun45,398,SSBbelow8dB0,0,10,0,0,0,10,0
tun45,399,SSBbelow8dB0,0,10,0,0,0,10,0
tun45,400,SSBbelow8dB0,0,10,0,0,0,10,0
tun45,401,SSBbelow8dB0,10,10,0,0,0,10,1
tun45,402,SSBbelow8dB0,0,10,0,0,0,10,0
tun45,403,SSBbelow8dB0,0,10,0,0,0,10,0
tun45,404,SSBbelow8dB0,0,10,0,0,0,10,0
tun45,405,SSBbelow8dB0,0,10,0,0,0,10,0
tun45,406,SSBbelow8dB0,0,10,0,0,0,10,0
tun45,407,SSBbelow8dB0,0,10,0,0,0,10,0
tun45,408,SSBbelow8dB0,0,10,0,0,0,10,0
tun45,409,SSBbelow8dB0,7,10,0,0,0,10,0.7
tun45,410,SSBbelow8dB0,0,10,0,0,0,10,0
tun45,411,SSBbelow8dB0,0,10,0,0,0,10,0
tun45,412,SSBbelow8dB0,0,10,0,0,0,10,0
tun45,413,SSBbelow8dB0,0,10,0,0,0,10,0
tun45,414,SSBbelow8dB0,0,10,0,0,0,10,0
tun45,415,SSBbelow8dB0,0,10,0,0,0,10,0
tun45,416,SSBbelow8dB0,0,10,0,0,0,10,0
tun45,417,SSBbelow8dB0,0,10,0,0,0,10,0
tun45,418,SSBbelow8dB0,0,10,0,0,0,10,0
tun45,419,SSBbelow8dB0,0,10,0,0,0,10,0
tun45,420,SSBbelow8dB0,0,10,0,0,0,10,0
tun45,421,SSBbelow8dB0,0,10,0,0,0,10,0
tun45,422,SSBbelow8dB0,0,10,0,0,0,10,0
tun45,423,SSBbelow8dB0,0,10,0,0,0,10,0
tun45,424,SSBbelow8dB0,0,10,0,0,0,10,0
tun45,425,SSBbelow8dB0,0,10,0,0,0,10,0
tun45,426,SSBbelow8dB0,0,10,0,0,0,10,0
tun45,427,SSBbelow8dB0,0,10,0,0,0,10,0
tun45,428,SSBbelow8dB0,0,10,0,0,0,10,0
tun45,429,SSBbelow8dB0,0,10,0,0,0,10,0
tun45,430,SSBbelow8dB0,0,10,0,0,0,10,0
tun45,431,SSBbelow8dB0,0,10,0,0,0,10,0
tun45,432,SSBbelow8dB0,0,10,0,0,0,10,0
tun45,433,SSBbelow8dB0,0,10,0,0,0,10,0
tun45,434,SSBbelow8dB0,0,10,0,0,0,10,0
tun45,435,SSBbelow8dB0,0,10,0,0,0,10,0
tun45,436,SSBbelow8dB0,0,10,0,0,0,10,0
tun45,437,SSBbelow8dB0,0,10,0,0,0,10,0
tun45,438,SSBbelow8dB0,0,10,0,0,0,10,0
tun45,439,SSBbelow8dB0,0,10,0,0,0,10,0
tun45,440,SSBbelow8dB0,0,10,0,0,0,10,0
tun45,441,SSBbelow8dB0,0,10,0,0,0,10,0
tun45,442,SSBbelow8dB0,0,10,0,0,0,10,0
tun45,443,SSBbelow8dB0,0,10,0,0,0,10,0
tun45,444,SSBbelow8dB0,0,10,0,0,0,10,0
tun45,445,SSBbelow8dB0,0,10,0,0,0,10,0
tun45,446,SSBbelow8dB0,0,10,0,0,0,10,0
tun45,447,SSBbelow8dB0,0,10,0,0,0,10,0
tun45,448,SSBbelow8dB0,10,10,0,0,0,10,1
tun45,449,SSBbelow8dB0,0,10,0,0,0,10,0
tun45,450,SSBbelow8dB0,0,10,0,0,0,10,0
tun45,451,SSBbelow8dB0,0,10,0,0,0,10,0
tun45,452,SSBbelow8dB0,0,10,0,0,0,10,0
tun45,453,SSBbelow8dB0,0,10,0,0,0,10,0
tun45,454,SSBbelow8dB0,0,10,0,0,0,10,0
tun45,455,SSBbelow8dB0,0,10,0,0,0,10,0
tun45,456,SSBbelow8dB0,0,10,0,0,0,10,0
tun45,457,SSBbelow8dB0,0,10,0,0,0,10,0
tun45,458,SSBbelow8dB0,0,10,0,0,0,10,0
tun45,459,SSBbelow8dB0,0,10,0,0,0,10,0
tun45,460,SSBbelow8dB0,0,10,0,0,0,10,0
tun45,461,SSBbelow8dB0,0,10,0,0,0,10,0
tun45,462,SSBbelow8dB0,0,10,0,0,0,10,0
tun45,463,SSBbelow8dB0,0,10,0,0,0,10,0
tun45,464,SSBbelow8dB0,0,10,0,0,0,10,0
tun45,465,SSBbelow8dB0,0,10,0,0,0,10,0
tun45,466,SSBbelow8dB0,0,10,0,0,0,10,0
tun45,467,SSBbelow8dB0,0,10,0,0,0,10,0
tun45,468,SSBbelow8dB0,0,10,0,0,0,10,0
tun45,469,SSBbelow8dB0,0,10,0,0,0,10,0
tun45,470,SSBbelow8dB0,7,10,0,0,0,10,0.7
tun45,471,SSBbelow8dB0,0,10,0,0,0,10,0
tun45,472,SSBbelow8dB0,0,10,0,0,0,10,0
tun45,473,SSBbelow8dB0,0,10,0,0,0,10,0
tun45,474,SSBbelow8dB0,0,10,0,0,0,10,0
tun45,475,SSBbelow8dB0,0,10,0,0,0,10,0
tun45,476,SSBbelow8dB0,0,10,0,0,0,10,0
tun45,477,SSBbelow8dB0,0,10,0,0,0,10,0
tun45,478,SSBbelow8dB0,0,10,0,0,0,10,0
tun45,479,SSBbelow8dB0,0,10,0,0,0,10,0
tun45,480,SSBbelow8dB0,0,10,0,0,0,10,0
tun45,481,SSBbelow8dB0,10,10,0,0,0,10,1
tun45,482,SSBbelow8dB0,0,10,0,0,0,10,0
tun45,483,SSBbelow8dB0,0,10,0,0,0,10,0
tun45,484,SSBbelow8dB0,4,10,0,0,0,10,0.4
tun45,485,SSBbelow8dB0,0,10,0,0,0,10,0
tun45,486,SSBbelow8dB0,0,10,0,0,0,10,0
tun45,487,SSBbelow8dB0,0,10,0,0,0,10,0
tun45,488,SSBbelow8dB0,0,10,0,0,0,10,0
tun45,489,SSBbelow8dB0,0,10,0,0,0,10,0
tun45,490,SSBbelow8dB0,0,10,0,0,0,10,0
tun45,491,SSBbelow8dB0,0,10,0,0,0,10,0
tun45,492,SSBbelow8dB0,0,10,0,0,0,10,0
tun45,493,SSBbelow8dB0,0,10,0,0,0,10,0
tun45,494,SSBbelow8dB0,0,10,0,0,0,10,0
tun45,495,SSBbelow8dB0,0,10,0,0,0,10,0
tun45,496,SSBbelow8dB0,0,10,0,0,0,10,0
tun45,497,SSBbelow8dB0,0,10,0,0,0,10,0
tun45,498,SSBbelow8dB0,0,10,0,0,0,10,0
tun45,499,SSBbelow8dB0,0,10,0,0,0,10,0
tun45,500,SSBbelow8dB0,8,10,0,0,0,10,0.8
tun47,1,SSBbelow8dB0,0,10,0,0,0,10,0
tun47,2,SSBbelow8dB0,0,10,0,0,0,10,0
tun47,3,SSBbelow8dB0,10,10,0,0,0,10,1
tun47,4,SSBbelow8dB0,0,10,0,0,0,10,0
tun47,5,SSBbelow8dB0,0,10,0,0,0,10,0
tun47,6,SSBbelow8dB0,0,10,0,0,0,10,0
tun47,7,SSBbelow8dB0,10,10,0,0,0,10,1
tun47,8,SSBbelow8dB0,10,10,0,0,0,10,1
tun47,9,SSBbelow8dB0,0,10,0,0,0,10,0
tun47,10,SSBbelow8dB0,0,10,0,0,0,10,0
tun47,11,SSBbelow8dB0,0,10,0,0,0,10,0
tun47,12,SSBbelow8dB0,0,10,0,0,0,10,0
tun47,13,SSBbelow8dB0,0,10,0,0,0,10,0
tun47,14,SSBbelow8dB0,0,10,0,0,0,10,0
tun47,15,SSBbelow8dB0,0,10,0,0,0,10,0
tun47,16,SSBbelow8dB0,0,10,0,0,0,10,0
tun47,17,SSBbelow8dB0,0,10,0,0,0,10,0
tun47,18,SSBbelow8dB0,0,10,0,0,0,10,0
tun47,19,SSBbelow8dB0,0,10,0,0,0,10,0
tun47,20,SSBbelow8dB0,0,10,0,0,0,10,0
tun47,21,SSBbelow8dB0,0,10,0,0,0,10,0
tun47,22,SSBbelow8dB0,0,10,0,0,0,10,0
tun47,23,SSBbelow8dB0,0,10,0,0,0,10,0
tun47,24,SSBbelow8dB0,0,10,0,0,0,10,0
tun47,25,SSBbelow8dB0,0,10,0,0,0,10,0
tun47,26,SSBbelow8dB0,0,10,0,0,0,10,0
tun47,27,SSBbelow8dB0,0,10,0,0,0,10,0
tun47,28,SSBbelow8dB0,0,10,0,0,0,10,0
tun47,29,SSBbelow8dB0,10,10,0,0,0,10,1
tun47,30,SSBbelow8dB0,0,10,0,0,0,10,0
tun47,31,SSBbelow8dB0,0,10,0,0,0,10,0
tun47,32,SSBbelow8dB0,0,10,0,0,0,10,0
tun47,33,SSBbelow8dB0,0,10,0,0,0,10,0
tun47,34,SSBbelow8dB0,0,10,0,0,0,10,0
tun47,35,SSBbelow8dB0,0,10,0,0,0,10,0
tun47,36,SSBbelow8dB0,0,10,0,0,0,10,0
tun47,37,SSBbelow8dB0,0,10,0,0,0,10,0
tun47,38,SSBbelow8dB0,0,10,0,0,0,10,0
tun47,39,SSBbelow8dB0,0,10,0,0,0,10,0
tun47,40,SSBbelow8dB0,0,10,0,0,0,10,0
tun47,41,SSBbelow8dB0,0,10,0,0,0,10,0
tun47,42,SSBbelow8dB0,0,10,0,0,0,10,0
tun47,43,SSBbelow8dB0,0,10,0,0,0,10,0
tun47,44,SSBbelow8dB0,0,10,0,0,0,10,0
tun47,45,SSBbelow8dB0,0,10,0,0,0,10,0
tun47,46,SSBbelow8dB0,0,10,0,0,0,10,0
tun47,47,SSBbelow8dB0,0,10,0,0,0,10,0
tun47,48,SSBbelow8dB0,0,10,0,0,0,10,0
tun47,49,SSBbelow8dB0,0,10,0,0,0,10,0
tun47,50,SSBbelow8dB0,0,10,0,0,0,10,0
tun47,51,SSBbelow8dB0,0,10,0,0,0,10,0
tun47,52,SSBbelow8dB0,0,10,0,0,0,10,0
tun47,53,SSBbelow8dB0,0,10,0,0,0,10,0
tun47,54,SSBbelow8dB0,0,10,0,0,0,10,0
tun47,55,SSBbelow8dB0,0,10,0,0,0,10,0
tun47,56,SSBbelow8dB0,0,10,0,0,0,10,0
tun47,57,SSBbelow8dB0,0,10,0,0,0,10,0
tun47,58,SSBbelow8dB0,0,10,0,0,0,10,0
tun47,59,SSBbelow8dB0,0,10,0,0,0,10,0
tun47,60,SSBbelow8dB0,0,10,0,0,0,10,0
tun47,61,SSBbelow8dB0,0,10,0,0,0,10,0
tun47,62,SSBbelow8dB0,4,10,0,0,0,10,0.4
tun47,63,SSBbelow8dB0,0,10,0,0,0,10,0
tun47,64,SSBbelow8dB0,0,10,0,0,0,10,0
tun47,65,SSBbelow8dB0,0,10,0,0,0,10,0
tun47,66,SSBbelow8dB0,0,10,0,0,0,10,0
tun47,67,SSBbelow8dB0,0,10,0,0,0,10,0
tun47,68,SSBbelow8dB0,0,10,0,0,0,10,0
tun47,69,SSBbelow8dB0,0,10,0,0,0,10,0
tun47,70,SSBbelow8dB0,0,10,0,0,0,10,0
tun47,71,SSBbelow8dB0,0,10,0,0,0,10,0
tun47,72,SSBbelow8dB0,0,10,0,0,0,10,0
tun47,73,SSBbelow8dB0,0,10,0,0,0,10,0
tun47,74,SSBbelow8dB0,0,10,0,0,0,10,0
tun47,75,SSBbelow8dB0,4,10,0,0,0,10,0.4
tun47,76,SSBbelow8dB0,0,10,0,0,0,10,0
tun47,77,SSBbelow8dB0,0,10,0,0,0,10,0
tun47,78,SSBbelow8dB0,0,10,0,0,0,10,0
tun47,79,SSBbelow8dB0,0,10,0,0,0,10,0
tun47,80,SSBbelow8dB0,0,10,0,0,0,10,0
tun47,81,SSBbelow8dB0,0,10,0,0,0,10,0
tun47,82,SSBbelow8dB0,0,10,0,0,0,10,0
tun47,83,SSBbelow8dB0,9,10,0,0,0,10,0.9
tun47,84,SSBbelow8dB0,0,10,0,0,0,10,0
tun47,85,SSBbelow8dB0,10,10,0,0,0,10,1
tun47,86,SSBbelow8dB0,0,10,0,0,0,10,0
tun47,87,SSBbelow8dB0,0,10,0,0,0,10,0
tun47,88,SSBbelow8dB0,0,10,0,0,0,10,0
tun47,89,SSBbelow8dB0,0,10,0,0,0,10,0
tun47,90,SSBbelow8dB0,0,10,0,0,0,10,0
tun47,91,SSBbelow8dB0,0,10,0,0,0,10,0
tun47,92,SSBbelow8dB0,0,10,0,0,0,10,0
tun47,93,SSBbelow8dB0,0,10,0,0,0,10,0
tun47,94,SSBbelow8dB0,0,10,0,0,0,10,0
tun47,95,SSBbelow8dB0,0,10,0,0,0,10,0
tun47,96,SSBbelow8dB0,0,10,0,0,0,10,0
tun47,97,SSBbelow8dB0,0,10,0,0,0,10,0
tun47,98,SSBbelow8dB0,0,10,0,0,0,10,0
tun47,99,SSBbelow8dB0,10,10,0,0,0,10,1
tun47,100,SSBbelow8dB0,0,10,0,0,0,10,0
tun47,101,SSBbelow8dB0,0,10,0,0,0,10,0
tun47,102,SSBbelow8dB0,0,10,0,0,0,10,0
tun47,103,SSBbelow8dB0,0,10,0,0,0,10,0
tun47,104,SSBbelow8dB0,0,10,0,0,0,10,0
tun47,105,SSBbelow8dB0,0,10,0,0,0,10,0
tun47,106,SSBbelow8dB0,0,10,0,0,0,10,0
tun47,107,SSBbelow8dB0,0,10,0,0,0,10,0
tun47,108,SSBbelow8dB0,0,10,0,0,0,10,0
tun47,109,SSBbelow8dB0,0,10,0,0,0,10,0
tun47,110,SSBbelow8dB0,0,10,0,0,0,10,0
tun47,111,SSBbelow8dB0,0,10,0,0,0,10,0
tun47,112,SSBbelow8dB0,0,10,0,0,0,10,0
tun47,113,SSBbelow8dB0,0,10,0,0,0,10,0
tun47,114,SSBbelow8dB0,0,10,0,0,0,10,0
tun47,115,SSBbelow8dB0,0,10,0,0,0,10,0
tun47,116,SSBbelow8dB0,0,10,0,0,0,10,0
tun47,117,SSBbelow8dB0,0,10,0,0,0,10,0
tun47,118,SSBbelow8dB0,0,10,0,0,0,10,0
tun47,119,SSBbelow8dB0,0,10,0,0,0,10,0
tun47,120,SSBbelow8dB0,0,10,0,0,0,10,0
tun47,121,SSBbelow8dB0,0,10,0,0,0,10,0
tun47,122,SSBbelow8dB0,0,10,0,0,0,10,0
tun47,123,SSBbelow8dB0,0,10,0,0,0,10,0
tun47,124,SSBbelow8dB0,0,10,0,0,0,10,0
tun47,125,SSBbelow8dB0,0,10,0,0,0,10,0
tun47,126,SSBbelow8dB0,0,10,0,0,0,10,0
tun47,127,SSBbelow8dB0,0,10,0,0,0,10,0
tun47,128,SSBbelow8dB0,0,10,0,0,0,10,0
tun47,129,SSBbelow8dB0,0,10,0,0,0,10,0
tun47,130,SSBbelow8dB0,6,10,0,0,0,10,0.6
tun47,131,SSBbelow8dB0,0,10,0,0,0,10,0
tun47,132,SSBbelow8dB0,0,10,0,0,0,10,0
tun47,133,SSBbelow8dB0,0,10,0,0,0,10,0
tun47,134,SSBbelow8dB0,0,10,0,0,0,10,0
tun47,135,SSBbelow8dB0,0,10,0,0,0,10,0
tun47,136,SSBbelow8dB0,0,10,0,0,0,10,0
tun47,137,SSBbelow8dB0,0,10,0,0,0,10,0
tun47,138,SSBbelow8dB0,0,10,0,0,0,10,0
tun47,139,SSBbelow8dB0,0,10,0,0,0,10,0
tun47,140,SSBbelow8dB0,0,10,0,0,0,10,0
tun47,141,SSBbelow8dB0,0,10,0,0,0,10,0
tun47,142,SSBbelow8dB0,0,10,0,0,0,10,0
tun47,143,SSBbelow8dB0,0,10,0,0,0,10,0
tun47,144,SSBbelow8dB0,0,10,0,0,0,10,0
tun47,145,SSBbelow8dB0,0,10,0,0,0,10,0
tun47,146,SSBbelow8dB0,0,10,0,0,0,10,0
tun47,147,SSBbelow8dB0,0,10,0,0,0,10,0
tun47,148,SSBbelow8dB0,0,10,0,0,0,10,0
tun47,149,SSBbelow8dB0,0,10,0,0,0,10,0
tun47,150,SSBbelow8dB0,0,10,0,0,0,10,0
tun47,151,SSBbelow8dB0,0,10,0,0,0,10,0
tun47,152,SSBbelow8dB0,0,10,0,0,0,10,0
tun47,153,SSBbelow8dB0,0,10,0,0,0,10,0
tun47,154,SSBbelow8dB0,0,10,0,0,0,10,0
tun47,155,SSBbelow8dB0,0,10,0,0,0,10,0
tun47,156,SSBbelow8dB0,0,10,0,0,0,10,0
tun47,157,SSBbelow8dB0,0,10,0,0,0,10,0
tun47,158,SSBbelow8dB0,0,10,0,0,0,10,0
tun47,159,SSBbelow8dB0,0,10,0,0,0,10,0
tun47,160,SSBbelow8dB0,0,10,0,0,0,10,0
tun47,161,SSBbelow8dB0,0,10,0,0,0,10,0
tun47,162,SSBbelow8dB0,0,10,0,0,0,10,0
tun47,163,SSBbelow8dB0,0,10,0,0,0,10,0
tun47,164,SSBbelow8dB0,0,10,0,0,0,10,0
tun47,165,SSBbelow8dB0,0,10,0,0,0,10,0
tun47,166,SSBbelow8dB0,0,10,0,0,0,10,0
tun47,167,SSBbelow8dB0,0,10,0,0,0,10,0
tun47,168,SSBbelow8dB0,0,10,0,0,0,10,0
tun47,169,SSBbelow8dB0,0,10,0,0,0,10,0
tun47,170,SSBbelow8dB0,0,10,0,0,0,10,0
tun47,171,SSBbelow8dB0,10,10,0,0,0,10,1
tun47,172,SSBbelow8dB0,0,10,0,0,0,10,0
tun47,173,SSBbelow8dB0,0,10,0,0,0,10,0
tun47,174,SSBbelow8dB0,0,10,0,0,0,10,0
tun47,175,SSBbelow8dB0,0,10,0,0,0,10,0
tun47,176,SSBbelow8dB0,0,10,0,0,0,10,0
tun47,177,SSBbelow8dB0,0,10,0,0,0,10,0
tun47,178,SSBbelow8dB0,0,10,0,0,0,10,0
tun47,179,SSBbelow8dB0,0,10,0,0,0,10,0
tun47,180,SSBbelow8dB0,0,10,0,0,0,10,0
tun47,181,SSBbelow8dB0,0,10,0,0,0,10,0
tun47,182,SSBbelow8dB0,0,10,0,0,0,10,0
tun47,183,SSBbelow8dB0,0,10,0,0,0,10,0
tun47,184,SSBbelow8dB0,10,10,0,0,0,10,1
tun47,185,SSBbelow8dB0,0,10,0,0,0,10,0
tun47,186,SSBbelow8dB0,0,10,0,0,0,10,0
tun47,187,SSBbelow8dB0,0,10,0,0,0,10,0
tun47,188,SSBbelow8dB0,0,10,0,0,0,10,0
tun47,189,SSBbelow8dB0,0,10,0,0,0,10,0
tun47,190,SSBbelow8dB0,0,10,0,0,0,10,0
tun47,191,SSBbelow8dB0,0,10,0,0,0,10,0
tun47,192,SSBbelow8dB0,0,10,0,0,0,10,0
tun47,193,SSBbelow8dB0,0,10,0,0,0,10,0
tun47,194,SSBbelow8dB0,0,10,0,0,0,10,0
tun47,195,SSBbelow8dB0,0,10,0,0,0,10,0
tun47,196,SSBbelow8dB0,0,10,0,0,0,10,0
tun47,197,SSBbelow8dB0,0,10,0,0,0,10,0
tun47,198,SSBbelow8dB0,0,10,0,0,0,10,0
tun47,199,SSBbelow8dB0,0,10,0,0,0,10,0
tun47,200,SSBbelow8dB0,0,10,0,0,0,10,0
tun47,201,SSBbelow8dB0,0,10,0,0,0,10,0
tun47,202,SSBbelow8dB0,0,10,0,0,0,10,0
tun47,203,SSBbelow8dB0,0,10,0,0,0,10,0
tun47,204,SSBbelow8dB0,0,10,0,0,0,10,0
tun47,205,SSBbelow8dB0,0,10,0,0,0,10,0
tun47,206,SSBbelow8dB0,0,10,0,0,0,10,0
tun47,207,SSBbelow8dB0,0,10,0,0,0,10,0
tun47,208,SSBbelow8dB0,0,10,0,0,0,10,0
tun47,209,SSBbelow8dB0,0,10,0,0,0,10,0
tun47,210,SSBbelow8dB0,0,10,0,0,0,10,0
tun47,211,SSBbelow8dB0,0,10,0,0,0,10,0
tun47,212,SSBbelow8dB0,0,10,0,0,0,10,0
tun47,213,SSBbelow8dB0,0,10,0,0,0,10,0
tun47,214,SSBbelow8dB0,0,10,0,0,0,10,0
tun47,215,SSBbelow8dB0,0,10,0,0,0,10,0
tun47,216,SSBbelow8dB0,0,10,0,0,0,10,0
tun47,217,SSBbelow8dB0,0,10,0,0,0,10,0
tun47,218,SSBbelow8dB0,0,10,0,0,0,10,0
tun47,219,SSBbelow8dB0,0,10,0,0,0,10,0
tun47,220,SSBbelow8dB0,0,10,0,0,0,10,0
tun47,221,SSBbelow8dB0,0,10,0,0,0,10,0
tun47,222,SSBbelow8dB0,0,10,0,0,0,10,0
tun47,223,SSBbelow8dB0,0,10,0,0,0,10,0
tun47,224,SSBbelow8dB0,0,10,0,0,0,10,0
tun47,225,SSBbelow8dB0,0,10,0,0,0,10,0
tun47,226,SSBbelow8dB0,0,10,0,0,0,10,0
tun47,227,SSBbelow8dB0,0,10,0,0,0,10,0
tun47,228,SSBbelow8dB0,0,10,0,0,0,10,0
tun47,229,SSBbelow8dB0,0,10,0,0,0,10,0
tun47,230,SSBbelow8dB0,0,10,0,0,0,10,0
tun47,231,SSBbelow8dB0,0,10,0,0,0,10,0
tun47,232,SSBbelow8dB0,0,10,0,0,0,10,0
tun47,233,SSBbelow8dB0,0,10,0,0,0,10,0
tun47,234,SSBbelow8dB0,1,10,0,0,0,10,0.1
tun47,235,SSBbelow8dB0,0,10,0,0,0,10,0
tun47,236,SSBbelow8dB0,0,10,0,0,0,10,0
tun47,237,SSBbelow8dB0,0,10,0,0,0,10,0
tun47,238,SSBbelow8dB0,0,10,0,0,0,10,0
tun47,239,SSBbelow8dB0,0,10,0,0,0,10,0
tun47,240,SSBbelow8dB0,0,10,0,0,0,10,0
tun47,241,SSBbelow8dB0,0,10,0,0,0,10,0
tun47,242,SSBbelow8dB0,0,10,0,0,0,10,0
tun47,243,SSBbelow8dB0,0,10,0,0,0,10,0
tun47,244,SSBbelow8dB0,0,10,0,0,0,10,0
tun47,245,SSBbelow8dB0,0,10,0,0,0,10,0
tun47,246,SSBbelow8dB0,0,10,0,0,0,10,0
tun47,247,SSBbelow8dB0,0,10,0,0,0,10,0
tun47,248,SSBbelow8dB0,10,10,0,0,0,10,1
tun47,249,SSBbelow8dB0,0,10,0,0,0,10,0
tun47,250,SSBbelow8dB0,0,10,0,0,0,10,0
tun47,251,SSBbelow8dB0,0,10,0,0,0,10,0
tun47,252,SSBbelow8dB0,2,10,0,0,0,10,0.2
tun47,253,SSBbelow8dB0,0,10,0,0,0,10,0
tun47,254,SSBbelow8dB0,0,10,0,0,0,10,0
tun47,255,SSBbelow8dB0,0,10,0,0,0,10,0
tun47,256,SSBbelow8dB0,0,10,0,0,0,10,0
tun47,257,SSBbelow8dB0,0,10,0,0,0,10,0
tun47,258,SSBbelow8dB0,0,10,0,0,0,10,0
tun47,259,SSBbelow8dB0,0,10,0,0,0,10,0
tun47,260,SSBbelow8dB0,0,10,0,0,0,10,0
tun47,261,SSBbelow8dB0,0,10,0,0,0,10,0
tun47,262,SSBbelow8dB0,0,10,0,0,0,10,0
tun47,263,SSBbelow8dB0,0,10,0,0,0,10,0
tun47,264,SSBbelow8dB0,0,10,0,0,0,10,0
tun47,265,SSBbelow8dB0,10,10,0,0,0,10,1
tun47,266,SSBbelow8dB0,0,10,0,0,0,10,0
tun47,267,SSBbelow8dB0,0,10,0,0,0,10,0
tun47,268,SSBbelow8dB0,0,10,0,0,0,10,0
tun47,269,SSBbelow8dB0,0,10,0,0,0,10,0
tun47,270,SSBbelow8dB0,0,10,0,0,0,10,0
tun47,271,SSBbelow8dB0,3,10,0,0,0,10,0.3
tun47,272,SSBbelow8dB0,0,10,0,0,0,10,0
tun47,273,SSBbelow8dB0,2,10,0,0,0,10,0.2
tun47,274,SSBbelow8dB0,0,10,0,0,0,10,0
tun47,275,SSBbelow8dB0,0,10,0,0,0,10,0
tun47,276,SSBbelow8dB0,0,10,0,0,0,10,0
tun47,277,SSBbelow8dB0,0,10,0,0,0,10,0
tun47,278,SSBbelow8dB0,0,10,0,0,0,10,0
tun47,279,SSBbelow8dB0,0,10,0,0,0,10,0
tun47,280,SSBbelow8dB0,0,10,0,0,0,10,0
tun47,281,SSBbelow8dB0,0,10,0,0,0,10,0
tun47,282,SSBbelow8dB0,0,10,0,0,0,10,0
tun47,283,SSBbelow8dB0,0,10,0,0,0,10,0
tun47,284,SSBbelow8dB0,0,10,0,0,0,10,0
tun47,285,SSBbelow8dB0,0,10,0,0,0,10,0
tun47,286,SSBbelow8dB0,0,10,0,0,0,10,0
tun47,287,SSBbelow8dB0,0,10,0,0,0,10,0
tun47,288,SSBbelow8dB0,0,10,0,0,0,10,0
tun47,289,SSBbelow8dB0,0,10,0,0,0,10,0
tun47,290,SSBbelow8dB0,0,10,0,0,0,10,0
tun47,291,SSBbelow8dB0,0,10,0,0,0,10,0
tun47,292,SSBbelow8dB0,0,10,0,0,0,10,0
tun47,293,SSBbelow8dB0,0,10,0,0,0,10,0
tun47,294,SSBbelow8dB0,0,10,0,0,0,10,0
tun47,295,SSBbelow8dB0,0,10,0,0,0,10,0
tun47,296,SSBbelow8dB0,0,10,0,0,0,10,0
tun47,297,SSBbelow8dB0,0,10,0,0,0,10,0
tun47,298,SSBbelow8dB0,0,10,0,0,0,10,0
tun47,299,SSBbelow8dB0,0,10,0,0,0,10,0
tun47,300,SSBbelow8dB0,0,10,0,0,0,10,0
tun47,301,SSBbelow8dB0,0,10,0,0,0,10,0
tun47,302,SSBbelow8dB0,0,10,0,0,0,10,0
tun47,303,SSBbelow8dB0,0,10,0,0,0,10,0
tun47,304,SSBbelow8dB0,0,10,0,0,0,10,0
tun47,305,SSBbelow8dB0,0,10,0,0,0,10,0
tun47,306,SSBbelow8dB0,0,10,0,0,0,10,0
tun47,307,SSBbelow8dB0,0,10,0,0,0,10,0
tun47,308,SSBbelow8dB0,10,10,0,0,0,10,1
tun47,309,SSBbelow8dB0,0,10,0,0,0,10,0
tun47,310,SSBbelow8dB0,0,10,0,0,0,10,0
tun47,311,SSBbelow8dB0,0,10,0,0,0,10,0
tun47,312,SSBbelow8dB0,4,10,0,0,0,10,0.4
tun47,313,SSBbelow8dB0,0,10,0,0,0,10,0
tun47,314,SSBbelow8dB0,0,10,0,0,0,10,0
tun47,315,SSBbelow8dB0,0,10,0,0,0,10,0
tun47,316,SSBbelow8dB0,0,10,0,0,0,10,0
tun47,317,SSBbelow8dB0,0,10,0,0,0,10,0
tun47,318,SSBbelow8dB0,0,10,0,0,0,10,0
tun47,319,SSBbelow8dB0,0,10,0,0,0,10,0
tun47,320,SSBbelow8dB0,0,10,0,0,0,10,0
tun47,321,SSBbelow8dB0,0,10,0,0,0,10,0
tun47,322,SSBbelow8dB0,0,10,0,0,0,10,0
tun47,323,SSBbelow8dB0,0,10,0,0,0,10,0
tun47,324,SSBbelow8dB0,0,10,0,0,0,10,0
tun47,325,SSBbelow8dB0,0,10,0,0,0,10,0
tun47,326,SSBbelow8dB0,0,10,0,0,0,10,0
tun47,327,SSBbelow8dB0,0,10,0,0,0,10,0
tun47,328,SSBbelow8dB0,0,10,0,0,0,10,0
tun47,329,SSBbelow8dB0,0,10,0,0,0,10,0
tun47,330,SSBbelow8dB0,10,10,0,0,0,10,1
tun47,331,SSBbelow8dB0,0,10,0,0,0,10,0
tun47,332,SSBbelow8dB0,0,10,0,0,0,10,0
tun47,333,SSBbelow8dB0,0,10,0,0,0,10,0
tun47,334,SSBbelow8dB0,0,10,0,0,0,10,0
tun47,335,SSBbelow8dB0,0,10,0,0,0,10,0
tun47,336,SSBbelow8dB0,0,10,0,0,0,10,0
tun47,337,SSBbelow8dB0,0,10,0,0,0,10,0
tun47,338,SSBbelow8dB0,0,10,0,0,0,10,0
tun47,339,SSBbelow8dB0,0,10,0,0,0,10,0
tun47,340,SSBbelow8dB0,0,10,0,0,0,10,0
tun47,341,SSBbelow8dB0,0,10,0,0,0,10,0
tun47,342,SSBbelow8dB0,0,10,0,0,0,10,0
tun47,343,SSBbelow8dB0,0,10,0,0,0,10,0
tun47,344,SSBbelow8dB0,0,10,0,0,0,10,0
tun47,345,SSBbelow8dB0,0,10,0,0,0,10,0
tun47,346,SSBbelow8dB0,0,10,0,0,0,10,0
tun47,347,SSBbelow8dB0,0,10,0,0,0,10,0
tun47,348,SSBbelow8dB0,0,10,0,0,0,10,0
tun47,349,SSBbelow8dB0,0,10,0,0,0,10,0
tun47,350,SSBbelow8dB0,0,10,0,0,0,10,0
tun47,351,SSBbelow8dB0,0,10,0,0,0,10,0
tun47,352,SSBbelow8dB0,0,10,0,0,0,10,0
tun47,353,SSBbelow8dB0,0,10,0,0,0,10,0
tun47,354,SSBbelow8dB0,0,10,0,0,0,10,0
tun47,355,SSBbelow8dB0,0,10,0,0,0,10,0
tun47,356,SSBbelow8dB0,0,10,0,0,0,10,0
tun47,357,SSBbelow8dB0,0,10,0,0,0,10,0
tun47,358,SSBbelow8dB0,0,10,0,0,0,10,0
tun47,359,SSBbelow8dB0,0,10,0,0,0,10,0
tun47,360,SSBbelow8dB0,0,10,0,0,0,10,0
tun47,361,SSBbelow8dB0,0,10,0,0,0,10,0
tun47,362,SSBbelow8dB0,0,10,0,0,0,10,0
tun47,363,SSBbelow8dB0,0,10,0,0,0,10,0
tun47,364,SSBbelow8dB0,0,10,0,0,0,10,0
tun47,365,SSBbelow8dB0,0,10,0,0,0,10,0
tun47,366,SSBbelow8dB0,0,10,0,0,0,10,0
tun47,367,SSBbelow8dB0,0,10,0,0,0,10,0
tun47,368,SSBbelow8dB0,0,10,0,0,0,10,0
tun47,369,SSBbelow8dB0,0,10,0,0,0,10,0
tun47,370,SSBbelow8dB0,0,10,0,0,0,10,0
tun47,371,SSBbelow8dB0,0,10,0,0,0,10,0
tun47,372,SSBbelow8dB0,0,10,0,0,0,10,0
tun47,373,SSBbelow8dB0,0,10,0,0,0,10,0
tun47,374,SSBbelow8dB0,0,10,0,0,0,10,0
tun47,375,SSBbelow8dB0,0,10,0,0,0,10,0
tun47,376,SSBbelow8dB0,0,10,0,0,0,10,0
tun47,377,SSBbelow8dB0,0,10,0,0,0,10,0
tun47,378,SSBbelow8dB0,0,10,0,0,0,10,0
tun47,379,SSBbelow8dB0,0,10,0,0,0,10,0
tun47,380,SSBbelow8dB0,5,10,0,0,0,10,0.5
tun47,381,SSBbelow8dB0,0,10,0,0,0,10,0
tun47,382,SSBbelow8dB0,0,10,0,0,0,10,0
tun47,383,SSBbelow8dB0,0,10,0,0,0,10,0
tun47,384,SSBbelow8dB0,8,10,0,0,0,10,0.8
tun47,385,SSBbelow8dB0,0,10,0,0,0,10,0
tun47,386,SSBbelow8dB0,0,10,0,0,0,10,0
tun47,387,SSBbelow8dB0,0,10,0,0,0,10,0
tun47,388,SSBbelow8dB0,5,10,0,0,0,10,0.5
tun47,389,SSBbelow8dB0,0,10,0,0,0,10,0
tun47,390,SSBbelow8dB0,10,10,0,0,0,10,1
tun47,391,SSBbelow8dB0,9,10,0,0,0,10,0.9
tun47,392,SSBbelow8dB0,0,10,0,0,0,10,0
tun47,393,SSBbelow8dB0,0,10,0,0,0,10,0
tun47,394,SSBbelow8dB0,0,10,0,0,0,10,0
tun47,395,SSBbelow8dB0,0,10,0,0,0,10,0
tun47,396,SSBbelow8dB0,0,10,0,0,0,10,0
tun47,397,SSBbelow8dB0,0,10,0,0,0,10,0
tun47,398,SSBbelow8dB0,0,10,0,0,0,10,0
tun47,399,SSBbelow8dB0,0,10,0,0,0,10,0
tun47,400,SSBbelow8dB0,0,10,0,0,0,10,0
tun47,401,SSBbelow8dB0,10,10,0,0,0,10,1
tun47,402,SSBbelow8dB0,0,10,0,0,0,10,0
tun47,403,SSBbelow8dB0,0,10,0,0,0,10,0
tun47,404,SSBbelow8dB0,0,10,0,0,0,10,0
tun47,405,SSBbelow8dB0,0,10,0,0,0,10,0
tun47,406,SSBbelow8dB0,0,10,0,0,0,10,0
tun47,407,SSBbelow8dB0,0,10,0,0,0,10,0
tun47,408,SSBbelow8dB0,0,10,0,0,0,10,0
tun47,409,SSBbelow8dB0,2,10,0,0,0,10,0.2
tun47,410,SSBbelow8dB0,0,10,0,0,0,10,0
tun47,411,SSBbelow8dB0,0,10,0,0,0,10,0
tun47,412,SSBbelow8dB0,0,10,0,0,0,10,0
tun47,413,SSBbelow8dB0,0,10,0,0,0,10,0
tun47,414,SSBbelow8dB0,0,10,0,0,0,10,0
tun47,415,SSBbelow8dB0,0,10,0,0,0,10,0
tun47,416,SSBbelow8dB0,0,10,0,0,0,10,0
tun47,417,SSBbelow8dB0,0,10,0,0,0,10,0
tun47,418,SSBbelow8dB0,0,10,0,0,0,10,0
tun47,419,SSBbelow8dB0,0,10,0,0,0,10,0
tun47,420,SSBbelow8dB0,0,10,0,0,0,10,0
tun47,421,SSBbelow8dB0,0,10,0,0,0,10,0
tun47,422,SSBbelow8dB0,0,10,0,0,0,10,0
tun47,423,SSBbelow8dB0,0,10,0,0,0,10,0
tun47,424,SSBbelow8dB0,0,10,0,0,0,10,0
tun47,425,SSBbelow8dB0,0,10,0,0,0,10,0
tun47,426,SSBbelow8dB0,0,10,0,0,0,10,0
tun47,427,SSBbelow8dB0,0,10,0,0,0,10,0
tun47,428,SSBbelow8dB0,0,10,0,0,0,10,0
tun47,429,SSBbelow8dB0,0,10,0,0,0,10,0
tun47,430,SSBbelow8dB0,0,10,0,0,0,10,0
tun47,431,SSBbelow8dB0,0,10,0,0,0,10,0
tun47,432,SSBbelow8dB0,0,10,0,0,0,10,0
tun47,433,SSBbelow8dB0,0,10,0,0,0,10,0
tun47,434,SSBbelow8dB0,0,10,0,0,0,10,0
tun47,435,SSBbelow8dB0,0,10,0,0,0,10,0
tun47,436,SSBbelow8dB0,0,10,0,0,0,10,0
tun47,437,SSBbelow8dB0,0,10,0,0,0,10,0
tun47,438,SSBbelow8dB0,0,10,0,0,0,10,0
tun47,439,SSBbelow8dB0,0,10,0,0,0,10,0
tun47,440,SSBbelow8dB0,0,10,0,0,0,10,0
tun47,441,SSBbelow8dB0,0,10,0,0,0,10,0
tun47,442,SSBbelow8dB0,0,10,0,0,0,10,0
tun47,443,SSBbelow8dB0,0,10,0,0,0,10,0
tun47,444,SSBbelow8dB0,0,10,0,0,0,10,0
tun47,445,SSBbelow8dB0,0,10,0,0,0,10,0
tun47,446,SSBbelow8dB0,0,10,0,0,0,10,0
tun47,447,SSBbelow8dB0,0,10,0,0,0,10,0
tun47,448,SSBbelow8dB0,10,10,0,0,0,10,1
tun47,449,SSBbelow8dB0,0,10,0,0,0,10,0
tun47,450,SSBbelow8dB0,0,10,0,0,0,10,0
tun47,451,SSBbelow8dB0,0,10,0,0,0,10,0
tun47,452,SSBbelow8dB0,0,10,0,0,0,10,0
tun47,453,SSBbelow8dB0,0,10,0,0,0,10,0
tun47,454,SSBbelow8dB0,0,10,0,0,0,10,0
tun47,455,SSBbelow8dB0,0,10,0,0,0,10,0
tun47,456,SSBbelow8dB0,0,10,0,0,0,10,0
tun47,457,SSBbelow8dB0,0,10,0,0,0,10,0
tun47,458,SSBbelow8dB0,0,10,0,0,0,10,0
tun47,459,SSBbelow8dB0,0,10,0,0,0,10,0
tun47,460,SSBbelow8dB0,0,10,0,0,0,10,0
tun47,461,SSBbelow8dB0,0,10,0,0,0,10,0
tun47,462,SSBbelow8dB0,0,10,0,0,0,10,0
tun47,463,SSBbelow8dB0,0,10,0,0,0,10,0
tun47,464,SSBbelow8dB0,0,10,0,0,0,10,0
tun47,465,SSBbelow8dB0,0,10,0,0,0,10,0
tun47,466,SSBbelow8dB0,0,10,0,0,0,10,0
tun47,467,SSBbelow8dB0,0,10,0,0,0,10,0
tun47,468,SSBbelow8dB0,0,10,0,0,0,10,0
tun47,469,SSBbelow8dB0,0,10,0,0,0,10,0
tun47,470,SSBbelow8dB0,7,10,0,0,0,10,0.7
tun47,471,SSBbelow8dB0,0,10,0,0,0,10,0
tun47,472,SSBbelow8dB0,0,10,0,0,0,10,0
tun47,473,SSBbelow8dB0,0,10,0,0,0,10,0
tun47,474,SSBbelow8dB0,0,10,0,0,0,10,0
tun47,475,SSBbelow8dB0,0,10,0,0,0,10,0
tun47,476,SSBbelow8dB0,0,10,0,0,0,10,0
tun47,477,SSBbelow8dB0,0,10,0,0,0,10,0
tun47,478,SSBbelow8dB0,0,10,0,0,0,10,0
tun47,479,SSBbelow8dB0,0,10,0,0,0,10,0
tun47,480,SSBbelow8dB0,0,10,0,0,0,10,0
tun47,481,SSBbelow8dB0,1,10,0,0,0,10,0.1
tun47,482,SSBbelow8dB0,0,10,0,0,0,10,0
tun47,483,SSBbelow8dB0,0,10,0,0,0,10,0
tun47,484,SSBbelow8dB0,0,10,0,0,0,10,0
tun47,485,SSBbelow8dB0,0,10,0,0,0,10,0
tun47,486,SSBbelow8dB0,0,10,0,0,0,10,0
tun47,487,SSBbelow8dB0,0,10,0,0,0,10,0
tun47,488,SSBbelow8dB0,0,10,0,0,0,10,0
tun47,489,SSBbelow8dB0,0,10,0,0,0,10,0
tun47,490,SSBbelow8dB0,0,10,0,0,0,10,0
tun47,491,SSBbelow8dB0,0,10,0,0,0,10,0
tun47,492,SSBbelow8dB0,0,10,0,0,0,10,0
tun47,493,SSBbelow8dB0,0,10,0,0,0,10,0
tun47,494,SSBbelow8dB0,0,10,0,0,0,10,0
tun47,495,SSBbelow8dB0,0,10,0,0,0,10,0
tun47,496,SSBbelow8dB0,0,10,0,0,0,10,0
tun47,497,SSBbelow8dB0,0,10,0,0,0,10,0
tun47,498,SSBbelow8dB0,0,10,0,0,0,10,0
tun47,499,SSBbelow8dB0,0,10,0,0,0,10,0
tun47,500,SSBbelow8dB0,4,10,0,0,0,10,0.4
tun32,1,SSBbelow8dB0,0,10,0,0,0,10,0
tun32,2,SSBbelow8dB0,0,10,0,0,0,10,0
tun32,3,SSBbelow8dB0,10,10,0,0,0,10,1
tun32,4,SSBbelow8dB0,0,10,0,0,0,10,0
tun32,5,SSBbelow8dB0,0,10,0,0,0,10,0
tun32,6,SSBbelow8dB0,0,10,0,0,0,10,0
tun32,7,SSBbelow8dB0,10,10,0,0,0,10,1
tun32,8,SSBbelow8dB0,10,10,0,0,0,10,1
tun32,9,SSBbelow8dB0,0,10,0,0,0,10,0
tun32,10,SSBbelow8dB0,0,10,0,0,0,10,0
tun32,11,SSBbelow8dB0,0,10,0,0,0,10,0
tun32,12,SSBbelow8dB0,0,10,0,0,0,10,0
tun32,13,SSBbelow8dB0,0,10,0,0,0,10,0
tun32,14,SSBbelow8dB0,0,10,0,0,0,10,0
tun32,15,SSBbelow8dB0,0,10,0,0,0,10,0
tun32,16,SSBbelow8dB0,0,10,0,0,0,10,0
tun32,17,SSBbelow8dB0,0,10,0,0,0,10,0
tun32,18,SSBbelow8dB0,0,10,0,0,0,10,0
tun32,19,SSBbelow8dB0,7,10,0,0,0,10,0.7
tun32,20,SSBbelow8dB0,0,10,0,0,0,10,0
tun32,21,SSBbelow8dB0,0,10,0,0,0,10,0
tun32,22,SSBbelow8dB0,0,10,0,0,0,10,0
tun32,23,SSBbelow8dB0,0,10,0,0,0,10,0
tun32,24,SSBbelow8dB0,0,10,0,0,0,10,0
tun32,25,SSBbelow8dB0,0,10,0,0,0,10,0
tun32,26,SSBbelow8dB0,0,10,0,0,0,10,0
tun32,27,SSBbelow8dB0,0,10,0,0,0,10,0
tun32,28,SSBbelow8dB0,0,10,0,0,0,10,0
tun32,29,SSBbelow8dB0,9,10,0,0,0,10,0.9
tun32,30,SSBbelow8dB0,0,10,0,0,0,10,0
tun32,31,SSBbelow8dB0,0,10,0,0,0,10,0
tun32,32,SSBbelow8dB0,0,10,0,0,0,10,0
tun32,33,SSBbelow8dB0,0,10,0,0,0,10,0
tun32,34,SSBbelow8dB0,0,10,0,0,0,10,0
tun32,35,SSBbelow8dB0,0,10,0,0,0,10,0
tun32,36,SSBbelow8dB0,0,10,0,0,0,10,0
tun32,37,SSBbelow8dB0,0,10,0,0,0,10,0
tun32,38,SSBbelow8dB0,0,10,0,0,0,10,0
tun32,39,SSBbelow8dB0,0,10,0,0,0,10,0
tun32,40,SSBbelow8dB0,0,10,0,0,0,10,0
tun32,41,SSBbelow8dB0,0,10,0,0,0,10,0
tun32,42,SSBbelow8dB0,0,10,0,0,0,10,0
tun32,43,SSBbelow8dB0,0,10,0,0,0,10,0
tun32,44,SSBbelow8dB0,0,10,0,0,0,10,0
tun32,45,SSBbelow8dB0,0,10,0,0,0,10,0
tun32,46,SSBbelow8dB0,0,10,0,0,0,10,0
tun32,47,SSBbelow8dB0,0,10,0,0,0,10,0
tun32,48,SSBbelow8dB0,0,10,0,0,0,10,0
tun32,49,SSBbelow8dB0,0,10,0,0,0,10,0
tun32,50,SSBbelow8dB0,0,10,0,0,0,10,0
tun32,51,SSBbelow8dB0,0,10,0,0,0,10,0
tun32,52,SSBbelow8dB0,0,10,0,0,0,10,0
tun32,53,SSBbelow8dB0,0,10,0,0,0,10,0
tun32,54,SSBbelow8dB0,0,10,0,0,0,10,0
tun32,55,SSBbelow8dB0,0,10,0,0,0,10,0
tun32,56,SSBbelow8dB0,4,10,0,0,0,10,0.4
tun32,57,SSBbelow8dB0,0,10,0,0,0,10,0
tun32,58,SSBbelow8dB0,0,10,0,0,0,10,0
tun32,59,SSBbelow8dB0,0,10,0,0,0,10,0
tun32,60,SSBbelow8dB0,10,10,0,0,0,10,1
tun32,61,SSBbelow8dB0,0,10,0,0,0,10,0
tun32,62,SSBbelow8dB0,0,10,0,0,0,10,0
tun32,63,SSBbelow8dB0,0,10,0,0,0,10,0
tun32,64,SSBbelow8dB0,0,10,0,0,0,10,0
tun32,65,SSBbelow8dB0,0,10,0,0,0,10,0
tun32,66,SSBbelow8dB0,0,10,0,0,0,10,0
tun32,67,SSBbelow8dB0,0,10,0,0,0,10,0
tun32,68,SSBbelow8dB0,0,10,0,0,0,10,0
tun32,69,SSBbelow8dB0,0,10,0,0,0,10,0
tun32,70,SSBbelow8dB0,0,10,0,0,0,10,0
tun32,71,SSBbelow8dB0,0,10,0,0,0,10,0
tun32,72,SSBbelow8dB0,0,10,0,0,0,10,0
tun32,73,SSBbelow8dB0,0,10,0,0,0,10,0
tun32,74,SSBbelow8dB0,0,10,0,0,0,10,0
tun32,75,SSBbelow8dB0,5,10,0,0,0,10,0.5
tun32,76,SSBbelow8dB0,0,10,0,0,0,10,0
tun32,77,SSBbelow8dB0,0,10,0,0,0,10,0
tun32,78,SSBbelow8dB0,7,10,0,0,0,10,0.7
tun32,79,SSBbelow8dB0,0,10,0,0,0,10,0
tun32,80,SSBbelow8dB0,0,10,0,0,0,10,0
tun32,81,SSBbelow8dB0,0,10,0,0,0,10,0
tun32,82,SSBbelow8dB0,0,10,0,0,0,10,0
tun32,83,SSBbelow8dB0,8,10,0,0,0,10,0.8
tun32,84,SSBbelow8dB0,0,10,0,0,0,10,0
tun32,85,SSBbelow8dB0,9,10,0,0,0,10,0.9
tun32,86,SSBbelow8dB0,0,10,0,0,0,10,0
tun32,87,SSBbelow8dB0,0,10,0,0,0,10,0
tun32,88,SSBbelow8dB0,0,10,0,0,0,10,0
tun32,89,SSBbelow8dB0,0,10,0,0,0,10,0
tun32,90,SSBbelow8dB0,0,10,0,0,0,10,0
tun32,91,SSBbelow8dB0,0,10,0,0,0,10,0
tun32,92,SSBbelow8dB0,0,10,0,0,0,10,0
tun32,93,SSBbelow8dB0,0,10,0,0,0,10,0
tun32,94,SSBbelow8dB0,0,10,0,0,0,10,0
tun32,95,SSBbelow8dB0,0,10,0,0,0,10,0
tun32,96,SSBbelow8dB0,0,10,0,0,0,10,0
tun32,97,SSBbelow8dB0,0,10,0,0,0,10,0
tun32,98,SSBbelow8dB0,0,10,0,0,0,10,0
tun32,99,SSBbelow8dB0,10,10,0,0,0,10,1
tun32,100,SSBbelow8dB0,0,10,0,0,0,10,0
tun32,101,SSBbelow8dB0,0,10,0,0,0,10,0
tun32,102,SSBbelow8dB0,0,10,0,0,0,10,0
tun32,103,SSBbelow8dB0,0,10,0,0,0,10,0
tun32,104,SSBbelow8dB0,0,10,0,0,0,10,0
tun32,105,SSBbelow8dB0,0,10,0,0,0,10,0
tun32,106,SSBbelow8dB0,0,10,0,0,0,10,0
tun32,107,SSBbelow8dB0,0,10,0,0,0,10,0
tun32,108,SSBbelow8dB0,0,10,0,0,0,10,0
tun32,109,SSBbelow8dB0,0,10,0,0,0,10,0
tun32,110,SSBbelow8dB0,0,10,0,0,0,10,0
tun32,111,SSBbelow8dB0,0,10,0,0,0,10,0
tun32,112,SSBbelow8dB0,0,10,0,0,0,10,0
tun32,113,SSBbelow8dB0,0,10,0,0,0,10,0
tun32,114,SSBbelow8dB0,0,10,0,0,0,10,0
tun32,115,SSBbelow8dB0,0,10,0,0,0,10,0
tun32,116,SSBbelow8dB0,0,10,0,0,0,10,0
tun32,117,SSBbelow8dB0,0,10,0,0,0,10,0
tun32,118,SSBbelow8dB0,0,10,0,0,0,10,0
tun32,119,SSBbelow8dB0,0,10,0,0,0,10,0
tun32,120,SSBbelow8dB0,0,10,0,0,0,10,0
tun32,121,SSBbelow8dB0,0,10,0,0,0,10,0
tun32,122,SSBbelow8dB0,0,10,0,0,0,10,0
tun32,123,SSBbelow8dB0,0,10,0,0,0,10,0
tun32,124,SSBbelow8dB0,0,10,0,0,0,10,0
tun32,125,SSBbelow8dB0,0,10,0,0,0,10,0
tun32,126,SSBbelow8dB0,0,10,0,0,0,10,0
tun32,127,SSBbelow8dB0,0,10,0,0,0,10,0
tun32,128,SSBbelow8dB0,0,10,0,0,0,10,0
tun32,129,SSBbelow8dB0,0,10,0,0,0,10,0
tun32,130,SSBbelow8dB0,5,10,0,0,0,10,0.5
tun32,131,SSBbelow8dB0,0,10,0,0,0,10,0
tun32,132,SSBbelow8dB0,0,10,0,0,0,10,0
tun32,133,SSBbelow8dB0,0,10,0,0,0,10,0
tun32,134,SSBbelow8dB0,0,10,0,0,0,10,0
tun32,135,SSBbelow8dB0,0,10,0,0,0,10,0
tun32,136,SSBbelow8dB0,0,10,0,0,0,10,0
tun32,137,SSBbelow8dB0,0,10,0,0,0,10,0
tun32,138,SSBbelow8dB0,7,10,0,0,0,10,0.7
tun32,139,SSBbelow8dB0,0,10,0,0,0,10,0
tun32,140,SSBbelow8dB0,0,10,0,0,0,10,0
tun32,141,SSBbelow8dB0,0,10,0,0,0,10,0
tun32,142,SSBbelow8dB0,0,10,0,0,0,10,0
tun32,143,SSBbelow8dB0,0,10,0,0,0,10,0
tun32,144,SSBbelow8dB0,0,10,0,0,0,10,0
tun32,145,SSBbelow8dB0,0,10,0,0,0,10,0
tun32,146,SSBbelow8dB0,0,10,0,0,0,10,0
tun32,147,SSBbelow8dB0,0,10,0,0,0,10,0
tun32,148,SSBbelow8dB0,0,10,0,0,0,10,0
tun32,149,SSBbelow8dB0,0,10,0,0,0,10,0
tun32,150,SSBbelow8dB0,0,10,0,0,0,10,0
tun32,151,SSBbelow8dB0,0,10,0,0,0,10,0
tun32,152,SSBbelow8dB0,0,10,0,0,0,10,0
tun32,153,SSBbelow8dB0,0,10,0,0,0,10,0
tun32,154,SSBbelow8dB0,7,10,0,0,0,10,0.7
tun32,155,SSBbelow8dB0,0,10,0,0,0,10,0
tun32,156,SSBbelow8dB0,0,10,0,0,0,10,0
tun32,157,SSBbelow8dB0,0,10,0,0,0,10,0
tun32,158,SSBbelow8dB0,0,10,0,0,0,10,0
tun32,159,SSBbelow8dB0,0,10,0,0,0,10,0
tun32,160,SSBbelow8dB0,0,10,0,0,0,10,0
tun32,161,SSBbelow8dB0,0,10,0,0,0,10,0
tun32,162,SSBbelow8dB0,0,10,0,0,0,10,0
tun32,163,SSBbelow8dB0,0,10,0,0,0,10,0
tun32,164,SSBbelow8dB0,0,10,0,0,0,10,0
tun32,165,SSBbelow8dB0,0,10,0,0,0,10,0
tun32,166,SSBbelow8dB0,0,10,0,0,0,10,0
tun32,167,SSBbelow8dB0,0,10,0,0,0,10,0
tun32,168,SSBbelow8dB0,0,10,0,0,0,10,0
tun32,169,SSBbelow8dB0,0,10,0,0,0,10,0
tun32,170,SSBbelow8dB0,0,10,0,0,0,10,0
tun32,171,SSBbelow8dB0,10,10,0,0,0,10,1
tun32,172,SSBbelow8dB0,0,10,0,0,0,10,0
tun32,173,SSBbelow8dB0,0,10,0,0,0,10,0
tun32,174,SSBbelow8dB0,0,10,0,0,0,10,0
tun32,175,SSBbelow8dB0,9,10,0,0,0,10,0.9
tun32,176,SSBbelow8dB0,0,10,0,0,0,10,0
tun32,177,SSBbelow8dB0,0,10,0,0,0,10,0
tun32,178,SSBbelow8dB0,0,10,0,0,0,10,0
tun32,179,SSBbelow8dB0,0,10,0,0,0,10,0
tun32,180,SSBbelow8dB0,0,10,0,0,0,10,0
tun32,181,SSBbelow8dB0,0,10,0,0,0,10,0
tun32,182,SSBbelow8dB0,0,10,0,0,0,10,0
tun32,183,SSBbelow8dB0,0,10,0,0,0,10,0
tun32,184,SSBbelow8dB0,10,10,0,0,0,10,1
tun32,185,SSBbelow8dB0,0,10,0,0,0,10,0
tun32,186,SSBbelow8dB0,0,10,0,0,0,10,0
tun32,187,SSBbelow8dB0,0,10,0,0,0,10,0
tun32,188,SSBbelow8dB0,4,10,0,0,0,10,0.4
tun32,189,SSBbelow8dB0,0,10,0,0,0,10,0
tun32,190,SSBbelow8dB0,0,10,0,0,0,10,0
tun32,191,SSBbelow8dB0,0,10,0,0,0,10,0
tun32,192,SSBbelow8dB0,3,10,0,0,0,10,0.3
tun32,193,SSBbelow8dB0,0,10,0,0,0,10,0
tun32,194,SSBbelow8dB0,0,10,0,0,0,10,0
tun32,195,SSBbelow8dB0,0,10,0,0,0,10,0
tun32,196,SSBbelow8dB0,0,10,0,0,0,10,0
tun32,197,SSBbelow8dB0,0,10,0,0,0,10,0
tun32,198,SSBbelow8dB0,0,10,0,0,0,10,0
tun32,199,SSBbelow8dB0,0,10,0,0,0,10,0
tun32,200,SSBbelow8dB0,0,10,0,0,0,10,0
tun32,201,SSBbelow8dB0,0,10,0,0,0,10,0
tun32,202,SSBbelow8dB0,0,10,0,0,0,10,0
tun32,203,SSBbelow8dB0,0,10,0,0,0,10,0
tun32,204,SSBbelow8dB0,0,10,0,0,0,10,0
tun32,205,SSBbelow8dB0,0,10,0,0,0,10,0
tun32,206,SSBbelow8dB0,0,10,0,0,0,10,0
tun32,207,SSBbelow8dB0,0,10,0,0,0,10,0
tun32,208,SSBbelow8dB0,0,10,0,0,0,10,0
tun32,209,SSBbelow8dB0,0,10,0,0,0,10,0
tun32,210,SSBbelow8dB0,0,10,0,0,0,10,0
tun32,211,SSBbelow8dB0,0,10,0,0,0,10,0
tun32,212,SSBbelow8dB0,0,10,0,0,0,10,0
tun32,213,SSBbelow8dB0,0,10,0,0,0,10,0
tun32,214,SSBbelow8dB0,0,10,0,0,0,10,0
tun32,215,SSBbelow8dB0,0,10,0,0,0,10,0
tun32,216,SSBbelow8dB0,0,10,0,0,0,10,0
tun32,217,SSBbelow8dB0,0,10,0,0,0,10,0
tun32,218,SSBbelow8dB0,0,10,0,0,0,10,0
tun32,219,SSBbelow8dB0,0,10,0,0,0,10,0
tun32,220,SSBbelow8dB0,0,10,0,0,0,10,0
tun32,221,SSBbelow8dB0,0,10,0,0,0,10,0
tun32,222,SSBbelow8dB0,0,10,0,0,0,10,0
tun32,223,SSBbelow8dB0,0,10,0,0,0,10,0
tun32,224,SSBbelow8dB0,0,10,0,0,0,10,0
tun32,225,SSBbelow8dB0,0,10,0,0,0,10,0
tun32,226,SSBbelow8dB0,0,10,0,0,0,10,0
tun32,227,SSBbelow8dB0,0,10,0,0,0,10,0
tun32,228,SSBbelow8dB0,0,10,0,0,0,10,0
tun32,229,SSBbelow8dB0,0,10,0,0,0,10,0
tun32,230,SSBbelow8dB0,0,10,0,0,0,10,0
tun32,231,SSBbelow8dB0,0,10,0,0,0,10,0
tun32,232,SSBbelow8dB0,0,10,0,0,0,10,0
tun32,233,SSBbelow8dB0,0,10,0,0,0,10,0
tun32,234,SSBbelow8dB0,0,10,0,0,0,10,0
tun32,235,SSBbelow8dB0,0,10,0,0,0,10,0
tun32,236,SSBbelow8dB0,0,10,0,0,0,10,0
tun32,237,SSBbelow8dB0,0,10,0,0,0,10,0
tun32,238,SSBbelow8dB0,0,10,0,0,0,10,0
tun32,239,SSBbelow8dB0,0,10,0,0,0,10,0
tun32,240,SSBbelow8dB0,0,10,0,0,0,10,0
tun32,241,SSBbelow8dB0,0,10,0,0,0,10,0
tun32,242,SSBbelow8dB0,0,10,0,0,0,10,0
tun32,243,SSBbelow8dB0,0,10,0,0,0,10,0
tun32,244,SSBbelow8dB0,0,10,0,0,0,10,0
tun32,245,SSBbelow8dB0,4,10,0,0,0,10,0.4
tun32,246,SSBbelow8dB0,0,10,0,0,0,10,0
tun32,247,SSBbelow8dB0,0,10,0,0,0,10,0
tun32,248,SSBbelow8dB0,9,10,0,0,0,10,0.9
tun32,249,SSBbelow8dB0,0,10,0,0,0,10,0
tun32,250,SSBbelow8dB0,0,10,0,0,0,10,0
tun32,251,SSBbelow8dB0,0,10,0,0,0,10,0
tun32,252,SSBbelow8dB0,5,10,0,0,0,10,0.5
tun32,253,SSBbelow8dB0,0,10,0,0,0,10,0
tun32,254,SSBbelow8dB0,0,10,0,0,0,10,0
tun32,255,SSBbelow8dB0,0,10,0,0,0,10,0
tun32,256,SSBbelow8dB0,0,10,0,0,0,10,0
tun32,257,SSBbelow8dB0,0,10,0,0,0,10,0
tun32,258,SSBbelow8dB0,0,10,0,0,0,10,0
tun32,259,SSBbelow8dB0,0,10,0,0,0,10,0
tun32,260,SSBbelow8dB0,0,10,0,0,0,10,0
tun32,261,SSBbelow8dB0,0,10,0,0,0,10,0
tun32,262,SSBbelow8dB0,0,10,0,0,0,10,0
tun32,263,SSBbelow8dB0,0,10,0,0,0,10,0
tun32,264,SSBbelow8dB0,0,10,0,0,0,10,0
tun32,265,SSBbelow8dB0,10,10,0,0,0,10,1
tun32,266,SSBbelow8dB0,0,10,0,0,0,10,0
tun32,267,SSBbelow8dB0,0,10,0,0,0,10,0
tun32,268,SSBbelow8dB0,0,10,0,0,0,10,0
tun32,269,SSBbelow8dB0,0,10,0,0,0,10,0
tun32,270,SSBbelow8dB0,0,10,0,0,0,10,0
tun32,271,SSBbelow8dB0,0,10,0,0,0,10,0
tun32,272,SSBbelow8dB0,0,10,0,0,0,10,0
tun32,273,SSBbelow8dB0,6,10,0,0,0,10,0.6
tun32,274,SSBbelow8dB0,0,10,0,0,0,10,0
tun32,275,SSBbelow8dB0,0,10,0,0,0,10,0
tun32,276,SSBbelow8dB0,0,10,0,0,0,10,0
tun32,277,SSBbelow8dB0,0,10,0,0,0,10,0
tun32,278,SSBbelow8dB0,0,10,0,0,0,10,0
tun32,279,SSBbelow8dB0,0,10,0,0,0,10,0
tun32,280,SSBbelow8dB0,0,10,0,0,0,10,0
tun32,281,SSBbelow8dB0,0,10,0,0,0,10,0
tun32,282,SSBbelow8dB0,0,10,0,0,0,10,0
tun32,283,SSBbelow8dB0,0,10,0,0,0,10,0
tun32,284,SSBbelow8dB0,0,10,0,0,0,10,0
tun32,285,SSBbelow8dB0,0,10,0,0,0,10,0
tun32,286,SSBbelow8dB0,0,10,0,0,0,10,0
tun32,287,SSBbelow8dB0,0,10,0,0,0,10,0
tun32,288,SSBbelow8dB0,0,10,0,0,0,10,0
tun32,289,SSBbelow8dB0,0,10,0,0,0,10,0
tun32,290,SSBbelow8dB0,0,10,0,0,0,10,0
tun32,291,SSBbelow8dB0,0,10,0,0,0,10,0
tun32,292,SSBbelow8dB0,0,10,0,0,0,10,0
tun32,293,SSBbelow8dB0,0,10,0,0,0,10,0
tun32,294,SSBbelow8dB0,0,10,0,0,0,10,0
tun32,295,SSBbelow8dB0,0,10,0,0,0,10,0
tun32,296,SSBbelow8dB0,0,10,0,0,0,10,0
tun32,297,SSBbelow8dB0,0,10,0,0,0,10,0
tun32,298,SSBbelow8dB0,0,10,0,0,0,10,0
tun32,299,SSBbelow8dB0,0,10,0,0,0,10,0
tun32,300,SSBbelow8dB0,0,10,0,0,0,10,0
tun32,301,SSBbelow8dB0,0,10,0,0,0,10,0
tun32,302,SSBbelow8dB0,0,10,0,0,0,10,0
tun32,303,SSBbelow8dB0,0,10,0,0,0,10,0
tun32,304,SSBbelow8dB0,0,10,0,0,0,10,0
tun32,305,SSBbelow8dB0,0,10,0,0,0,10,0
tun32,306,SSBbelow8dB0,0,10,0,0,0,10,0
tun32,307,SSBbelow8dB0,0,10,0,0,0,10,0
tun32,308,SSBbelow8dB0,10,10,0,0,0,10,1
tun32,309,SSBbelow8dB0,0,10,0,0,0,10,0
tun32,310,SSBbelow8dB0,0,10,0,0,0,10,0
tun32,311,SSBbelow8dB0,0,10,0,0,0,10,0
tun32,312,SSBbelow8dB0,0,10,0,0,0,10,0
tun32,313,SSBbelow8dB0,0,10,0,0,0,10,0
tun32,314,SSBbelow8dB0,0,10,0,0,0,10,0
tun32,315,SSBbelow8dB0,0,10,0,0,0,10,0
tun32,316,SSBbelow8dB0,0,10,0,0,0,10,0
tun32,317,SSBbelow8dB0,0,10,0,0,0,10,0
tun32,318,SSBbelow8dB0,0,10,0,0,0,10,0
tun32,319,SSBbelow8dB0,0,10,0,0,0,10,0
tun32,320,SSBbelow8dB0,0,10,0,0,0,10,0
tun32,321,SSBbelow8dB0,0,10,0,0,0,10,0
tun32,322,SSBbelow8dB0,0,10,0,0,0,10,0
tun32,323,SSBbelow8dB0,0,10,0,0,0,10,0
tun32,324,SSBbelow8dB0,0,10,0,0,0,10,0
tun32,325,SSBbelow8dB0,10,10,0,0,0,10,1
tun32,326,SSBbelow8dB0,0,10,0,0,0,10,0
tun32,327,SSBbelow8dB0,9,10,0,0,0,10,0.9
tun32,328,SSBbelow8dB0,0,10,0,0,0,10,0
tun32,329,SSBbelow8dB0,0,10,0,0,0,10,0
tun32,330,SSBbelow8dB0,10,10,0,0,0,10,1
tun32,331,SSBbelow8dB0,0,10,0,0,0,10,0
tun32,332,SSBbelow8dB0,0,10,0,0,0,10,0
tun32,333,SSBbelow8dB0,0,10,0,0,0,10,0
tun32,334,SSBbelow8dB0,0,10,0,0,0,10,0
tun32,335,SSBbelow8dB0,0,10,0,0,0,10,0
tun32,336,SSBbelow8dB0,0,10,0,0,0,10,0
tun32,337,SSBbelow8dB0,0,10,0,0,0,10,0
tun32,338,SSBbelow8dB0,0,10,0,0,0,10,0
tun32,339,SSBbelow8dB0,0,10,0,0,0,10,0
tun32,340,SSBbelow8dB0,0,10,0,0,0,10,0
tun32,341,SSBbelow8dB0,0,10,0,0,0,10,0
tun32,342,SSBbelow8dB0,0,10,0,0,0,10,0
tun32,343,SSBbelow8dB0,0,10,0,0,0,10,0
tun32,344,SSBbelow8dB0,0,10,0,0,0,10,0
tun32,345,SSBbelow8dB0,0,10,0,0,0,10,0
tun32,346,SSBbelow8dB0,0,10,0,0,0,10,0
tun32,347,SSBbelow8dB0,0,10,0,0,0,10,0
tun32,348,SSBbelow8dB0,0,10,0,0,0,10,0
tun32,349,SSBbelow8dB0,0,10,0,0,0,10,0
tun32,350,SSBbelow8dB0,0,10,0,0,0,10,0
tun32,351,SSBbelow8dB0,0,10,0,0,0,10,0
tun32,352,SSBbelow8dB0,0,10,0,0,0,10,0
tun32,353,SSBbelow8dB0,8,10,0,0,0,10,0.8
tun32,354,SSBbelow8dB0,0,10,0,0,0,10,0
tun32,355,SSBbelow8dB0,0,10,0,0,0,10,0
tun32,356,SSBbelow8dB0,0,10,0,0,0,10,0
tun32,357,SSBbelow8dB0,0,10,0,0,0,10,0
tun32,358,SSBbelow8dB0,0,10,0,0,0,10,0
tun32,359,SSBbelow8dB0,0,10,0,0,0,10,0
tun32,360,SSBbelow8dB0,0,10,0,0,0,10,0
tun32,361,SSBbelow8dB0,0,10,0,0,0,10,0
tun32,362,SSBbelow8dB0,0,10,0,0,0,10,0
tun32,363,SSBbelow8dB0,0,10,0,0,0,10,0
tun32,364,SSBbelow8dB0,0,10,0,0,0,10,0
tun32,365,SSBbelow8dB0,0,10,0,0,0,10,0
tun32,366,SSBbelow8dB0,1,10,0,0,0,10,0.1
tun32,367,SSBbelow8dB0,0,10,0,0,0,10,0
tun32,368,SSBbelow8dB0,0,10,0,0,0,10,0
tun32,369,SSBbelow8dB0,0,10,0,0,0,10,0
tun32,370,SSBbelow8dB0,0,10,0,0,0,10,0
tun32,371,SSBbelow8dB0,0,10,0,0,0,10,0
tun32,372,SSBbelow8dB0,0,10,0,0,0,10,0
tun32,373,SSBbelow8dB0,0,10,0,0,0,10,0
tun32,374,SSBbelow8dB0,0,10,0,0,0,10,0
tun32,375,SSBbelow8dB0,0,10,0,0,0,10,0
tun32,376,SSBbelow8dB0,0,10,0,0,0,10,0
tun32,377,SSBbelow8dB0,0,10,0,0,0,10,0
tun32,378,SSBbelow8dB0,0,10,0,0,0,10,0
tun32,379,SSBbelow8dB0,0,10,0,0,0,10,0
tun32,380,SSBbelow8dB0,0,10,0,0,0,10,0
tun32,381,SSBbelow8dB0,0,10,0,0,0,10,0
tun32,382,SSBbelow8dB0,0,10,0,0,0,10,0
tun32,383,SSBbelow8dB0,0,10,0,0,0,10,0
tun32,384,SSBbelow8dB0,0,10,0,0,0,10,0
tun32,385,SSBbelow8dB0,0,10,0,0,0,10,0
tun32,386,SSBbelow8dB0,0,10,0,0,0,10,0
tun32,387,SSBbelow8dB0,0,10,0,0,0,10,0
tun32,388,SSBbelow8dB0,8,10,0,0,0,10,0.8
tun32,389,SSBbelow8dB0,0,10,0,0,0,10,0
tun32,390,SSBbelow8dB0,10,10,0,0,0,10,1
tun32,391,SSBbelow8dB0,9,10,0,0,0,10,0.9
tun32,392,SSBbelow8dB0,0,10,0,0,0,10,0
tun32,393,SSBbelow8dB0,0,10,0,0,0,10,0
tun32,394,SSBbelow8dB0,0,10,0,0,0,10,0
tun32,395,SSBbelow8dB0,0,10,0,0,0,10,0
tun32,396,SSBbelow8dB0,0,10,0,0,0,10,0
tun32,397,SSBbelow8dB0,0,10,0,0,0,10,0
tun32,398,SSBbelow8dB0,0,10,0,0,0,10,0
tun32,399,SSBbelow8dB0,0,10,0,0,0,10,0
tun32,400,SSBbelow8dB0,0,10,0,0,0,10,0
tun32,401,SSBbelow8dB0,10,10,0,0,0,10,1
tun32,402,SSBbelow8dB0,0,10,0,0,0,10,0
tun32,403,SSBbelow8dB0,0,10,0,0,0,10,0
tun32,404,SSBbelow8dB0,0,10,0,0,0,10,0
tun32,405,SSBbelow8dB0,0,10,0,0,0,10,0
tun32,406,SSBbelow8dB0,4,10,0,0,0,10,0.4
tun32,407,SSBbelow8dB0,0,10,0,0,0,10,0
tun32,408,SSBbelow8dB0,0,10,0,0,0,10,0
tun32,409,SSBbelow8dB0,0,10,0,0,0,10,0
tun32,410,SSBbelow8dB0,0,10,0,0,0,10,0
tun32,411,SSBbelow8dB0,0,10,0,0,0,10,0
tun32,412,SSBbelow8dB0,0,10,0,0,0,10,0
tun32,413,SSBbelow8dB0,0,10,0,0,0,10,0
tun32,414,SSBbelow8dB0,0,10,0,0,0,10,0
tun32,415,SSBbelow8dB0,0,10,0,0,0,10,0
tun32,416,SSBbelow8dB0,0,10,0,0,0,10,0
tun32,417,SSBbelow8dB0,0,10,0,0,0,10,0
tun32,418,SSBbelow8dB0,0,10,0,0,0,10,0
tun32,419,SSBbelow8dB0,0,10,0,0,0,10,0
tun32,420,SSBbelow8dB0,0,10,0,0,0,10,0
tun32,421,SSBbelow8dB0,0,10,0,0,0,10,0
tun32,422,SSBbelow8dB0,0,10,0,0,0,10,0
tun32,423,SSBbelow8dB0,0,10,0,0,0,10,0
tun32,424,SSBbelow8dB0,0,10,0,0,0,10,0
tun32,425,SSBbelow8dB0,0,10,0,0,0,10,0
tun32,426,SSBbelow8dB0,0,10,0,0,0,10,0
tun32,427,SSBbelow8dB0,0,10,0,0,0,10,0
tun32,428,SSBbelow8dB0,0,10,0,0,0,10,0
tun32,429,SSBbelow8dB0,0,10,0,0,0,10,0
tun32,430,SSBbelow8dB0,0,10,0,0,0,10,0
tun32,431,SSBbelow8dB0,0,10,0,0,0,10,0
tun32,432,SSBbelow8dB0,0,10,0,0,0,10,0
tun32,433,SSBbelow8dB0,0,10,0,0,0,10,0
tun32,434,SSBbelow8dB0,0,10,0,0,0,10,0
tun32,435,SSBbelow8dB0,0,10,0,0,0,10,0
tun32,436,SSBbelow8dB0,0,10,0,0,0,10,0
tun32,437,SSBbelow8dB0,0,10,0,0,0,10,0
tun32,438,SSBbelow8dB0,0,10,0,0,0,10,0
tun32,439,SSBbelow8dB0,5,10,0,0,0,10,0.5
tun32,440,SSBbelow8dB0,0,10,0,0,0,10,0
tun32,441,SSBbelow8dB0,0,10,0,0,0,10,0
tun32,442,SSBbelow8dB0,0,10,0,0,0,10,0
tun32,443,SSBbelow8dB0,0,10,0,0,0,10,0
tun32,444,SSBbelow8dB0,0,10,0,0,0,10,0
tun32,445,SSBbelow8dB0,0,10,0,0,0,10,0
tun32,446,SSBbelow8dB0,0,10,0,0,0,10,0
tun32,447,SSBbelow8dB0,0,10,0,0,0,10,0
tun32,448,SSBbelow8dB0,10,10,0,0,0,10,1
tun32,449,SSBbelow8dB0,0,10,0,0,0,10,0
tun32,450,SSBbelow8dB0,0,10,0,0,0,10,0
tun32,451,SSBbelow8dB0,0,10,0,0,0,10,0
tun32,452,SSBbelow8dB0,0,10,0,0,0,10,0
tun32,453,SSBbelow8dB0,0,10,0,0,0,10,0
tun32,454,SSBbelow8dB0,0,10,0,0,0,10,0
tun32,455,SSBbelow8dB0,0,10,0,0,0,10,0
tun32,456,SSBbelow8dB0,0,10,0,0,0,10,0
tun32,457,SSBbelow8dB0,0,10,0,0,0,10,0
tun32,458,SSBbelow8dB0,0,10,0,0,0,10,0
tun32,459,SSBbelow8dB0,0,10,0,0,0,10,0
tun32,460,SSBbelow8dB0,0,10,0,0,0,10,0
tun32,461,SSBbelow8dB0,0,10,0,0,0,10,0
tun32,462,SSBbelow8dB0,0,10,0,0,0,10,0
tun32,463,SSBbelow8dB0,0,10,0,0,0,10,0
tun32,464,SSBbelow8dB0,0,10,0,0,0,10,0
tun32,465,SSBbelow8dB0,0,10,0,0,0,10,0
tun32,466,SSBbelow8dB0,0,10,0,0,0,10,0
tun32,467,SSBbelow8dB0,0,10,0,0,0,10,0
tun32,468,SSBbelow8dB0,0,10,0,0,0,10,0
tun32,469,SSBbelow8dB0,0,10,0,0,0,10,0
tun32,470,SSBbelow8dB0,6,10,0,0,0,10,0.6
tun32,471,SSBbelow8dB0,0,10,0,0,0,10,0
tun32,472,SSBbelow8dB0,0,10,0,0,0,10,0
tun32,473,SSBbelow8dB0,0,10,0,0,0,10,0
tun32,474,SSBbelow8dB0,0,10,0,0,0,10,0
tun32,475,SSBbelow8dB0,0,10,0,0,0,10,0
tun32,476,SSBbelow8dB0,0,10,0,0,0,10,0
tun32,477,SSBbelow8dB0,0,10,0,0,0,10,0
tun32,478,SSBbelow8dB0,0,10,0,0,0,10,0
tun32,479,SSBbelow8dB0,0,10,0,0,0,10,0
tun32,480,SSBbelow8dB0,0,10,0,0,0,10,0
tun32,481,SSBbelow8dB0,8,10,0,0,0,10,0.8
tun32,482,SSBbelow8dB0,0,10,0,0,0,10,0
tun32,483,SSBbelow8dB0,0,10,0,0,0,10,0
tun32,484,SSBbelow8dB0,0,10,0,0,0,10,0
tun32,485,SSBbelow8dB0,0,10,0,0,0,10,0
tun32,486,SSBbelow8dB0,0,10,0,0,0,10,0
tun32,487,SSBbelow8dB0,0,10,0,0,0,10,0
tun32,488,SSBbelow8dB0,0,10,0,0,0,10,0
tun32,489,SSBbelow8dB0,0,10,0,0,0,10,0
tun32,490,SSBbelow8dB0,0,10,0,0,0,10,0
tun32,491,SSBbelow8dB0,0,10,0,0,0,10,0
tun32,492,SSBbelow8dB0,0,10,0,0,0,10,0
tun32,493,SSBbelow8dB0,0,10,0,0,0,10,0
tun32,494,SSBbelow8dB0,0,10,0,0,0,10,0
tun32,495,SSBbelow8dB0,0,10,0,0,0,10,0
tun32,496,SSBbelow8dB0,0,10,0,0,0,10,0
tun32,497,SSBbelow8dB0,0,10,0,0,0,10,0
tun32,498,SSBbelow8dB0,0,10,0,0,0,10,0
tun32,499,SSBbelow8dB0,0,10,0,0,0,10,0
tun32,500,SSBbelow8dB0,6,10,0,0,0,10,0.6
tun44,1,SSBbelow8dB0,0,10,0,0,0,10,0
tun44,2,SSBbelow8dB0,0,10,0,0,0,10,0
tun44,3,SSBbelow8dB0,10,10,0,0,0,10,1
tun44,4,SSBbelow8dB0,0,10,0,0,0,10,0
tun44,5,SSBbelow8dB0,0,10,0,0,0,10,0
tun44,6,SSBbelow8dB0,0,10,0,0,0,10,0
tun44,7,SSBbelow8dB0,10,10,0,0,0,10,1
tun44,8,SSBbelow8dB0,10,10,0,0,0,10,1
tun44,9,SSBbelow8dB0,0,10,0,0,0,10,0
tun44,10,SSBbelow8dB0,0,10,0,0,0,10,0
tun44,11,SSBbelow8dB0,0,10,0,0,0,10,0
tun44,12,SSBbelow8dB0,0,10,0,0,0,10,0
tun44,13,SSBbelow8dB0,0,10,0,0,0,10,0
tun44,14,SSBbelow8dB0,0,10,0,0,0,10,0
tun44,15,SSBbelow8dB0,0,10,0,0,0,10,0
tun44,16,SSBbelow8dB0,0,10,0,0,0,10,0
tun44,17,SSBbelow8dB0,0,10,0,0,0,10,0
tun44,18,SSBbelow8dB0,0,10,0,0,0,10,0
tun44,19,SSBbelow8dB0,6,10,0,0,0,10,0.6
tun44,20,SSBbelow8dB0,0,10,0,0,0,10,0
tun44,21,SSBbelow8dB0,0,10,0,0,0,10,0
tun44,22,SSBbelow8dB0,0,10,0,0,0,10,0
tun44,23,SSBbelow8dB0,0,10,0,0,0,10,0
tun44,24,SSBbelow8dB0,0,10,0,0,0,10,0
tun44,25,SSBbelow8dB0,0,10,0,0,0,10,0
tun44,26,SSBbelow8dB0,0,10,0,0,0,10,0
tun44,27,SSBbelow8dB0,0,10,0,0,0,10,0
tun44,28,SSBbelow8dB0,0,10,0,0,0,10,0
tun44,29,SSBbelow8dB0,9,10,0,0,0,10,0.9
tun44,30,SSBbelow8dB0,0,10,0,0,0,10,0
tun44,31,SSBbelow8dB0,0,10,0,0,0,10,0
tun44,32,SSBbelow8dB0,0,10,0,0,0,10,0
tun44,33,SSBbelow8dB0,0,10,0,0,0,10,0
tun44,34,SSBbelow8dB0,0,10,0,0,0,10,0
tun44,35,SSBbelow8dB0,0,10,0,0,0,10,0
tun44,36,SSBbelow8dB0,0,10,0,0,0,10,0
tun44,37,SSBbelow8dB0,0,10,0,0,0,10,0
tun44,38,SSBbelow8dB0,0,10,0,0,0,10,0
tun44,39,SSBbelow8dB0,0,10,0,0,0,10,0
tun44,40,SSBbelow8dB0,0,10,0,0,0,10,0
tun44,41,SSBbelow8dB0,0,10,0,0,0,10,0
tun44,42,SSBbelow8dB0,0,10,0,0,0,10,0
tun44,43,SSBbelow8dB0,0,10,0,0,0,10,0
tun44,44,SSBbelow8dB0,0,10,0,0,0,10,0
tun44,45,SSBbelow8dB0,0,10,0,0,0,10,0
tun44,46,SSBbelow8dB0,0,10,0,0,0,10,0
tun44,47,SSBbelow8dB0,0,10,0,0,0,10,0
tun44,48,SSBbelow8dB0,0,10,0,0,0,10,0
tun44,49,SSBbelow8dB0,0,10,0,0,0,10,0
tun44,50,SSBbelow8dB0,0,10,0,0,0,10,0
tun44,51,SSBbelow8dB0,0,10,0,0,0,10,0
tun44,52,SSBbelow8dB0,0,10,0,0,0,10,0
tun44,53,SSBbelow8dB0,0,10,0,0,0,10,0
tun44,54,SSBbelow8dB0,0,10,0,0,0,10,0
tun44,55,SSBbelow8dB0,0,10,0,0,0,10,0
tun44,56,SSBbelow8dB0,4,10,0,0,0,10,0.4
tun44,57,SSBbelow8dB0,0,10,0,0,0,10,0
tun44,58,SSBbelow8dB0,0,10,0,0,0,10,0
tun44,59,SSBbelow8dB0,0,10,0,0,0,10,0
tun44,60,SSBbelow8dB0,10,10,0,0,0,10,1
tun44,61,SSBbelow8dB0,0,10,0,0,0,10,0
tun44,62,SSBbelow8dB0,0,10,0,0,0,10,0
tun44,63,SSBbelow8dB0,0,10,0,0,0,10,0
tun44,64,SSBbelow8dB0,0,10,0,0,0,10,0
tun44,65,SSBbelow8dB0,0,10,0,0,0,10,0
tun44,66,SSBbelow8dB0,0,10,0,0,0,10,0
tun44,67,SSBbelow8dB0,0,10,0,0,0,10,0
tun44,68,SSBbelow8dB0,0,10,0,0,0,10,0
tun44,69,SSBbelow8dB0,0,10,0,0,0,10,0
tun44,70,SSBbelow8dB0,0,10,0,0,0,10,0
tun44,71,SSBbelow8dB0,0,10,0,0,0,10,0
tun44,72,SSBbelow8dB0,0,10,0,0,0,10,0
tun44,73,SSBbelow8dB0,0,10,0,0,0,10,0
tun44,74,SSBbelow8dB0,0,10,0,0,0,10,0
tun44,75,SSBbelow8dB0,5,10,0,0,0,10,0.5
tun44,76,SSBbelow8dB0,0,10,0,0,0,10,0
tun44,77,SSBbelow8dB0,0,10,0,0,0,10,0
tun44,78,SSBbelow8dB0,7,10,0,0,0,10,0.7
tun44,79,SSBbelow8dB0,0,10,0,0,0,10,0
tun44,80,SSBbelow8dB0,0,10,0,0,0,10,0
tun44,81,SSBbelow8dB0,0,10,0,0,0,10,0
tun44,82,SSBbelow8dB0,0,10,0,0,0,10,0
tun44,83,SSBbelow8dB0,8,10,0,0,0,10,0.8
tun44,84,SSBbelow8dB0,0,10,0,0,0,10,0
tun44,85,SSBbelow8dB0,10,10,0,0,0,10,1
tun44,86,SSBbelow8dB0,0,10,0,0,0,10,0
tun44,87,SSBbelow8dB0,0,10,0,0,0,10,0
tun44,88,SSBbelow8dB0,0,10,0,0,0,10,0
tun44,89,SSBbelow8dB0,0,10,0,0,0,10,0
tun44,90,SSBbelow8dB0,0,10,0,0,0,10,0
tun44,91,SSBbelow8dB0,0,10,0,0,0,10,0
tun44,92,SSBbelow8dB0,0,10,0,0,0,10,0
tun44,93,SSBbelow8dB0,0,10,0,0,0,10,0
tun44,94,SSBbelow8dB0,0,10,0,0,0,10,0
tun44,95,SSBbelow8dB0,0,10,0,0,0,10,0
tun44,96,SSBbelow8dB0,0,10,0,0,0,10,0
tun44,97,SSBbelow8dB0,0,10,0,0,0,10,0
tun44,98,SSBbelow8dB0,0,10,0,0,0,10,0
tun44,99,SSBbelow8dB0,9,10,0,0,0,10,0.9
tun44,100,SSBbelow8dB0,0,10,0,0,0,10,0
tun44,101,SSBbelow8dB0,0,10,0,0,0,10,0
tun44,102,SSBbelow8dB0,0,10,0,0,0,10,0
tun44,103,SSBbelow8dB0,0,10,0,0,0,10,0
tun44,104,SSBbelow8dB0,0,10,0,0,0,10,0
tun44,105,SSBbelow8dB0,0,10,0,0,0,10,0
tun44,106,SSBbelow8dB0,0,10,0,0,0,10,0
tun44,107,SSBbelow8dB0,0,10,0,0,0,10,0
tun44,108,SSBbelow8dB0,0,10,0,0,0,10,0
tun44,109,SSBbelow8dB0,0,10,0,0,0,10,0
tun44,110,SSBbelow8dB0,0,10,0,0,0,10,0
tun44,111,SSBbelow8dB0,0,10,0,0,0,10,0
tun44,112,SSBbelow8dB0,0,10,0,0,0,10,0
tun44,113,SSBbelow8dB0,0,10,0,0,0,10,0
tun44,114,SSBbelow8dB0,0,10,0,0,0,10,0
tun44,115,SSBbelow8dB0,0,10,0,0,0,10,0
tun44,116,SSBbelow8dB0,0,10,0,0,0,10,0
tun44,117,SSBbelow8dB0,0,10,0,0,0,10,0
tun44,118,SSBbelow8dB0,0,10,0,0,0,10,0
tun44,119,SSBbelow8dB0,0,10,0,0,0,10,0
tun44,120,SSBbelow8dB0,0,10,0,0,0,10,0
tun44,121,SSBbelow8dB0,0,10,0,0,0,10,0
tun44,122,SSBbelow8dB0,0,10,0,0,0,10,0
tun44,123,SSBbelow8dB0,0,10,0,0,0,10,0
tun44,124,SSBbelow8dB0,0,10,0,0,0,10,0
tun44,125,SSBbelow8dB0,0,10,0,0,0,10,0
tun44,126,SSBbelow8dB0,0,10,0,0,0,10,0
tun44,127,SSBbelow8dB0,0,10,0,0,0,10,0
tun44,128,SSBbelow8dB0,0,10,0,0,0,10,0
tun44,129,SSBbelow8dB0,0,10,0,0,0,10,0
tun44,130,SSBbelow8dB0,6,10,0,0,0,10,0.6
tun44,131,SSBbelow8dB0,0,10,0,0,0,10,0
tun44,132,SSBbelow8dB0,0,10,0,0,0,10,0
tun44,133,SSBbelow8dB0,0,10,0,0,0,10,0
tun44,134,SSBbelow8dB0,0,10,0,0,0,10,0
tun44,135,SSBbelow8dB0,0,10,0,0,0,10,0
tun44,136,SSBbelow8dB0,0,10,0,0,0,10,0
tun44,137,SSBbelow8dB0,0,10,0,0,0,10,0
tun44,138,SSBbelow8dB0,7,10,0,0,0,10,0.7
tun44,139,SSBbelow8dB0,0,10,0,0,0,10,0
tun44,140,SSBbelow8dB0,0,10,0,0,0,10,0
tun44,141,SSBbelow8dB0,0,10,0,0,0,10,0
tun44,142,SSBbelow8dB0,0,10,0,0,0,10,0
tun44,143,SSBbelow8dB0,0,10,0,0,0,10,0
tun44,144,SSBbelow8dB0,0,10,0,0,0,10,0
tun44,145,SSBbelow8dB0,0,10,0,0,0,10,0
tun44,146,SSBbelow8dB0,0,10,0,0,0,10,0
tun44,147,SSBbelow8dB0,0,10,0,0,0,10,0
tun44,148,SSBbelow8dB0,0,10,0,0,0,10,0
tun44,149,SSBbelow8dB0,0,10,0,0,0,10,0
tun44,150,SSBbelow8dB0,0,10,0,0,0,10,0
tun44,151,SSBbelow8dB0,0,10,0,0,0,10,0
tun44,152,SSBbelow8dB0,0,10,0,0,0,10,0
tun44,153,SSBbelow8dB0,0,10,0,0,0,10,0
tun44,154,SSBbelow8dB0,7,10,0,0,0,10,0.7
tun44,155,SSBbelow8dB0,0,10,0,0,0,10,0
tun44,156,SSBbelow8dB0,0,10,0,0,0,10,0
tun44,157,SSBbelow8dB0,0,10,0,0,0,10,0
tun44,158,SSBbelow8dB0,0,10,0,0,0,10,0
tun44,159,SSBbelow8dB0,0,10,0,0,0,10,0
tun44,160,SSBbelow8dB0,0,10,0,0,0,10,0
tun44,161,SSBbelow8dB0,0,10,0,0,0,10,0
tun44,162,SSBbelow8dB0,0,10,0,0,0,10,0
tun44,163,SSBbelow8dB0,0,10,0,0,0,10,0
tun44,164,SSBbelow8dB0,0,10,0,0,0,10,0
tun44,165,SSBbelow8dB0,0,10,0,0,0,10,0
tun44,166,SSBbelow8dB0,0,10,0,0,0,10,0
tun44,167,SSBbelow8dB0,0,10,0,0,0,10,0
tun44,168,SSBbelow8dB0,0,10,0,0,0,10,0
tun44,169,SSBbelow8dB0,0,10,0,0,0,10,0
tun44,170,SSBbelow8dB0,0,10,0,0,0,10,0
tun44,171,SSBbelow8dB0,0,10,0,0,0,10,0
tun44,172,SSBbelow8dB0,0,10,0,0,0,10,0
tun44,173,SSBbelow8dB0,0,10,0,0,0,10,0
tun44,174,SSBbelow8dB0,0,10,0,0,0,10,0
tun44,175,SSBbelow8dB0,8,10,0,0,0,10,0.8
tun44,176,SSBbelow8dB0,0,10,0,0,0,10,0
tun44,177,SSBbelow8dB0,0,10,0,0,0,10,0
tun44,178,SSBbelow8dB0,0,10,0,0,0,10,0
tun44,179,SSBbelow8dB0,0,10,0,0,0,10,0
tun44,180,SSBbelow8dB0,0,10,0,0,0,10,0
tun44,181,SSBbelow8dB0,0,10,0,0,0,10,0
tun44,182,SSBbelow8dB0,0,10,0,0,0,10,0
tun44,183,SSBbelow8dB0,0,10,0,0,0,10,0
tun44,184,SSBbelow8dB0,6,10,0,0,0,10,0.6
tun44,185,SSBbelow8dB0,0,10,0,0,0,10,0
tun44,186,SSBbelow8dB0,0,10,0,0,0,10,0
tun44,187,SSBbelow8dB0,0,10,0,0,0,10,0
tun44,188,SSBbelow8dB0,3,10,0,0,0,10,0.3
tun44,189,SSBbelow8dB0,0,10,0,0,0,10,0
tun44,190,SSBbelow8dB0,0,10,0,0,0,10,0
tun44,191,SSBbelow8dB0,0,10,0,0,0,10,0
tun44,192,SSBbelow8dB0,2,10,0,0,0,10,0.2
tun44,193,SSBbelow8dB0,0,10,0,0,0,10,0
tun44,194,SSBbelow8dB0,0,10,0,0,0,10,0
tun44,195,SSBbelow8dB0,0,10,0,0,0,10,0
tun44,196,SSBbelow8dB0,0,10,0,0,0,10,0
tun44,197,SSBbelow8dB0,0,10,0,0,0,10,0
tun44,198,SSBbelow8dB0,0,10,0,0,0,10,0
tun44,199,SSBbelow8dB0,0,10,0,0,0,10,0
tun44,200,SSBbelow8dB0,0,10,0,0,0,10,0
tun44,201,SSBbelow8dB0,0,10,0,0,0,10,0
tun44,202,SSBbelow8dB0,0,10,0,0,0,10,0
tun44,203,SSBbelow8dB0,0,10,0,0,0,10,0
tun44,204,SSBbelow8dB0,0,10,0,0,0,10,0
tun44,205,SSBbelow8dB0,0,10,0,0,0,10,0
tun44,206,SSBbelow8dB0,0,10,0,0,0,10,0
tun44,207,SSBbelow8dB0,0,10,0,0,0,10,0
tun44,208,SSBbelow8dB0,0,10,0,0,0,10,0
tun44,209,SSBbelow8dB0,0,10,0,0,0,10,0
tun44,210,SSBbelow8dB0,0,10,0,0,0,10,0
tun44,211,SSBbelow8dB0,0,10,0,0,0,10,0
tun44,212,SSBbelow8dB0,0,10,0,0,0,10,0
tun44,213,SSBbelow8dB0,0,10,0,0,0,10,0
tun44,214,SSBbelow8dB0,0,10,0,0,0,10,0
tun44,215,SSBbelow8dB0,0,10,0,0,0,10,0
tun44,216,SSBbelow8dB0,0,10,0,0,0,10,0
tun44,217,SSBbelow8dB0,0,10,0,0,0,10,0
tun44,218,SSBbelow8dB0,0,10,0,0,0,10,0
tun44,219,SSBbelow8dB0,0,10,0,0,0,10,0
tun44,220,SSBbelow8dB0,0,10,0,0,0,10,0
tun44,221,SSBbelow8dB0,0,10,0,0,0,10,0
tun44,222,SSBbelow8dB0,0,10,0,0,0,10,0
tun44,223,SSBbelow8dB0,0,10,0,0,0,10,0
tun44,224,SSBbelow8dB0,0,10,0,0,0,10,0
tun44,225,SSBbelow8dB0,0,10,0,0,0,10,0
tun44,226,SSBbelow8dB0,0,10,0,0,0,10,0
tun44,227,SSBbelow8dB0,0,10,0,0,0,10,0
tun44,228,SSBbelow8dB0,0,10,0,0,0,10,0
tun44,229,SSBbelow8dB0,0,10,0,0,0,10,0
tun44,230,SSBbelow8dB0,0,10,0,0,0,10,0
tun44,231,SSBbelow8dB0,0,10,0,0,0,10,0
tun44,232,SSBbelow8dB0,0,10,0,0,0,10,0
tun44,233,SSBbelow8dB0,0,10,0,0,0,10,0
tun44,234,SSBbelow8dB0,0,10,0,0,0,10,0
tun44,235,SSBbelow8dB0,0,10,0,0,0,10,0
tun44,236,SSBbelow8dB0,0,10,0,0,0,10,0
tun44,237,SSBbelow8dB0,0,10,0,0,0,10,0
tun44,238,SSBbelow8dB0,0,10,0,0,0,10,0
tun44,239,SSBbelow8dB0,0,10,0,0,0,10,0
tun44,240,SSBbelow8dB0,0,10,0,0,0,10,0
tun44,241,SSBbelow8dB0,0,10,0,0,0,10,0
tun44,242,SSBbelow8dB0,0,10,0,0,0,10,0
tun44,243,SSBbelow8dB0,0,10,0,0,0,10,0
tun44,244,SSBbelow8dB0,0,10,0,0,0,10,0
tun44,245,SSBbelow8dB0,4,10,0,0,0,10,0.4
tun44,246,SSBbelow8dB0,0,10,0,0,0,10,0
tun44,247,SSBbelow8dB0,0,10,0,0,0,10,0
tun44,248,SSBbelow8dB0,9,10,0,0,0,10,0.9
tun44,249,SSBbelow8dB0,0,10,0,0,0,10,0
tun44,250,SSBbelow8dB0,0,10,0,0,0,10,0
tun44,251,SSBbelow8dB0,0,10,0,0,0,10,0
tun44,252,SSBbelow8dB0,5,10,0,0,0,10,0.5
tun44,253,SSBbelow8dB0,0,10,0,0,0,10,0
tun44,254,SSBbelow8dB0,0,10,0,0,0,10,0
tun44,255,SSBbelow8dB0,0,10,0,0,0,10,0
tun44,256,SSBbelow8dB0,0,10,0,0,0,10,0
tun44,257,SSBbelow8dB0,0,10,0,0,0,10,0
tun44,258,SSBbelow8dB0,0,10,0,0,0,10,0
tun44,259,SSBbelow8dB0,0,10,0,0,0,10,0
tun44,260,SSBbelow8dB0,0,10,0,0,0,10,0
tun44,261,SSBbelow8dB0,0,10,0,0,0,10,0
tun44,262,SSBbelow8dB0,0,10,0,0,0,10,0
tun44,263,SSBbelow8dB0,0,10,0,0,0,10,0
tun44,264,SSBbelow8dB0,0,10,0,0,0,10,0
tun44,265,SSBbelow8dB0,9,10,0,0,0,10,0.9
tun44,266,SSBbelow8dB0,0,10,0,0,0,10,0
tun44,267,SSBbelow8dB0,0,10,0,0,0,10,0
tun44,268,SSBbelow8dB0,0,10,0,0,0,10,0
tun44,269,SSBbelow8dB0,0,10,0,0,0,10,0
tun44,270,SSBbelow8dB0,0,10,0,0,0,10,0
tun44,271,SSBbelow8dB0,0,10,0,0,0,10,0
tun44,272,SSBbelow8dB0,0,10,0,0,0,10,0
tun44,273,SSBbelow8dB0,7,10,0,0,0,10,0.7
tun44,274,SSBbelow8dB0,0,10,0,0,0,10,0
tun44,275,SSBbelow8dB0,0,10,0,0,0,10,0
tun44,276,SSBbelow8dB0,0,10,0,0,0,10,0
tun44,277,SSBbelow8dB0,0,10,0,0,0,10,0
tun44,278,SSBbelow8dB0,0,10,0,0,0,10,0
tun44,279,SSBbelow8dB0,0,10,0,0,0,10,0
tun44,280,SSBbelow8dB0,0,10,0,0,0,10,0
tun44,281,SSBbelow8dB0,0,10,0,0,0,10,0
tun44,282,SSBbelow8dB0,0,10,0,0,0,10,0
tun44,283,SSBbelow8dB0,0,10,0,0,0,10,0
tun44,284,SSBbelow8dB0,0,10,0,0,0,10,0
tun44,285,SSBbelow8dB0,0,10,0,0,0,10,0
tun44,286,SSBbelow8dB0,0,10,0,0,0,10,0
tun44,287,SSBbelow8dB0,0,10,0,0,0,10,0
tun44,288,SSBbelow8dB0,0,10,0,0,0,10,0
tun44,289,SSBbelow8dB0,0,10,0,0,0,10,0
tun44,290,SSBbelow8dB0,0,10,0,0,0,10,0
tun44,291,SSBbelow8dB0,0,10,0,0,0,10,0
tun44,292,SSBbelow8dB0,0,10,0,0,0,10,0
tun44,293,SSBbelow8dB0,0,10,0,0,0,10,0
tun44,294,SSBbelow8dB0,0,10,0,0,0,10,0
tun44,295,SSBbelow8dB0,0,10,0,0,0,10,0
tun44,296,SSBbelow8dB0,0,10,0,0,0,10,0
tun44,297,SSBbelow8dB0,0,10,0,0,0,10,0
tun44,298,SSBbelow8dB0,0,10,0,0,0,10,0
tun44,299,SSBbelow8dB0,0,10,0,0,0,10,0
tun44,300,SSBbelow8dB0,0,10,0,0,0,10,0
tun44,301,SSBbelow8dB0,0,10,0,0,0,10,0
tun44,302,SSBbelow8dB0,0,10,0,0,0,10,0
tun44,303,SSBbelow8dB0,0,10,0,0,0,10,0
tun44,304,SSBbelow8dB0,0,10,0,0,0,10,0
tun44,305,SSBbelow8dB0,0,10,0,0,0,10,0
tun44,306,SSBbelow8dB0,0,10,0,0,0,10,0
tun44,307,SSBbelow8dB0,0,10,0,0,0,10,0
tun44,308,SSBbelow8dB0,10,10,0,0,0,10,1
tun44,309,SSBbelow8dB0,0,10,0,0,0,10,0
tun44,310,SSBbelow8dB0,0,10,0,0,0,10,0
tun44,311,SSBbelow8dB0,0,10,0,0,0,10,0
tun44,312,SSBbelow8dB0,0,10,0,0,0,10,0
tun44,313,SSBbelow8dB0,0,10,0,0,0,10,0
tun44,314,SSBbelow8dB0,0,10,0,0,0,10,0
tun44,315,SSBbelow8dB0,0,10,0,0,0,10,0
tun44,316,SSBbelow8dB0,0,10,0,0,0,10,0
tun44,317,SSBbelow8dB0,0,10,0,0,0,10,0
tun44,318,SSBbelow8dB0,0,10,0,0,0,10,0
tun44,319,SSBbelow8dB0,0,10,0,0,0,10,0
tun44,320,SSBbelow8dB0,0,10,0,0,0,10,0
tun44,321,SSBbelow8dB0,0,10,0,0,0,10,0
tun44,322,SSBbelow8dB0,0,10,0,0,0,10,0
tun44,323,SSBbelow8dB0,0,10,0,0,0,10,0
tun44,324,SSBbelow8dB0,0,10,0,0,0,10,0
tun44,325,SSBbelow8dB0,10,10,0,0,0,10,1
tun44,326,SSBbelow8dB0,0,10,0,0,0,10,0
tun44,327,SSBbelow8dB0,9,10,0,0,0,10,0.9
tun44,328,SSBbelow8dB0,0,10,0,0,0,10,0
tun44,329,SSBbelow8dB0,0,10,0,0,0,10,0
tun44,330,SSBbelow8dB0,10,10,0,0,0,10,1
tun44,331,SSBbelow8dB0,0,10,0,0,0,10,0
tun44,332,SSBbelow8dB0,0,10,0,0,0,10,0
tun44,333,SSBbelow8dB0,0,10,0,0,0,10,0
tun44,334,SSBbelow8dB0,0,10,0,0,0,10,0
tun44,335,SSBbelow8dB0,0,10,0,0,0,10,0
tun44,336,SSBbelow8dB0,0,10,0,0,0,10,0
tun44,337,SSBbelow8dB0,0,10,0,0,0,10,0
tun44,338,SSBbelow8dB0,0,10,0,0,0,10,0
tun44,339,SSBbelow8dB0,0,10,0,0,0,10,0
tun44,340,SSBbelow8dB0,0,10,0,0,0,10,0
tun44,341,SSBbelow8dB0,0,10,0,0,0,10,0
tun44,342,SSBbelow8dB0,0,10,0,0,0,10,0
tun44,343,SSBbelow8dB0,0,10,0,0,0,10,0
tun44,344,SSBbelow8dB0,0,10,0,0,0,10,0
tun44,345,SSBbelow8dB0,0,10,0,0,0,10,0
tun44,346,SSBbelow8dB0,0,10,0,0,0,10,0
tun44,347,SSBbelow8dB0,0,10,0,0,0,10,0
tun44,348,SSBbelow8dB0,0,10,0,0,0,10,0
tun44,349,SSBbelow8dB0,0,10,0,0,0,10,0
tun44,350,SSBbelow8dB0,0,10,0,0,0,10,0
tun44,351,SSBbelow8dB0,0,10,0,0,0,10,0
tun44,352,SSBbelow8dB0,0,10,0,0,0,10,0
tun44,353,SSBbelow8dB0,8,10,0,0,0,10,0.8
tun44,354,SSBbelow8dB0,0,10,0,0,0,10,0
tun44,355,SSBbelow8dB0,0,10,0,0,0,10,0
tun44,356,SSBbelow8dB0,0,10,0,0,0,10,0
tun44,357,SSBbelow8dB0,0,10,0,0,0,10,0
tun44,358,SSBbelow8dB0,0,10,0,0,0,10,0
tun44,359,SSBbelow8dB0,0,10,0,0,0,10,0
tun44,360,SSBbelow8dB0,0,10,0,0,0,10,0
tun44,361,SSBbelow8dB0,0,10,0,0,0,10,0
tun44,362,SSBbelow8dB0,0,10,0,0,0,10,0
tun44,363,SSBbelow8dB0,0,10,0,0,0,10,0
tun44,364,SSBbelow8dB0,0,10,0,0,0,10,0
tun44,365,SSBbelow8dB0,0,10,0,0,0,10,0
tun44,366,SSBbelow8dB0,1,10,0,0,0,10,0.1
tun44,367,SSBbelow8dB0,0,10,0,0,0,10,0
tun44,368,SSBbelow8dB0,0,10,0,0,0,10,0
tun44,369,SSBbelow8dB0,0,10,0,0,0,10,0
tun44,370,SSBbelow8dB0,0,10,0,0,0,10,0
tun44,371,SSBbelow8dB0,0,10,0,0,0,10,0
tun44,372,SSBbelow8dB0,0,10,0,0,0,10,0
tun44,373,SSBbelow8dB0,0,10,0,0,0,10,0
tun44,374,SSBbelow8dB0,0,10,0,0,0,10,0
tun44,375,SSBbelow8dB0,0,10,0,0,0,10,0
tun44,376,SSBbelow8dB0,0,10,0,0,0,10,0
tun44,377,SSBbelow8dB0,0,10,0,0,0,10,0
tun44,378,SSBbelow8dB0,0,10,0,0,0,10,0
tun44,379,SSBbelow8dB0,0,10,0,0,0,10,0
tun44,380,SSBbelow8dB0,0,10,0,0,0,10,0
tun44,381,SSBbelow8dB0,0,10,0,0,0,10,0
tun44,382,SSBbelow8dB0,0,10,0,0,0,10,0
tun44,383,SSBbelow8dB0,0,10,0,0,0,10,0
tun44,384,SSBbelow8dB0,0,10,0,0,0,10,0
tun44,385,SSBbelow8dB0,0,10,0,0,0,10,0
tun44,386,SSBbelow8dB0,0,10,0,0,0,10,0
tun44,387,SSBbelow8dB0,0,10,0,0,0,10,0
tun44,388,SSBbelow8dB0,9,10,0,0,0,10,0.9
tun44,389,SSBbelow8dB0,0,10,0,0,0,10,0
tun44,390,SSBbelow8dB0,10,10,0,0,0,10,1
tun44,391,SSBbelow8dB0,9,10,0,0,0,10,0.9
tun44,392,SSBbelow8dB0,0,10,0,0,0,10,0
tun44,393,SSBbelow8dB0,0,10,0,0,0,10,0
tun44,394,SSBbelow8dB0,0,10,0,0,0,10,0
tun44,395,SSBbelow8dB0,0,10,0,0,0,10,0
tun44,396,SSBbelow8dB0,0,10,0,0,0,10,0
tun44,397,SSBbelow8dB0,0,10,0,0,0,10,0
tun44,398,SSBbelow8dB0,0,10,0,0,0,10,0
tun44,399,SSBbelow8dB0,0,10,0,0,0,10,0
tun44,400,SSBbelow8dB0,0,10,0,0,0,10,0
tun44,401,SSBbelow8dB0,10,10,0,0,0,10,1
tun44,402,SSBbelow8dB0,0,10,0,0,0,10,0
tun44,403,SSBbelow8dB0,0,10,0,0,0,10,0
tun44,404,SSBbelow8dB0,0,10,0,0,0,10,0
tun44,405,SSBbelow8dB0,0,10,0,0,0,10,0
tun44,406,SSBbelow8dB0,8,10,0,0,0,10,0.8
tun44,407,SSBbelow8dB0,0,10,0,0,0,10,0
tun44,408,SSBbelow8dB0,0,10,0,0,0,10,0
tun44,409,SSBbelow8dB0,0,10,0,0,0,10,0
tun44,410,SSBbelow8dB0,0,10,0,0,0,10,0
tun44,411,SSBbelow8dB0,0,10,0,0,0,10,0
tun44,412,SSBbelow8dB0,0,10,0,0,0,10,0
tun44,413,SSBbelow8dB0,0,10,0,0,0,10,0
tun44,414,SSBbelow8dB0,0,10,0,0,0,10,0
tun44,415,SSBbelow8dB0,0,10,0,0,0,10,0
tun44,416,SSBbelow8dB0,0,10,0,0,0,10,0
tun44,417,SSBbelow8dB0,0,10,0,0,0,10,0
tun44,418,SSBbelow8dB0,0,10,0,0,0,10,0
tun44,419,SSBbelow8dB0,0,10,0,0,0,10,0
tun44,420,SSBbelow8dB0,0,10,0,0,0,10,0
tun44,421,SSBbelow8dB0,0,10,0,0,0,10,0
tun44,422,SSBbelow8dB0,0,10,0,0,0,10,0
tun44,423,SSBbelow8dB0,0,10,0,0,0,10,0
tun44,424,SSBbelow8dB0,0,10,0,0,0,10,0
tun44,425,SSBbelow8dB0,0,10,0,0,0,10,0
tun44,426,SSBbelow8dB0,0,10,0,0,0,10,0
tun44,427,SSBbelow8dB0,0,10,0,0,0,10,0
tun44,428,SSBbelow8dB0,0,10,0,0,0,10,0
tun44,429,SSBbelow8dB0,0,10,0,0,0,10,0
tun44,430,SSBbelow8dB0,0,10,0,0,0,10,0
tun44,431,SSBbelow8dB0,0,10,0,0,0,10,0
tun44,432,SSBbelow8dB0,0,10,0,0,0,10,0
tun44,433,SSBbelow8dB0,0,10,0,0,0,10,0
tun44,434,SSBbelow8dB0,0,10,0,0,0,10,0
tun44,435,SSBbelow8dB0,0,10,0,0,0,10,0
tun44,436,SSBbelow8dB0,0,10,0,0,0,10,0
tun44,437,SSBbelow8dB0,0,10,0,0,0,10,0
tun44,438,SSBbelow8dB0,0,10,0,0,0,10,0
tun44,439,SSBbelow8dB0,0,10,0,0,0,10,0
tun44,440,SSBbelow8dB0,0,10,0,0,0,10,0
tun44,441,SSBbelow8dB0,0,10,0,0,0,10,0
tun44,442,SSBbelow8dB0,0,10,0,0,0,10,0
tun44,443,SSBbelow8dB0,0,10,0,0,0,10,0
tun44,444,SSBbelow8dB0,0,10,0,0,0,10,0
tun44,445,SSBbelow8dB0,0,10,0,0,0,10,0
tun44,446,SSBbelow8dB0,0,10,0,0,0,10,0
tun44,447,SSBbelow8dB0,0,10,0,0,0,10,0
tun44,448,SSBbelow8dB0,10,10,0,0,0,10,1
tun44,449,SSBbelow8dB0,0,10,0,0,0,10,0
tun44,450,SSBbelow8dB0,0,10,0,0,0,10,0
tun44,451,SSBbelow8dB0,0,10,0,0,0,10,0
tun44,452,SSBbelow8dB0,0,10,0,0,0,10,0
tun44,453,SSBbelow8dB0,0,10,0,0,0,10,0
tun44,454,SSBbelow8dB0,0,10,0,0,0,10,0
tun44,455,SSBbelow8dB0,0,10,0,0,0,10,0
tun44,456,SSBbelow8dB0,0,10,0,0,0,10,0
tun44,457,SSBbelow8dB0,0,10,0,0,0,10,0
tun44,458,SSBbelow8dB0,0,10,0,0,0,10,0
tun44,459,SSBbelow8dB0,0,10,0,0,0,10,0
tun44,460,SSBbelow8dB0,0,10,0,0,0,10,0
tun44,461,SSBbelow8dB0,0,10,0,0,0,10,0
tun44,462,SSBbelow8dB0,0,10,0,0,0,10,0
tun44,463,SSBbelow8dB0,0,10,0,0,0,10,0
tun44,464,SSBbelow8dB0,0,10,0,0,0,10,0
tun44,465,SSBbelow8dB0,0,10,0,0,0,10,0
tun44,466,SSBbelow8dB0,0,10,0,0,0,10,0
tun44,467,SSBbelow8dB0,0,10,0,0,0,10,0
tun44,468,SSBbelow8dB0,0,10,0,0,0,10,0
tun44,469,SSBbelow8dB0,0,10,0,0,0,10,0
tun44,470,SSBbelow8dB0,6,10,0,0,0,10,0.6
tun44,471,SSBbelow8dB0,0,10,0,0,0,10,0
tun44,472,SSBbelow8dB0,0,10,0,0,0,10,0
tun44,473,SSBbelow8dB0,0,10,0,0,0,10,0
tun44,474,SSBbelow8dB0,0,10,0,0,0,10,0
tun44,475,SSBbelow8dB0,0,10,0,0,0,10,0
tun44,476,SSBbelow8dB0,0,10,0,0,0,10,0
tun44,477,SSBbelow8dB0,0,10,0,0,0,10,0
tun44,478,SSBbelow8dB0,0,10,0,0,0,10,0
tun44,479,SSBbelow8dB0,0,10,0,0,0,10,0
tun44,480,SSBbelow8dB0,0,10,0,0,0,10,0
tun44,481,SSBbelow8dB0,8,10,0,0,0,10,0.8
tun44,482,SSBbelow8dB0,0,10,0,0,0,10,0
tun44,483,SSBbelow8dB0,0,10,0,0,0,10,0
tun44,484,SSBbelow8dB0,0,10,0,0,0,10,0
tun44,485,SSBbelow8dB0,0,10,0,0,0,10,0
tun44,486,SSBbelow8dB0,0,10,0,0,0,10,0
tun44,487,SSBbelow8dB0,0,10,0,0,0,10,0
tun44,488,SSBbelow8dB0,0,10,0,0,0,10,0
tun44,489,SSBbelow8dB0,0,10,0,0,0,10,0
tun44,490,SSBbelow8dB0,0,10,0,0,0,10,0
tun44,491,SSBbelow8dB0,0,10,0,0,0,10,0
tun44,492,SSBbelow8dB0,0,10,0,0,0,10,0
tun44,493,SSBbelow8dB0,0,10,0,0,0,10,0
tun44,494,SSBbelow8dB0,0,10,0,0,0,10,0
tun44,495,SSBbelow8dB0,0,10,0,0,0,10,0
tun44,496,SSBbelow8dB0,0,10,0,0,0,10,0
tun44,497,SSBbelow8dB0,0,10,0,0,0,10,0
tun44,498,SSBbelow8dB0,0,10,0,0,0,10,0
tun44,499,SSBbelow8dB0,0,10,0,0,0,10,0
tun44,500,SSBbelow8dB0,0,10,0,0,0,10,0
tun46,1,SSBbelow8dB0,0,10,0,0,0,10,0
tun46,2,SSBbelow8dB0,0,10,0,0,0,10,0
tun46,3,SSBbelow8dB0,10,10,0,0,0,10,1
tun46,4,SSBbelow8dB0,0,10,0,0,0,10,0
tun46,5,SSBbelow8dB0,0,10,0,0,0,10,0
tun46,6,SSBbelow8dB0,0,10,0,0,0,10,0
tun46,7,SSBbelow8dB0,10,10,0,0,0,10,1
tun46,8,SSBbelow8dB0,10,10,0,0,0,10,1
tun46,9,SSBbelow8dB0,0,10,0,0,0,10,0
tun46,10,SSBbelow8dB0,0,10,0,0,0,10,0
tun46,11,SSBbelow8dB0,0,10,0,0,0,10,0
tun46,12,SSBbelow8dB0,0,10,0,0,0,10,0
tun46,13,SSBbelow8dB0,0,10,0,0,0,10,0
tun46,14,SSBbelow8dB0,0,10,0,0,0,10,0
tun46,15,SSBbelow8dB0,0,10,0,0,0,10,0
tun46,16,SSBbelow8dB0,0,10,0,0,0,10,0
tun46,17,SSBbelow8dB0,0,10,0,0,0,10,0
tun46,18,SSBbelow8dB0,0,10,0,0,0,10,0
tun46,19,SSBbelow8dB0,6,10,0,0,0,10,0.6
tun46,20,SSBbelow8dB0,0,10,0,0,0,10,0
tun46,21,SSBbelow8dB0,0,10,0,0,0,10,0
tun46,22,SSBbelow8dB0,0,10,0,0,0,10,0
tun46,23,SSBbelow8dB0,0,10,0,0,0,10,0
tun46,24,SSBbelow8dB0,0,10,0,0,0,10,0
tun46,25,SSBbelow8dB0,0,10,0,0,0,10,0
tun46,26,SSBbelow8dB0,0,10,0,0,0,10,0
tun46,27,SSBbelow8dB0,0,10,0,0,0,10,0
tun46,28,SSBbelow8dB0,0,10,0,0,0,10,0
tun46,29,SSBbelow8dB0,9,10,0,0,0,10,0.9
tun46,30,SSBbelow8dB0,0,10,0,0,0,10,0
tun46,31,SSBbelow8dB0,0,10,0,0,0,10,0
tun46,32,SSBbelow8dB0,0,10,0,0,0,10,0
tun46,33,SSBbelow8dB0,0,10,0,0,0,10,0
tun46,34,SSBbelow8dB0,0,10,0,0,0,10,0
tun46,35,SSBbelow8dB0,0,10,0,0,0,10,0
tun46,36,SSBbelow8dB0,0,10,0,0,0,10,0
tun46,37,SSBbelow8dB0,0,10,0,0,0,10,0
tun46,38,SSBbelow8dB0,0,10,0,0,0,10,0
tun46,39,SSBbelow8dB0,0,10,0,0,0,10,0
tun46,40,SSBbelow8dB0,0,10,0,0,0,10,0
tun46,41,SSBbelow8dB0,0,10,0,0,0,10,0
tun46,42,SSBbelow8dB0,0,10,0,0,0,10,0
tun46,43,SSBbelow8dB0,0,10,0,0,0,10,0
tun46,44,SSBbelow8dB0,0,10,0,0,0,10,0
tun46,45,SSBbelow8dB0,0,10,0,0,0,10,0
tun46,46,SSBbelow8dB0,0,10,0,0,0,10,0
tun46,47,SSBbelow8dB0,0,10,0,0,0,10,0
tun46,48,SSBbelow8dB0,0,10,0,0,0,10,0
tun46,49,SSBbelow8dB0,0,10,0,0,0,10,0
tun46,50,SSBbelow8dB0,0,10,0,0,0,10,0
tun46,51,SSBbelow8dB0,0,10,0,0,0,10,0
tun46,52,SSBbelow8dB0,0,10,0,0,0,10,0
tun46,53,SSBbelow8dB0,0,10,0,0,0,10,0
tun46,54,SSBbelow8dB0,0,10,0,0,0,10,0
tun46,55,SSBbelow8dB0,0,10,0,0,0,10,0
tun46,56,SSBbelow8dB0,4,10,0,0,0,10,0.4
tun46,57,SSBbelow8dB0,0,10,0,0,0,10,0
tun46,58,SSBbelow8dB0,0,10,0,0,0,10,0
tun46,59,SSBbelow8dB0,0,10,0,0,0,10,0
tun46,60,SSBbelow8dB0,10,10,0,0,0,10,1
tun46,61,SSBbelow8dB0,0,10,0,0,0,10,0
tun46,62,SSBbelow8dB0,0,10,0,0,0,10,0
tun46,63,SSBbelow8dB0,0,10,0,0,0,10,0
tun46,64,SSBbelow8dB0,0,10,0,0,0,10,0
tun46,65,SSBbelow8dB0,0,10,0,0,0,10,0
tun46,66,SSBbelow8dB0,0,10,0,0,0,10,0
tun46,67,SSBbelow8dB0,0,10,0,0,0,10,0
tun46,68,SSBbelow8dB0,0,10,0,0,0,10,0
tun46,69,SSBbelow8dB0,0,10,0,0,0,10,0
tun46,70,SSBbelow8dB0,0,10,0,0,0,10,0
tun46,71,SSBbelow8dB0,0,10,0,0,0,10,0
tun46,72,SSBbelow8dB0,0,10,0,0,0,10,0
tun46,73,SSBbelow8dB0,0,10,0,0,0,10,0
tun46,74,SSBbelow8dB0,0,10,0,0,0,10,0
tun46,75,SSBbelow8dB0,5,10,0,0,0,10,0.5
tun46,76,SSBbelow8dB0,0,10,0,0,0,10,0
tun46,77,SSBbelow8dB0,0,10,0,0,0,10,0
tun46,78,SSBbelow8dB0,7,10,0,0,0,10,0.7
tun46,79,SSBbelow8dB0,0,10,0,0,0,10,0
tun46,80,SSBbelow8dB0,0,10,0,0,0,10,0
tun46,81,SSBbelow8dB0,0,10,0,0,0,10,0
tun46,82,SSBbelow8dB0,0,10,0,0,0,10,0
tun46,83,SSBbelow8dB0,8,10,0,0,0,10,0.8
tun46,84,SSBbelow8dB0,0,10,0,0,0,10,0
tun46,85,SSBbelow8dB0,10,10,0,0,0,10,1
tun46,86,SSBbelow8dB0,0,10,0,0,0,10,0
tun46,87,SSBbelow8dB0,0,10,0,0,0,10,0
tun46,88,SSBbelow8dB0,0,10,0,0,0,10,0
tun46,89,SSBbelow8dB0,0,10,0,0,0,10,0
tun46,90,SSBbelow8dB0,0,10,0,0,0,10,0
tun46,91,SSBbelow8dB0,0,10,0,0,0,10,0
tun46,92,SSBbelow8dB0,0,10,0,0,0,10,0
tun46,93,SSBbelow8dB0,0,10,0,0,0,10,0
tun46,94,SSBbelow8dB0,0,10,0,0,0,10,0
tun46,95,SSBbelow8dB0,0,10,0,0,0,10,0
tun46,96,SSBbelow8dB0,0,10,0,0,0,10,0
tun46,97,SSBbelow8dB0,0,10,0,0,0,10,0
tun46,98,SSBbelow8dB0,0,10,0,0,0,10,0
tun46,99,SSBbelow8dB0,9,10,0,0,0,10,0.9
tun46,100,SSBbelow8dB0,0,10,0,0,0,10,0
tun46,101,SSBbelow8dB0,0,10,0,0,0,10,0
tun46,102,SSBbelow8dB0,0,10,0,0,0,10,0
tun46,103,SSBbelow8dB0,0,10,0,0,0,10,0
tun46,104,SSBbelow8dB0,0,10,0,0,0,10,0
tun46,105,SSBbelow8dB0,0,10,0,0,0,10,0
tun46,106,SSBbelow8dB0,0,10,0,0,0,10,0
tun46,107,SSBbelow8dB0,0,10,0,0,0,10,0
tun46,108,SSBbelow8dB0,0,10,0,0,0,10,0
tun46,109,SSBbelow8dB0,0,10,0,0,0,10,0
tun46,110,SSBbelow8dB0,0,10,0,0,0,10,0
tun46,111,SSBbelow8dB0,0,10,0,0,0,10,0
tun46,112,SSBbelow8dB0,0,10,0,0,0,10,0
tun46,113,SSBbelow8dB0,0,10,0,0,0,10,0
tun46,114,SSBbelow8dB0,0,10,0,0,0,10,0
tun46,115,SSBbelow8dB0,0,10,0,0,0,10,0
tun46,116,SSBbelow8dB0,2,10,0,0,0,10,0.2
tun46,117,SSBbelow8dB0,0,10,0,0,0,10,0
tun46,118,SSBbelow8dB0,0,10,0,0,0,10,0
tun46,119,SSBbelow8dB0,0,10,0,0,0,10,0
tun46,120,SSBbelow8dB0,0,10,0,0,0,10,0
tun46,121,SSBbelow8dB0,0,10,0,0,0,10,0
tun46,122,SSBbelow8dB0,0,10,0,0,0,10,0
tun46,123,SSBbelow8dB0,0,10,0,0,0,10,0
tun46,124,SSBbelow8dB0,0,10,0,0,0,10,0
tun46,125,SSBbelow8dB0,0,10,0,0,0,10,0
tun46,126,SSBbelow8dB0,0,10,0,0,0,10,0
tun46,127,SSBbelow8dB0,0,10,0,0,0,10,0
tun46,128,SSBbelow8dB0,0,10,0,0,0,10,0
tun46,129,SSBbelow8dB0,0,10,0,0,0,10,0
tun46,130,SSBbelow8dB0,5,10,0,0,0,10,0.5
tun46,131,SSBbelow8dB0,0,10,0,0,0,10,0
tun46,132,SSBbelow8dB0,0,10,0,0,0,10,0
tun46,133,SSBbelow8dB0,0,10,0,0,0,10,0
tun46,134,SSBbelow8dB0,0,10,0,0,0,10,0
tun46,135,SSBbelow8dB0,0,10,0,0,0,10,0
tun46,136,SSBbelow8dB0,0,10,0,0,0,10,0
tun46,137,SSBbelow8dB0,0,10,0,0,0,10,0
tun46,138,SSBbelow8dB0,6,10,0,0,0,10,0.6
tun46,139,SSBbelow8dB0,0,10,0,0,0,10,0
tun46,140,SSBbelow8dB0,0,10,0,0,0,10,0
tun46,141,SSBbelow8dB0,0,10,0,0,0,10,0
tun46,142,SSBbelow8dB0,0,10,0,0,0,10,0
tun46,143,SSBbelow8dB0,0,10,0,0,0,10,0
tun46,144,SSBbelow8dB0,0,10,0,0,0,10,0
tun46,145,SSBbelow8dB0,0,10,0,0,0,10,0
tun46,146,SSBbelow8dB0,0,10,0,0,0,10,0
tun46,147,SSBbelow8dB0,0,10,0,0,0,10,0
tun46,148,SSBbelow8dB0,0,10,0,0,0,10,0
tun46,149,SSBbelow8dB0,0,10,0,0,0,10,0
tun46,150,SSBbelow8dB0,0,10,0,0,0,10,0
tun46,151,SSBbelow8dB0,0,10,0,0,0,10,0
tun46,152,SSBbelow8dB0,0,10,0,0,0,10,0
tun46,153,SSBbelow8dB0,0,10,0,0,0,10,0
tun46,154,SSBbelow8dB0,7,10,0,0,0,10,0.7
tun46,155,SSBbelow8dB0,0,10,0,0,0,10,0
tun46,156,SSBbelow8dB0,0,10,0,0,0,10,0
tun46,157,SSBbelow8dB0,0,10,0,0,0,10,0
tun46,158,SSBbelow8dB0,0,10,0,0,0,10,0
tun46,159,SSBbelow8dB0,0,10,0,0,0,10,0
tun46,160,SSBbelow8dB0,0,10,0,0,0,10,0
tun46,161,SSBbelow8dB0,0,10,0,0,0,10,0
tun46,162,SSBbelow8dB0,0,10,0,0,0,10,0
tun46,163,SSBbelow8dB0,0,10,0,0,0,10,0
tun46,164,SSBbelow8dB0,0,10,0,0,0,10,0
tun46,165,SSBbelow8dB0,0,10,0,0,0,10,0
tun46,166,SSBbelow8dB0,0,10,0,0,0,10,0
tun46,167,SSBbelow8dB0,0,10,0,0,0,10,0
tun46,168,SSBbelow8dB0,0,10,0,0,0,10,0
tun46,169,SSBbelow8dB0,0,10,0,0,0,10,0
tun46,170,SSBbelow8dB0,0,10,0,0,0,10,0
tun46,171,SSBbelow8dB0,0,10,0,0,0,10,0
tun46,172,SSBbelow8dB0,0,10,0,0,0,10,0
tun46,173,SSBbelow8dB0,0,10,0,0,0,10,0
tun46,174,SSBbelow8dB0,0,10,0,0,0,10,0
tun46,175,SSBbelow8dB0,8,10,0,0,0,10,0.8
tun46,176,SSBbelow8dB0,0,10,0,0,0,10,0
tun46,177,SSBbelow8dB0,0,10,0,0,0,10,0
tun46,178,SSBbelow8dB0,0,10,0,0,0,10,0
tun46,179,SSBbelow8dB0,0,10,0,0,0,10,0
tun46,180,SSBbelow8dB0,0,10,0,0,0,10,0
tun46,181,SSBbelow8dB0,0,10,0,0,0,10,0
tun46,182,SSBbelow8dB0,0,10,0,0,0,10,0
tun46,183,SSBbelow8dB0,0,10,0,0,0,10,0
tun46,184,SSBbelow8dB0,10,10,0,0,0,10,1
tun46,185,SSBbelow8dB0,0,10,0,0,0,10,0
tun46,186,SSBbelow8dB0,0,10,0,0,0,10,0
tun46,187,SSBbelow8dB0,0,10,0,0,0,10,0
tun46,188,SSBbelow8dB0,4,10,0,0,0,10,0.4
tun46,189,SSBbelow8dB0,0,10,0,0,0,10,0
tun46,190,SSBbelow8dB0,0,10,0,0,0,10,0
tun46,191,SSBbelow8dB0,0,10,0,0,0,10,0
tun46,192,SSBbelow8dB0,3,10,0,0,0,10,0.3
tun46,193,SSBbelow8dB0,0,10,0,0,0,10,0
tun46,194,SSBbelow8dB0,0,10,0,0,0,10,0
tun46,195,SSBbelow8dB0,0,10,0,0,0,10,0
tun46,196,SSBbelow8dB0,0,10,0,0,0,10,0
tun46,197,SSBbelow8dB0,0,10,0,0,0,10,0
tun46,198,SSBbelow8dB0,0,10,0,0,0,10,0
tun46,199,SSBbelow8dB0,0,10,0,0,0,10,0
tun46,200,SSBbelow8dB0,0,10,0,0,0,10,0
tun46,201,SSBbelow8dB0,0,10,0,0,0,10,0
tun46,202,SSBbelow8dB0,0,10,0,0,0,10,0
tun46,203,SSBbelow8dB0,0,10,0,0,0,10,0
tun46,204,SSBbelow8dB0,0,10,0,0,0,10,0
tun46,205,SSBbelow8dB0,0,10,0,0,0,10,0
tun46,206,SSBbelow8dB0,0,10,0,0,0,10,0
tun46,207,SSBbelow8dB0,0,10,0,0,0,10,0
tun46,208,SSBbelow8dB0,0,10,0,0,0,10,0
tun46,209,SSBbelow8dB0,0,10,0,0,0,10,0
tun46,210,SSBbelow8dB0,0,10,0,0,0,10,0
tun46,211,SSBbelow8dB0,0,10,0,0,0,10,0
tun46,212,SSBbelow8dB0,0,10,0,0,0,10,0
tun46,213,SSBbelow8dB0,0,10,0,0,0,10,0
tun46,214,SSBbelow8dB0,0,10,0,0,0,10,0
tun46,215,SSBbelow8dB0,0,10,0,0,0,10,0
tun46,216,SSBbelow8dB0,0,10,0,0,0,10,0
tun46,217,SSBbelow8dB0,0,10,0,0,0,10,0
tun46,218,SSBbelow8dB0,0,10,0,0,0,10,0
tun46,219,SSBbelow8dB0,0,10,0,0,0,10,0
tun46,220,SSBbelow8dB0,0,10,0,0,0,10,0
tun46,221,SSBbelow8dB0,0,10,0,0,0,10,0
tun46,222,SSBbelow8dB0,0,10,0,0,0,10,0
tun46,223,SSBbelow8dB0,0,10,0,0,0,10,0
tun46,224,SSBbelow8dB0,0,10,0,0,0,10,0
tun46,225,SSBbelow8dB0,0,10,0,0,0,10,0
tun46,226,SSBbelow8dB0,0,10,0,0,0,10,0
tun46,227,SSBbelow8dB0,0,10,0,0,0,10,0
tun46,228,SSBbelow8dB0,0,10,0,0,0,10,0
tun46,229,SSBbelow8dB0,0,10,0,0,0,10,0
tun46,230,SSBbelow8dB0,0,10,0,0,0,10,0
tun46,231,SSBbelow8dB0,0,10,0,0,0,10,0
tun46,232,SSBbelow8dB0,0,10,0,0,0,10,0
tun46,233,SSBbelow8dB0,0,10,0,0,0,10,0
tun46,234,SSBbelow8dB0,0,10,0,0,0,10,0
tun46,235,SSBbelow8dB0,0,10,0,0,0,10,0
tun46,236,SSBbelow8dB0,0,10,0,0,0,10,0
tun46,237,SSBbelow8dB0,0,10,0,0,0,10,0
tun46,238,SSBbelow8dB0,0,10,0,0,0,10,0
tun46,239,SSBbelow8dB0,0,10,0,0,0,10,0
tun46,240,SSBbelow8dB0,0,10,0,0,0,10,0
tun46,241,SSBbelow8dB0,0,10,0,0,0,10,0
tun46,242,SSBbelow8dB0,0,10,0,0,0,10,0
tun46,243,SSBbelow8dB0,0,10,0,0,0,10,0
tun46,244,SSBbelow8dB0,0,10,0,0,0,10,0
tun46,245,SSBbelow8dB0,4,10,0,0,0,10,0.4
tun46,246,SSBbelow8dB0,0,10,0,0,0,10,0
tun46,247,SSBbelow8dB0,0,10,0,0,0,10,0
tun46,248,SSBbelow8dB0,9,10,0,0,0,10,0.9
tun46,249,SSBbelow8dB0,0,10,0,0,0,10,0
tun46,250,SSBbelow8dB0,0,10,0,0,0,10,0
tun46,251,SSBbelow8dB0,0,10,0,0,0,10,0
tun46,252,SSBbelow8dB0,5,10,0,0,0,10,0.5
tun46,253,SSBbelow8dB0,0,10,0,0,0,10,0
tun46,254,SSBbelow8dB0,0,10,0,0,0,10,0
tun46,255,SSBbelow8dB0,0,10,0,0,0,10,0
tun46,256,SSBbelow8dB0,0,10,0,0,0,10,0
tun46,257,SSBbelow8dB0,0,10,0,0,0,10,0
tun46,258,SSBbelow8dB0,0,10,0,0,0,10,0
tun46,259,SSBbelow8dB0,0,10,0,0,0,10,0
tun46,260,SSBbelow8dB0,0,10,0,0,0,10,0
tun46,261,SSBbelow8dB0,0,10,0,0,0,10,0
tun46,262,SSBbelow8dB0,0,10,0,0,0,10,0
tun46,263,SSBbelow8dB0,0,10,0,0,0,10,0
tun46,264,SSBbelow8dB0,0,10,0,0,0,10,0
tun46,265,SSBbelow8dB0,9,10,0,0,0,10,0.9
tun46,266,SSBbelow8dB0,0,10,0,0,0,10,0
tun46,267,SSBbelow8dB0,0,10,0,0,0,10,0
tun46,268,SSBbelow8dB0,0,10,0,0,0,10,0
tun46,269,SSBbelow8dB0,0,10,0,0,0,10,0
tun46,270,SSBbelow8dB0,0,10,0,0,0,10,0
tun46,271,SSBbelow8dB0,0,10,0,0,0,10,0
tun46,272,SSBbelow8dB0,0,10,0,0,0,10,0
tun46,273,SSBbelow8dB0,6,10,0,0,0,10,0.6
tun46,274,SSBbelow8dB0,0,10,0,0,0,10,0
tun46,275,SSBbelow8dB0,0,10,0,0,0,10,0
tun46,276,SSBbelow8dB0,0,10,0,0,0,10,0
tun46,277,SSBbelow8dB0,0,10,0,0,0,10,0
tun46,278,SSBbelow8dB0,0,10,0,0,0,10,0
tun46,279,SSBbelow8dB0,0,10,0,0,0,10,0
tun46,280,SSBbelow8dB0,0,10,0,0,0,10,0
tun46,281,SSBbelow8dB0,0,10,0,0,0,10,0
tun46,282,SSBbelow8dB0,0,10,0,0,0,10,0
tun46,283,SSBbelow8dB0,0,10,0,0,0,10,0
tun46,284,SSBbelow8dB0,0,10,0,0,0,10,0
tun46,285,SSBbelow8dB0,0,10,0,0,0,10,0
tun46,286,SSBbelow8dB0,0,10,0,0,0,10,0
tun46,287,SSBbelow8dB0,0,10,0,0,0,10,0
tun46,288,SSBbelow8dB0,0,10,0,0,0,10,0
tun46,289,SSBbelow8dB0,0,10,0,0,0,10,0
tun46,290,SSBbelow8dB0,0,10,0,0,0,10,0
tun46,291,SSBbelow8dB0,0,10,0,0,0,10,0
tun46,292,SSBbelow8dB0,0,10,0,0,0,10,0
tun46,293,SSBbelow8dB0,0,10,0,0,0,10,0
tun46,294,SSBbelow8dB0,0,10,0,0,0,10,0
tun46,295,SSBbelow8dB0,0,10,0,0,0,10,0
tun46,296,SSBbelow8dB0,0,10,0,0,0,10,0
tun46,297,SSBbelow8dB0,0,10,0,0,0,10,0
tun46,298,SSBbelow8dB0,0,10,0,0,0,10,0
tun46,299,SSBbelow8dB0,0,10,0,0,0,10,0
tun46,300,SSBbelow8dB0,0,10,0,0,0,10,0
tun46,301,SSBbelow8dB0,0,10,0,0,0,10,0
tun46,302,SSBbelow8dB0,0,10,0,0,0,10,0
tun46,303,SSBbelow8dB0,0,10,0,0,0,10,0
tun46,304,SSBbelow8dB0,0,10,0,0,0,10,0
tun46,305,SSBbelow8dB0,0,10,0,0,0,10,0
tun46,306,SSBbelow8dB0,0,10,0,0,0,10,0
tun46,307,SSBbelow8dB0,0,10,0,0,0,10,0
tun46,308,SSBbelow8dB0,10,10,0,0,0,10,1
tun46,309,SSBbelow8dB0,0,10,0,0,0,10,0
tun46,310,SSBbelow8dB0,9,10,0,0,0,10,0.9
tun46,311,SSBbelow8dB0,0,10,0,0,0,10,0
tun46,312,SSBbelow8dB0,0,10,0,0,0,10,0
tun46,313,SSBbelow8dB0,0,10,0,0,0,10,0
tun46,314,SSBbelow8dB0,0,10,0,0,0,10,0
tun46,315,SSBbelow8dB0,0,10,0,0,0,10,0
tun46,316,SSBbelow8dB0,0,10,0,0,0,10,0
tun46,317,SSBbelow8dB0,0,10,0,0,0,10,0
tun46,318,SSBbelow8dB0,0,10,0,0,0,10,0
tun46,319,SSBbelow8dB0,0,10,0,0,0,10,0
tun46,320,SSBbelow8dB0,0,10,0,0,0,10,0
tun46,321,SSBbelow8dB0,0,10,0,0,0,10,0
tun46,322,SSBbelow8dB0,0,10,0,0,0,10,0
tun46,323,SSBbelow8dB0,0,10,0,0,0,10,0
tun46,324,SSBbelow8dB0,0,10,0,0,0,10,0
tun46,325,SSBbelow8dB0,10,10,0,0,0,10,1
tun46,326,SSBbelow8dB0,0,10,0,0,0,10,0
tun46,327,SSBbelow8dB0,9,10,0,0,0,10,0.9
tun46,328,SSBbelow8dB0,0,10,0,0,0,10,0
tun46,329,SSBbelow8dB0,0,10,0,0,0,10,0
tun46,330,SSBbelow8dB0,10,10,0,0,0,10,1
tun46,331,SSBbelow8dB0,0,10,0,0,0,10,0
tun46,332,SSBbelow8dB0,0,10,0,0,0,10,0
tun46,333,SSBbelow8dB0,0,10,0,0,0,10,0
tun46,334,SSBbelow8dB0,0,10,0,0,0,10,0
tun46,335,SSBbelow8dB0,0,10,0,0,0,10,0
tun46,336,SSBbelow8dB0,0,10,0,0,0,10,0
tun46,337,SSBbelow8dB0,0,10,0,0,0,10,0
tun46,338,SSBbelow8dB0,0,10,0,0,0,10,0
tun46,339,SSBbelow8dB0,0,10,0,0,0,10,0
tun46,340,SSBbelow8dB0,0,10,0,0,0,10,0
tun46,341,SSBbelow8dB0,0,10,0,0,0,10,0
tun46,342,SSBbelow8dB0,0,10,0,0,0,10,0
tun46,343,SSBbelow8dB0,0,10,0,0,0,10,0
tun46,344,SSBbelow8dB0,0,10,0,0,0,10,0
tun46,345,SSBbelow8dB0,0,10,0,0,0,10,0
tun46,346,SSBbelow8dB0,0,10,0,0,0,10,0
tun46,347,SSBbelow8dB0,0,10,0,0,0,10,0
tun46,348,SSBbelow8dB0,0,10,0,0,0,10,0
tun46,349,SSBbelow8dB0,0,10,0,0,0,10,0
tun46,350,SSBbelow8dB0,0,10,0,0,0,10,0
tun46,351,SSBbelow8dB0,0,10,0,0,0,10,0
tun46,352,SSBbelow8dB0,0,10,0,0,0,10,0
tun46,353,SSBbelow8dB0,9,10,0,0,0,10,0.9
tun46,354,SSBbelow8dB0,0,10,0,0,0,10,0
tun46,355,SSBbelow8dB0,0,10,0,0,0,10,0
tun46,356,SSBbelow8dB0,0,10,0,0,0,10,0
tun46,357,SSBbelow8dB0,0,10,0,0,0,10,0
tun46,358,SSBbelow8dB0,0,10,0,0,0,10,0
tun46,359,SSBbelow8dB0,0,10,0,0,0,10,0
tun46,360,SSBbelow8dB0,0,10,0,0,0,10,0
tun46,361,SSBbelow8dB0,0,10,0,0,0,10,0
tun46,362,SSBbelow8dB0,0,10,0,0,0,10,0
tun46,363,SSBbelow8dB0,0,10,0,0,0,10,0
tun46,364,SSBbelow8dB0,0,10,0,0,0,10,0
tun46,365,SSBbelow8dB0,0,10,0,0,0,10,0
tun46,366,SSBbelow8dB0,2,10,0,0,0,10,0.2
tun46,367,SSBbelow8dB0,0,10,0,0,0,10,0
tun46,368,SSBbelow8dB0,0,10,0,0,0,10,0
tun46,369,SSBbelow8dB0,0,10,0,0,0,10,0
tun46,370,SSBbelow8dB0,0,10,0,0,0,10,0
tun46,371,SSBbelow8dB0,0,10,0,0,0,10,0
tun46,372,SSBbelow8dB0,0,10,0,0,0,10,0
tun46,373,SSBbelow8dB0,0,10,0,0,0,10,0
tun46,374,SSBbelow8dB0,0,10,0,0,0,10,0
tun46,375,SSBbelow8dB0,0,10,0,0,0,10,0
tun46,376,SSBbelow8dB0,0,10,0,0,0,10,0
tun46,377,SSBbelow8dB0,0,10,0,0,0,10,0
tun46,378,SSBbelow8dB0,0,10,0,0,0,10,0
tun46,379,SSBbelow8dB0,0,10,0,0,0,10,0
tun46,380,SSBbelow8dB0,0,10,0,0,0,10,0
tun46,381,SSBbelow8dB0,0,10,0,0,0,10,0
tun46,382,SSBbelow8dB0,0,10,0,0,0,10,0
tun46,383,SSBbelow8dB0,0,10,0,0,0,10,0
tun46,384,SSBbelow8dB0,0,10,0,0,0,10,0
tun46,385,SSBbelow8dB0,0,10,0,0,0,10,0
tun46,386,SSBbelow8dB0,0,10,0,0,0,10,0
tun46,387,SSBbelow8dB0,0,10,0,0,0,10,0
tun46,388,SSBbelow8dB0,9,10,0,0,0,10,0.9
tun46,389,SSBbelow8dB0,0,10,0,0,0,10,0
tun46,390,SSBbelow8dB0,10,10,0,0,0,10,1
tun46,391,SSBbelow8dB0,9,10,0,0,0,10,0.9
tun46,392,SSBbelow8dB0,0,10,0,0,0,10,0
tun46,393,SSBbelow8dB0,0,10,0,0,0,10,0
tun46,394,SSBbelow8dB0,0,10,0,0,0,10,0
tun46,395,SSBbelow8dB0,0,10,0,0,0,10,0
tun46,396,SSBbelow8dB0,0,10,0,0,0,10,0
tun46,397,SSBbelow8dB0,0,10,0,0,0,10,0
tun46,398,SSBbelow8dB0,0,10,0,0,0,10,0
tun46,399,SSBbelow8dB0,0,10,0,0,0,10,0
tun46,400,SSBbelow8dB0,5,10,0,0,0,10,0.5
tun46,401,SSBbelow8dB0,10,10,0,0,0,10,1
tun46,402,SSBbelow8dB0,0,10,0,0,0,10,0
tun46,403,SSBbelow8dB0,0,10,0,0,0,10,0
tun46,404,SSBbelow8dB0,0,10,0,0,0,10,0
tun46,405,SSBbelow8dB0,0,10,0,0,0,10,0
tun46,406,SSBbelow8dB0,7,10,0,0,0,10,0.7
tun46,407,SSBbelow8dB0,0,10,0,0,0,10,0
tun46,408,SSBbelow8dB0,0,10,0,0,0,10,0
tun46,409,SSBbelow8dB0,6,10,0,0,0,10,0.6
tun46,410,SSBbelow8dB0,0,10,0,0,0,10,0
tun46,411,SSBbelow8dB0,0,10,0,0,0,10,0
tun46,412,SSBbelow8dB0,0,10,0,0,0,10,0
tun46,413,SSBbelow8dB0,0,10,0,0,0,10,0
tun46,414,SSBbelow8dB0,4,10,0,0,0,10,0.4
tun46,415,SSBbelow8dB0,0,10,0,0,0,10,0
tun46,416,SSBbelow8dB0,0,10,0,0,0,10,0
tun46,417,SSBbelow8dB0,0,10,0,0,0,10,0
tun46,418,SSBbelow8dB0,0,10,0,0,0,10,0
tun46,419,SSBbelow8dB0,0,10,0,0,0,10,0
tun46,420,SSBbelow8dB0,0,10,0,0,0,10,0
tun46,421,SSBbelow8dB0,0,10,0,0,0,10,0
tun46,422,SSBbelow8dB0,0,10,0,0,0,10,0
tun46,423,SSBbelow8dB0,0,10,0,0,0,10,0
tun46,424,SSBbelow8dB0,0,10,0,0,0,10,0
tun46,425,SSBbelow8dB0,0,10,0,0,0,10,0
tun46,426,SSBbelow8dB0,0,10,0,0,0,10,0
tun46,427,SSBbelow8dB0,0,10,0,0,0,10,0
tun46,428,SSBbelow8dB0,0,10,0,0,0,10,0
tun46,429,SSBbelow8dB0,0,10,0,0,0,10,0
tun46,430,SSBbelow8dB0,0,10,0,0,0,10,0
tun46,431,SSBbelow8dB0,0,10,0,0,0,10,0
tun46,432,SSBbelow8dB0,0,10,0,0,0,10,0
tun46,433,SSBbelow8dB0,0,10,0,0,0,10,0
tun46,434,SSBbelow8dB0,0,10,0,0,0,10,0
tun46,435,SSBbelow8dB0,0,10,0,0,0,10,0
tun46,436,SSBbelow8dB0,0,10,0,0,0,10,0
tun46,437,SSBbelow8dB0,0,10,0,0,0,10,0
tun46,438,SSBbelow8dB0,0,10,0,0,0,10,0
tun46,439,SSBbelow8dB0,4,10,0,0,0,10,0.4
tun46,440,SSBbelow8dB0,0,10,0,0,0,10,0
tun46,441,SSBbelow8dB0,0,10,0,0,0,10,0
tun46,442,SSBbelow8dB0,0,10,0,0,0,10,0
tun46,443,SSBbelow8dB0,0,10,0,0,0,10,0
tun46,444,SSBbelow8dB0,0,10,0,0,0,10,0
tun46,445,SSBbelow8dB0,0,10,0,0,0,10,0
tun46,446,SSBbelow8dB0,0,10,0,0,0,10,0
tun46,447,SSBbelow8dB0,0,10,0,0,0,10,0
tun46,448,SSBbelow8dB0,10,10,0,0,0,10,1
tun46,449,SSBbelow8dB0,0,10,0,0,0,10,0
tun46,450,SSBbelow8dB0,0,10,0,0,0,10,0
tun46,451,SSBbelow8dB0,0,10,0,0,0,10,0
tun46,452,SSBbelow8dB0,0,10,0,0,0,10,0
tun46,453,SSBbelow8dB0,0,10,0,0,0,10,0
tun46,454,SSBbelow8dB0,0,10,0,0,0,10,0
tun46,455,SSBbelow8dB0,0,10,0,0,0,10,0
tun46,456,SSBbelow8dB0,0,10,0,0,0,10,0
tun46,457,SSBbelow8dB0,0,10,0,0,0,10,0
tun46,458,SSBbelow8dB0,0,10,0,0,0,10,0
tun46,459,SSBbelow8dB0,0,10,0,0,0,10,0
tun46,460,SSBbelow8dB0,0,10,0,0,0,10,0
tun46,461,SSBbelow8dB0,0,10,0,0,0,10,0
tun46,462,SSBbelow8dB0,0,10,0,0,0,10,0
tun46,463,SSBbelow8dB0,0,10,0,0,0,10,0
tun46,464,SSBbelow8dB0,0,10,0,0,0,10,0
tun46,465,SSBbelow8dB0,0,10,0,0,0,10,0
tun46,466,SSBbelow8dB0,0,10,0,0,0,10,0
tun46,467,SSBbelow8dB0,0,10,0,0,0,10,0
tun46,468,SSBbelow8dB0,0,10,0,0,0,10,0
tun46,469,SSBbelow8dB0,0,10,0,0,0,10,0
tun46,470,SSBbelow8dB0,6,10,0,0,0,10,0.6
tun46,471,SSBbelow8dB0,0,10,0,0,0,10,0
tun46,472,SSBbelow8dB0,0,10,0,0,0,10,0
tun46,473,SSBbelow8dB0,0,10,0,0,0,10,0
tun46,474,SSBbelow8dB0,0,10,0,0,0,10,0
tun46,475,SSBbelow8dB0,0,10,0,0,0,10,0
tun46,476,SSBbelow8dB0,0,10,0,0,0,10,0
tun46,477,SSBbelow8dB0,0,10,0,0,0,10,0
tun46,478,SSBbelow8dB0,0,10,0,0,0,10,0
tun46,479,SSBbelow8dB0,0,10,0,0,0,10,0
tun46,480,SSBbelow8dB0,0,10,0,0,0,10,0
tun46,481,SSBbelow8dB0,8,10,0,0,0,10,0.8
tun46,482,SSBbelow8dB0,0,10,0,0,0,10,0
tun46,483,SSBbelow8dB0,0,10,0,0,0,10,0
tun46,484,SSBbelow8dB0,0,10,0,0,0,10,0
tun46,485,SSBbelow8dB0,0,10,0,0,0,10,0
tun46,486,SSBbelow8dB0,0,10,0,0,0,10,0
tun46,487,SSBbelow8dB0,0,10,0,0,0,10,0
tun46,488,SSBbelow8dB0,0,10,0,0,0,10,0
tun46,489,SSBbelow8dB0,0,10,0,0,0,10,0
tun46,490,SSBbelow8dB0,0,10,0,0,0,10,0
tun46,491,SSBbelow8dB0,0,10,0,0,0,10,0
tun46,492,SSBbelow8dB0,0,10,0,0,0,10,0
tun46,493,SSBbelow8dB0,0,10,0,0,0,10,0
tun46,494,SSBbelow8dB0,0,10,0,0,0,10,0
tun46,495,SSBbelow8dB0,0,10,0,0,0,10,0
tun46,496,SSBbelow8dB0,0,10,0,0,0,10,0
tun46,497,SSBbelow8dB0,0,10,0,0,0,10,0
tun46,498,SSBbelow8dB0,0,10,0,0,0,10,0
tun46,499,SSBbelow8dB0,0,10,0,0,0,10,0
tun46,500,SSBbelow8dB0,6,10,0,0,0,10,0.6
tun48,1,SSBbelow8dB0,0,10,0,0,0,10,0
tun48,2,SSBbelow8dB0,0,10,0,0,0,10,0
tun48,3,SSBbelow8dB0,0,10,0,0,0,10,0
tun48,4,SSBbelow8dB0,0,10,0,0,0,10,0
tun48,5,SSBbelow8dB0,0,10,0,0,0,10,0
tun48,6,SSBbelow8dB0,0,10,0,0,0,10,0
tun48,7,SSBbelow8dB0,10,10,0,0,0,10,1
tun48,8,SSBbelow8dB0,10,10,0,0,0,10,1
tun48,9,SSBbelow8dB0,0,10,0,0,0,10,0
tun48,10,SSBbelow8dB0,0,10,0,0,0,10,0
tun48,11,SSBbelow8dB0,0,10,0,0,0,10,0
tun48,12,SSBbelow8dB0,0,10,0,0,0,10,0
tun48,13,SSBbelow8dB0,0,10,0,0,0,10,0
tun48,14,SSBbelow8dB0,0,10,0,0,0,10,0
tun48,15,SSBbelow8dB0,0,10,0,0,0,10,0
tun48,16,SSBbelow8dB0,0,10,0,0,0,10,0
tun48,17,SSBbelow8dB0,0,10,0,0,0,10,0
tun48,18,SSBbelow8dB0,0,10,0,0,0,10,0
tun48,19,SSBbelow8dB0,6,10,0,0,0,10,0.6
tun48,20,SSBbelow8dB0,0,10,0,0,0,10,0
tun48,21,SSBbelow8dB0,0,10,0,0,0,10,0
tun48,22,SSBbelow8dB0,0,10,0,0,0,10,0
tun48,23,SSBbelow8dB0,0,10,0,0,0,10,0
tun48,24,SSBbelow8dB0,0,10,0,0,0,10,0
tun48,25,SSBbelow8dB0,0,10,0,0,0,10,0
tun48,26,SSBbelow8dB0,0,10,0,0,0,10,0
tun48,27,SSBbelow8dB0,0,10,0,0,0,10,0
tun48,28,SSBbelow8dB0,0,10,0,0,0,10,0
tun48,29,SSBbelow8dB0,3,10,0,0,0,10,0.3
tun48,30,SSBbelow8dB0,0,10,0,0,0,10,0
tun48,31,SSBbelow8dB0,0,10,0,0,0,10,0
tun48,32,SSBbelow8dB0,0,10,0,0,0,10,0
tun48,33,SSBbelow8dB0,0,10,0,0,0,10,0
tun48,34,SSBbelow8dB0,0,10,0,0,0,10,0
tun48,35,SSBbelow8dB0,0,10,0,0,0,10,0
tun48,36,SSBbelow8dB0,0,10,0,0,0,10,0
tun48,37,SSBbelow8dB0,0,10,0,0,0,10,0
tun48,38,SSBbelow8dB0,0,10,0,0,0,10,0
tun48,39,SSBbelow8dB0,0,10,0,0,0,10,0
tun48,40,SSBbelow8dB0,0,10,0,0,0,10,0
tun48,41,SSBbelow8dB0,0,10,0,0,0,10,0
tun48,42,SSBbelow8dB0,0,10,0,0,0,10,0
tun48,43,SSBbelow8dB0,0,10,0,0,0,10,0
tun48,44,SSBbelow8dB0,0,10,0,0,0,10,0
tun48,45,SSBbelow8dB0,0,10,0,0,0,10,0
tun48,46,SSBbelow8dB0,0,10,0,0,0,10,0
tun48,47,SSBbelow8dB0,0,10,0,0,0,10,0
tun48,48,SSBbelow8dB0,0,10,0,0,0,10,0
tun48,49,SSBbelow8dB0,0,10,0,0,0,10,0
tun48,50,SSBbelow8dB0,0,10,0,0,0,10,0
tun48,51,SSBbelow8dB0,0,10,0,0,0,10,0
tun48,52,SSBbelow8dB0,0,10,0,0,0,10,0
tun48,53,SSBbelow8dB0,0,10,0,0,0,10,0
tun48,54,SSBbelow8dB0,0,10,0,0,0,10,0
tun48,55,SSBbelow8dB0,0,10,0,0,0,10,0
tun48,56,SSBbelow8dB0,3,10,0,0,0,10,0.3
tun48,57,SSBbelow8dB0,0,10,0,0,0,10,0
tun48,58,SSBbelow8dB0,0,10,0,0,0,10,0
tun48,59,SSBbelow8dB0,0,10,0,0,0,10,0
tun48,60,SSBbelow8dB0,0,10,0,0,0,10,0
tun48,61,SSBbelow8dB0,0,10,0,0,0,10,0
tun48,62,SSBbelow8dB0,0,10,0,0,0,10,0
tun48,63,SSBbelow8dB0,0,10,0,0,0,10,0
tun48,64,SSBbelow8dB0,0,10,0,0,0,10,0
tun48,65,SSBbelow8dB0,0,10,0,0,0,10,0
tun48,66,SSBbelow8dB0,0,10,0,0,0,10,0
tun48,67,SSBbelow8dB0,0,10,0,0,0,10,0
tun48,68,SSBbelow8dB0,0,10,0,0,0,10,0
tun48,69,SSBbelow8dB0,0,10,0,0,0,10,0
tun48,70,SSBbelow8dB0,0,10,0,0,0,10,0
tun48,71,SSBbelow8dB0,0,10,0,0,0,10,0
tun48,72,SSBbelow8dB0,0,10,0,0,0,10,0
tun48,73,SSBbelow8dB0,0,10,0,0,0,10,0
tun48,74,SSBbelow8dB0,0,10,0,0,0,10,0
tun48,75,SSBbelow8dB0,5,10,0,0,0,10,0.5
tun48,76,SSBbelow8dB0,0,10,0,0,0,10,0
tun48,77,SSBbelow8dB0,0,10,0,0,0,10,0
tun48,78,SSBbelow8dB0,0,10,0,0,0,10,0
tun48,79,SSBbelow8dB0,0,10,0,0,0,10,0
tun48,80,SSBbelow8dB0,0,10,0,0,0,10,0
tun48,81,SSBbelow8dB0,0,10,0,0,0,10,0
tun48,82,SSBbelow8dB0,0,10,0,0,0,10,0
tun48,83,SSBbelow8dB0,8,10,0,0,0,10,0.8
tun48,84,SSBbelow8dB0,0,10,0,0,0,10,0
tun48,85,SSBbelow8dB0,0,10,0,0,0,10,0
tun48,86,SSBbelow8dB0,0,10,0,0,0,10,0
tun48,87,SSBbelow8dB0,0,10,0,0,0,10,0
tun48,88,SSBbelow8dB0,0,10,0,0,0,10,0
tun48,89,SSBbelow8dB0,0,10,0,0,0,10,0
tun48,90,SSBbelow8dB0,0,10,0,0,0,10,0
tun48,91,SSBbelow8dB0,0,10,0,0,0,10,0
tun48,92,SSBbelow8dB0,0,10,0,0,0,10,0
tun48,93,SSBbelow8dB0,0,10,0,0,0,10,0
tun48,94,SSBbelow8dB0,0,10,0,0,0,10,0
tun48,95,SSBbelow8dB0,0,10,0,0,0,10,0
tun48,96,SSBbelow8dB0,0,10,0,0,0,10,0
tun48,97,SSBbelow8dB0,0,10,0,0,0,10,0
tun48,98,SSBbelow8dB0,0,10,0,0,0,10,0
tun48,99,SSBbelow8dB0,10,10,0,0,0,10,1
tun48,100,SSBbelow8dB0,0,10,0,0,0,10,0
tun48,101,SSBbelow8dB0,0,10,0,0,0,10,0
tun48,102,SSBbelow8dB0,0,10,0,0,0,10,0
tun48,103,SSBbelow8dB0,0,10,0,0,0,10,0
tun48,104,SSBbelow8dB0,0,10,0,0,0,10,0
tun48,105,SSBbelow8dB0,0,10,0,0,0,10,0
tun48,106,SSBbelow8dB0,0,10,0,0,0,10,0
tun48,107,SSBbelow8dB0,0,10,0,0,0,10,0
tun48,108,SSBbelow8dB0,0,10,0,0,0,10,0
tun48,109,SSBbelow8dB0,0,10,0,0,0,10,0
tun48,110,SSBbelow8dB0,0,10,0,0,0,10,0
tun48,111,SSBbelow8dB0,0,10,0,0,0,10,0
tun48,112,SSBbelow8dB0,0,10,0,0,0,10,0
tun48,113,SSBbelow8dB0,0,10,0,0,0,10,0
tun48,114,SSBbelow8dB0,0,10,0,0,0,10,0
tun48,115,SSBbelow8dB0,0,10,0,0,0,10,0
tun48,116,SSBbelow8dB0,0,10,0,0,0,10,0
tun48,117,SSBbelow8dB0,0,10,0,0,0,10,0
tun48,118,SSBbelow8dB0,0,10,0,0,0,10,0
tun48,119,SSBbelow8dB0,0,10,0,0,0,10,0
tun48,120,SSBbelow8dB0,0,10,0,0,0,10,0
tun48,121,SSBbelow8dB0,0,10,0,0,0,10,0
tun48,122,SSBbelow8dB0,0,10,0,0,0,10,0
tun48,123,SSBbelow8dB0,0,10,0,0,0,10,0
tun48,124,SSBbelow8dB0,0,10,0,0,0,10,0
tun48,125,SSBbelow8dB0,0,10,0,0,0,10,0
tun48,126,SSBbelow8dB0,0,10,0,0,0,10,0
tun48,127,SSBbelow8dB0,0,10,0,0,0,10,0
tun48,128,SSBbelow8dB0,0,10,0,0,0,10,0
tun48,129,SSBbelow8dB0,0,10,0,0,0,10,0
tun48,130,SSBbelow8dB0,2,10,0,0,0,10,0.2
tun48,131,SSBbelow8dB0,0,10,0,0,0,10,0
tun48,132,SSBbelow8dB0,0,10,0,0,0,10,0
tun48,133,SSBbelow8dB0,0,10,0,0,0,10,0
tun48,134,SSBbelow8dB0,0,10,0,0,0,10,0
tun48,135,SSBbelow8dB0,0,10,0,0,0,10,0
tun48,136,SSBbelow8dB0,0,10,0,0,0,10,0
tun48,137,SSBbelow8dB0,0,10,0,0,0,10,0
tun48,138,SSBbelow8dB0,7,10,0,0,0,10,0.7
tun48,139,SSBbelow8dB0,0,10,0,0,0,10,0
tun48,140,SSBbelow8dB0,0,10,0,0,0,10,0
tun48,141,SSBbelow8dB0,0,10,0,0,0,10,0
tun48,142,SSBbelow8dB0,0,10,0,0,0,10,0
tun48,143,SSBbelow8dB0,0,10,0,0,0,10,0
tun48,144,SSBbelow8dB0,0,10,0,0,0,10,0
tun48,145,SSBbelow8dB0,0,10,0,0,0,10,0
tun48,146,SSBbelow8dB0,0,10,0,0,0,10,0
tun48,147,SSBbelow8dB0,0,10,0,0,0,10,0
tun48,148,SSBbelow8dB0,0,10,0,0,0,10,0
tun48,149,SSBbelow8dB0,0,10,0,0,0,10,0
tun48,150,SSBbelow8dB0,0,10,0,0,0,10,0
tun48,151,SSBbelow8dB0,0,10,0,0,0,10,0
tun48,152,SSBbelow8dB0,0,10,0,0,0,10,0
tun48,153,SSBbelow8dB0,0,10,0,0,0,10,0
tun48,154,SSBbelow8dB0,7,10,0,0,0,10,0.7
tun48,155,SSBbelow8dB0,0,10,0,0,0,10,0
tun48,156,SSBbelow8dB0,0,10,0,0,0,10,0
tun48,157,SSBbelow8dB0,0,10,0,0,0,10,0
tun48,158,SSBbelow8dB0,0,10,0,0,0,10,0
tun48,159,SSBbelow8dB0,0,10,0,0,0,10,0
tun48,160,SSBbelow8dB0,0,10,0,0,0,10,0
tun48,161,SSBbelow8dB0,0,10,0,0,0,10,0
tun48,162,SSBbelow8dB0,0,10,0,0,0,10,0
tun48,163,SSBbelow8dB0,0,10,0,0,0,10,0
tun48,164,SSBbelow8dB0,0,10,0,0,0,10,0
tun48,165,SSBbelow8dB0,0,10,0,0,0,10,0
tun48,166,SSBbelow8dB0,0,10,0,0,0,10,0
tun48,167,SSBbelow8dB0,0,10,0,0,0,10,0
tun48,168,SSBbelow8dB0,0,10,0,0,0,10,0
tun48,169,SSBbelow8dB0,0,10,0,0,0,10,0
tun48,170,SSBbelow8dB0,0,10,0,0,0,10,0
tun48,171,SSBbelow8dB0,10,10,0,0,0,10,1
tun48,172,SSBbelow8dB0,0,10,0,0,0,10,0
tun48,173,SSBbelow8dB0,0,10,0,0,0,10,0
tun48,174,SSBbelow8dB0,0,10,0,0,0,10,0
tun48,175,SSBbelow8dB0,9,10,0,0,0,10,0.9
tun48,176,SSBbelow8dB0,0,10,0,0,0,10,0
tun48,177,SSBbelow8dB0,0,10,0,0,0,10,0
tun48,178,SSBbelow8dB0,0,10,0,0,0,10,0
tun48,179,SSBbelow8dB0,0,10,0,0,0,10,0
tun48,180,SSBbelow8dB0,0,10,0,0,0,10,0
tun48,181,SSBbelow8dB0,0,10,0,0,0,10,0
tun48,182,SSBbelow8dB0,0,10,0,0,0,10,0
tun48,183,SSBbelow8dB0,0,10,0,0,0,10,0
tun48,184,SSBbelow8dB0,0,10,0,0,0,10,0
tun48,185,SSBbelow8dB0,0,10,0,0,0,10,0
tun48,186,SSBbelow8dB0,0,10,0,0,0,10,0
tun48,187,SSBbelow8dB0,0,10,0,0,0,10,0
tun48,188,SSBbelow8dB0,4,10,0,0,0,10,0.4
tun48,189,SSBbelow8dB0,0,10,0,0,0,10,0
tun48,190,SSBbelow8dB0,0,10,0,0,0,10,0
tun48,191,SSBbelow8dB0,0,10,0,0,0,10,0
tun48,192,SSBbelow8dB0,0,10,0,0,0,10,0
tun48,193,SSBbelow8dB0,0,10,0,0,0,10,0
tun48,194,SSBbelow8dB0,0,10,0,0,0,10,0
tun48,195,SSBbelow8dB0,0,10,0,0,0,10,0
tun48,196,SSBbelow8dB0,0,10,0,0,0,10,0
tun48,197,SSBbelow8dB0,0,10,0,0,0,10,0
tun48,198,SSBbelow8dB0,0,10,0,0,0,10,0
tun48,199,SSBbelow8dB0,0,10,0,0,0,10,0
tun48,200,SSBbelow8dB0,0,10,0,0,0,10,0
tun48,201,SSBbelow8dB0,0,10,0,0,0,10,0
tun48,202,SSBbelow8dB0,0,10,0,0,0,10,0
tun48,203,SSBbelow8dB0,0,10,0,0,0,10,0
tun48,204,SSBbelow8dB0,0,10,0,0,0,10,0
tun48,205,SSBbelow8dB0,0,10,0,0,0,10,0
tun48,206,SSBbelow8dB0,0,10,0,0,0,10,0
tun48,207,SSBbelow8dB0,0,10,0,0,0,10,0
tun48,208,SSBbelow8dB0,0,10,0,0,0,10,0
tun48,209,SSBbelow8dB0,0,10,0,0,0,10,0
tun48,210,SSBbelow8dB0,0,10,0,0,0,10,0
tun48,211,SSBbelow8dB0,0,10,0,0,0,10,0
tun48,212,SSBbelow8dB0,0,10,0,0,0,10,0
tun48,213,SSBbelow8dB0,0,10,0,0,0,10,0
tun48,214,SSBbelow8dB0,0,10,0,0,0,10,0
tun48,215,SSBbelow8dB0,0,10,0,0,0,10,0
tun48,216,SSBbelow8dB0,0,10,0,0,0,10,0
tun48,217,SSBbelow8dB0,0,10,0,0,0,10,0
tun48,218,SSBbelow8dB0,0,10,0,0,0,10,0
tun48,219,SSBbelow8dB0,0,10,0,0,0,10,0
tun48,220,SSBbelow8dB0,0,10,0,0,0,10,0
tun48,221,SSBbelow8dB0,0,10,0,0,0,10,0
tun48,222,SSBbelow8dB0,0,10,0,0,0,10,0
tun48,223,SSBbelow8dB0,0,10,0,0,0,10,0
tun48,224,SSBbelow8dB0,0,10,0,0,0,10,0
tun48,225,SSBbelow8dB0,0,10,0,0,0,10,0
tun48,226,SSBbelow8dB0,0,10,0,0,0,10,0
tun48,227,SSBbelow8dB0,0,10,0,0,0,10,0
tun48,228,SSBbelow8dB0,0,10,0,0,0,10,0
tun48,229,SSBbelow8dB0,0,10,0,0,0,10,0
tun48,230,SSBbelow8dB0,0,10,0,0,0,10,0
tun48,231,SSBbelow8dB0,0,10,0,0,0,10,0
tun48,232,SSBbelow8dB0,0,10,0,0,0,10,0
tun48,233,SSBbelow8dB0,0,10,0,0,0,10,0
tun48,234,SSBbelow8dB0,0,10,0,0,0,10,0
tun48,235,SSBbelow8dB0,0,10,0,0,0,10,0
tun48,236,SSBbelow8dB0,0,10,0,0,0,10,0
tun48,237,SSBbelow8dB0,0,10,0,0,0,10,0
tun48,238,SSBbelow8dB0,0,10,0,0,0,10,0
tun48,239,SSBbelow8dB0,0,10,0,0,0,10,0
tun48,240,SSBbelow8dB0,0,10,0,0,0,10,0
tun48,241,SSBbelow8dB0,0,10,0,0,0,10,0
tun48,242,SSBbelow8dB0,0,10,0,0,0,10,0
tun48,243,SSBbelow8dB0,0,10,0,0,0,10,0
tun48,244,SSBbelow8dB0,0,10,0,0,0,10,0
tun48,245,SSBbelow8dB0,4,10,0,0,0,10,0.4
tun48,246,SSBbelow8dB0,0,10,0,0,0,10,0
tun48,247,SSBbelow8dB0,0,10,0,0,0,10,0
tun48,248,SSBbelow8dB0,10,10,0,0,0,10,1
tun48,249,SSBbelow8dB0,0,10,0,0,0,10,0
tun48,250,SSBbelow8dB0,0,10,0,0,0,10,0
tun48,251,SSBbelow8dB0,0,10,0,0,0,10,0
tun48,252,SSBbelow8dB0,5,10,0,0,0,10,0.5
tun48,253,SSBbelow8dB0,0,10,0,0,0,10,0
tun48,254,SSBbelow8dB0,0,10,0,0,0,10,0
tun48,255,SSBbelow8dB0,0,10,0,0,0,10,0
tun48,256,SSBbelow8dB0,0,10,0,0,0,10,0
tun48,257,SSBbelow8dB0,0,10,0,0,0,10,0
tun48,258,SSBbelow8dB0,0,10,0,0,0,10,0
tun48,259,SSBbelow8dB0,0,10,0,0,0,10,0
tun48,260,SSBbelow8dB0,0,10,0,0,0,10,0
tun48,261,SSBbelow8dB0,0,10,0,0,0,10,0
tun48,262,SSBbelow8dB0,0,10,0,0,0,10,0
tun48,263,SSBbelow8dB0,0,10,0,0,0,10,0
tun48,264,SSBbelow8dB0,0,10,0,0,0,10,0
tun48,265,SSBbelow8dB0,10,10,0,0,0,10,1
tun48,266,SSBbelow8dB0,0,10,0,0,0,10,0
tun48,267,SSBbelow8dB0,0,10,0,0,0,10,0
tun48,268,SSBbelow8dB0,0,10,0,0,0,10,0
tun48,269,SSBbelow8dB0,0,10,0,0,0,10,0
tun48,270,SSBbelow8dB0,0,10,0,0,0,10,0
tun48,271,SSBbelow8dB0,0,10,0,0,0,10,0
tun48,272,SSBbelow8dB0,0,10,0,0,0,10,0
tun48,273,SSBbelow8dB0,6,10,0,0,0,10,0.6
tun48,274,SSBbelow8dB0,0,10,0,0,0,10,0
tun48,275,SSBbelow8dB0,0,10,0,0,0,10,0
tun48,276,SSBbelow8dB0,0,10,0,0,0,10,0
tun48,277,SSBbelow8dB0,0,10,0,0,0,10,0
tun48,278,SSBbelow8dB0,0,10,0,0,0,10,0
tun48,279,SSBbelow8dB0,0,10,0,0,0,10,0
tun48,280,SSBbelow8dB0,0,10,0,0,0,10,0
tun48,281,SSBbelow8dB0,0,10,0,0,0,10,0
tun48,282,SSBbelow8dB0,0,10,0,0,0,10,0
tun48,283,SSBbelow8dB0,0,10,0,0,0,10,0
tun48,284,SSBbelow8dB0,0,10,0,0,0,10,0
tun48,285,SSBbelow8dB0,0,10,0,0,0,10,0
tun48,286,SSBbelow8dB0,0,10,0,0,0,10,0
tun48,287,SSBbelow8dB0,0,10,0,0,0,10,0
tun48,288,SSBbelow8dB0,0,10,0,0,0,10,0
tun48,289,SSBbelow8dB0,0,10,0,0,0,10,0
tun48,290,SSBbelow8dB0,0,10,0,0,0,10,0
tun48,291,SSBbelow8dB0,0,10,0,0,0,10,0
tun48,292,SSBbelow8dB0,0,10,0,0,0,10,0
tun48,293,SSBbelow8dB0,0,10,0,0,0,10,0
tun48,294,SSBbelow8dB0,0,10,0,0,0,10,0
tun48,295,SSBbelow8dB0,0,10,0,0,0,10,0
tun48,296,SSBbelow8dB0,0,10,0,0,0,10,0
tun48,297,SSBbelow8dB0,0,10,0,0,0,10,0
tun48,298,SSBbelow8dB0,0,10,0,0,0,10,0
tun48,299,SSBbelow8dB0,0,10,0,0,0,10,0
tun48,300,SSBbelow8dB0,0,10,0,0,0,10,0
tun48,301,SSBbelow8dB0,0,10,0,0,0,10,0
tun48,302,SSBbelow8dB0,0,10,0,0,0,10,0
tun48,303,SSBbelow8dB0,0,10,0,0,0,10,0
tun48,304,SSBbelow8dB0,0,10,0,0,0,10,0
tun48,305,SSBbelow8dB0,0,10,0,0,0,10,0
tun48,306,SSBbelow8dB0,0,10,0,0,0,10,0
tun48,307,SSBbelow8dB0,0,10,0,0,0,10,0
tun48,308,SSBbelow8dB0,10,10,0,0,0,10,1
tun48,309,SSBbelow8dB0,0,10,0,0,0,10,0
tun48,310,SSBbelow8dB0,0,10,0,0,0,10,0
tun48,311,SSBbelow8dB0,0,10,0,0,0,10,0
tun48,312,SSBbelow8dB0,0,10,0,0,0,10,0
tun48,313,SSBbelow8dB0,0,10,0,0,0,10,0
tun48,314,SSBbelow8dB0,0,10,0,0,0,10,0
tun48,315,SSBbelow8dB0,0,10,0,0,0,10,0
tun48,316,SSBbelow8dB0,0,10,0,0,0,10,0
tun48,317,SSBbelow8dB0,0,10,0,0,0,10,0
tun48,318,SSBbelow8dB0,0,10,0,0,0,10,0
tun48,319,SSBbelow8dB0,0,10,0,0,0,10,0
tun48,320,SSBbelow8dB0,0,10,0,0,0,10,0
tun48,321,SSBbelow8dB0,0,10,0,0,0,10,0
tun48,322,SSBbelow8dB0,0,10,0,0,0,10,0
tun48,323,SSBbelow8dB0,0,10,0,0,0,10,0
tun48,324,SSBbelow8dB0,0,10,0,0,0,10,0
tun48,325,SSBbelow8dB0,10,10,0,0,0,10,1
tun48,326,SSBbelow8dB0,0,10,0,0,0,10,0
tun48,327,SSBbelow8dB0,10,10,0,0,0,10,1
tun48,328,SSBbelow8dB0,0,10,0,0,0,10,0
tun48,329,SSBbelow8dB0,0,10,0,0,0,10,0
tun48,330,SSBbelow8dB0,10,10,0,0,0,10,1
tun48,331,SSBbelow8dB0,0,10,0,0,0,10,0
tun48,332,SSBbelow8dB0,0,10,0,0,0,10,0
tun48,333,SSBbelow8dB0,0,10,0,0,0,10,0
tun48,334,SSBbelow8dB0,0,10,0,0,0,10,0
tun48,335,SSBbelow8dB0,0,10,0,0,0,10,0
tun48,336,SSBbelow8dB0,0,10,0,0,0,10,0
tun48,337,SSBbelow8dB0,0,10,0,0,0,10,0
tun48,338,SSBbelow8dB0,0,10,0,0,0,10,0
tun48,339,SSBbelow8dB0,0,10,0,0,0,10,0
tun48,340,SSBbelow8dB0,0,10,0,0,0,10,0
tun48,341,SSBbelow8dB0,0,10,0,0,0,10,0
tun48,342,SSBbelow8dB0,0,10,0,0,0,10,0
tun48,343,SSBbelow8dB0,0,10,0,0,0,10,0
tun48,344,SSBbelow8dB0,0,10,0,0,0,10,0
tun48,345,SSBbelow8dB0,0,10,0,0,0,10,0
tun48,346,SSBbelow8dB0,0,10,0,0,0,10,0
tun48,347,SSBbelow8dB0,0,10,0,0,0,10,0
tun48,348,SSBbelow8dB0,0,10,0,0,0,10,0
tun48,349,SSBbelow8dB0,0,10,0,0,0,10,0
tun48,350,SSBbelow8dB0,0,10,0,0,0,10,0
tun48,351,SSBbelow8dB0,0,10,0,0,0,10,0
tun48,352,SSBbelow8dB0,0,10,0,0,0,10,0
tun48,353,SSBbelow8dB0,8,10,0,0,0,10,0.8
tun48,354,SSBbelow8dB0,0,10,0,0,0,10,0
tun48,355,SSBbelow8dB0,0,10,0,0,0,10,0
tun48,356,SSBbelow8dB0,0,10,0,0,0,10,0
tun48,357,SSBbelow8dB0,0,10,0,0,0,10,0
tun48,358,SSBbelow8dB0,0,10,0,0,0,10,0
tun48,359,SSBbelow8dB0,0,10,0,0,0,10,0
tun48,360,SSBbelow8dB0,0,10,0,0,0,10,0
tun48,361,SSBbelow8dB0,0,10,0,0,0,10,0
tun48,362,SSBbelow8dB0,0,10,0,0,0,10,0
tun48,363,SSBbelow8dB0,0,10,0,0,0,10,0
tun48,364,SSBbelow8dB0,0,10,0,0,0,10,0
tun48,365,SSBbelow8dB0,0,10,0,0,0,10,0
tun48,366,SSBbelow8dB0,0,10,0,0,0,10,0
tun48,367,SSBbelow8dB0,0,10,0,0,0,10,0
tun48,368,SSBbelow8dB0,0,10,0,0,0,10,0
tun48,369,SSBbelow8dB0,0,10,0,0,0,10,0
tun48,370,SSBbelow8dB0,0,10,0,0,0,10,0
tun48,371,SSBbelow8dB0,0,10,0,0,0,10,0
tun48,372,SSBbelow8dB0,0,10,0,0,0,10,0
tun48,373,SSBbelow8dB0,0,10,0,0,0,10,0
tun48,374,SSBbelow8dB0,0,10,0,0,0,10,0
tun48,375,SSBbelow8dB0,0,10,0,0,0,10,0
tun48,376,SSBbelow8dB0,0,10,0,0,0,10,0
tun48,377,SSBbelow8dB0,0,10,0,0,0,10,0
tun48,378,SSBbelow8dB0,0,10,0,0,0,10,0
tun48,379,SSBbelow8dB0,0,10,0,0,0,10,0
tun48,380,SSBbelow8dB0,0,10,0,0,0,10,0
tun48,381,SSBbelow8dB0,0,10,0,0,0,10,0
tun48,382,SSBbelow8dB0,0,10,0,0,0,10,0
tun48,383,SSBbelow8dB0,0,10,0,0,0,10,0
tun48,384,SSBbelow8dB0,0,10,0,0,0,10,0
tun48,385,SSBbelow8dB0,0,10,0,0,0,10,0
tun48,386,SSBbelow8dB0,0,10,0,0,0,10,0
tun48,387,SSBbelow8dB0,0,10,0,0,0,10,0
tun48,388,SSBbelow8dB0,4,10,0,0,0,10,0.4
tun48,389,SSBbelow8dB0,0,10,0,0,0,10,0
tun48,390,SSBbelow8dB0,10,10,0,0,0,10,1
tun48,391,SSBbelow8dB0,10,10,0,0,0,10,1
tun48,392,SSBbelow8dB0,0,10,0,0,0,10,0
tun48,393,SSBbelow8dB0,0,10,0,0,0,10,0
tun48,394,SSBbelow8dB0,0,10,0,0,0,10,0
tun48,395,SSBbelow8dB0,0,10,0,0,0,10,0
tun48,396,SSBbelow8dB0,0,10,0,0,0,10,0
tun48,397,SSBbelow8dB0,0,10,0,0,0,10,0
tun48,398,SSBbelow8dB0,0,10,0,0,0,10,0
tun48,399,SSBbelow8dB0,0,10,0,0,0,10,0
tun48,400,SSBbelow8dB0,0,10,0,0,0,10,0
tun48,401,SSBbelow8dB0,10,10,0,0,0,10,1
tun48,402,SSBbelow8dB0,0,10,0,0,0,10,0
tun48,403,SSBbelow8dB0,0,10,0,0,0,10,0
tun48,404,SSBbelow8dB0,0,10,0,0,0,10,0
tun48,405,SSBbelow8dB0,0,10,0,0,0,10,0
tun48,406,SSBbelow8dB0,0,10,0,0,0,10,0
tun48,407,SSBbelow8dB0,0,10,0,0,0,10,0
tun48,408,SSBbelow8dB0,0,10,0,0,0,10,0
tun48,409,SSBbelow8dB0,0,10,0,0,0,10,0
tun48,410,SSBbelow8dB0,0,10,0,0,0,10,0
tun48,411,SSBbelow8dB0,0,10,0,0,0,10,0
tun48,412,SSBbelow8dB0,0,10,0,0,0,10,0
tun48,413,SSBbelow8dB0,0,10,0,0,0,10,0
tun48,414,SSBbelow8dB0,0,10,0,0,0,10,0
tun48,415,SSBbelow8dB0,0,10,0,0,0,10,0
tun48,416,SSBbelow8dB0,0,10,0,0,0,10,0
tun48,417,SSBbelow8dB0,0,10,0,0,0,10,0
tun48,418,SSBbelow8dB0,0,10,0,0,0,10,0
tun48,419,SSBbelow8dB0,0,10,0,0,0,10,0
tun48,420,SSBbelow8dB0,0,10,0,0,0,10,0
tun48,421,SSBbelow8dB0,0,10,0,0,0,10,0
tun48,422,SSBbelow8dB0,0,10,0,0,0,10,0
tun48,423,SSBbelow8dB0,0,10,0,0,0,10,0
tun48,424,SSBbelow8dB0,0,10,0,0,0,10,0
tun48,425,SSBbelow8dB0,0,10,0,0,0,10,0
tun48,426,SSBbelow8dB0,0,10,0,0,0,10,0
tun48,427,SSBbelow8dB0,0,10,0,0,0,10,0
tun48,428,SSBbelow8dB0,0,10,0,0,0,10,0
tun48,429,SSBbelow8dB0,0,10,0,0,0,10,0
tun48,430,SSBbelow8dB0,0,10,0,0,0,10,0
tun48,431,SSBbelow8dB0,0,10,0,0,0,10,0
tun48,432,SSBbelow8dB0,0,10,0,0,0,10,0
tun48,433,SSBbelow8dB0,0,10,0,0,0,10,0
tun48,434,SSBbelow8dB0,0,10,0,0,0,10,0
tun48,435,SSBbelow8dB0,0,10,0,0,0,10,0
tun48,436,SSBbelow8dB0,0,10,0,0,0,10,0
tun48,437,SSBbelow8dB0,0,10,0,0,0,10,0
tun48,438,SSBbelow8dB0,0,10,0,0,0,10,0
tun48,439,SSBbelow8dB0,0,10,0,0,0,10,0
tun48,440,SSBbelow8dB0,0,10,0,0,0,10,0
tun48,441,SSBbelow8dB0,0,10,0,0,0,10,0
tun48,442,SSBbelow8dB0,0,10,0,0,0,10,0
tun48,443,SSBbelow8dB0,0,10,0,0,0,10,0
tun48,444,SSBbelow8dB0,0,10,0,0,0,10,0
tun48,445,SSBbelow8dB0,0,10,0,0,0,10,0
tun48,446,SSBbelow8dB0,0,10,0,0,0,10,0
tun48,447,SSBbelow8dB0,0,10,0,0,0,10,0
tun48,448,SSBbelow8dB0,10,10,0,0,0,10,1
tun48,449,SSBbelow8dB0,0,10,0,0,0,10,0
tun48,450,SSBbelow8dB0,0,10,0,0,0,10,0
tun48,451,SSBbelow8dB0,0,10,0,0,0,10,0
tun48,452,SSBbelow8dB0,0,10,0,0,0,10,0
tun48,453,SSBbelow8dB0,0,10,0,0,0,10,0
tun48,454,SSBbelow8dB0,0,10,0,0,0,10,0
tun48,455,SSBbelow8dB0,0,10,0,0,0,10,0
tun48,456,SSBbelow8dB0,0,10,0,0,0,10,0
tun48,457,SSBbelow8dB0,0,10,0,0,0,10,0
tun48,458,SSBbelow8dB0,0,10,0,0,0,10,0
tun48,459,SSBbelow8dB0,0,10,0,0,0,10,0
tun48,460,SSBbelow8dB0,0,10,0,0,0,10,0
tun48,461,SSBbelow8dB0,0,10,0,0,0,10,0
tun48,462,SSBbelow8dB0,0,10,0,0,0,10,0
tun48,463,SSBbelow8dB0,0,10,0,0,0,10,0
tun48,464,SSBbelow8dB0,0,10,0,0,0,10,0
tun48,465,SSBbelow8dB0,0,10,0,0,0,10,0
tun48,466,SSBbelow8dB0,0,10,0,0,0,10,0
tun48,467,SSBbelow8dB0,0,10,0,0,0,10,0
tun48,468,SSBbelow8dB0,0,10,0,0,0,10,0
tun48,469,SSBbelow8dB0,0,10,0,0,0,10,0
tun48,470,SSBbelow8dB0,6,10,0,0,0,10,0.6
tun48,471,SSBbelow8dB0,0,10,0,0,0,10,0
tun48,472,SSBbelow8dB0,0,10,0,0,0,10,0
tun48,473,SSBbelow8dB0,0,10,0,0,0,10,0
tun48,474,SSBbelow8dB0,0,10,0,0,0,10,0
tun48,475,SSBbelow8dB0,0,10,0,0,0,10,0
tun48,476,SSBbelow8dB0,0,10,0,0,0,10,0
tun48,477,SSBbelow8dB0,0,10,0,0,0,10,0
tun48,478,SSBbelow8dB0,0,10,0,0,0,10,0
tun48,479,SSBbelow8dB0,0,10,0,0,0,10,0
tun48,480,SSBbelow8dB0,0,10,0,0,0,10,0
tun48,481,SSBbelow8dB0,0,10,0,0,0,10,0
tun48,482,SSBbelow8dB0,0,10,0,0,0,10,0
tun48,483,SSBbelow8dB0,0,10,0,0,0,10,0
tun48,484,SSBbelow8dB0,0,10,0,0,0,10,0
tun48,485,SSBbelow8dB0,0,10,0,0,0,10,0
tun48,486,SSBbelow8dB0,0,10,0,0,0,10,0
tun48,487,SSBbelow8dB0,0,10,0,0,0,10,0
tun48,488,SSBbelow8dB0,0,10,0,0,0,10,0
tun48,489,SSBbelow8dB0,0,10,0,0,0,10,0
tun48,490,SSBbelow8dB0,0,10,0,0,0,10,0
tun48,491,SSBbelow8dB0,0,10,0,0,0,10,0
tun48,492,SSBbelow8dB0,0,10,0,0,0,10,0
tun48,493,SSBbelow8dB0,0,10,0,0,0,10,0
tun48,494,SSBbelow8dB0,0,10,0,0,0,10,0
tun48,495,SSBbelow8dB0,0,10,0,0,0,10,0
tun48,496,SSBbelow8dB0,0,10,0,0,0,10,0
tun48,497,SSBbelow8dB0,0,10,0,0,0,10,0
tun48,498,SSBbelow8dB0,0,10,0,0,0,10,0
tun48,499,SSBbelow8dB0,0,10,0,0,0,10,0
tun48,500,SSBbelow8dB0,1,10,0,0,0,10,0.1
