year,iter,data
2025,1,1518.54765251386
2025,2,1524.07418768553
2025,3,1526.76026692401
2025,4,1531.43103057393
2025,5,1538.23028822449
2025,6,1537.49463275997
2025,7,1549.71997601437
2025,8,1523.02896464584
2025,9,1575.37157969715
2025,10,1545.47291457819
2025,11,1530.73768232241
2025,12,1540.02334821611
2025,13,1538.85395757699
2025,14,1543.71255319673
2025,15,1545.727363245
2025,16,1573.88897579969
2025,17,1554.09803971173
2025,18,1526.3432204184
2025,19,1560.05543256169
2025,20,1555.49318538271
2025,21,1585.2990816131
2025,22,1566.97656539434
2025,23,1566.98801127224
2025,24,1549.37520453144
2025,25,1553.58306029802
2025,26,1528.1428863733
2025,27,1560.15712740182
2025,28,1576.48750202663
2025,29,1554.88458962491
2025,30,1558.35410168123
2025,31,1574.68467856981
2025,32,1517.84359301751
2025,33,1523.9908209285
2025,34,1539.71965385301
2025,35,1589.40295166676
2025,36,1558.37359475603
2025,37,1526.95580442776
2025,38,1572.67112641644
2025,39,1557.19968502284
2025,40,1524.43934876899
2025,41,1581.64951234115
2025,42,1528.19517051763
2025,43,1555.07557675321
2025,44,1561.32608839243
2025,45,1592.04826132647
2025,46,1545.39422000225
2025,47,1547.74544771868
2025,48,1531.81577268222
2025,49,1551.42257300953
2025,50,1551.12695662761
2025,51,1548.97911543134
2025,52,1584.46780428107
2025,53,1576.26071185097
2025,54,1518.61152797142
2025,55,1544.12916362713
2025,56,1546.8448284282
2025,57,1524.89989792628
2025,58,1562.02621392693
2025,59,1580.66684854441
2025,60,1561.27550595867
2025,61,1582.68076412633
2025,62,1575.69324554983
2025,63,1519.83306633823
2025,64,1553.32623547138
2025,65,1551.23830186194
2025,66,1548.88842645267
2025,67,1541.21731861602
2025,68,1579.39441949265
2025,69,1591.16050699135
2025,70,1520.69784057696
2025,71,1539.43091972955
2025,72,1555.61666823594
2025,73,1586.41633883371
2025,74,1529.6462890857
2025,75,1585.13415849555
2025,76,1524.42173419249
2025,77,1531.83171247996
2025,78,1537.97579249358
2025,79,1542.46604122911
2025,80,1559.67118710299
2025,81,1546.57572642367
2025,82,1522.6816920551
2025,83,1567.17512037945
2025,84,1525.89914527451
2025,85,1533.41274078664
2025,86,1535.08649869376
2025,87,1534.64581221799
2025,88,1568.91467002153
2025,89,1539.75073279076
2025,90,1523.25684590605
2025,91,1575.15432936567
2025,92,1575.66628357532
2025,93,1565.22946016301
2025,94,1518.76180130193
2025,95,1586.29070516376
2025,96,1584.19880419844
2025,97,1585.03547524268
2025,98,1540.42268757932
2025,99,1573.64437164206
2025,100,1541.83338827997
2025,101,1547.61114905346
2025,102,1579.77434975435
2025,103,1572.91483720843
2025,104,1550.78807816948
2025,105,1584.35919970032
2025,106,1578.97877171918
2025,107,1584.03738487939
2025,108,1523.01783770663
2025,109,1575.29968715235
2025,110,1520.54959473075
2025,111,1583.40031470483
2025,112,1573.94217511077
2025,113,1543.53083622167
2025,114,1583.28995607668
2025,115,1586.65293534888
2025,116,1546.50605574445
2025,117,1586.24500436495
2025,118,1540.56204021113
2025,119,1528.96796585575
2025,120,1529.61634334342
2025,121,1536.98503388548
2025,122,1547.33571478884
2025,123,1575.80900087274
2025,124,1565.68378792979
2025,125,1537.8396133772
2025,126,1592.38205700434
2025,127,1571.75919862339
2025,128,1546.77726872722
2025,129,1522.34168265617
2025,130,1585.7272139767
2025,131,1547.252580494
2025,132,1522.05026822272
2025,133,1561.05607374213
2025,134,1546.60932841236
2025,135,1584.98481492503
2025,136,1544.63422396764
2025,137,1565.94114649275
2025,138,1587.70967918555
2025,139,1543.06689342533
2025,140,1544.88229126864
2025,141,1540.02025585118
2025,142,1579.13386376682
2025,143,1564.34904037034
2025,144,1558.52792637501
2025,145,1572.60955044205
2025,146,1558.87813843894
2025,147,1551.08431327293
2025,148,1534.53436128029
2025,149,1576.01182253498
2025,150,1578.24454451058
2025,151,1531.39060438019
2025,152,1531.41449279055
2025,153,1550.65045343441
2025,154,1554.69427918279
2025,155,1524.74571660705
2025,156,1544.70923163715
2025,157,1553.28525203591
2025,158,1526.21844666681
2025,159,1551.24937193721
2025,160,1583.55139973564
2025,161,1525.44114302864
2025,162,1555.67263797295
2025,163,1577.49064207795
2025,164,1517.29004320185
2025,165,1544.19333987947
2025,166,1592.72760228419
2026,1,1531.66404393318
2026,2,1518.33022608704
2026,3,1528.0921858976
2026,4,1526.76532950098
2026,5,1540.62680898109
2026,6,1574.24985136973
2026,7,1567.24293127239
2026,8,1521.12793294442
2026,9,1523.84528580374
2026,10,1526.6635396805
2026,11,1547.76495432152
2026,12,1548.65018814444
2026,13,1528.32833059036
2026,14,1562.41529727637
2026,15,1542.24454192057
2026,16,1527.26746599123
2026,17,1542.63145733907
2026,18,1590.54075537415
2026,19,1588.90099194648
2026,20,1532.08179780273
2026,21,1538.85238443609
2026,22,1537.39302824882
2026,23,1585.02506117094
2026,24,1582.09396722892
2026,25,1580.77247725761
2026,26,1582.17088705705
2026,27,1577.09508873804
2026,28,1553.79638984063
2026,29,1554.20026278463
2026,30,1581.948098661
2026,31,1574.59404263811
2026,32,1592.3241103623
2026,33,1561.2043951643
2026,34,1539.84425523746
2026,35,1567.75212444763
2026,36,1546.41826762547
2026,37,1526.0318076857
2026,38,1587.84334794464
2026,39,1567.79363160653
2026,40,1549.16017810718
2026,41,1564.99414188807
2026,42,1575.95080509831
2026,43,1573.47583849003
2026,44,1560.4308255499
2026,45,1541.2122767927
2026,46,1590.44265056049
2026,47,1565.65430547858
2026,48,1553.05325001324
2026,49,1569.73745713991
2026,50,1583.39362164368
2026,51,1567.7237360813
2026,52,1577.8895591248
2026,53,1520.66516142446
2026,54,1581.30626581658
2026,55,1577.22824836694
2026,56,1535.30170378761
2026,57,1520.13363288299
2026,58,1558.29190576032
2026,59,1519.96942250864
2026,60,1563.83684501712
2026,61,1542.38171304014
2026,62,1528.52357420537
2026,63,1591.22599874818
2026,64,1577.72973139237
2026,65,1524.20599767027
2026,66,1543.86756329497
2026,67,1573.13655587719
2026,68,1517.40140618951
2026,69,1543.4894683022
2026,70,1567.43476369031
2026,71,1526.97751372258
2026,72,1546.4244290452
2026,73,1567.03773799518
2026,74,1580.0322536643
2026,75,1552.09770129577
2026,76,1579.12832861379
2026,77,1580.34210564792
2026,78,1575.95901161365
2026,79,1547.6070585782
2026,80,1578.2266679836
2026,81,1581.10253789977
2026,82,1561.58847789591
2026,83,1544.22993818754
2026,84,1527.93490765083
2026,85,1572.02099543172
2026,86,1533.64790419922
2026,87,1546.17151013013
2026,88,1589.31381244785
2026,89,1518.42703061082
2026,90,1558.16117100641
2026,91,1553.33881060351
2026,92,1528.23888819772
2026,93,1520.95011383868
2026,94,1537.96268893338
2026,95,1564.70412458895
2026,96,1568.21959286133
2026,97,1529.13313265561
2026,98,1538.98243211812
2026,99,1562.77092549271
2026,100,1549.30552683965
2026,101,1533.31706008457
2026,102,1571.85545517268
2026,103,1529.49803274727
2026,104,1569.18645812364
2026,105,1521.26713900468
2026,106,1554.13359984019
2026,107,1519.26564031941
2026,108,1549.38631634481
2026,109,1547.88672800778
2026,110,1592.17175566611
2026,111,1574.26719458648
2026,112,1546.59733674363
2026,113,1592.31653354005
2026,114,1532.70607245524
2026,115,1543.26041825107
2026,116,1560.40422384385
2026,117,1557.91605542841
2026,118,1527.76323506978
2026,119,1581.16921419472
2026,120,1546.88793036932
2026,121,1577.42447661751
2026,122,1548.94223209345
2026,123,1550.40868718313
2026,124,1576.59609998538
2026,125,1541.17758244121
2026,126,1552.67488378498
2026,127,1524.33997278093
2026,128,1522.35905724307
2026,129,1524.11469185192
2026,130,1532.22216628046
2026,131,1553.06681105916
2026,132,1559.82216238268
2026,133,1591.27519938649
2026,134,1531.58904517584
2026,135,1583.35466210634
2026,136,1550.58049573699
2026,137,1568.33079106253
2026,138,1531.50900502127
2026,139,1537.55894629887
2026,140,1540.10108384557
2026,141,1581.36591734705
2026,142,1566.17394853403
2026,143,1519.38334179858
2026,144,1550.5199224888
2026,145,1546.4649603742
2026,146,1552.52820504354
2026,147,1559.57388186411
2026,148,1543.42876985747
2026,149,1591.10244640839
2026,150,1588.00836645087
2026,151,1546.95119734903
2026,152,1541.6447634639
2026,153,1555.12471459797
2026,154,1520.3220144606
2026,155,1576.96073912075
2026,156,1518.77374942172
2026,157,1522.94772711748
2026,158,1583.83608613387
2026,159,1539.11171296253
2026,160,1562.38084502713
2026,161,1582.85008261495
2026,162,1591.285037611
2026,163,1561.20465697275
2026,164,1529.6858714456
2026,165,1563.01328690684
2026,166,1571.32262286168
2027,1,1551.83294679931
2027,2,1562.82149077675
2027,3,1524.49796597231
2027,4,1565.1338630614
2027,5,1528.31144366986
2027,6,1545.46475404399
2027,7,1523.87596289473
2027,8,1582.30567305136
2027,9,1534.12777654963
2027,10,1566.03738333584
2027,11,1581.02835664808
2027,12,1542.86954256027
2027,13,1532.21256298586
2027,14,1524.64782236571
2027,15,1545.11777843107
2027,16,1572.1916904253
2027,17,1553.46605359567
2027,18,1524.9467071369
2027,19,1525.86669013361
2027,20,1517.32430344875
2027,21,1530.85528651331
2027,22,1556.87482612606
2027,23,1560.85226577552
2027,24,1521.35682690821
2027,25,1540.57234625381
2027,26,1518.35449243043
2027,27,1577.26274309991
2027,28,1556.25226049849
2027,29,1557.97568728818
2027,30,1523.46985061586
2027,31,1534.29811047585
2027,32,1567.52687659309
2027,33,1534.02224480515
2027,34,1567.95066459095
2027,35,1527.90924030289
2027,36,1529.30197899424
2027,37,1552.93782119194
2027,38,1580.61788487763
2027,39,1574.57077738762
2027,40,1573.80610478684
2027,41,1574.10646638707
2027,42,1563.34992333161
2027,43,1570.52910389399
2027,44,1578.61040511101
2027,45,1522.64788790917
2027,46,1551.0815042335
2027,47,1570.61209477737
2027,48,1573.84617683701
2027,49,1555.70220619053
2027,50,1532.19742661537
2027,51,1581.09680964369
2027,52,1522.40381897913
2027,53,1544.95155539646
2027,54,1543.77363589467
2027,55,1528.85547395117
2027,56,1541.84231600686
2027,57,1524.64199438915
2027,58,1548.46715371203
2027,59,1561.92129041176
2027,60,1552.52292749143
2027,61,1553.3515890291
2027,62,1534.36805372205
2027,63,1521.51102006892
2027,64,1556.87577102964
2027,65,1582.47927696464
2027,66,1563.3186837084
2027,67,1566.10601911982
2027,68,1573.46324970558
2027,69,1517.57916663822
2027,70,1548.98999952265
2027,71,1581.70952809907
2027,72,1539.04835694984
2027,73,1541.09982295127
2027,74,1581.37866999479
2027,75,1524.21886425893
2027,76,1553.68615786478
2027,77,1550.76344829102
2027,78,1532.15661322136
2027,79,1566.2773414808
2027,80,1536.78282796221
2027,81,1551.83377433559
2027,82,1559.63562528797
2027,83,1551.73096059143
2027,84,1553.29558371441
2027,85,1538.99629031939
2027,86,1526.40987700715
2027,87,1520.36279256097
2027,88,1559.27326399445
2027,89,1561.18145881212
2027,90,1563.36816703309
2027,91,1564.92350352773
2027,92,1593.08053930776
2027,93,1565.8384096738
2027,94,1536.7088836288
2027,95,1575.46757443799
2027,96,1567.3079206098
2027,97,1584.621852326
2027,98,1541.94393509349
2027,99,1532.38870825377
2027,100,1537.99686071541
2027,101,1588.71428326578
2027,102,1544.13889162117
2027,103,1586.46196045263
2027,104,1566.72037990085
2027,105,1517.58065777647
2027,106,1532.29718575594
2027,107,1525.46275675724
2027,108,1519.10751087116
2027,109,1561.84065857398
2027,110,1592.55207319909
2027,111,1523.68734404377
2027,112,1550.89528515431
2027,113,1579.14154860036
2027,114,1525.06436109039
2027,115,1571.42152030856
2027,116,1538.274850129
2027,117,1568.54075950794
2027,118,1591.51831439425
2027,119,1520.30572534821
2027,120,1553.10617769826
2027,121,1541.99447117329
2027,122,1535.7856640568
2027,123,1558.80729002112
2027,124,1587.92312641503
2027,125,1569.8043105599
2027,126,1589.510335102
2027,127,1580.06383944206
2027,128,1591.70375783016
2027,129,1552.13875970357
2027,130,1584.49896001975
2027,131,1525.77216357595
2027,132,1547.11747154875
2027,133,1556.2633148088
2027,134,1545.51664837831
2027,135,1521.88044490022
2027,136,1564.49801213273
2027,137,1559.95743755242
2027,138,1532.72798674783
2027,139,1522.40530500441
2027,140,1553.68946896857
2027,141,1591.2665280888
2027,142,1580.41258738833
2027,143,1529.65327798845
2027,144,1532.20657267278
2027,145,1590.79262133882
2027,146,1559.76391721828
2027,147,1551.29915864867
2027,148,1553.76783626174
2027,149,1549.0885243625
2027,150,1580.40225585186
2027,151,1545.36921797835
2027,152,1589.4746797269
2027,153,1590.90023933115
2027,154,1554.45376280191
2027,155,1551.87945180651
2027,156,1553.75581162507
2027,157,1576.7117111512
2027,158,1566.34073191721
2027,159,1566.81191613976
2027,160,1578.49296107297
2027,161,1527.02394832004
2027,162,1560.53447421573
2027,163,1525.40470904545
2027,164,1521.7632670557
2027,165,1579.76490013263
2027,166,1579.52597210728
2028,1,1538.24298040437
2028,2,1583.44668233671
2028,3,1559.50077071253
2028,4,1553.82732341406
2028,5,1569.91842364592
2028,6,1548.5247290963
2028,7,1565.57030196263
2028,8,1531.68538827265
2028,9,1542.48310628658
2028,10,1587.32929905431
2028,11,1547.48881022524
2028,12,1554.02640641891
2028,13,1562.47205153331
2028,14,1520.43422142413
2028,15,1544.94880739299
2028,16,1574.78036845036
2028,17,1587.537052842
2028,18,1570.75609335085
2028,19,1577.98064613327
2028,20,1584.22023828103
2028,21,1580.82509406397
2028,22,1577.4401381672
2028,23,1583.98649589877
2028,24,1532.96376946781
2028,25,1552.42216562465
2028,26,1557.85731849659
2028,27,1532.7067783279
2028,28,1549.97484642945
2028,29,1580.0170299829
2028,30,1529.98218137936
2028,31,1538.02078812985
2028,32,1586.35003450667
2028,33,1590.80839711349
2028,34,1565.50724972729
2028,35,1571.85377710955
2028,36,1561.88576355305
2028,37,1535.25792247956
2028,38,1568.09582886626
2028,39,1562.07480491566
2028,40,1520.43529608685
2028,41,1537.58395806935
2028,42,1546.40802540603
2028,43,1548.44723782377
2028,44,1518.5411953768
2028,45,1592.42013991743
2028,46,1521.31676563431
2028,47,1545.94888314741
2028,48,1549.87789925761
2028,49,1582.14176476778
2028,50,1546.4476586825
2028,51,1535.42233122969
2028,52,1552.50295188094
2028,53,1585.59746112432
2028,54,1588.72337474944
2028,55,1592.96688860739
2028,56,1579.0972063934
2028,57,1548.71144290772
2028,58,1584.77654554494
2028,59,1576.17954691601
2028,60,1533.6023543748
2028,61,1573.91176124851
2028,62,1518.91737943593
2028,63,1542.24698589815
2028,64,1532.00304350457
2028,65,1584.48847163256
2028,66,1523.98845234935
2028,67,1570.8420462009
2028,68,1571.27550010939
2028,69,1540.39874653032
2028,70,1540.59927281041
2028,71,1567.88487242991
2028,72,1519.72769993057
2028,73,1541.33486219702
2028,74,1535.58557143746
2028,75,1577.78837011274
2028,76,1523.85193639891
2028,77,1571.01381480976
2028,78,1548.11482882351
2028,79,1524.09541329069
2028,80,1572.94677798191
2028,81,1556.95306135216
2028,82,1528.94118462796
2028,83,1569.87468182129
2028,84,1533.22286833709
2028,85,1538.68094657189
2028,86,1586.52199449649
2028,87,1544.29114799937
2028,88,1555.46607499031
2028,89,1521.05037525665
2028,90,1530.70367768805
2028,91,1527.55423979126
2028,92,1570.26056648106
2028,93,1590.38047008498
2028,94,1554.53772990577
2028,95,1555.48643101929
2028,96,1584.34768866768
2028,97,1535.21236280203
2028,98,1529.43449504693
2028,99,1585.72711917388
2028,100,1590.91023103325
2028,101,1548.09755992223
2028,102,1573.0398295036
2028,103,1528.94025316365
2028,104,1564.93185340127
2028,105,1530.09847643922
2028,106,1559.59054202123
2028,107,1591.50204337251
2028,108,1548.52611286236
2028,109,1546.06436393273
2028,110,1560.94264776349
2028,111,1531.54056505669
2028,112,1526.16992903486
2028,113,1562.81842193499
2028,114,1523.52356768524
2028,115,1569.06338938474
2028,116,1572.88460746602
2028,117,1560.20968402436
2028,118,1559.64309752531
2028,119,1580.08866245907
2028,120,1542.99055182337
2028,121,1550.82533567669
2028,122,1587.65048491003
2028,123,1554.66957766961
2028,124,1530.03491152302
2028,125,1553.23853819622
2028,126,1536.50382707003
2028,127,1549.23838663226
2028,128,1521.30499678771
2028,129,1549.97888687581
2028,130,1526.16110770372
2028,131,1576.20335898702
2028,132,1521.95797785758
2028,133,1518.72247885089
2028,134,1545.47669708632
2028,135,1563.75962590324
2028,136,1578.82758622223
2028,137,1547.47088782364
2028,138,1531.42013059338
2028,139,1573.43970709471
2028,140,1542.87727026813
2028,141,1549.95620643798
2028,142,1534.00175633627
2028,143,1541.29323328574
2028,144,1527.88904156847
2028,145,1542.77129080225
2028,146,1573.3707297543
2028,147,1524.20687140073
2028,148,1537.43260283276
2028,149,1522.61856536226
2028,150,1560.15254072079
2028,151,1577.24025872993
2028,152,1518.75279409336
2028,153,1539.61945679088
2028,154,1573.37963283955
2028,155,1587.52277940794
2028,156,1576.21534959055
2028,157,1562.40298837327
2028,158,1553.44265824873
2028,159,1540.53876727345
2028,160,1577.97293561065
2028,161,1539.5562160506
2028,162,1539.11230318996
2028,163,1587.81696652199
2028,164,1559.20443546251
2028,165,1587.26697905533
2028,166,1538.87160984383
2029,1,1522.74584391436
2029,2,1543.73754297083
2029,3,1583.34192788656
2029,4,1570.58074593564
2029,5,1571.21846625514
2029,6,1543.1595321997
2029,7,1532.85690144743
2029,8,1575.62188798407
2029,9,1518.6067476015
2029,10,1524.15719477771
2029,11,1580.96279488984
2029,12,1554.78186922779
2029,13,1536.10811936485
2029,14,1524.2274572289
2029,15,1588.06116790967
2029,16,1526.16703449536
2029,17,1572.0312176609
2029,18,1576.84974163878
2029,19,1592.58947161454
2029,20,1540.09944150215
2029,21,1521.13827802668
2029,22,1548.72264441094
2029,23,1572.37047149558
2029,24,1580.22419222942
2029,25,1531.01320127045
2029,26,1591.63879173187
2029,27,1560.42266959606
2029,28,1572.84077000417
2029,29,1525.08820137145
2029,30,1546.72413160608
2029,31,1552.31978761838
2029,32,1562.15249747553
2029,33,1579.66957011222
2029,34,1584.72233798637
2029,35,1521.72264168728
2029,36,1588.80488979796
2029,37,1532.92222124544
2029,38,1552.2667774336
2029,39,1519.8834772215
2029,40,1574.60895620423
2029,41,1538.81492129198
2029,42,1585.82569248034
2029,43,1550.42198350906
2029,44,1589.36503007824
2029,45,1535.33732003436
2029,46,1583.54657949172
2029,47,1550.569049362
2029,48,1522.98724877872
2029,49,1559.59349333591
2029,50,1575.0729055693
2029,51,1573.24778223518
2029,52,1543.91511386717
2029,53,1559.66558727456
2029,54,1547.23973611477
2029,55,1530.86330516284
2029,56,1521.31844009351
2029,57,1562.00252982197
2029,58,1582.87164221363
2029,59,1585.90653716286
2029,60,1517.64102062987
2029,61,1522.33033562885
2029,62,1562.7112178262
2029,63,1520.340128687
2029,64,1580.73532850734
2029,65,1583.81694166359
2029,66,1566.65207903357
2029,67,1551.74871692832
2029,68,1519.6461608973
2029,69,1565.15921294418
2029,70,1532.47985386601
2029,71,1593.13689913883
2029,72,1527.88323390172
2029,73,1585.25457911126
2029,74,1570.9418527784
2029,75,1551.1009137966
2029,76,1570.00427123645
2029,77,1553.90943213415
2029,78,1566.2445202661
2029,79,1565.64860632023
2029,80,1569.80588316821
2029,81,1577.62744650236
2029,82,1559.28191150268
2029,83,1557.3732537135
2029,84,1542.12176932508
2029,85,1563.05167334873
2029,86,1571.28307966564
2029,87,1587.73097678049
2029,88,1527.54118938456
2029,89,1592.37725943143
2029,90,1550.18977909835
2029,91,1531.52636813951
2029,92,1529.46082869535
2029,93,1552.22405292841
2029,94,1528.64309786926
2029,95,1571.91296573952
2029,96,1527.51775959614
2029,97,1567.22662163715
2029,98,1522.42502409694
2029,99,1573.79910572918
2029,100,1572.24642239968
2029,101,1563.58244385823
2029,102,1519.64800775915
2029,103,1524.92545623323
2029,104,1568.5736981077
2029,105,1548.16884521415
2029,106,1554.91839378859
2029,107,1556.84414871552
2029,108,1544.95267641314
2029,109,1526.1019866252
2029,110,1562.39093458562
2029,111,1582.22652789575
2029,112,1562.42585626858
2029,113,1563.17134560804
2029,114,1568.26561018437
2029,115,1548.70817435867
2029,116,1542.69368699131
2029,117,1526.72934980792
2029,118,1519.28479758984
2029,119,1586.41040137232
2029,120,1578.74772866073
2029,121,1561.94656546422
2029,122,1528.67409539021
2029,123,1549.39163362889
2029,124,1540.42634531701
2029,125,1527.77215683154
2029,126,1519.37425693692
2029,127,1542.27958659865
2029,128,1531.94674897028
2029,129,1537.54892825082
2029,130,1581.64296997033
2029,131,1587.54352892187
2029,132,1558.82456463898
2029,133,1586.01068517679
2029,134,1564.00882348817
2029,135,1562.66053663063
2029,136,1546.28521206663
2029,137,1570.46029270705
2029,138,1524.92787814341
2029,139,1578.45395745409
2029,140,1561.975677137
2029,141,1532.16662010256
2029,142,1523.83187161342
2029,143,1592.30418930781
2029,144,1578.13073019546
2029,145,1548.24179433102
2029,146,1547.01418066592
2029,147,1534.62787801041
2029,148,1560.52528011778
2029,149,1525.1977402748
2029,150,1548.68915957651
2029,151,1561.95157107073
2029,152,1554.63632863501
2029,153,1582.10444641989
2029,154,1585.56505024249
2029,155,1574.67778569486
2029,156,1549.23537948334
2029,157,1592.2470492176
2029,158,1577.63098476009
2029,159,1573.91933427154
2029,160,1551.40874580558
2029,161,1520.63422708763
2029,162,1568.16386323821
2029,163,1539.98904520142
2029,164,1572.03763929128
2029,165,1540.83911831045
2029,166,1592.23290149492
2030,1,1549.55750596409
2030,2,1525.68294359711
2030,3,1554.89975447175
2030,4,1592.64372747993
2030,5,1549.14645831092
2030,6,1544.07040020733
2030,7,1525.65809084326
2030,8,1593.15091594841
2030,9,1539.13054978524
2030,10,1571.12958664327
2030,11,1590.12263637172
2030,12,1553.30584674075
2030,13,1552.85281812763
2030,14,1588.45690368287
2030,15,1521.6138586855
2030,16,1560.7075340425
2030,17,1528.03984732154
2030,18,1561.91618526229
2030,19,1563.39323419399
2030,20,1549.63383634595
2030,21,1559.47720738352
2030,22,1519.06369402093
2030,23,1550.62858815878
2030,24,1575.46825513642
2030,25,1568.27706364294
2030,26,1545.10694919756
2030,27,1537.88723350697
2030,28,1588.53353292439
2030,29,1541.55233032643
2030,30,1542.17652120094
2030,31,1566.01503531148
2030,32,1591.60699365972
2030,33,1544.36870803058
2030,34,1554.23334484911
2030,35,1547.50162382019
2030,36,1579.99263128839
2030,37,1550.97863845431
2030,38,1554.63112900228
2030,39,1526.38603246529
2030,40,1529.81531365009
2030,41,1530.48986298227
2030,42,1533.18514586999
2030,43,1588.10188909285
2030,44,1584.42360394101
2030,45,1519.63311476915
2030,46,1527.54102012424
2030,47,1571.54368398236
2030,48,1532.3113083399
2030,49,1584.85646529638
2030,50,1550.26311568179
2030,51,1529.66233946898
2030,52,1538.35565783133
2030,53,1527.66569008983
2030,54,1579.04789161888
2030,55,1517.68442851424
2030,56,1535.11451869612
2030,57,1524.16535282644
2030,58,1566.70133223952
2030,59,1562.84457165884
2030,60,1534.55447002305
2030,61,1525.30067035657
2030,62,1576.97358477822
2030,63,1574.71115255836
2030,64,1588.56185736096
2030,65,1521.16039721053
2030,66,1534.1269447348
2030,67,1537.97660818838
2030,68,1578.66456040376
2030,69,1552.98028678246
2030,70,1566.46535584839
2030,71,1581.70653488652
2030,72,1527.70336852865
2030,73,1583.4041662912
2030,74,1527.887460119
2030,75,1554.29941944798
2030,76,1535.65970825255
2030,77,1564.26105852695
2030,78,1537.6215363616
2030,79,1557.73239501335
2030,80,1584.80262306597
2030,81,1533.13016483406
2030,82,1569.85487543561
2030,83,1532.11986472006
2030,84,1573.22491483696
2030,85,1558.9921623322
2030,86,1537.08722984904
2030,87,1564.03008829269
2030,88,1588.07255601821
2030,89,1588.55372720272
2030,90,1532.34983096763
2030,91,1519.95764430603
2030,92,1574.61521235577
2030,93,1557.87415450051
2030,94,1574.09812416523
2030,95,1548.67923001109
2030,96,1523.83222671566
2030,97,1524.16036232802
2030,98,1522.354092558
2030,99,1587.45429994209
2030,100,1552.26707050568
2030,101,1534.15590818497
2030,102,1547.0782940537
2030,103,1531.8110508628
2030,104,1566.81417633479
2030,105,1549.56627689351
2030,106,1561.28407604459
2030,107,1534.18482061204
2030,108,1545.52316907231
2030,109,1549.99602784655
2030,110,1537.52800210894
2030,111,1520.29029642048
2030,112,1553.11740945317
2030,113,1533.16937062793
2030,114,1584.36567228278
2030,115,1538.13742213641
2030,116,1585.00885154024
2030,117,1578.45590984178
2030,118,1565.81589835425
2030,119,1517.53450955808
2030,120,1565.47090825674
2030,121,1569.10405022432
2030,122,1569.48024610718
2030,123,1558.66928737078
2030,124,1538.97891475606
2030,125,1531.9511717525
2030,126,1566.03592129531
2030,127,1524.53515498715
2030,128,1518.99682515554
2030,129,1590.05705545764
2030,130,1562.09161617144
2030,131,1588.16569490407
2030,132,1589.5057953608
2030,133,1527.44761318076
2030,134,1533.8016696643
2030,135,1550.0024899368
2030,136,1556.63192350146
2030,137,1590.3778808141
2030,138,1523.45591706942
2030,139,1576.13226457897
2030,140,1590.87526283654
2030,141,1534.15180169619
2030,142,1577.79336180063
2030,143,1549.50346471878
2030,144,1575.00596647171
2030,145,1551.23731014281
2030,146,1528.15207882018
2030,147,1558.73955113571
2030,148,1545.14206006008
2030,149,1562.81247204626
2030,150,1559.59155740556
2030,151,1573.67958957495
2030,152,1546.58213294597
2030,153,1570.79034614135
2030,154,1585.71603526876
2030,155,1569.935421436
2030,156,1554.59599940999
2030,157,1593.20407637968
2030,158,1558.82886739089
2030,159,1564.89160262825
2030,160,1569.3661670543
2030,161,1525.56935190883
2030,162,1533.95163769068
2030,163,1573.79396521506
2030,164,1536.69767165111
2030,165,1547.17004400727
2030,166,1517.26251397273
2031,1,1545.43028672217
2031,2,1552.41207956356
2031,3,1535.45583292978
2031,4,1524.0335308582
2031,5,1582.35177873275
2031,6,1564.74231659629
2031,7,1571.63899055062
2031,8,1555.52994691496
2031,9,1540.31788796468
2031,10,1562.45010295903
2031,11,1520.96382156267
2031,12,1518.4937557452
2031,13,1543.76144906351
2031,14,1541.55704655355
2031,15,1570.10321262283
2031,16,1575.10716530136
2031,17,1523.17829147496
2031,18,1561.05318106673
2031,19,1529.24608746069
2031,20,1591.24013377723
2031,21,1592.08593930371
2031,22,1566.24108970011
2031,23,1581.27118170834
2031,24,1562.30583345188
2031,25,1544.09563604267
2031,26,1586.68560406242
2031,27,1555.35509527943
2031,28,1529.972768223
2031,29,1553.66397539028
2031,30,1566.70929082951
2031,31,1525.71487836996
2031,32,1562.88823226196
2031,33,1525.76189797537
2031,34,1535.62573939116
2031,35,1542.61485589222
2031,36,1560.01512089473
2031,37,1584.90953213206
2031,38,1533.31992270358
2031,39,1577.28038260209
2031,40,1568.39047023494
2031,41,1530.71773298687
2031,42,1533.9189964238
2031,43,1576.41061172229
2031,44,1528.74313831146
2031,45,1526.23218826417
2031,46,1542.4378794131
2031,47,1522.79917190162
2031,48,1536.09791093002
2031,49,1544.80945199166
2031,50,1547.29338034222
2031,51,1535.11463222871
2031,52,1566.00166861133
2031,53,1541.09935994425
2031,54,1527.77038721446
2031,55,1575.25577212616
2031,56,1535.84164583057
2031,57,1567.68345715149
2031,58,1549.78895749131
2031,59,1544.19567169147
2031,60,1526.72953138905
2031,61,1542.82375358065
2031,62,1553.295287571
2031,63,1590.50324298229
2031,64,1521.72111907237
2031,65,1517.95854141577
2031,66,1574.04687905268
2031,67,1535.41032031635
2031,68,1558.67883097866
2031,69,1520.57997063637
2031,70,1526.59831770337
2031,71,1572.20297767713
2031,72,1585.72828345545
2031,73,1555.96703544628
2031,74,1517.99165664348
2031,75,1523.33458670173
2031,76,1536.01972921248
2031,77,1569.04879449101
2031,78,1553.46935616011
2031,79,1537.42994348946
2031,80,1588.4152340987
2031,81,1581.80560406143
2031,82,1583.65593065353
2031,83,1572.59544477702
2031,84,1560.16595718354
2031,85,1592.89810664244
2031,86,1526.83837931478
2031,87,1531.99244566806
2031,88,1536.78277459569
2031,89,1571.12295751189
2031,90,1539.29345147239
2031,91,1569.18039021073
2031,92,1524.67865760342
2031,93,1527.08951268802
2031,94,1557.80132797043
2031,95,1558.21078348663
2031,96,1575.79437574508
2031,97,1523.62046214743
2031,98,1547.93478893514
2031,99,1581.27495720391
2031,100,1574.62779162442
2031,101,1525.83647878366
2031,102,1522.14034073453
2031,103,1562.00286006953
2031,104,1558.68802054951
2031,105,1540.50388473659
2031,106,1543.08637183587
2031,107,1586.93519862971
2031,108,1563.11169070444
2031,109,1559.02473118322
2031,110,1571.74743950562
2031,111,1542.87334876912
2031,112,1544.34475471402
2031,113,1579.46007452692
2031,114,1584.08166587285
2031,115,1525.40401600845
2031,116,1569.51331810551
2031,117,1583.88231298179
2031,118,1566.02258995981
2031,119,1581.38057125287
2031,120,1565.18150515205
2031,121,1568.92109461673
2031,122,1556.76436048079
2031,123,1539.9199167446
2031,124,1539.33850363528
2031,125,1540.95686120816
2031,126,1591.47080857821
2031,127,1573.87858921013
2031,128,1558.79714233821
2031,129,1522.83818681162
2031,130,1544.27710770213
2031,131,1558.67317245769
2031,132,1531.94388770053
2031,133,1556.07995332442
2031,134,1544.25946459602
2031,135,1588.92274155913
2031,136,1585.659240765
2031,137,1540.96320475937
2031,138,1544.26018277174
2031,139,1534.7424444989
2031,140,1554.72789691868
2031,141,1531.16906995556
2031,142,1538.88341490723
2031,143,1550.11089386933
2031,144,1592.48286840293
2031,145,1530.23605327578
2031,146,1580.20875973327
2031,147,1591.5773747031
2031,148,1580.61915999327
2031,149,1521.61561001665
2031,150,1553.8372624065
2031,151,1556.59740231602
2031,152,1560.49619159536
2031,153,1569.46944916699
2031,154,1542.20949363857
2031,155,1563.34072657066
2031,156,1531.60614485232
2031,157,1546.29676895614
2031,158,1588.61025563723
2031,159,1571.74539146295
2031,160,1528.72910053518
2031,161,1568.91315623003
2031,162,1557.4720233186
2031,163,1535.36763630653
2031,164,1561.43819732204
2031,165,1561.4234922156
2031,166,1541.15411506898
2032,1,1565.78494945968
2032,2,1564.02537188804
2032,3,1582.91183010433
2032,4,1585.14642638844
2032,5,1565.24734402212
2032,6,1554.18197642188
2032,7,1565.3500283267
2032,8,1542.70068450443
2032,9,1582.59177536695
2032,10,1542.90347160093
2032,11,1533.94238062165
2032,12,1534.62942127246
2032,13,1557.1371843304
2032,14,1546.22515726913
2032,15,1553.99432493248
2032,16,1587.20138679686
2032,17,1546.76058062634
2032,18,1578.41896871678
2032,19,1539.4701796711
2032,20,1549.17395025803
2032,21,1565.15487047805
2032,22,1543.73917441369
2032,23,1533.83183883232
2032,24,1519.12609790443
2032,25,1523.81942052385
2032,26,1560.76123213357
2032,27,1524.25813403583
2032,28,1572.83459857155
2032,29,1525.34929191655
2032,30,1528.92911663765
2032,31,1520.71179881828
2032,32,1518.77511167075
2032,33,1564.238126045
2032,34,1524.56298199299
2032,35,1592.8876012653
2032,36,1547.9897743029
2032,37,1539.21971096503
2032,38,1556.94099685925
2032,39,1522.07099611309
2032,40,1562.90467446137
2032,41,1519.12597441222
2032,42,1558.75253262397
2032,43,1576.01004134272
2032,44,1574.39418221465
2032,45,1575.3515960444
2032,46,1590.41636129541
2032,47,1589.45175093764
2032,48,1558.58276836681
2032,49,1539.27035763036
2032,50,1542.24061495353
2032,51,1529.09199801497
2032,52,1587.93095194376
2032,53,1522.6960664879
2032,54,1536.94462010133
2032,55,1577.57360041947
2032,56,1554.88232330497
2032,57,1529.70270407639
2032,58,1580.19338536154
2032,59,1578.80621198614
2032,60,1563.75935759706
2032,61,1537.95740616179
2032,62,1575.31233409672
2032,63,1592.21400945933
2032,64,1523.19766295715
2032,65,1572.5413579944
2032,66,1539.60115542655
2032,67,1552.88793648206
2032,68,1586.15670015648
2032,69,1583.67204067026
2032,70,1517.36323493582
2032,71,1576.64286969482
2032,72,1536.98646920724
2032,73,1560.26882267868
2032,74,1557.21687808187
2032,75,1520.37244943514
2032,76,1538.83320925253
2032,77,1543.95046912212
2032,78,1523.0793441057
2032,79,1582.3360708291
2032,80,1526.90725602928
2032,81,1552.06299151663
2032,82,1548.9784461128
2032,83,1519.55778713125
2032,84,1588.80175336924
2032,85,1570.50120431251
2032,86,1588.99027061785
2032,87,1565.48925483881
2032,88,1592.26987136257
2032,89,1528.93912396268
2032,90,1564.88042360075
2032,91,1574.93177818969
2032,92,1535.37604737581
2032,93,1581.77534712091
2032,94,1586.03425583793
2032,95,1565.72188122858
2032,96,1559.69269811079
2032,97,1533.08900881841
2032,98,1531.91066868681
2032,99,1592.3395854842
2032,100,1569.1895030339
2032,101,1533.07178989276
2032,102,1543.45952176101
2032,103,1581.21703342816
2032,104,1553.21071532691
2032,105,1550.30534856158
2032,106,1525.47067247293
2032,107,1565.55236356527
2032,108,1525.28773172487
2032,109,1561.28411110743
2032,110,1577.11192831039
2032,111,1577.44773671953
2032,112,1577.37731743537
2032,113,1523.12084721683
2032,114,1531.10751159247
2032,115,1587.78976819731
2032,116,1550.1743325238
2032,117,1555.78446544116
2032,118,1561.47155097706
2032,119,1540.87089703147
2032,120,1537.77287331226
2032,121,1534.9385665135
2032,122,1558.19009365941
2032,123,1525.90163441657
2032,124,1582.19229559259
2032,125,1535.86444686682
2032,126,1586.53650062353
2032,127,1525.73591621583
2032,128,1517.12462881396
2032,129,1591.44050718334
2032,130,1580.58884508811
2032,131,1540.64171024414
2032,132,1536.68446258283
2032,133,1570.22915830768
2032,134,1530.37138939273
2032,135,1590.01655777121
2032,136,1529.09221016735
2032,137,1535.3261364265
2032,138,1577.58753838649
2032,139,1526.16711814908
2032,140,1560.16012524798
2032,141,1587.12186908748
2032,142,1559.8938137129
2032,143,1555.89649600753
2032,144,1558.52556266027
2032,145,1591.45239132011
2032,146,1548.52992185848
2032,147,1581.02733741127
2032,148,1538.90210666743
2032,149,1570.74328868583
2032,150,1574.44928374249
2032,151,1559.10652634388
2032,152,1549.24972506697
2032,153,1543.28040323531
2032,154,1526.65847855931
2032,155,1556.39637564038
2032,156,1548.14850967252
2032,157,1552.20565683228
2032,158,1567.40619372509
2032,159,1557.55500065619
2032,160,1562.28722676567
2032,161,1581.84230750476
2032,162,1536.77218320363
2032,163,1592.83545236589
2032,164,1556.27199469911
2032,165,1546.14509465659
2032,166,1573.43852758078
2033,1,1540.41433268159
2033,2,1592.85677021739
2033,3,1554.27666132155
2033,4,1562.87217083611
2033,5,1585.73620648551
2033,6,1518.51381612787
2033,7,1556.08069498781
2033,8,1589.06934642893
2033,9,1575.51681337025
2033,10,1544.00631112387
2033,11,1531.19359512484
2033,12,1558.42972478791
2033,13,1548.21157516961
2033,14,1549.066819364
2033,15,1545.94639810637
2033,16,1558.63247279156
2033,17,1551.20487992759
2033,18,1524.56503717249
2033,19,1550.51633267538
2033,20,1574.03969749072
2033,21,1592.19036545915
2033,22,1528.75664638142
2033,23,1557.17538814371
2033,24,1580.25505304968
2033,25,1549.4566458326
2033,26,1547.8815988558
2033,27,1588.89557107168
2033,28,1540.002452752
2033,29,1517.47661115185
2033,30,1586.87858647047
2033,31,1520.26040450632
2033,32,1522.09603653746
2033,33,1561.00892700508
2033,34,1533.71784069915
2033,35,1533.94491920675
2033,36,1537.56680939367
2033,37,1568.57730945592
2033,38,1533.41265667133
2033,39,1557.06925731289
2033,40,1572.4430015982
2033,41,1556.40850683258
2033,42,1521.67141647622
2033,43,1585.10734852511
2033,44,1557.73007603702
2033,45,1571.00913895372
2033,46,1545.46069124617
2033,47,1556.64639351822
2033,48,1581.34992611789
2033,49,1584.70212043341
2033,50,1539.64849572823
2033,51,1548.09219035456
2033,52,1534.34375865376
2033,53,1570.31190879314
2033,54,1543.30983949234
2033,55,1577.17863925985
2033,56,1517.44209005517
2033,57,1569.36663304388
2033,58,1518.89405458749
2033,59,1591.42360895397
2033,60,1575.82848143144
2033,61,1528.1865317618
2033,62,1531.50312406875
2033,63,1542.04989085867
2033,64,1533.58871888913
2033,65,1574.56735924896
2033,66,1592.55423188055
2033,67,1529.82639263753
2033,68,1555.42763649564
2033,69,1576.47477252924
2033,70,1583.86822783961
2033,71,1588.03066208513
2033,72,1592.65101108807
2033,73,1558.4067680549
2033,74,1589.56976244333
2033,75,1562.32668730217
2033,76,1538.12458052669
2033,77,1523.85673698989
2033,78,1524.71591260741
2033,79,1568.42673479803
2033,80,1588.36371009898
2033,81,1573.36304799208
2033,82,1546.40824929336
2033,83,1580.58149549082
2033,84,1545.88946805588
2033,85,1526.81989086579
2033,86,1538.88975810338
2033,87,1531.75271194303
2033,88,1543.06388322284
2033,89,1526.73560026064
2033,90,1536.45451824288
2033,91,1562.82035765229
2033,92,1578.24110378968
2033,93,1518.27904147785
2033,94,1523.71391681188
2033,95,1565.00946852107
2033,96,1540.05141913503
2033,97,1570.43778552403
2033,98,1564.73828891458
2033,99,1537.52773378501
2033,100,1549.66883069332
2033,101,1574.89268747295
2033,102,1524.53881941785
2033,103,1562.18570047573
2033,104,1591.74791330754
2033,105,1521.98571673585
2033,106,1519.13785300994
2033,107,1559.39725912021
2033,108,1584.30732420229
2033,109,1558.07392431094
2033,110,1560.44054246586
2033,111,1557.55937509608
2033,112,1530.98648647565
2033,113,1563.60822502282
2033,114,1517.62088531037
2033,115,1548.72010740588
2033,116,1572.72883283809
2033,117,1527.45627634742
2033,118,1550.22035638007
2033,119,1581.55454617537
2033,120,1552.58617362871
2033,121,1559.72951222842
2033,122,1561.77977398553
2033,123,1564.92217314595
2033,124,1553.19893300553
2033,125,1547.96235093692
2033,126,1522.67823274646
2033,127,1551.99778249944
2033,128,1518.52138290173
2033,129,1583.82078479937
2033,130,1564.37032323001
2033,131,1583.28550027325
2033,132,1582.1017147495
2033,133,1583.18410294354
2033,134,1569.0804666565
2033,135,1547.09032158416
2033,136,1548.20365047073
2033,137,1519.30996079629
2033,138,1590.9151958781
2033,139,1553.74667904243
2033,140,1573.41768885633
2033,141,1564.17426026301
2033,142,1582.7089066267
2033,143,1577.88363774793
2033,144,1541.22022817484
2033,145,1521.2404136644
2033,146,1529.83520576663
2033,147,1550.90516426475
2033,148,1571.11193998649
2033,149,1564.42647499198
2033,150,1526.62728763351
2033,151,1576.98983282715
2033,152,1558.60151709747
2033,153,1570.89380722542
2033,154,1587.15618435197
2033,155,1545.88684681124
2033,156,1568.8082081975
2033,157,1521.96703928485
2033,158,1590.37027594159
2033,159,1568.99423337474
2033,160,1529.03794459087
2033,161,1577.82779377556
2033,162,1579.89963022168
2033,163,1574.52977754807
2033,164,1531.86244657691
2033,165,1566.95323859303
2033,166,1592.12444563387
2034,1,1579.1601099268
2034,2,1557.44238778037
2034,3,1590.19503715905
2034,4,1533.91757647643
2034,5,1545.87486377064
2034,6,1557.80656784997
2034,7,1557.92286509348
2034,8,1553.94364913393
2034,9,1549.29024393312
2034,10,1550.31515207831
2034,11,1563.58186646647
2034,12,1539.44208057763
2034,13,1529.84261517491
2034,14,1570.21700435571
2034,15,1548.15007942254
2034,16,1533.55850132551
2034,17,1565.79458286395
2034,18,1526.85948297227
2034,19,1577.1590291018
2034,20,1582.99547658293
2034,21,1545.77589250539
2034,22,1561.99511189208
2034,23,1551.31390265267
2034,24,1541.32090235789
2034,25,1572.69664406825
2034,26,1582.46796485813
2034,27,1559.59276054918
2034,28,1580.1526180552
2034,29,1588.92244170527
2034,30,1558.17733925409
2034,31,1536.80113289496
2034,32,1543.51258502827
2034,33,1532.9917412521
2034,34,1532.00574096429
2034,35,1566.37467769926
2034,36,1584.71820497411
2034,37,1583.35118193752
2034,38,1526.13014403838
2034,39,1575.84314059224
2034,40,1588.109364295
2034,41,1559.74611143834
2034,42,1565.26265938175
2034,43,1544.38266921896
2034,44,1551.59969849241
2034,45,1537.41472872023
2034,46,1536.97313749892
2034,47,1569.09134739244
2034,48,1557.27327315331
2034,49,1526.72794429402
2034,50,1557.60138939679
2034,51,1531.55416366868
2034,52,1526.17027080434
2034,53,1577.30588017488
2034,54,1541.06632916917
2034,55,1562.79163854129
2034,56,1567.95564610618
2034,57,1554.87255211707
2034,58,1592.19977529565
2034,59,1579.35012600084
2034,60,1546.1925365251
2034,61,1590.76865722824
2034,62,1564.49849168586
2034,63,1590.88953371413
2034,64,1532.00738256206
2034,65,1583.27560076423
2034,66,1537.93461085987
2034,67,1540.7861859918
2034,68,1590.68585760155
2034,69,1578.95465951025
2034,70,1591.08296123382
2034,71,1590.85213465956
2034,72,1566.10509949698
2034,73,1524.65909969343
2034,74,1548.12457393176
2034,75,1527.33010794696
2034,76,1591.26141532315
2034,77,1546.54793842192
2034,78,1526.2460116689
2034,79,1527.87785540413
2034,80,1542.96174446053
2034,81,1561.99621361089
2034,82,1541.58404723033
2034,83,1543.41621340185
2034,84,1546.52210067745
2034,85,1575.5148087345
2034,86,1564.07322433797
2034,87,1542.18422256285
2034,88,1526.19995015781
2034,89,1559.08427170207
2034,90,1573.49159038646
2034,91,1547.87164805739
2034,92,1580.57874814423
2034,93,1540.75072597441
2034,94,1592.86872215414
2034,95,1574.60970022881
2034,96,1561.82713882232
2034,97,1525.0698524992
2034,98,1562.29011044013
2034,99,1558.55534677617
2034,100,1529.26449690733
2034,101,1517.98464182086
2034,102,1555.81912591928
2034,103,1525.6112228691
2034,104,1520.21874019489
2034,105,1530.9362004516
2034,106,1529.81187614254
2034,107,1517.62745924663
2034,108,1551.53096584623
2034,109,1536.59356226844
2034,110,1523.26195821011
2034,111,1570.58391421384
2034,112,1585.90231595203
2034,113,1546.12566730464
2034,114,1582.14667867831
2034,115,1592.95381797963
2034,116,1532.23836131792
2034,117,1525.12131583577
2034,118,1568.6176241232
2034,119,1550.32600687662
2034,120,1522.85677579775
2034,121,1563.66936992845
2034,122,1565.54453977636
2034,123,1549.96156024068
2034,124,1559.65284249154
2034,125,1529.64322920938
2034,126,1537.92855448662
2034,127,1575.37374901285
2034,128,1538.84928544916
2034,129,1586.59031679204
2034,130,1574.34861080217
2034,131,1566.40375627981
2034,132,1572.37962760138
2034,133,1546.10038935838
2034,134,1580.85282589416
2034,135,1579.29964351837
2034,136,1551.10339015626
2034,137,1550.41497358636
2034,138,1580.54562228228
2034,139,1533.15819364207
2034,140,1558.23271572784
2034,141,1591.00685789939
2034,142,1536.41959666644
2034,143,1561.29650217297
2034,144,1522.62657321777
2034,145,1540.63650945745
2034,146,1571.6728950029
2034,147,1547.7271556571
2034,148,1546.53638545589
2034,149,1538.72153455179
2034,150,1543.23990902854
2034,151,1541.25612282942
2034,152,1539.44037998552
2034,153,1523.63533340735
2034,154,1556.41945881265
2034,155,1519.32575727134
2034,156,1522.37906708198
2034,157,1551.90378497346
2034,158,1571.88970638313
2034,159,1580.60782429258
2034,160,1576.21669248843
2034,161,1539.31834473935
2034,162,1528.62642590617
2034,163,1573.70775625537
2034,164,1589.81536435624
2034,165,1557.77414862407
2034,166,1566.98411507174
2035,1,1584.56861450793
2035,2,1536.91302276615
2035,3,1537.31194819256
2035,4,1580.88385421715
2035,5,1571.94618303116
2035,6,1522.03912777322
2035,7,1537.428072128
2035,8,1539.71095260544
2035,9,1577.46109464953
2035,10,1563.92770355791
2035,11,1538.16453785481
2035,12,1538.06864373988
2035,13,1518.32091868729
2035,14,1552.49349125215
2035,15,1517.40368380057
2035,16,1537.60886559225
2035,17,1569.88596291272
2035,18,1557.8872311289
2035,19,1519.63069935669
2035,20,1585.62847481857
2035,21,1519.73216189441
2035,22,1520.03934876489
2035,23,1540.13613862529
2035,24,1586.89994534992
2035,25,1534.61906021219
2035,26,1552.09194894842
2035,27,1540.52809645296
2035,28,1577.44699605033
2035,29,1550.58715322046
2035,30,1569.76187891376
2035,31,1556.24977986028
2035,32,1576.89519076628
2035,33,1582.80623084391
2035,34,1553.94936474962
2035,35,1592.80754190162
2035,36,1553.31728290757
2035,37,1592.7106874377
2035,38,1539.34834629812
2035,39,1577.07759435163
2035,40,1527.35127945771
2035,41,1565.5522381202
2035,42,1584.31728701971
2035,43,1558.06183911764
2035,44,1530.66322101184
2035,45,1586.78188452546
2035,46,1589.37417906496
2035,47,1517.15419903767
2035,48,1563.85385028136
2035,49,1544.6402620727
2035,50,1588.67927073899
2035,51,1564.39683318682
2035,52,1533.12463374654
2035,53,1581.09538202689
2035,54,1571.10888964371
2035,55,1582.71482495
2035,56,1537.65147825141
2035,57,1574.1819391585
2035,58,1517.87921341855
2035,59,1582.86121713483
2035,60,1587.30490071486
2035,61,1545.18449916262
2035,62,1566.60920245331
2035,63,1520.9820734662
2035,64,1562.51472947149
2035,65,1541.62696728852
2035,66,1589.85986705336
2035,67,1592.36934295235
2035,68,1554.24160657732
2035,69,1575.54379270752
2035,70,1549.23700419769
2035,71,1541.49115360682
2035,72,1528.42466647931
2035,73,1528.78063337606
2035,74,1525.44085018735
2035,75,1526.87952075494
2035,76,1562.67797170314
2035,77,1570.96043494725
2035,78,1535.84774605455
2035,79,1548.38441336373
2035,80,1532.84027388543
2035,81,1567.94724643454
2035,82,1539.94368150297
2035,83,1588.15604314286
2035,84,1533.87071258554
2035,85,1563.31702698479
2035,86,1580.51523576016
2035,87,1523.86384512405
2035,88,1573.94713171807
2035,89,1537.33569707945
2035,90,1552.04230300316
2035,91,1542.18003685868
2035,92,1522.54381864905
2035,93,1567.23053599931
2035,94,1563.33751627031
2035,95,1546.97216831808
2035,96,1541.8407141233
2035,97,1586.82659575328
2035,98,1519.51946880892
2035,99,1523.21537817732
2035,100,1542.20667011241
2035,101,1571.4180739776
2035,102,1542.03767075776
2035,103,1582.42703468268
2035,104,1589.64594163777
2035,105,1560.12024102811
2035,106,1569.86296879118
2035,107,1523.26551285418
2035,108,1577.00982555185
2035,109,1528.81141260199
2035,110,1539.41759759027
2035,111,1542.37347714303
2035,112,1577.10548983208
2035,113,1578.2288588341
2035,114,1528.57651607532
2035,115,1529.08857859807
2035,116,1566.83722085805
2035,117,1550.8437920809
2035,118,1519.28014832831
2035,119,1553.17209122111
2035,120,1542.72792641355
2035,121,1556.39360455758
2035,122,1563.29915115019
2035,123,1553.33816235818
2035,124,1591.05404653432
2035,125,1552.88201176756
2035,126,1563.79880441023
2035,127,1579.75312086482
2035,128,1573.4100381447
2035,129,1580.16485603372
2035,130,1589.28639396405
2035,131,1535.23662381942
2035,132,1586.47088986609
2035,133,1538.2567463238
2035,134,1565.25758361406
2035,135,1567.10186354399
2035,136,1559.18100693458
2035,137,1559.41730409298
2035,138,1576.05821837691
2035,139,1552.52464083043
2035,140,1585.84124120758
2035,141,1531.41434529583
2035,142,1565.82317225131
2035,143,1576.48155286579
2035,144,1582.77888679984
2035,145,1564.27962035048
2035,146,1575.95785691888
2035,147,1563.90186283088
2035,148,1578.81254635888
2035,149,1542.02353663413
2035,150,1517.14908508255
2035,151,1583.20689442849
2035,152,1532.79926950103
2035,153,1590.34841918756
2035,154,1518.11795198029
2035,155,1522.60985383551
2035,156,1519.18767714544
2035,157,1578.10156705576
2035,158,1566.06844782238
2035,159,1578.07755957378
2035,160,1561.03631142023
2035,161,1563.94252024407
2035,162,1521.93169771772
2035,163,1571.01601134133
2035,164,1592.37190937469
2035,165,1583.83766371311
2035,166,1535.54453479524
2036,1,1571.84087318563
2036,2,1561.08394223751
2036,3,1553.59992206204
2036,4,1517.15048173753
2036,5,1530.40872583128
2036,6,1553.2229113898
2036,7,1586.05952291915
2036,8,1556.31443089011
2036,9,1524.88365005489
2036,10,1523.76478640586
2036,11,1541.0299056427
2036,12,1573.83229616002
2036,13,1529.83312523536
2036,14,1586.43849872596
2036,15,1521.113447429
2036,16,1540.48253565697
2036,17,1591.02510382005
2036,18,1538.09113173154
2036,19,1555.95942043661
2036,20,1543.13512530314
2036,21,1528.46900009366
2036,22,1573.74058599167
2036,23,1523.38153321665
2036,24,1544.9005558303
2036,25,1546.94896481369
2036,26,1571.47088926626
2036,27,1533.37118097135
2036,28,1530.28474263576
2036,29,1556.734152646
2036,30,1573.51527928482
2036,31,1562.14856010503
2036,32,1573.45813970945
2036,33,1570.34815894052
2036,34,1551.09133649288
2036,35,1557.41440019561
2036,36,1529.18869459847
2036,37,1522.92796186628
2036,38,1533.31323676151
2036,39,1543.21114729179
2036,40,1577.51902602371
2036,41,1589.42825347351
2036,42,1547.65282754981
2036,43,1576.53128461292
2036,44,1534.85304897526
2036,45,1564.80592428028
2036,46,1536.31133231063
2036,47,1534.976417497
2036,48,1588.95415637226
2036,49,1578.07463714378
2036,50,1540.57211862053
2036,51,1554.07759436572
2036,52,1546.98530789979
2036,53,1580.10362717256
2036,54,1552.27230239621
2036,55,1588.55234780398
2036,56,1575.45884455429
2036,57,1574.48735367789
2036,58,1589.11572453528
2036,59,1539.72157147966
2036,60,1551.20834484629
2036,61,1584.0964915067
2036,62,1562.19596643137
2036,63,1521.38108904406
2036,64,1519.65828507693
2036,65,1568.00187089471
2036,66,1584.6586537855
2036,67,1554.19535238927
2036,68,1537.21290069448
2036,69,1541.00302835161
2036,70,1522.72928195094
2036,71,1585.00079489857
2036,72,1560.05559134754
2036,73,1582.46396325607
2036,74,1533.69822562343
2036,75,1541.47401702115
2036,76,1518.00883173613
2036,77,1548.1473328571
2036,78,1593.11774985739
2036,79,1518.70567588592
2036,80,1580.44282929177
2036,81,1538.25433708951
2036,82,1527.02158508464
2036,83,1544.48455687807
2036,84,1559.66298916252
2036,85,1592.85228982559
2036,86,1517.77517313187
2036,87,1551.88719604272
2036,88,1579.49440374554
2036,89,1519.36654318319
2036,90,1530.76902594466
2036,91,1535.77438367551
2036,92,1579.39882200057
2036,93,1544.94657278052
2036,94,1536.98989164221
2036,95,1553.91325842202
2036,96,1545.38266998328
2036,97,1567.87192186797
2036,98,1539.71250321736
2036,99,1584.05044781995
2036,100,1538.55537273068
2036,101,1527.92606423454
2036,102,1581.83075931438
2036,103,1589.85984512799
2036,104,1577.54901760511
2036,105,1550.09672201986
2036,106,1586.27788929638
2036,107,1552.2483299238
2036,108,1585.60839536882
2036,109,1590.24875729976
2036,110,1532.54306449662
2036,111,1534.86551306027
2036,112,1530.30786099514
2036,113,1560.47649348728
2036,114,1517.08317564296
2036,115,1544.83327443062
2036,116,1524.893245396
2036,117,1556.55439633168
2036,118,1548.14158693645
2036,119,1539.72853231438
2036,120,1520.86049222611
2036,121,1553.560148694
2036,122,1520.91820635271
2036,123,1541.82060625046
2036,124,1577.07951039823
2036,125,1536.9138916677
2036,126,1590.98496159093
2036,127,1540.09999221065
2036,128,1566.78487260642
2036,129,1583.37159099572
2036,130,1539.85098133757
2036,131,1534.736501676
2036,132,1589.31335929394
2036,133,1564.58258311633
2036,134,1587.42437864616
2036,135,1592.01434476641
2036,136,1533.012781903
2036,137,1547.09628967006
2036,138,1591.89782548192
2036,139,1530.85549445814
2036,140,1561.78924505328
2036,141,1556.26458843317
2036,142,1551.36339913259
2036,143,1567.27037746916
2036,144,1530.20268417536
2036,145,1522.89294717359
2036,146,1588.51154974885
2036,147,1562.06255179355
2036,148,1548.55432278991
2036,149,1555.11731971192
2036,150,1558.24092531451
2036,151,1568.7392815251
2036,152,1526.03606124312
2036,153,1592.90689674546
2036,154,1540.42940324047
2036,155,1558.00974221775
2036,156,1563.39057712312
2036,157,1590.92968719886
2036,158,1551.78078792253
2036,159,1540.97297894759
2036,160,1590.59115051021
2036,161,1579.21814643623
2036,162,1535.93748267323
2036,163,1526.62014894586
2036,164,1532.25048134327
2036,165,1557.36385321526
2036,166,1574.79953775755
2037,1,1540.58332882289
2037,2,1545.93231399389
2037,3,1519.59172962894
2037,4,1537.85034390215
2037,5,1585.41920031557
2037,6,1536.44654836176
2037,7,1521.30887120487
2037,8,1581.93569989051
2037,9,1584.12517477371
2037,10,1533.98913064264
2037,11,1554.75497744997
2037,12,1558.20983169475
2037,13,1533.03946163496
2037,14,1561.92306073897
2037,15,1585.75062883456
2037,16,1540.70084186815
2037,17,1564.10768288964
2037,18,1555.00258220554
2037,19,1548.92972516964
2037,20,1529.38609950468
2037,21,1580.4741869214
2037,22,1557.10255131669
2037,23,1543.78849280989
2037,24,1580.74155273838
2037,25,1531.55115035935
2037,26,1530.36401575742
2037,27,1548.87988619235
2037,28,1517.60324273686
2037,29,1568.11733905741
2037,30,1569.63236191446
2037,31,1564.18630721562
2037,32,1542.40849629181
2037,33,1549.87791404614
2037,34,1574.018313295
2037,35,1560.26526320571
2037,36,1573.07123975412
2037,37,1557.20564725014
2037,38,1556.23849814749
2037,39,1563.77866969435
2037,40,1582.35386473205
2037,41,1558.19877093998
2037,42,1547.15576196284
2037,43,1523.34702225713
2037,44,1527.9529509349
2037,45,1590.06332199488
2037,46,1526.28441492319
2037,47,1541.69489661397
2037,48,1584.8228572538
2037,49,1581.60534342451
2037,50,1530.49598671167
2037,51,1544.96894462985
2037,52,1584.44379671031
2037,53,1519.03000044278
2037,54,1537.71043344275
2037,55,1525.13944433585
2037,56,1528.17737686322
2037,57,1524.1348523634
2037,58,1576.99593305113
2037,59,1517.1286925172
2037,60,1539.54336314977
2037,61,1583.12089978708
2037,62,1579.51635977623
2037,63,1539.38856965999
2037,64,1577.95852835194
2037,65,1575.82775668698
2037,66,1519.46776255345
2037,67,1561.23743124763
2037,68,1557.13017318272
2037,69,1573.42353478152
2037,70,1575.12155956463
2037,71,1576.76922404373
2037,72,1555.33873270373
2037,73,1581.69478514252
2037,74,1580.32172373458
2037,75,1566.32015084693
2037,76,1572.02255561269
2037,77,1533.20141513415
2037,78,1545.26639619193
2037,79,1545.3734690503
2037,80,1578.55131504757
2037,81,1522.76587280261
2037,82,1551.2236523412
2037,83,1555.6117802808
2037,84,1591.11063861454
2037,85,1545.48046720263
2037,86,1527.25240482387
2037,87,1579.36109482884
2037,88,1562.63959996102
2037,89,1521.68359878027
2037,90,1564.82265960503
2037,91,1520.85631712069
2037,92,1532.61090532169
2037,93,1587.57958999622
2037,94,1556.96387327616
2037,95,1582.44811755101
2037,96,1565.9059822637
2037,97,1586.69267846524
2037,98,1550.62421334607
2037,99,1517.64423769424
2037,100,1534.8253719141
2037,101,1566.26417257057
2037,102,1571.44607942222
2037,103,1582.58059104895
2037,104,1530.81993997524
2037,105,1540.94113927937
2037,106,1562.63141185589
2037,107,1589.97492330314
2037,108,1553.84385278236
2037,109,1584.48091891934
2037,110,1575.75737653116
2037,111,1530.50449425258
2037,112,1530.95149353079
2037,113,1526.38490143572
2037,114,1534.20212074145
2037,115,1545.1481165931
2037,116,1561.06044610487
2037,117,1538.49337495476
2037,118,1592.55334918465
2037,119,1546.05392933814
2037,120,1570.7665118254
2037,121,1552.84783961271
2037,122,1533.57402118583
2037,123,1584.07822774394
2037,124,1549.31366516443
2037,125,1531.45834367393
2037,126,1545.55688354614
2037,127,1576.30253594243
2037,128,1536.41831837294
2037,129,1588.95120104533
2037,130,1550.52224215751
2037,131,1568.7792182771
2037,132,1521.4668906712
2037,133,1566.2566727623
2037,134,1560.35693880831
2037,135,1523.07276445286
2037,136,1555.65567751813
2037,137,1571.21826642358
2037,138,1588.76984215507
2037,139,1578.23200287899
2037,140,1591.95824898072
2037,141,1586.97491563091
2037,142,1572.39607466521
2037,143,1554.65441955128
2037,144,1532.2528572368
2037,145,1523.59042859714
2037,146,1543.68912188152
2037,147,1520.96014173983
2037,148,1570.90748604698
2037,149,1522.09547697004
2037,150,1566.39305471055
2037,151,1520.17057588984
2037,152,1530.03459700491
2037,153,1537.23521637226
2037,154,1529.43668948361
2037,155,1572.57058533016
2037,156,1540.06910800925
2037,157,1541.37434476541
2037,158,1577.86504574373
2037,159,1555.52411955976
2037,160,1542.32168048757
2037,161,1517.07030885902
2037,162,1578.25824882593
2037,163,1518.51078916623
2037,164,1523.22352813053
2037,165,1585.11399915578
2037,166,1564.73468445465
2038,1,1538.93191604633
2038,2,1545.79385705341
2038,3,1530.7400654593
2038,4,1564.99213034627
2038,5,1526.91435319188
2038,6,1540.13742563568
2038,7,1558.75733664134
2038,8,1581.95100756295
2038,9,1533.80697659819
2038,10,1549.61674970042
2038,11,1563.50728003037
2038,12,1564.31995330369
2038,13,1581.79176386204
2038,14,1591.39120737489
2038,15,1570.37561184805
2038,16,1574.8296804376
2038,17,1588.06540500975
2038,18,1554.30326499822
2038,19,1587.35849800249
2038,20,1524.81441873524
2038,21,1524.89830479511
2038,22,1571.81421269828
2038,23,1593.14433851474
2038,24,1544.61118888916
2038,25,1582.5392583521
2038,26,1524.78990354333
2038,27,1547.81381159255
2038,28,1587.72423184409
2038,29,1522.48290130568
2038,30,1569.99185000799
2038,31,1540.26612843145
2038,32,1556.14148045939
2038,33,1551.13331402643
2038,34,1533.03372957967
2038,35,1519.04334594545
2038,36,1562.65816064833
2038,37,1541.10944826001
2038,38,1534.89626897606
2038,39,1542.52440180795
2038,40,1575.37262705524
2038,41,1528.31891331521
2038,42,1552.61407262433
2038,43,1571.53694799364
2038,44,1537.16521988381
2038,45,1577.02763823783
2038,46,1578.13780356859
2038,47,1591.72760073872
2038,48,1565.18323398972
2038,49,1542.3219664228
2038,50,1554.80520107105
2038,51,1591.89765515641
2038,52,1553.66694910966
2038,53,1571.70199233098
2038,54,1539.83510477721
2038,55,1561.9531184693
2038,56,1555.81298713505
2038,57,1586.83927877244
2038,58,1541.01749307787
2038,59,1581.25994215972
2038,60,1562.11323114277
2038,61,1537.07688297369
2038,62,1538.79213009108
2038,63,1565.10519637601
2038,64,1531.75501893585
2038,65,1551.45380318796
2038,66,1549.99600483823
2038,67,1558.85322163105
2038,68,1573.96489696714
2038,69,1533.27965293449
2038,70,1522.00752227151
2038,71,1550.49203199704
2038,72,1577.07925862041
2038,73,1577.32851738334
2038,74,1585.86471933833
2038,75,1565.48297335326
2038,76,1556.7943856515
2038,77,1546.26894127568
2038,78,1582.70901536589
2038,79,1551.06973149892
2038,80,1521.72235562777
2038,81,1520.44647507884
2038,82,1544.1709231142
2038,83,1530.86154463546
2038,84,1549.7920200839
2038,85,1583.75441996895
2038,86,1587.79786925783
2038,87,1539.61018523512
2038,88,1556.19690674901
2038,89,1573.29974328653
2038,90,1527.97391570804
2038,91,1567.4329170415
2038,92,1569.02447953898
2038,93,1528.42339365385
2038,94,1518.20227732873
2038,95,1530.00919872653
2038,96,1582.21892975174
2038,97,1585.04296972494
2038,98,1518.9260032612
2038,99,1563.87639604238
2038,100,1539.76355052224
2038,101,1534.65150010297
2038,102,1538.3017777508
2038,103,1568.05919647179
2038,104,1535.42444348617
2038,105,1581.61658119779
2038,106,1534.85100860204
2038,107,1519.01954331921
2038,108,1552.55545178157
2038,109,1549.88717736434
2038,110,1578.26469573707
2038,111,1571.98850029255
2038,112,1572.55455131546
2038,113,1586.4168708657
2038,114,1531.99090892149
2038,115,1522.25236474993
2038,116,1568.7561822932
2038,117,1566.23455464365
2038,118,1583.85999164069
2038,119,1576.01440861026
2038,120,1563.17661447878
2038,121,1538.54942183001
2038,122,1563.87024749381
2038,123,1553.87837380802
2038,124,1526.71894837656
2038,125,1522.4669687158
2038,126,1586.18340426377
2038,127,1570.73794191345
2038,128,1589.41293108355
2038,129,1549.18039303264
2038,130,1587.27423656606
2038,131,1550.67858354296
2038,132,1549.39182568449
2038,133,1531.54122207217
2038,134,1539.11261115709
2038,135,1576.00495231329
2038,136,1519.92047938247
2038,137,1536.32232744907
2038,138,1584.7902323555
2038,139,1519.03056801695
2038,140,1559.31469490277
2038,141,1552.09497257243
2038,142,1589.77961859889
2038,143,1521.06356277238
2038,144,1569.59415723124
2038,145,1555.82983409278
2038,146,1547.09090103532
2038,147,1592.63001702193
2038,148,1521.54894194149
2038,149,1536.56905508329
2038,150,1528.2829742773
2038,151,1585.89678648006
2038,152,1578.00758023504
2038,153,1546.56559370682
2038,154,1520.49592195593
2038,155,1564.29370765856
2038,156,1584.00522442613
2038,157,1581.02128238728
2038,158,1546.10345944287
2038,159,1539.44175915347
2038,160,1533.05229016047
2038,161,1518.64085097992
2038,162,1522.81285244526
2038,163,1519.07836482793
2038,164,1525.79255875104
2038,165,1576.12386701998
2038,166,1570.3533729712
2039,1,1566.71306241935
2039,2,1550.79146296737
2039,3,1591.11415773417
2039,4,1543.93669879986
2039,5,1569.4420440692
2039,6,1534.95893175646
2039,7,1530.35697272475
2039,8,1554.90094360799
2039,9,1527.33171000806
2039,10,1532.54371920417
2039,11,1537.54432601787
2039,12,1592.13817279777
2039,13,1541.83506597028
2039,14,1537.87456042968
2039,15,1572.46355815112
2039,16,1579.21285354523
2039,17,1593.1489610575
2039,18,1519.75946098702
2039,19,1519.0215713006
2039,20,1586.53253928604
2039,21,1589.28447809498
2039,22,1565.29426037412
2039,23,1520.78128630083
2039,24,1528.21424661981
2039,25,1523.20771944118
2039,26,1522.81541551221
2039,27,1582.37677223506
2039,28,1575.48411960675
2039,29,1584.54856284216
2039,30,1523.70117545526
2039,31,1568.65572889064
2039,32,1544.25517636633
2039,33,1547.65861707265
2039,34,1559.65623321905
2039,35,1546.51289289168
2039,36,1548.56054276015
2039,37,1551.13414241487
2039,38,1530.54868931989
2039,39,1567.73559781335
2039,40,1577.51818918468
2039,41,1574.39253067501
2039,42,1523.55280810521
2039,43,1558.62143744182
2039,44,1524.60537206081
2039,45,1565.83604311852
2039,46,1555.17654564164
2039,47,1579.40251142796
2039,48,1558.46031614803
2039,49,1577.81063908149
2039,50,1551.27490624165
2039,51,1574.64489291646
2039,52,1588.54472013618
2039,53,1590.70630671127
2039,54,1588.88526669782
2039,55,1575.04669276785
2039,56,1525.14841422691
2039,57,1567.17918912464
2039,58,1519.4091223063
2039,59,1570.94950333025
2039,60,1539.51142660158
2039,61,1567.02165549612
2039,62,1571.05057222323
2039,63,1577.51009650374
2039,64,1517.69046065418
2039,65,1551.04545198255
2039,66,1517.21048261816
2039,67,1532.37306854067
2039,68,1592.92364643266
2039,69,1585.41769135298
2039,70,1542.20888240894
2039,71,1547.58660467507
2039,72,1591.97741969043
2039,73,1544.68328478068
2039,74,1541.58562131217
2039,75,1528.26797439446
2039,76,1572.39460571864
2039,77,1559.10311445439
2039,78,1524.30592722512
2039,79,1537.37375934541
2039,80,1536.52818471883
2039,81,1546.65532560311
2039,82,1589.52598566238
2039,83,1563.83291503202
2039,84,1533.49753068664
2039,85,1586.69938304831
2039,86,1532.92284804474
2039,87,1573.51204491095
2039,88,1592.95726310336
2039,89,1526.48180232461
2039,90,1540.17268802292
2039,91,1550.33083819862
2039,92,1547.14036724579
2039,93,1524.89728603765
2039,94,1573.41534266414
2039,95,1568.33684155941
2039,96,1548.45116083181
2039,97,1571.17442592591
2039,98,1562.06889223793
2039,99,1574.51740466195
2039,100,1574.45041999153
2039,101,1531.6126281578
2039,102,1542.26906788876
2039,103,1519.81064944868
2039,104,1571.88750188032
2039,105,1584.86373139973
2039,106,1522.27598618561
2039,107,1586.49530590561
2039,108,1532.75284779249
2039,109,1524.73617005211
2039,110,1532.1203996636
2039,111,1535.41673841382
2039,112,1552.42107432705
2039,113,1590.90128340487
2039,114,1540.90579277681
2039,115,1562.79236035645
2039,116,1592.95878374765
2039,117,1548.71135334213
2039,118,1568.40809287145
2039,119,1532.03010786257
2039,120,1549.67615527616
2039,121,1530.37418801096
2039,122,1540.29728717045
2039,123,1547.82217039601
2039,124,1533.43801802277
2039,125,1544.15671325483
2039,126,1558.2731619651
2039,127,1584.5483108868
2039,128,1569.19169993829
2039,129,1547.82792263684
2039,130,1518.17857316249
2039,131,1592.44511880874
2039,132,1583.47229598081
2039,133,1589.62922459896
2039,134,1582.88099756513
2039,135,1553.96576817575
2039,136,1566.43341511042
2039,137,1525.19724935953
2039,138,1526.31778979345
2039,139,1589.98334935624
2039,140,1580.72831915275
2039,141,1523.40180800636
2039,142,1542.38242175334
2039,143,1531.28577614718
2039,144,1576.83509804765
2039,145,1543.87302496694
2039,146,1547.05992625639
2039,147,1535.04814113656
2039,148,1555.56112010518
2039,149,1586.34771986215
2039,150,1541.82619205376
2039,151,1549.15038888188
2039,152,1569.58394664825
2039,153,1590.45780344159
2039,154,1563.44568055056
2039,155,1541.04272083545
2039,156,1533.78587743229
2039,157,1559.11857611927
2039,158,1534.00856243292
2039,159,1579.82916128143
2039,160,1520.35877380918
2039,161,1550.66590909866
2039,162,1564.27815864727
2039,163,1526.32051851679
2039,164,1521.38149513388
2039,165,1560.17873852068
2039,166,1586.92674800599
2040,1,1532.16090743392
2040,2,1587.36168715861
2040,3,1538.84217724399
2040,4,1545.99677085547
2040,5,1583.12747812617
2040,6,1557.52757183995
2040,7,1576.50209004982
2040,8,1536.90486136204
2040,9,1570.96565925711
2040,10,1591.54701397658
2040,11,1580.12242405026
2040,12,1537.92533566468
2040,13,1534.16043938681
2040,14,1537.11185617683
2040,15,1580.58623472627
2040,16,1576.2508051696
2040,17,1535.67359003026
2040,18,1530.82993881419
2040,19,1567.43396216267
2040,20,1584.1275310853
2040,21,1542.55482264727
2040,22,1568.72675191253
2040,23,1519.50112998506
2040,24,1565.82554056416
2040,25,1532.97781846419
2040,26,1520.99443989011
2040,27,1586.12921625163
2040,28,1541.96450519221
2040,29,1527.10660671893
2040,30,1569.85590789865
2040,31,1522.01862558102
2040,32,1517.54897426659
2040,33,1590.31209600294
2040,34,1589.53391197681
2040,35,1587.77367170862
2040,36,1592.21008375278
2040,37,1534.89627565132
2040,38,1588.37083987446
2040,39,1533.04731013652
2040,40,1564.52075122759
2040,41,1534.48023291936
2040,42,1523.40573245243
2040,43,1520.50478518495
2040,44,1582.52062542646
2040,45,1543.48056186156
2040,46,1580.60869889296
2040,47,1556.57544243286
2040,48,1591.09835983885
2040,49,1583.10451485993
2040,50,1551.94927724156
2040,51,1554.95977456148
2040,52,1521.41137050194
2040,53,1534.97577404507
2040,54,1562.45673043935
2040,55,1554.04968381268
2040,56,1537.35970839616
2040,57,1537.50329621069
2040,58,1518.55241726085
2040,59,1572.91278398179
2040,60,1556.48649903325
2040,61,1577.48544770022
2040,62,1584.1286837917
2040,63,1582.64439144541
2040,64,1527.62145147359
2040,65,1590.72321939186
2040,66,1561.80951519162
2040,67,1533.65184677144
2040,68,1591.14838261643
2040,69,1558.76359119507
2040,70,1538.30038452221
2040,71,1538.51086273693
2040,72,1521.18995465184
2040,73,1567.6728014746
2040,74,1577.02579822877
2040,75,1536.36645860437
2040,76,1577.21712982506
2040,77,1590.78620336562
2040,78,1579.54654540159
2040,79,1531.83701153137
2040,80,1589.70443962744
2040,81,1526.52953753151
2040,82,1568.88124371986
2040,83,1564.25253513231
2040,84,1547.56230992634
2040,85,1565.18140312362
2040,86,1553.71970174679
2040,87,1520.86219035051
2040,88,1534.43209826239
2040,89,1585.17028246997
2040,90,1586.99542398352
2040,91,1537.82202763212
2040,92,1581.26013070016
2040,93,1589.19480331117
2040,94,1559.66084306818
2040,95,1518.64180953582
2040,96,1542.12437698841
2040,97,1562.35110373227
2040,98,1533.70779733485
2040,99,1548.48483528962
2040,100,1551.79021837064
2040,101,1518.5315077361
2040,102,1546.90323214765
2040,103,1574.20725255817
2040,104,1571.84886639463
2040,105,1583.46344269366
2040,106,1528.14638651462
2040,107,1552.01296568548
2040,108,1588.5264004149
2040,109,1560.51155478248
2040,110,1518.03317182688
2040,111,1556.52766218574
2040,112,1539.32694379871
2040,113,1532.74221652644
2040,114,1533.65931451719
2040,115,1570.1360201142
2040,116,1593.2656165456
2040,117,1568.24337565709
2040,118,1540.40328953813
2040,119,1530.70829675116
2040,120,1522.21611014645
2040,121,1568.09383701291
2040,122,1521.83760748381
2040,123,1576.23049279608
2040,124,1530.97626502762
2040,125,1559.94660924209
2040,126,1524.97045554444
2040,127,1519.85431718864
2040,128,1580.16484381942
2040,129,1578.82034893255
2040,130,1523.5678941805
2040,131,1544.20911794432
2040,132,1529.66471028505
2040,133,1517.29070683932
2040,134,1543.73072428707
2040,135,1573.04543322001
2040,136,1547.00784437582
2040,137,1517.86338912401
2040,138,1572.96811271683
2040,139,1518.92458187582
2040,140,1543.01238812555
2040,141,1536.21290170549
2040,142,1547.38117178107
2040,143,1526.73434126502
2040,144,1573.52492255994
2040,145,1523.91167248852
2040,146,1588.8822523588
2040,147,1573.85816657063
2040,148,1586.29443838863
2040,149,1521.36667250035
2040,150,1561.76388979124
2040,151,1546.31263678186
2040,152,1531.68391605946
2040,153,1541.07016689019
2040,154,1527.54743685471
2040,155,1540.44696974093
2040,156,1530.92775195828
2040,157,1530.05074224426
2040,158,1570.11652382605
2040,159,1547.24442624449
2040,160,1522.57648519668
2040,161,1539.1645147764
2040,162,1579.15372122885
2040,163,1523.20183918104
2040,164,1570.50232012747
2040,165,1534.04481421361
2040,166,1538.03016187381
2041,1,1565.22500412879
2041,2,1530.86255132066
2041,3,1570.55101724565
2041,4,1521.75224979661
2041,5,1592.45472790868
2041,6,1572.07071097006
2041,7,1551.55225207904
2041,8,1543.51993391543
2041,9,1547.76578837327
2041,10,1530.51785642563
2041,11,1588.77104038102
2041,12,1585.51523583583
2041,13,1533.95400911037
2041,14,1579.45093546432
2041,15,1559.10440094993
2041,16,1587.91943696988
2041,17,1571.55653413143
2041,18,1565.12838468354
2041,19,1533.30505140815
2041,20,1560.02000652419
2041,21,1583.69318008297
2041,22,1534.61927605726
2041,23,1577.502687344
2041,24,1561.9485484054
2041,25,1566.85453071628
2041,26,1553.54895619172
2041,27,1566.41275626278
2041,28,1580.90896322266
2041,29,1587.2851973873
2041,30,1577.6876305619
2041,31,1582.36104269008
2041,32,1532.95634896369
2041,33,1530.53294663745
2041,34,1585.6292515803
2041,35,1588.9046147101
2041,36,1525.84864486116
2041,37,1520.9306841788
2041,38,1585.6771570417
2041,39,1534.29595747546
2041,40,1526.56702814003
2041,41,1541.7173988083
2041,42,1522.08562401027
2041,43,1540.50792399348
2041,44,1525.06435161011
2041,45,1534.37683564078
2041,46,1543.26583559296
2041,47,1570.5032575569
2041,48,1530.1985937356
2041,49,1567.63171368502
2041,50,1576.6164679091
2041,51,1573.70515462817
2041,52,1552.86282193751
2041,53,1587.75457304195
2041,54,1552.86781550725
2041,55,1590.29427829277
2041,56,1547.7831612736
2041,57,1559.81184093011
2041,58,1547.8461273165
2041,59,1523.16845191895
2041,60,1518.72525518867
2041,61,1539.68158901282
2041,62,1552.80820042439
2041,63,1560.51699548776
2041,64,1561.58146460008
2041,65,1575.37477389522
2041,66,1540.28185684021
2041,67,1531.9297155315
2041,68,1520.76963991674
2041,69,1538.4856634557
2041,70,1554.91680601894
2041,71,1591.78513081648
2041,72,1570.2003557205
2041,73,1548.53324885151
2041,74,1581.47630006648
2041,75,1542.35634700182
2041,76,1569.34026223773
2041,77,1586.842349212
2041,78,1562.86324744104
2041,79,1538.73788304909
2041,80,1568.40263618817
2041,81,1521.07498718649
2041,82,1528.81301798296
2041,83,1587.0599705172
2041,84,1531.08831045354
2041,85,1537.8845577951
2041,86,1557.17983384549
2041,87,1587.70394988203
2041,88,1529.69297592257
2041,89,1517.10422327093
2041,90,1576.43280167094
2041,91,1517.51042492009
2041,92,1576.81702973137
2041,93,1578.68109724621
2041,94,1565.07480016056
2041,95,1544.2432780269
2041,96,1533.81798948996
2041,97,1590.70292793176
2041,98,1544.84396014615
2041,99,1574.90280936026
2041,100,1541.88571307945
2041,101,1552.61487317553
2041,102,1555.85543388928
2041,103,1562.17021005044
2041,104,1586.02956034671
2041,105,1577.90083881371
2041,106,1533.4853894283
2041,107,1588.82468670336
2041,108,1570.77864312412
2041,109,1550.4315197138
2041,110,1573.94981724754
2041,111,1578.60740577356
2041,112,1526.25176321735
2041,113,1530.69772300592
2041,114,1545.02073111265
2041,115,1524.50649799508
2041,116,1564.98836795266
2041,117,1566.6649092634
2041,118,1543.96733555526
2041,119,1589.92693653146
2041,120,1529.97847329321
2041,121,1574.33294234643
2041,122,1561.1938120808
2041,123,1546.35600527157
2041,124,1531.19682632086
2041,125,1558.55884160925
2041,126,1559.60862640428
2041,127,1577.82180317843
2041,128,1592.85428450172
2041,129,1519.22579561846
2041,130,1549.66535986276
2041,131,1556.24621985471
2041,132,1586.5348778798
2041,133,1553.51177974624
2041,134,1575.21742838106
2041,135,1577.16712838699
2041,136,1575.83199126608
2041,137,1523.32342860542
2041,138,1551.11019527647
2041,139,1527.35011235336
2041,140,1551.01989901936
2041,141,1518.54844276813
2041,142,1527.37964628925
2041,143,1589.73460638101
2041,144,1556.62987840586
2041,145,1577.13142827348
2041,146,1532.54054176525
2041,147,1547.0471757923
2041,148,1539.55664791827
2041,149,1592.93690432261
2041,150,1545.3958654525
2041,151,1574.08790216685
2041,152,1548.31068050806
2041,153,1591.38449022246
2041,154,1523.51183928074
2041,155,1592.77001647881
2041,156,1544.95133617826
2041,157,1548.63746933455
2041,158,1586.87889743791
2041,159,1544.74297632716
2041,160,1583.14784915672
2041,161,1530.46528004363
2041,162,1523.74492693771
2041,163,1526.11505135885
2041,164,1552.48510008436
2041,165,1575.19058137715
2041,166,1586.7863007212
2042,1,1550.88558387904
2042,2,1574.43437147236
2042,3,1588.00766540711
2042,4,1535.18253034379
2042,5,1585.26193705262
2042,6,1530.72844597153
2042,7,1580.92855592919
2042,8,1527.90738704984
2042,9,1533.53644404755
2042,10,1576.86862561435
2042,11,1561.9916228466
2042,12,1535.61067334163
2042,13,1561.31632799856
2042,14,1552.03878145132
2042,15,1568.77083243531
2042,16,1560.97463276053
2042,17,1546.97407665973
2042,18,1580.59805228802
2042,19,1580.1557608041
2042,20,1527.63129600053
2042,21,1518.30691833506
2042,22,1587.44968226374
2042,23,1592.95373539111
2042,24,1519.83709428625
2042,25,1546.39625922244
2042,26,1543.44921939328
2042,27,1540.80240888425
2042,28,1564.19450581297
2042,29,1563.93108736162
2042,30,1574.53462570023
2042,31,1548.1182341265
2042,32,1573.76950418858
2042,33,1557.12323333244
2042,34,1527.24839965338
2042,35,1562.83112245894
2042,36,1559.791924527
2042,37,1531.99153580956
2042,38,1571.18687669592
2042,39,1522.8988730243
2042,40,1586.57531951894
2042,41,1539.59358613172
2042,42,1525.6306973384
2042,43,1585.88426340071
2042,44,1575.66147856376
2042,45,1549.43710095356
2042,46,1581.863713111
2042,47,1565.14712995229
2042,48,1548.46909464881
2042,49,1581.74742351917
2042,50,1589.46182698584
2042,51,1592.24301145199
2042,52,1584.56233882773
2042,53,1526.77489583313
2042,54,1580.2143143262
2042,55,1579.93555858984
2042,56,1519.13708216007
2042,57,1567.06557030926
2042,58,1536.46187440891
2042,59,1546.9690567973
2042,60,1552.97434042664
2042,61,1588.15439510063
2042,62,1545.37780283505
2042,63,1567.86546900947
2042,64,1555.41269999221
2042,65,1570.64203609907
2042,66,1537.08409828474
2042,67,1568.36558087371
2042,68,1530.56911522601
2042,69,1535.28024834775
2042,70,1534.04279482484
2042,71,1527.96039831757
2042,72,1523.64683243873
2042,73,1542.18641190431
2042,74,1550.69604137525
2042,75,1586.78785937538
2042,76,1550.71595314474
2042,77,1546.7785812669
2042,78,1545.44773922846
2042,79,1566.98107996131
2042,80,1559.43406400611
2042,81,1555.48420334837
2042,82,1527.5229368064
2042,83,1578.08605166929
2042,84,1549.11470639743
2042,85,1549.61807420585
2042,86,1546.2785571574
2042,87,1559.01080843081
2042,88,1552.89751158436
2042,89,1538.57818445444
2042,90,1554.89280989908
2042,91,1538.21708217429
2042,92,1529.57457945353
2042,93,1586.35729897671
2042,94,1530.98093664061
2042,95,1546.99156817011
2042,96,1529.86003212127
2042,97,1549.80016171079
2042,98,1528.49094822412
2042,99,1571.67183704607
2042,100,1567.85154789037
2042,101,1586.01295399994
2042,102,1576.91505632383
2042,103,1570.87276336117
2042,104,1590.09518800905
2042,105,1547.29942721742
2042,106,1556.81280731243
2042,107,1535.34930547166
2042,108,1577.90670668202
2042,109,1520.25549570875
2042,110,1529.26119807109
2042,111,1584.33274692701
2042,112,1519.00143154276
2042,113,1536.37392858704
2042,114,1571.56886039729
2042,115,1584.22201068539
2042,116,1533.89346558126
2042,117,1577.8874462647
2042,118,1543.41677747861
2042,119,1590.66462116685
2042,120,1576.59828155089
2042,121,1568.62331159986
2042,122,1554.57882735316
2042,123,1577.0721472729
2042,124,1583.89375955207
2042,125,1535.89352787958
2042,126,1532.49659488958
2042,127,1522.84205998605
2042,128,1532.95585158621
2042,129,1564.01026759782
2042,130,1518.86299688273
2042,131,1559.66823988934
2042,132,1588.74201308985
2042,133,1584.89278418468
2042,134,1580.23472661551
2042,135,1551.97331863243
2042,136,1580.86658020291
2042,137,1549.89310974828
2042,138,1556.84402792182
2042,139,1553.17446638675
2042,140,1560.73206709427
2042,141,1531.52343264306
2042,142,1524.82940965265
2042,143,1573.90358360009
2042,144,1529.69048923047
2042,145,1592.82045970865
2042,146,1589.22471130985
2042,147,1554.63102118627
2042,148,1577.78790582748
2042,149,1573.62523977665
2042,150,1566.95285923974
2042,151,1533.21800898257
2042,152,1552.87799722331
2042,153,1568.70276301828
2042,154,1589.60922558957
2042,155,1549.28863562285
2042,156,1555.67130187459
2042,157,1524.77609588581
2042,158,1564.07987930046
2042,159,1575.60107235671
2042,160,1531.03858097884
2042,161,1591.25010603942
2042,162,1547.95151176155
2042,163,1520.35230658823
2042,164,1564.90289788684
2042,165,1579.89846460861
2042,166,1582.59303455785
2043,1,1540.84495374342
2043,2,1550.36775278239
2043,3,1547.19329912061
2043,4,1592.71950580403
2043,5,1519.69133049852
2043,6,1580.36091694134
2043,7,1573.9862428334
2043,8,1524.96098589696
2043,9,1571.078444145
2043,10,1533.85856607221
2043,11,1548.66521092908
2043,12,1562.18350062429
2043,13,1518.92606797211
2043,14,1551.73684342581
2043,15,1561.68090334619
2043,16,1583.59587539444
2043,17,1548.11875392645
2043,18,1575.80962655358
2043,19,1544.3245703243
2043,20,1559.53635292613
2043,21,1569.31122418804
2043,22,1543.07017047822
2043,23,1580.57561803571
2043,24,1542.2346504183
2043,25,1537.2069416983
2043,26,1559.61498607552
2043,27,1520.67667902584
2043,28,1590.67582499576
2043,29,1568.29403810514
2043,30,1572.03360244885
2043,31,1518.02764166254
2043,32,1580.85333988876
2043,33,1569.32200726287
2043,34,1564.16252017681
2043,35,1543.48097959757
2043,36,1553.15282791
2043,37,1520.49595588256
2043,38,1586.10749420992
2043,39,1576.40821317551
2043,40,1524.64963975703
2043,41,1538.2003453405
2043,42,1586.49206231776
2043,43,1544.72523882656
2043,44,1523.34212714739
2043,45,1564.51552899487
2043,46,1569.10492223271
2043,47,1577.4466968356
2043,48,1584.45015852971
2043,49,1553.22802349858
2043,50,1532.98566479983
2043,51,1571.60977883779
2043,52,1580.81682670794
2043,53,1563.15914091703
2043,54,1571.74675846987
2043,55,1549.09629240594
2043,56,1551.7018480665
2043,57,1572.57480345192
2043,58,1575.54108473783
2043,59,1567.38459189122
2043,60,1518.84899360119
2043,61,1553.04465036801
2043,62,1545.21493276659
2043,63,1574.88506230837
2043,64,1592.41018982915
2043,65,1570.29731610082
2043,66,1570.08865545495
2043,67,1564.13630778368
2043,68,1581.74091503946
2043,69,1517.67772343408
2043,70,1534.7699938603
2043,71,1566.72879047304
2043,72,1560.56142218285
2043,73,1564.48876363856
2043,74,1562.99876224531
2043,75,1580.90230099906
2043,76,1526.5971156072
2043,77,1539.46588483717
2043,78,1556.6013971008
2043,79,1554.06615473699
2043,80,1525.5943084842
2043,81,1580.63554149403
2043,82,1535.68975060849
2043,83,1531.58004281393
2043,84,1568.80640248788
2043,85,1566.51199414764
2043,86,1571.10360829238
2043,87,1583.13724507103
2043,88,1570.75188227716
2043,89,1589.1800547268
2043,90,1527.58009731295
2043,91,1521.68834438917
2043,92,1587.72360177818
2043,93,1570.47944837968
2043,94,1541.99578948281
2043,95,1590.8736669181
2043,96,1517.05171417407
2043,97,1545.43509489382
2043,98,1579.12774362359
2043,99,1584.67204690261
2043,100,1546.54729935506
2043,101,1559.93429980639
2043,102,1558.29636145723
2043,103,1553.0873586999
2043,104,1584.10806469377
2043,105,1517.14520489555
2043,106,1528.52574133742
2043,107,1582.14069175612
2043,108,1528.85964135165
2043,109,1558.99449433948
2043,110,1533.32220395407
2043,111,1549.27075746256
2043,112,1529.93201897179
2043,113,1539.0730041023
2043,114,1577.24041824365
2043,115,1572.02227740016
2043,116,1566.84983130157
2043,117,1548.82291223786
2043,118,1544.44614087688
2043,119,1593.05930127526
2043,120,1584.73287515973
2043,121,1554.24261594328
2043,122,1577.03556206679
2043,123,1564.33703632754
2043,124,1554.62769966127
2043,125,1567.75773823019
2043,126,1564.60747363153
2043,127,1540.61586772403
2043,128,1520.5130641339
2043,129,1539.0577376176
2043,130,1591.10497767911
2043,131,1550.96100669258
2043,132,1576.20818429064
2043,133,1530.63451700893
2043,134,1520.2395005206
2043,135,1565.61670039655
2043,136,1571.70444037407
2043,137,1547.60227996585
2043,138,1536.53846104242
2043,139,1574.66910731358
2043,140,1581.53133398961
2043,141,1518.03500303029
2043,142,1538.06094931953
2043,143,1533.31503771324
2043,144,1591.88304181696
2043,145,1542.15890035752
2043,146,1542.55831412496
2043,147,1582.87741421393
2043,148,1588.81725105564
2043,149,1570.3063326299
2043,150,1588.98986399543
2043,151,1519.01578349983
2043,152,1540.86654011413
2043,153,1561.59258550315
2043,154,1553.58866101413
2043,155,1543.96122727127
2043,156,1532.51149817652
2043,157,1587.50989929123
2043,158,1555.81175324265
2043,159,1581.74327126229
2043,160,1574.0098430716
2043,161,1568.5110805273
2043,162,1585.90952247518
2043,163,1554.24979649329
2043,164,1526.08953729321
2043,165,1543.91301421556
2043,166,1558.44686778253
2044,1,1571.05418053563
2044,2,1528.42440223865
2044,3,1527.82720090958
2044,4,1563.91996880198
2044,5,1575.05743051841
2044,6,1561.7181097948
2044,7,1557.52628266366
2044,8,1561.19404399264
2044,9,1592.10577107666
2044,10,1560.89713609099
2044,11,1552.61147960749
2044,12,1571.99964054676
2044,13,1583.92547830232
2044,14,1520.65155093549
2044,15,1589.2009482558
2044,16,1524.39931199469
2044,17,1518.83998967698
2044,18,1577.30610503864
2044,19,1564.99137178171
2044,20,1539.52643761577
2044,21,1564.99578419598
2044,22,1573.43528406394
2044,23,1523.73057029376
2044,24,1521.13153669421
2044,25,1571.90243959098
2044,26,1572.39413040856
2044,27,1522.23090224425
2044,28,1548.04452614326
2044,29,1525.70100175848
2044,30,1539.77960445618
2044,31,1586.50230022313
2044,32,1528.65425811373
2044,33,1568.19384981316
2044,34,1533.4723055743
2044,35,1518.42294356194
2044,36,1567.26964768275
2044,37,1548.49606683148
2044,38,1567.84754087354
2044,39,1537.78542888021
2044,40,1563.05048412372
2044,41,1545.91846015994
2044,42,1551.56636518272
2044,43,1536.57382666532
2044,44,1572.11799612987
2044,45,1564.0048407579
2044,46,1555.61199972979
2044,47,1535.68451784804
2044,48,1526.56645151166
2044,49,1529.45975371307
2044,50,1523.50523894527
2044,51,1561.97291839277
2044,52,1582.40727260932
2044,53,1577.78408967677
2044,54,1536.80421329414
2044,55,1569.22724044931
2044,56,1536.64274009372
2044,57,1537.36646886673
2044,58,1592.68717133256
2044,59,1522.60653065945
2044,60,1570.44911666211
2044,61,1561.65251782038
2044,62,1521.63419124457
2044,63,1593.00474594658
2044,64,1582.65450385245
2044,65,1535.24955078717
2044,66,1575.18682363492
2044,67,1589.34959024997
2044,68,1526.16384718558
2044,69,1575.06500300884
2044,70,1533.85006692863
2044,71,1587.90604491796
2044,72,1527.33936040013
2044,73,1574.07847809218
2044,74,1568.31558728261
2044,75,1582.98372983923
2044,76,1565.70512435128
2044,77,1566.0159112256
2044,78,1545.84724307633
2044,79,1530.33770744301
2044,80,1560.54166328735
2044,81,1538.01371207597
2044,82,1525.42001503132
2044,83,1536.75253800049
2044,84,1561.17158586208
2044,85,1568.90026334868
2044,86,1571.8079214484
2044,87,1553.23092464232
2044,88,1579.38613738361
2044,89,1591.35351198163
2044,90,1582.01713304288
2044,91,1589.88468431829
2044,92,1570.33968495341
2044,93,1555.44130771877
2044,94,1561.30894999593
2044,95,1536.41566321943
2044,96,1587.78184202491
2044,97,1576.92585290895
2044,98,1558.84827993656
2044,99,1547.32077778832
2044,100,1549.65808438565
2044,101,1571.03035543367
2044,102,1585.28512024719
2044,103,1551.28525998754
2044,104,1535.89294077674
2044,105,1570.12175580536
2044,106,1543.3234158949
2044,107,1521.40584965809
2044,108,1529.78195649766
2044,109,1555.71481288809
2044,110,1567.55567085396
2044,111,1545.17516745856
2044,112,1561.36850425586
2044,113,1568.82617192887
2044,114,1553.6895954966
2044,115,1573.94219158587
2044,116,1532.81930671559
2044,117,1557.72326287455
2044,118,1546.44869814036
2044,119,1538.8722934183
2044,120,1517.07766885976
2044,121,1532.63338812938
2044,122,1592.72909736368
2044,123,1565.5789667626
2044,124,1541.85559514755
2044,125,1518.38445869556
2044,126,1582.43037051687
2044,127,1540.12018620493
2044,128,1535.53404198747
2044,129,1530.73407857262
2044,130,1583.40420978688
2044,131,1578.54373431959
2044,132,1589.34126810715
2044,133,1588.88571676265
2044,134,1552.63561613849
2044,135,1560.42842387853
2044,136,1557.73456938876
2044,137,1545.69975733922
2044,138,1589.43336059359
2044,139,1579.02070186907
2044,140,1590.87364247176
2044,141,1536.98693578268
2044,142,1525.17015084411
2044,143,1580.12109198191
2044,144,1585.56702434251
2044,145,1523.84832094967
2044,146,1579.941802101
2044,147,1542.33393094668
2044,148,1590.79691276411
2044,149,1557.25982895985
2044,150,1562.67405315119
2044,151,1592.73523204689
2044,152,1522.71364972976
2044,153,1542.25511516872
2044,154,1552.85349358883
2044,155,1565.12633527387
2044,156,1589.36451297681
2044,157,1522.38797998483
2044,158,1533.15147986277
2044,159,1541.62394524455
2044,160,1580.63122865822
2044,161,1568.95272289597
2044,162,1581.18990908164
2044,163,1553.67435336948
2044,164,1546.16682106562
2044,165,1570.51069522849
2044,166,1536.63979112249
2045,1,1538.69082653449
2045,2,1518.04686399895
2045,3,1579.38988223692
2045,4,1520.68623191872
2045,5,1555.22152458978
2045,6,1576.63469208192
2045,7,1562.37924921521
2045,8,1559.78286491058
2045,9,1534.32549215699
2045,10,1559.20351812985
2045,11,1542.05137658215
2045,12,1569.39209654802
2045,13,1544.20467366281
2045,14,1524.56701192937
2045,15,1532.38330861195
2045,16,1574.44032606572
2045,17,1573.56809077426
2045,18,1541.16272683974
2045,19,1563.22682302727
2045,20,1562.95774948134
2045,21,1592.61610895153
2045,22,1558.24002085303
2045,23,1588.44885710734
2045,24,1573.82389102035
2045,25,1569.71674776627
2045,26,1557.91574547291
2045,27,1582.56677874006
2045,28,1542.72851236243
2045,29,1540.09398732209
2045,30,1582.93246317413
2045,31,1552.59306632613
2045,32,1557.16081711047
2045,33,1531.2592474606
2045,34,1576.69299805149
2045,35,1557.29268994202
2045,36,1555.61796012849
2045,37,1561.93596929652
2045,38,1522.26634798795
2045,39,1551.71387449625
2045,40,1565.99552782098
2045,41,1541.93983327385
2045,42,1554.92045434736
2045,43,1556.17147736679
2045,44,1583.80508000255
2045,45,1544.61667369373
2045,46,1531.79814210996
2045,47,1588.64267038929
2045,48,1541.17328146463
2045,49,1531.23846996741
2045,50,1577.58426039267
2045,51,1583.55753582136
2045,52,1517.31080523188
2045,53,1579.61983767271
2045,54,1571.98015068532
2045,55,1574.82487297608
2045,56,1520.47317036273
2045,57,1574.41816999044
2045,58,1546.86366954722
2045,59,1561.05388116955
2045,60,1520.61740317373
2045,61,1575.80992083289
2045,62,1550.08508445919
2045,63,1561.64728782945
2045,64,1576.33886905116
2045,65,1557.60198851864
2045,66,1590.28033331318
2045,67,1583.33509350885
2045,68,1565.79671479112
2045,69,1521.23891290385
2045,70,1547.11277607528
2045,71,1587.80117377513
2045,72,1540.56083937545
2045,73,1521.71163529323
2045,74,1552.26291077464
2045,75,1582.97442874193
2045,76,1556.81080739907
2045,77,1560.59399483309
2045,78,1575.49175810409
2045,79,1562.45622487759
2045,80,1531.45716673423
2045,81,1581.88420616023
2045,82,1537.37322312363
2045,83,1576.1115795274
2045,84,1548.39996965389
2045,85,1542.14330160137
2045,86,1576.03869270699
2045,87,1562.74322771342
2045,88,1571.43057809639
2045,89,1554.18211260772
2045,90,1537.1465176669
2045,91,1524.17964763552
2045,92,1533.71691905244
2045,93,1540.66468494353
2045,94,1582.11193985471
2045,95,1588.44677472973
2045,96,1530.04723239186
2045,97,1592.53372860539
2045,98,1555.62845295402
2045,99,1578.60746878016
2045,100,1525.11065534773
2045,101,1519.44179870703
2045,102,1534.20193702992
2045,103,1542.23565937593
2045,104,1544.63848581587
2045,105,1536.72716828723
2045,106,1543.61280357194
2045,107,1583.06614965104
2045,108,1572.3399457873
2045,109,1547.36442690502
2045,110,1564.35052060804
2045,111,1572.42323251228
2045,112,1573.36944432396
2045,113,1567.75714906797
2045,114,1550.13682039824
2045,115,1563.9636836948
2045,116,1572.31947603044
2045,117,1525.73654963713
2045,118,1526.04676210225
2045,119,1570.88456386196
2045,120,1567.1232064632
2045,121,1578.21005270691
2045,122,1562.38466497705
2045,123,1572.88677376366
2045,124,1538.65181616935
2045,125,1538.12668751043
2045,126,1542.99619111747
2045,127,1554.49613424649
2045,128,1582.46921898934
2045,129,1571.64804226681
2045,130,1548.50196894598
2045,131,1552.63961527284
2045,132,1546.53368446327
2045,133,1547.94569814743
2045,134,1527.72047312281
2045,135,1535.80008693845
2045,136,1555.06318801335
2045,137,1575.12194085304
2045,138,1518.57577347944
2045,139,1525.09800783524
2045,140,1581.66523141166
2045,141,1576.66275747955
2045,142,1574.8587390634
2045,143,1524.33396776809
2045,144,1568.64160857911
2045,145,1531.14995190224
2045,146,1554.23212175074
2045,147,1540.17686062512
2045,148,1561.73360701961
2045,149,1566.38063658893
2045,150,1552.84844539206
2045,151,1531.62514354995
2045,152,1550.10293703692
2045,153,1550.73337642903
2045,154,1583.06395587124
2045,155,1528.41454137864
2045,156,1549.22902872428
2045,157,1570.40683783669
2045,158,1585.32100000672
2045,159,1558.37746690076
2045,160,1519.57647976136
2045,161,1521.15696754996
2045,162,1529.85518725347
2045,163,1583.76706322064
2045,164,1592.37341594058
2045,165,1574.72245516683
2045,166,1553.27954861676
2046,1,1519.7668879001
2046,2,1555.63196103109
2046,3,1588.45373327427
2046,4,1590.15195929145
2046,5,1584.58724074057
2046,6,1582.79670724403
2046,7,1565.32603229562
2046,8,1566.67263464556
2046,9,1528.1602697481
2046,10,1532.54158294518
2046,11,1572.92113763679
2046,12,1531.24652360877
2046,13,1582.07465346282
2046,14,1562.91368868251
2046,15,1584.46626318493
2046,16,1530.28126608862
2046,17,1554.84168760411
2046,18,1582.54841873646
2046,19,1578.2096810053
2046,20,1562.69977878333
2046,21,1591.88184808261
2046,22,1579.85836995844
2046,23,1547.63669825295
2046,24,1580.92177131408
2046,25,1532.43072830655
2046,26,1562.76351933329
2046,27,1556.83364136776
2046,28,1562.2989827411
2046,29,1559.03020760821
2046,30,1552.61037616661
2046,31,1587.65927794235
2046,32,1566.98351371297
2046,33,1552.85943113899
2046,34,1544.14562649143
2046,35,1553.28042513449
2046,36,1558.52150600511
2046,37,1549.08447669053
2046,38,1545.11667800825
2046,39,1577.15370262149
2046,40,1572.02458671867
2046,41,1574.5715051679
2046,42,1575.24976445033
2046,43,1551.19155796585
2046,44,1564.96261079059
2046,45,1528.49511392027
2046,46,1560.87228184586
2046,47,1523.49226049284
2046,48,1529.72933255447
2046,49,1588.17604339498
2046,50,1572.94784710559
2046,51,1542.34500437733
2046,52,1528.04928220799
2046,53,1538.56361881821
2046,54,1561.73806087017
2046,55,1585.74128015831
2046,56,1573.7669391155
2046,57,1566.55568210865
2046,58,1557.36889537589
2046,59,1562.69895177966
2046,60,1577.3482124556
2046,61,1538.26713807959
2046,62,1580.17067754807
2046,63,1548.24268075512
2046,64,1542.38501166334
2046,65,1588.49879042586
2046,66,1556.28024870462
2046,67,1576.19362486808
2046,68,1549.43073631139
2046,69,1588.11691738103
2046,70,1536.49023154712
2046,71,1535.57871618183
2046,72,1572.91662422378
2046,73,1543.3354433366
2046,74,1589.94175112273
2046,75,1532.18360940655
2046,76,1592.58411806039
2046,77,1572.40176792946
2046,78,1564.34073488015
2046,79,1535.96555108894
2046,80,1529.02888273753
2046,81,1554.90152263306
2046,82,1551.73732264162
2046,83,1527.88328101908
2046,84,1519.39292231566
2046,85,1536.84213830906
2046,86,1565.84513628875
2046,87,1533.3816462082
2046,88,1522.60087465946
2046,89,1551.38710738209
2046,90,1543.70830872902
2046,91,1572.45171035543
2046,92,1530.85651683728
2046,93,1521.31649700857
2046,94,1520.35544086879
2046,95,1577.04085076801
2046,96,1560.10717661402
2046,97,1534.86990152529
2046,98,1572.96402582773
2046,99,1585.19725326789
2046,100,1571.82276545694
2046,101,1526.2430825814
2046,102,1527.93877542825
2046,103,1557.36947308722
2046,104,1559.23025161892
2046,105,1529.31859111084
2046,106,1551.99366866078
2046,107,1572.97796335091
2046,108,1537.55524971688
2046,109,1580.11687932818
2046,110,1566.4976798809
2046,111,1566.82641268
2046,112,1569.81995998407
2046,113,1523.87994534094
2046,114,1585.29583593036
2046,115,1575.26850936401
2046,116,1557.95346611141
2046,117,1551.89589943844
2046,118,1568.21818470218
2046,119,1588.30228747791
2046,120,1561.64303340212
2046,121,1543.03675891182
2046,122,1545.19438938665
2046,123,1592.39855502024
2046,124,1533.61756019634
2046,125,1545.35213378278
2046,126,1517.26189352912
2046,127,1536.43593609178
2046,128,1543.70780061077
2046,129,1558.02489756656
2046,130,1548.309399232
2046,131,1592.38936060274
2046,132,1520.45542032827
2046,133,1585.12202282951
2046,134,1550.11488437556
2046,135,1553.30107783948
2046,136,1574.85926218322
2046,137,1564.89599686311
2046,138,1543.30538478962
2046,139,1577.62533136984
2046,140,1558.97461493432
2046,141,1566.92263162773
2046,142,1578.55189213753
2046,143,1563.43785933588
2046,144,1525.86740445686
2046,145,1554.03006777828
2046,146,1574.78388545735
2046,147,1547.2726553989
2046,148,1560.84436525669
2046,149,1539.71051468388
2046,150,1571.57996216227
2046,151,1576.96013515224
2046,152,1533.21453699804
2046,153,1574.40662398372
2046,154,1549.10922981266
2046,155,1535.48682753919
2046,156,1532.54664426166
2046,157,1588.86407358126
2046,158,1520.48685367588
2046,159,1538.26655756324
2046,160,1521.08233307334
2046,161,1590.69656447906
2046,162,1554.16373286242
2046,163,1586.84950354034
2046,164,1571.1244229078
2046,165,1522.30287936594
2046,166,1588.14106420896
2047,1,1567.79770393789
2047,2,1529.78749291118
2047,3,1547.17927144598
2047,4,1566.2730598376
2047,5,1569.08856922606
2047,6,1545.62200809296
2047,7,1586.69845632414
2047,8,1524.1871104991
2047,9,1536.63866483306
2047,10,1550.43329121274
2047,11,1571.33673285853
2047,12,1519.28405917532
2047,13,1589.77285670806
2047,14,1589.68895330317
2047,15,1551.74854322968
2047,16,1548.48520415069
2047,17,1556.35317248749
2047,18,1582.57160743456
2047,19,1517.16494989019
2047,20,1522.48663440629
2047,21,1530.97062479259
2047,22,1589.65590520083
2047,23,1536.60089563918
2047,24,1520.40641330785
2047,25,1573.30388522872
2047,26,1541.57550862108
2047,27,1540.20234610789
2047,28,1547.94298018261
2047,29,1584.09615643022
2047,30,1576.34112001446
2047,31,1529.55696427341
2047,32,1564.27121934734
2047,33,1552.66849249505
2047,34,1537.93641442133
2047,35,1566.94496312373
2047,36,1562.8886975414
2047,37,1565.7649456569
2047,38,1543.91178674987
2047,39,1518.54928042381
2047,40,1523.88338343435
2047,41,1527.02228073138
2047,42,1558.23015397464
2047,43,1535.55771552919
2047,44,1586.86713475172
2047,45,1558.45148915358
2047,46,1555.95170836945
2047,47,1554.35884247525
2047,48,1564.71204460095
2047,49,1538.32477409151
2047,50,1525.9648781039
2047,51,1523.67659940492
2047,52,1571.10290779898
2047,53,1525.82589646356
2047,54,1524.43000524121
2047,55,1536.153105006
2047,56,1542.19459613922
2047,57,1575.59295766163
2047,58,1538.59512587767
2047,59,1532.00904800256
2047,60,1559.06949469461
2047,61,1523.57548525868
2047,62,1533.46991116405
2047,63,1589.57490061401
2047,64,1519.23971366623
2047,65,1538.90231393763
2047,66,1588.96128762126
2047,67,1558.51069013986
2047,68,1518.21894139159
2047,69,1590.40514168379
2047,70,1531.60528154307
2047,71,1528.94338803007
2047,72,1588.36793423912
2047,73,1541.31427991952
2047,74,1569.99911185054
2047,75,1549.2898328191
2047,76,1570.57335584299
2047,77,1558.18719784167
2047,78,1579.74774215419
2047,79,1559.40000011111
2047,80,1549.07143516049
2047,81,1521.15843585741
2047,82,1561.78160151399
2047,83,1567.86146822405
2047,84,1527.44373540821
2047,85,1539.12705457935
2047,86,1521.8873706721
2047,87,1558.32560704342
2047,88,1532.14911875684
2047,89,1540.76733402549
2047,90,1550.19547660564
2047,91,1550.96814397772
2047,92,1546.50568136209
2047,93,1541.01312833131
2047,94,1539.23366263762
2047,95,1538.02375838733
2047,96,1542.97623885262
2047,97,1580.5114885279
2047,98,1566.12797767148
2047,99,1582.63015211551
2047,100,1569.55279879205
2047,101,1518.11645578235
2047,102,1568.10234208611
2047,103,1525.45674803396
2047,104,1565.33384573433
2047,105,1544.72669332192
2047,106,1553.30244892966
2047,107,1537.84770225893
2047,108,1576.24207748731
2047,109,1539.34591027404
2047,110,1578.83107381194
2047,111,1573.93363025234
2047,112,1592.11213160006
2047,113,1578.72710015354
2047,114,1554.69317575966
2047,115,1546.37762532036
2047,116,1558.05662783872
2047,117,1557.82463250905
2047,118,1545.92627588883
2047,119,1591.83673060519
2047,120,1534.50269875486
2047,121,1566.18307687362
2047,122,1547.84326043669
2047,123,1577.87995950513
2047,124,1572.44890479566
2047,125,1575.10410728913
2047,126,1562.71538888386
2047,127,1591.32247565189
2047,128,1578.9670157615
2047,129,1555.49551135386
2047,130,1584.20955893895
2047,131,1584.82007342411
2047,132,1564.04004191389
2047,133,1518.10224810664
2047,134,1522.9507718147
2047,135,1568.49678001939
2047,136,1571.48342351245
2047,137,1585.03592623068
2047,138,1544.55515731728
2047,139,1533.13326678579
2047,140,1522.67871324051
2047,141,1532.86406621473
2047,142,1568.75615642659
2047,143,1560.89942774493
2047,144,1517.34806208222
2047,145,1546.1401841547
2047,146,1537.83310800432
2047,147,1556.28464736006
2047,148,1592.1120387146
2047,149,1576.86824919036
2047,150,1586.30999899286
2047,151,1592.03808767043
2047,152,1583.61732939627
2047,153,1579.09452263926
2047,154,1544.05784675202
2047,155,1525.32257445875
2047,156,1543.23834171073
2047,157,1578.65156334583
2047,158,1554.09238230923
2047,159,1576.64195127922
2047,160,1575.98432210178
2047,161,1518.717934121
2047,162,1536.90915388803
2047,163,1592.24299265121
2047,164,1561.84901114602
2047,165,1562.81693088551
2047,166,1535.74778871573
2048,1,1533.83443632299
2048,2,1525.1806889229
2048,3,1520.0552585595
2048,4,1555.07670167562
2048,5,1592.44591394518
2048,6,1586.7125961821
2048,7,1523.08758740595
2048,8,1535.97241962407
2048,9,1575.44671052155
2048,10,1580.39041851289
2048,11,1557.18753428422
2048,12,1565.52977990088
2048,13,1586.13236826777
2048,14,1552.63142617352
2048,15,1552.36281314914
2048,16,1591.57743414127
2048,17,1581.8401240929
2048,18,1578.76712615156
2048,19,1536.90281149078
2048,20,1587.52779113935
2048,21,1589.55180112642
2048,22,1543.23883915922
2048,23,1519.61434111281
2048,24,1538.73783049921
2048,25,1563.19180061188
2048,26,1553.46188697635
2048,27,1557.63335275251
2048,28,1582.53941658759
2048,29,1526.51143031768
2048,30,1592.86827409543
2048,31,1587.23730190328
2048,32,1591.75454077011
2048,33,1519.1439164135
2048,34,1550.27337313359
2048,35,1562.92251709723
2048,36,1592.28760859687
2048,37,1543.4666805632
2048,38,1524.8943103654
2048,39,1563.41367029052
2048,40,1576.41287300028
2048,41,1576.02310841981
2048,42,1535.04914146606
2048,43,1553.13806443059
2048,44,1541.6321677379
2048,45,1535.24189755457
2048,46,1588.03642197765
2048,47,1570.07251886147
2048,48,1559.8117307529
2048,49,1554.869407149
2048,50,1562.72444899738
2048,51,1544.69588574391
2048,52,1546.17262077887
2048,53,1535.61884866436
2048,54,1521.39642936489
2048,55,1526.55958851557
2048,56,1570.10458160037
2048,57,1566.96666831753
2048,58,1581.13409873409
2048,59,1524.86657516207
2048,60,1557.55999117237
2048,61,1523.86462479733
2048,62,1534.63883474838
2048,63,1589.236505668
2048,64,1528.30459789451
2048,65,1533.23839283103
2048,66,1539.03362780538
2048,67,1556.72965709286
2048,68,1565.94926203999
2048,69,1522.81396941418
2048,70,1580.12507371799
2048,71,1561.82587048845
2048,72,1555.34021840946
2048,73,1530.06924519772
2048,74,1580.22661600369
2048,75,1567.41030051568
2048,76,1587.42842072583
2048,77,1582.60856082712
2048,78,1538.87971741982
2048,79,1571.97181331014
2048,80,1518.22694850145
2048,81,1575.2176060742
2048,82,1585.7124495031
2048,83,1555.01870979808
2048,84,1575.74649212029
2048,85,1530.63850701807
2048,86,1579.97298310269
2048,87,1568.71616357404
2048,88,1545.16686754292
2048,89,1530.0497195633
2048,90,1565.87127353201
2048,91,1534.41952282845
2048,92,1553.59623362883
2048,93,1551.63068942687
2048,94,1570.59269780138
2048,95,1520.69146167885
2048,96,1584.18282695891
2048,97,1571.24056349587
2048,98,1567.60752863416
2048,99,1567.67396825939
2048,100,1580.52422395491
2048,101,1539.24019607852
2048,102,1548.81727283724
2048,103,1579.9920838465
2048,104,1530.84643835687
2048,105,1527.93128194016
2048,106,1574.32380271572
2048,107,1583.41388001156
2048,108,1589.47476808526
2048,109,1533.91998727302
2048,110,1568.60617233344
2048,111,1524.55364157204
2048,112,1552.06227412205
2048,113,1532.86809608011
2048,114,1552.26949543392
2048,115,1519.4294693876
2048,116,1576.55068068348
2048,117,1525.97895935809
2048,118,1533.49052756346
2048,119,1522.63465581482
2048,120,1536.08449311801
2048,121,1526.60308067503
2048,122,1528.4879685041
2048,123,1531.94294862003
2048,124,1584.73280008087
2048,125,1528.35772839366
2048,126,1563.93335027291
2048,127,1571.69391269874
2048,128,1567.08915689514
2048,129,1531.1028038692
2048,130,1543.2226927659
2048,131,1571.70694368329
2048,132,1538.13774157219
2048,133,1519.41620917196
2048,134,1558.94550384741
2048,135,1535.05166899084
2048,136,1533.44331407387
2048,137,1520.94005696408
2048,138,1534.54142794266
2048,139,1560.51461361136
2048,140,1528.43669976186
2048,141,1527.67142967254
2048,142,1568.9651381238
2048,143,1575.6412088515
2048,144,1541.48014724828
2048,145,1530.40520376458
2048,146,1532.01456920147
2048,147,1590.6915264372
2048,148,1585.6045565471
2048,149,1527.37573478536
2048,150,1577.7971314376
2048,151,1585.7618748809
2048,152,1555.69770958993
2048,153,1579.769721424
2048,154,1568.75979651746
2048,155,1583.51818036686
2048,156,1572.19542393423
2048,157,1585.29786934427
2048,158,1542.64446336243
2048,159,1579.38192682477
2048,160,1575.61151399937
2048,161,1566.39169416585
2048,162,1589.04148837251
2048,163,1519.34397066789
2048,164,1525.13449339187
2048,165,1568.94781814617
2048,166,1559.23095344382
2049,1,1531.6301389838
2049,2,1575.54583478506
2049,3,1545.33707373388
2049,4,1586.81875786822
2049,5,1533.67990520977
2049,6,1526.61735728694
2049,7,1561.89855749506
2049,8,1573.96699724011
2049,9,1568.16997663516
2049,10,1530.83484381254
2049,11,1543.29500086305
2049,12,1592.55929325029
2049,13,1526.76401183058
2049,14,1521.06027316788
2049,15,1518.4034744364
2049,16,1587.82862087732
2049,17,1538.80550387481
2049,18,1524.60092616375
2049,19,1547.01521763831
2049,20,1565.71836857116
2049,21,1565.02841871659
2049,22,1593.15865897739
2049,23,1583.10141558895
2049,24,1542.13646759648
2049,25,1527.05773196087
2049,26,1579.28575062708
2049,27,1557.29365563477
2049,28,1585.85841385027
2049,29,1579.80466460625
2049,30,1570.20732809489
2049,31,1551.98483394362
2049,32,1550.53554215838
2049,33,1563.40082589353
2049,34,1545.53405664328
2049,35,1534.54754029217
2049,36,1587.17004631695
2049,37,1573.05229252341
2049,38,1535.20042726936
2049,39,1539.8098289436
2049,40,1570.81703031165
2049,41,1551.39405245185
2049,42,1575.7455746101
2049,43,1561.60479367381
2049,44,1540.7168445127
2049,45,1593.03386413483
2049,46,1579.30102220698
2049,47,1581.76143997369
2049,48,1535.42522326597
2049,49,1583.17582108304
2049,50,1523.39299262259
2049,51,1555.38257115977
2049,52,1543.59582030409
2049,53,1571.21873275048
2049,54,1552.87944632166
2049,55,1559.98476955972
2049,56,1587.51150131682
2049,57,1561.42709646248
2049,58,1524.7968837647
2049,59,1528.47970933237
2049,60,1531.49102332352
2049,61,1572.34927479285
2049,62,1522.09991317379
2049,63,1576.7686478947
2049,64,1589.96936198169
2049,65,1563.93897465421
2049,66,1588.68468998049
2049,67,1589.03451780896
2049,68,1538.58460003094
2049,69,1526.05008142584
2049,70,1548.45028667527
2049,71,1534.34286026391
2049,72,1529.27312721256
2049,73,1532.32645507835
2049,74,1585.04521894842
2049,75,1580.04972003595
2049,76,1530.22957314815
2049,77,1525.04732951571
2049,78,1555.04659755583
2049,79,1566.48488489145
2049,80,1565.90844628479
2049,81,1565.91330379297
2049,82,1574.91289442716
2049,83,1570.49270083711
2049,84,1571.42903247315
2049,85,1591.56724795137
2049,86,1578.64087244632
2049,87,1546.96238211085
2049,88,1526.22442968326
2049,89,1558.62606809786
2049,90,1545.15687282275
2049,91,1532.75661941783
2049,92,1532.48742619666
2049,93,1552.0705754047
2049,94,1582.64816014145
2049,95,1538.11245480252
2049,96,1533.75055461269
2049,97,1552.8866544071
2049,98,1533.61019747934
2049,99,1546.30607040852
2049,100,1591.21931497202
2049,101,1528.59184141233
2049,102,1577.72608212303
2049,103,1563.42197478652
2049,104,1582.72425909081
2049,105,1531.55489483985
2049,106,1586.6745613983
2049,107,1533.79563495013
2049,108,1550.50982964594
2049,109,1545.96364476272
2049,110,1573.25352359321
2049,111,1534.68723448042
2049,112,1573.6488546436
2049,113,1530.13893009736
2049,114,1568.22913914997
2049,115,1527.77229026562
2049,116,1589.14502526333
2049,117,1592.910262352
2049,118,1539.7927482987
2049,119,1524.98613777678
2049,120,1561.52296584702
2049,121,1583.27183276056
2049,122,1580.33701569531
2049,123,1526.64311159073
2049,124,1565.45181085055
2049,125,1561.87296847484
2049,126,1524.53243201589
2049,127,1583.04879516092
2049,128,1559.73052443491
2049,129,1575.7013136069
2049,130,1583.11104372047
2049,131,1530.53199397565
2049,132,1560.43584207471
2049,133,1562.45441875964
2049,134,1589.5553242228
2049,135,1553.02649674695
2049,136,1538.35140352827
2049,137,1529.44746613173
2049,138,1560.47797979661
2049,139,1580.23412000175
2049,140,1577.03491792248
2049,141,1583.83645723186
2049,142,1535.36531104552
2049,143,1588.32317307117
2049,144,1534.31668493975
2049,145,1568.17595418359
2049,146,1574.32957434319
2049,147,1522.34446199427
2049,148,1573.90829327624
2049,149,1563.23004002063
2049,150,1552.00169171314
2049,151,1528.92253865362
2049,152,1547.01192315164
2049,153,1592.87511378139
2049,154,1553.19737566509
2049,155,1540.20653822101
2049,156,1555.60540919416
2049,157,1562.82190155345
2049,158,1581.25665180958
2049,159,1579.17414580346
2049,160,1550.24076923748
2049,161,1583.58488662945
2049,162,1521.87438724874
2049,163,1568.12348737518
2049,164,1560.0813854543
2049,165,1574.10947371352
2049,166,1584.16604046904
2025,167,1560.37306345379
2025,168,1546.96023875053
2025,169,1586.38852118389
2025,170,1577.09043033354
2025,171,1575.59669850269
2025,172,1562.00567853599
2025,173,1532.07077701072
2025,174,1590.18182285354
2025,175,1588.50560181299
2025,176,1525.23986196544
2025,177,1536.65200469017
2025,178,1559.89022775195
2025,179,1567.4618482516
2025,180,1548.15661950319
2025,181,1535.57777907195
2025,182,1541.71500299553
2025,183,1556.21342289107
2025,184,1574.0938513987
2025,185,1523.30758013084
2025,186,1556.41287408236
2025,187,1553.09095820665
2025,188,1551.55142892783
2025,189,1564.8271712427
2025,190,1584.86966996183
2025,191,1542.8516921307
2025,192,1579.29282474584
2025,193,1567.67932037552
2025,194,1525.52794035166
2025,195,1546.69081775404
2025,196,1565.47508348643
2025,197,1558.64891378374
2025,198,1554.71971275479
2025,199,1579.45352821485
2025,200,1520.96108477932
2025,201,1517.9764368323
2025,202,1564.9898579902
2025,203,1593.05786368108
2025,204,1543.30269560296
2025,205,1589.96097266025
2025,206,1550.80158362971
2025,207,1519.96705279327
2025,208,1523.94561745392
2025,209,1566.35790028135
2025,210,1588.70590965604
2025,211,1591.8698227003
2025,212,1591.35182292919
2025,213,1532.1759647488
2025,214,1575.16396044424
2025,215,1565.10968830747
2025,216,1581.17105232193
2025,217,1573.24628238004
2025,218,1527.15488432577
2025,219,1590.2157064634
2025,220,1578.4332142781
2025,221,1518.05920876379
2025,222,1527.03402972975
2025,223,1591.21819654732
2025,224,1589.79659082417
2025,225,1528.61271559019
2025,226,1536.04179075124
2025,227,1557.80993940387
2025,228,1586.43481592057
2025,229,1574.88139168176
2025,230,1577.0918220886
2025,231,1541.04478872634
2025,232,1517.1400476933
2025,233,1591.40245102453
2025,234,1522.56263754089
2025,235,1578.46003257486
2025,236,1548.16348107901
2025,237,1518.64400145152
2025,238,1525.63445974976
2025,239,1589.88497431905
2025,240,1541.05577773987
2025,241,1588.30371417154
2025,242,1560.38310056892
2025,243,1538.13145799175
2025,244,1577.80923117089
2025,245,1542.0279218858
2025,246,1590.31670878137
2025,247,1553.39755358922
2025,248,1553.32436966672
2025,249,1533.17424764702
2025,250,1583.28056177435
2025,251,1563.63483450483
2025,252,1545.46832214508
2025,253,1522.73677563431
2025,254,1529.33156626115
2025,255,1535.27480552982
2025,256,1518.09170653045
2025,257,1536.81252087923
2025,258,1563.34041199929
2025,259,1564.56761726664
2025,260,1560.9476022759
2025,261,1560.92759687532
2025,262,1571.2412865005
2025,263,1560.62725874499
2025,264,1566.43777335927
2025,265,1533.52291053705
2025,266,1568.91296188425
2025,267,1576.65195404164
2025,268,1555.43094000101
2025,269,1588.26081357101
2025,270,1530.24559897856
2025,271,1548.31692254569
2025,272,1566.14951601941
2025,273,1547.14573837575
2025,274,1560.8202420407
2025,275,1557.22479362003
2025,276,1586.14547484603
2025,277,1520.05497294382
2025,278,1552.87278152382
2025,279,1569.98013591268
2025,280,1528.44765562992
2025,281,1592.94202333744
2025,282,1553.02257049005
2025,283,1524.58625755817
2025,284,1526.80899122255
2025,285,1543.43038699115
2025,286,1587.85292681065
2025,287,1559.80033160178
2025,288,1584.9556798356
2025,289,1539.99683616441
2025,290,1550.8879458362
2025,291,1572.15990126531
2025,292,1551.79523003104
2025,293,1588.97054651888
2025,294,1568.73914146903
2025,295,1580.03090758857
2025,296,1530.83128856486
2025,297,1561.90906890833
2025,298,1534.2078986536
2025,299,1567.3462254396
2025,300,1565.33876182852
2025,301,1540.1686829057
2025,302,1569.90324060191
2025,303,1563.29525677827
2025,304,1531.32201294406
2025,305,1591.76540554579
2025,306,1582.48224807428
2025,307,1518.42456676726
2025,308,1524.77415803811
2025,309,1551.74782036707
2025,310,1531.91864440878
2025,311,1526.9104699158
2025,312,1580.30930138766
2025,313,1567.51752063797
2025,314,1569.64053693538
2025,315,1522.10756766688
2025,316,1588.72467177271
2025,317,1562.60537250453
2025,318,1584.15901455059
2025,319,1551.73938696409
2025,320,1529.07289714689
2025,321,1589.2641625436
2025,322,1531.66404393318
2025,323,1518.33022608704
2025,324,1528.0921858976
2025,325,1526.76532950098
2025,326,1540.62680898109
2025,327,1574.24985136973
2025,328,1567.24293127239
2025,329,1521.12793294442
2025,330,1523.84528580374
2025,331,1526.6635396805
2025,332,1547.76495432152
2025,333,1548.65018814444
2026,167,1540.09003676087
2026,168,1589.56806069726
2026,169,1520.83738389736
2026,170,1550.63178333328
2026,171,1532.68229617495
2026,172,1576.37320286789
2026,173,1573.3601948356
2026,174,1591.65669153348
2026,175,1533.40951953249
2026,176,1578.89478047078
2026,177,1568.96231775774
2026,178,1589.7853121827
2026,179,1556.1496761807
2026,180,1570.02950822576
2026,181,1552.78299168063
2026,182,1540.93262511646
2026,183,1550.86024530514
2026,184,1532.01179840273
2026,185,1567.63343199496
2026,186,1542.05194053464
2026,187,1592.72971022661
2026,188,1534.05159346721
2026,189,1536.89116741463
2026,190,1541.46932710448
2026,191,1567.76035295936
2026,192,1553.93183288592
2026,193,1518.19912252531
2026,194,1536.27431809515
2026,195,1552.36027529192
2026,196,1579.93495543798
2026,197,1531.30383169881
2026,198,1547.53874096952
2026,199,1586.22426585809
2026,200,1558.15751960667
2026,201,1568.60628872431
2026,202,1542.42596630289
2026,203,1544.60264969404
2026,204,1563.31425664763
2026,205,1531.70150723707
2026,206,1560.32455018916
2026,207,1533.4663574254
2026,208,1592.67036499446
2026,209,1543.60251139462
2026,210,1567.18874045522
2026,211,1570.19720358008
2026,212,1590.14886774317
2026,213,1569.59806188233
2026,214,1563.3610369203
2026,215,1537.2694392839
2026,216,1521.62458406199
2026,217,1552.24578690037
2026,218,1560.011949776
2026,219,1543.07082715639
2026,220,1581.24001615206
2026,221,1588.68014377707
2026,222,1533.34674004165
2026,223,1558.87115296258
2026,224,1571.41545413548
2026,225,1577.03554473954
2026,226,1585.7750982051
2026,227,1549.22916471483
2026,228,1588.46164575885
2026,229,1544.58308674211
2026,230,1567.33744185205
2026,231,1549.80478274452
2026,232,1524.3277169248
2026,233,1572.72894612213
2026,234,1550.5437430104
2026,235,1542.34213245558
2026,236,1530.19044665843
2026,237,1540.76140173032
2026,238,1563.20478399974
2026,239,1556.32560871038
2026,240,1583.8283732323
2026,241,1586.21086127232
2026,242,1584.59921225925
2026,243,1570.98157096907
2026,244,1526.58534644104
2026,245,1520.95003962973
2026,246,1530.99588503877
2026,247,1566.60448358094
2026,248,1528.12871679625
2026,249,1582.99502653585
2026,250,1559.8512541007
2026,251,1576.23702231349
2026,252,1565.50635052079
2026,253,1528.89199709161
2026,254,1574.75907355392
2026,255,1543.14018276715
2026,256,1519.41205691508
2026,257,1563.31149669617
2026,258,1571.38809331451
2026,259,1558.08702069879
2026,260,1524.96200792104
2026,261,1581.66081541121
2026,262,1566.69712269262
2026,263,1569.02291916273
2026,264,1568.05181520254
2026,265,1555.59008687522
2026,266,1533.83823074362
2026,267,1547.92722162869
2026,268,1589.02782274168
2026,269,1575.59803825823
2026,270,1586.15666386866
2026,271,1560.58815464223
2026,272,1582.39302955122
2026,273,1555.55521971275
2026,274,1531.9396016545
2026,275,1551.68975243423
2026,276,1556.46371113447
2026,277,1591.93474301273
2026,278,1527.96025701877
2026,279,1576.36739623083
2026,280,1531.7083640905
2026,281,1574.72073762028
2026,282,1564.40378647638
2026,283,1543.04275861641
2026,284,1522.0420440073
2026,285,1577.45540307185
2026,286,1530.36258473197
2026,287,1534.35156555924
2026,288,1561.56242068469
2026,289,1553.30036946359
2026,290,1576.62159155754
2026,291,1552.1355426037
2026,292,1553.28704478559
2026,293,1569.99906599367
2026,294,1549.09844068394
2026,295,1568.36084540197
2026,296,1578.36614432066
2026,297,1534.3043677636
2026,298,1551.41560431008
2026,299,1547.84089608283
2026,300,1557.1509154888
2026,301,1523.1601511334
2026,302,1550.64416461673
2026,303,1545.16669982715
2026,304,1590.92138621801
2026,305,1573.37338666539
2026,306,1521.93832008508
2026,307,1561.17240285288
2026,308,1517.16380016636
2026,309,1530.36681272459
2026,310,1586.92104767591
2026,311,1551.25934515809
2026,312,1589.5256077116
2026,313,1570.18535690286
2026,314,1557.44290379886
2026,315,1521.86818373584
2026,316,1574.50647753654
2026,317,1539.165844164
2026,318,1550.30328186016
2026,319,1583.86338219067
2026,320,1524.13850489936
2026,321,1565.21576037476
2026,322,1551.83294679931
2026,323,1562.82149077675
2026,324,1524.49796597231
2026,325,1565.1338630614
2026,326,1528.31144366986
2026,327,1545.46475404399
2026,328,1523.87596289473
2026,329,1582.30567305136
2026,330,1534.12777654963
2026,331,1566.03738333584
2026,332,1581.02835664808
2026,333,1542.86954256027
2027,167,1581.65527028081
2027,168,1570.27106917745
2027,169,1541.14326343077
2027,170,1549.96941749463
2027,171,1575.7581572874
2027,172,1576.89726721428
2027,173,1559.53985146965
2027,174,1584.76972840572
2027,175,1538.7676453994
2027,176,1527.15553415115
2027,177,1545.72634722155
2027,178,1577.82648077429
2027,179,1589.8445845019
2027,180,1574.06019130334
2027,181,1550.7055720232
2027,182,1546.61821060194
2027,183,1568.99952253754
2027,184,1536.73749211875
2027,185,1561.95222563625
2027,186,1537.57073213541
2027,187,1529.80212389744
2027,188,1587.37852349985
2027,189,1591.3853715691
2027,190,1542.17772734488
2027,191,1548.82853122215
2027,192,1592.34201140664
2027,193,1575.5404545654
2027,194,1526.67169545681
2027,195,1532.06946248267
2027,196,1561.27905067862
2027,197,1536.90089063302
2027,198,1578.27534907052
2027,199,1568.32576468461
2027,200,1528.45346903099
2027,201,1546.68897696383
2027,202,1526.58980130354
2027,203,1518.57162429389
2027,204,1531.52800430476
2027,205,1519.66352270179
2027,206,1529.69421572683
2027,207,1539.29933341909
2027,208,1557.43823644667
2027,209,1541.12618443692
2027,210,1574.55669023931
2027,211,1528.22513284153
2027,212,1575.57759917914
2027,213,1577.82848235647
2027,214,1589.86160847815
2027,215,1521.87149881638
2027,216,1542.34900143454
2027,217,1536.68274626127
2027,218,1535.09073884741
2027,219,1524.80066242037
2027,220,1534.79835174416
2027,221,1521.97290244852
2027,222,1554.80378341386
2027,223,1561.84515648832
2027,224,1586.70635148146
2027,225,1560.06128880157
2027,226,1567.87393259312
2027,227,1544.51735914996
2027,228,1551.50457854723
2027,229,1571.66741651852
2027,230,1566.39958202655
2027,231,1527.99085855155
2027,232,1561.65049953232
2027,233,1559.90010572617
2027,234,1568.63571534128
2027,235,1534.89864932568
2027,236,1519.01053763742
2027,237,1520.89556213168
2027,238,1584.09209141324
2027,239,1519.79973998785
2027,240,1536.31379402379
2027,241,1549.27928845564
2027,242,1561.731656354
2027,243,1539.61507084683
2027,244,1578.05218645188
2027,245,1540.56411007265
2027,246,1545.70255356075
2027,247,1590.52639299587
2027,248,1532.82673387721
2027,249,1555.24215050498
2027,250,1580.07696174978
2027,251,1584.70242399771
2027,252,1517.34866731122
2027,253,1584.3475440845
2027,254,1567.02318428919
2027,255,1529.50317208966
2027,256,1564.24765626687
2027,257,1526.08312585324
2027,258,1568.33389502039
2027,259,1576.96137992743
2027,260,1546.45012449668
2027,261,1572.61075459761
2027,262,1563.91454714603
2027,263,1518.08157077778
2027,264,1570.44471401217
2027,265,1539.84820343749
2027,266,1537.7514779852
2027,267,1586.02355735775
2027,268,1542.14275895289
2027,269,1534.18927098295
2027,270,1517.26815459833
2027,271,1525.37092512057
2027,272,1588.64499078589
2027,273,1573.62279610088
2027,274,1523.58691405787
2027,275,1550.85510351279
2027,276,1564.88541754332
2027,277,1533.41126654957
2027,278,1588.13077096644
2027,279,1591.80278269274
2027,280,1565.38160173039
2027,281,1545.10040815823
2027,282,1522.68867982164
2027,283,1551.94600308247
2027,284,1560.21774137616
2027,285,1532.97186060421
2027,286,1562.29949419698
2027,287,1546.24107325964
2027,288,1571.53391041551
2027,289,1534.76353894241
2027,290,1525.88816462279
2027,291,1563.73623590005
2027,292,1587.31920092096
2027,293,1550.76013699194
2027,294,1531.53834306684
2027,295,1565.38027470398
2027,296,1521.80786835486
2027,297,1545.49074746746
2027,298,1585.67679718157
2027,299,1562.48164666138
2027,300,1572.2419942737
2027,301,1559.41007653213
2027,302,1571.81398078645
2027,303,1550.62957808483
2027,304,1583.23192528382
2027,305,1562.63512862342
2027,306,1520.64261795362
2027,307,1573.00653006727
2027,308,1541.3499604866
2027,309,1572.92222351962
2027,310,1531.82312538634
2027,311,1533.08882398842
2027,312,1585.43151944459
2027,313,1559.30182169211
2027,314,1591.83219585268
2027,315,1525.49758949599
2027,316,1517.20588713148
2027,317,1531.60021113688
2027,318,1541.35201470743
2027,319,1564.18566594735
2027,320,1556.99162728028
2027,321,1527.9908870279
2027,322,1538.24298040437
2027,323,1583.44668233671
2027,324,1559.50077071253
2027,325,1553.82732341406
2027,326,1569.91842364592
2027,327,1548.5247290963
2027,328,1565.57030196263
2027,329,1531.68538827265
2027,330,1542.48310628658
2027,331,1587.32929905431
2027,332,1547.48881022524
2027,333,1554.02640641891
2028,167,1520.13948674392
2028,168,1542.82708087549
2028,169,1555.54505654893
2028,170,1556.6463433828
2028,171,1530.89521951935
2028,172,1580.48482672681
2028,173,1571.26822672717
2028,174,1550.68675721463
2028,175,1591.10696076232
2028,176,1592.39665564402
2028,177,1563.24311087917
2028,178,1590.21622768361
2028,179,1555.51064479505
2028,180,1574.97862349284
2028,181,1578.29551419787
2028,182,1526.81718000231
2028,183,1583.99505187079
2028,184,1585.31418015124
2028,185,1586.25591073671
2028,186,1520.12079986589
2028,187,1582.95793575022
2028,188,1532.80299697382
2028,189,1576.24465568011
2028,190,1570.78028007052
2028,191,1519.80006242395
2028,192,1584.13923648148
2028,193,1578.2417128534
2028,194,1543.1517768499
2028,195,1580.73348878233
2028,196,1551.9016323814
2028,197,1551.89340898263
2028,198,1589.87652944741
2028,199,1554.23555302686
2028,200,1546.87023876109
2028,201,1564.93018616768
2028,202,1570.21471016304
2028,203,1527.81091618226
2028,204,1550.09299454707
2028,205,1570.04060718571
2028,206,1541.55117066073
2028,207,1553.0256135007
2028,208,1587.66169250264
2028,209,1590.80763877971
2028,210,1565.77111218959
2028,211,1592.6394876636
2028,212,1550.78103756901
2028,213,1557.14156835709
2028,214,1542.5635383283
2028,215,1569.74462776581
2028,216,1539.87073140966
2028,217,1591.763888896
2028,218,1588.75895790397
2028,219,1569.84740841775
2028,220,1538.87896716382
2028,221,1558.61804366073
2028,222,1578.42273705775
2028,223,1555.6774966706
2028,224,1584.82563371586
2028,225,1586.14788214521
2028,226,1518.89082442116
2028,227,1532.34766802538
2028,228,1584.36289132913
2028,229,1518.2434185736
2028,230,1535.99809309691
2028,231,1585.37666202514
2028,232,1527.55825257793
2028,233,1541.34801496946
2028,234,1545.99266236057
2028,235,1573.89026421259
2028,236,1586.69425863647
2028,237,1568.24659946773
2028,238,1518.57961001098
2028,239,1579.55950782276
2028,240,1574.91079616031
2028,241,1527.8986229377
2028,242,1569.86009781036
2028,243,1546.91964943913
2028,244,1552.53036871369
2028,245,1554.33687845556
2028,246,1521.04686742814
2028,247,1528.36448455017
2028,248,1578.25732519084
2028,249,1587.18640088589
2028,250,1557.73100343582
2028,251,1553.85953996787
2028,252,1538.62506476717
2028,253,1564.16192011404
2028,254,1522.83491819156
2028,255,1529.19444250749
2028,256,1570.43408714895
2028,257,1563.91135284144
2028,258,1548.8442307995
2028,259,1577.49827407757
2028,260,1552.94684033075
2028,261,1522.36592112682
2028,262,1518.7879260646
2028,263,1529.49549911535
2028,264,1559.40549102283
2028,265,1519.97814362219
2028,266,1540.73612268336
2028,267,1561.38988804325
2028,268,1552.85351427146
2028,269,1563.65248433945
2028,270,1558.13132074158
2028,271,1560.32367407975
2028,272,1555.72987927493
2028,273,1583.44824619262
2028,274,1564.70148963874
2028,275,1575.29407793239
2028,276,1542.56525839582
2028,277,1526.38088058904
2028,278,1583.06605149284
2028,279,1589.78216495996
2028,280,1576.40644462363
2028,281,1590.6467370947
2028,282,1524.25978790115
2028,283,1573.64324861925
2028,284,1555.87986926219
2028,285,1538.55151452231
2028,286,1531.57341524484
2028,287,1531.97523176661
2028,288,1530.44681794059
2028,289,1564.92739228959
2028,290,1579.69282936208
2028,291,1558.63803303006
2028,292,1588.32291307355
2028,293,1541.77437139579
2028,294,1521.90766836362
2028,295,1573.80038253139
2028,296,1556.90051721021
2028,297,1528.14435484053
2028,298,1590.33645491223
2028,299,1571.54789125683
2028,300,1532.33211411416
2028,301,1549.52400323431
2028,302,1524.46031428777
2028,303,1548.47043431559
2028,304,1524.57658525634
2028,305,1540.86185990853
2028,306,1569.80481120399
2028,307,1550.40085117993
2028,308,1527.04007202459
2028,309,1537.67888432563
2028,310,1544.42564030023
2028,311,1539.10300200388
2028,312,1517.36877158013
2028,313,1538.10913771586
2028,314,1559.81849189809
2028,315,1566.80972482767
2028,316,1526.94265096294
2028,317,1541.92213704975
2028,318,1535.6506179051
2028,319,1559.79698167144
2028,320,1525.00399346134
2028,321,1549.2220806542
2028,322,1522.74584391436
2028,323,1543.73754297083
2028,324,1583.34192788656
2028,325,1570.58074593564
2028,326,1571.21846625514
2028,327,1543.1595321997
2028,328,1532.85690144743
2028,329,1575.62188798407
2028,330,1518.6067476015
2028,331,1524.15719477771
2028,332,1580.96279488984
2028,333,1554.78186922779
2029,167,1546.81426595276
2029,168,1556.34928170175
2029,169,1583.44540628013
2029,170,1566.82377815587
2029,171,1557.48104920369
2029,172,1517.82630488937
2029,173,1538.03247250607
2029,174,1544.56835429553
2029,175,1549.98949990919
2029,176,1566.56267917793
2029,177,1549.50110423515
2029,178,1520.772216565
2029,179,1525.66322473538
2029,180,1555.19046913969
2029,181,1529.58203235748
2029,182,1572.47235942099
2029,183,1538.13453175118
2029,184,1556.46068624997
2029,185,1544.95661907413
2029,186,1587.63578372707
2029,187,1519.85889676833
2029,188,1557.4169134467
2029,189,1521.40127533339
2029,190,1561.65213140126
2029,191,1590.24654494997
2029,192,1548.60863267871
2029,193,1580.24045297197
2029,194,1540.78703682046
2029,195,1536.95369049403
2029,196,1588.70492223321
2029,197,1560.77757388461
2029,198,1563.62773501654
2029,199,1573.24239267726
2029,200,1538.30115050767
2029,201,1572.55843226585
2029,202,1576.61574147807
2029,203,1568.77276307516
2029,204,1521.89028719024
2029,205,1520.84321487424
2029,206,1557.52305835593
2029,207,1578.78262002099
2029,208,1557.93028700011
2029,209,1565.74990511892
2029,210,1578.96938274285
2029,211,1588.29137798157
2029,212,1551.72289823318
2029,213,1579.07459588596
2029,214,1554.23432161993
2029,215,1532.60915310288
2029,216,1549.57363242041
2029,217,1574.83890798283
2029,218,1533.18921781078
2029,219,1523.42338184322
2029,220,1593.17568076998
2029,221,1543.94831482574
2029,222,1558.86404615992
2029,223,1585.0702016922
2029,224,1564.53187475816
2029,225,1558.3416861516
2029,226,1565.89400309333
2029,227,1536.17023401099
2029,228,1549.3770998599
2029,229,1552.77494437721
2029,230,1584.25214906912
2029,231,1551.04317554322
2029,232,1563.13754953988
2029,233,1551.64784687271
2029,234,1551.28820381031
2029,235,1520.29345493434
2029,236,1520.23624487823
2029,237,1531.95271643481
2029,238,1588.37908438194
2029,239,1556.34403709982
2029,240,1543.63572225955
2029,241,1590.21279054888
2029,242,1589.09093010114
2029,243,1562.37995572699
2029,244,1529.53920278805
2029,245,1533.53925390364
2029,246,1580.72679165567
2029,247,1518.35406638585
2029,248,1593.16452753808
2029,249,1575.33722338694
2029,250,1564.77163307156
2029,251,1537.28933736556
2029,252,1532.46853203067
2029,253,1556.08865192675
2029,254,1574.57512223269
2029,255,1574.36989193977
2029,256,1521.63047222237
2029,257,1564.77512712348
2029,258,1542.36186754386
2029,259,1582.95267348372
2029,260,1563.22626518193
2029,261,1574.42700357138
2029,262,1561.890220759
2029,263,1523.90453412043
2029,264,1571.52880892323
2029,265,1574.2510023718
2029,266,1550.10987243111
2029,267,1544.29386266207
2029,268,1587.00718579979
2029,269,1571.24325752919
2029,270,1517.09259897199
2029,271,1520.30151890814
2029,272,1530.98766073459
2029,273,1528.19317632084
2029,274,1581.28523418438
2029,275,1537.79975120697
2029,276,1582.95055891931
2029,277,1525.98699991524
2029,278,1577.17398389117
2029,279,1589.33548479797
2029,280,1565.14049292067
2029,281,1579.09853411218
2029,282,1589.93179574396
2029,283,1548.27614298954
2029,284,1536.95065394559
2029,285,1571.1778801571
2029,286,1584.7931692012
2029,287,1527.57266897961
2029,288,1528.1611102088
2029,289,1518.89723287857
2029,290,1527.78410537741
2029,291,1570.23172561769
2029,292,1576.82803916125
2029,293,1537.13331399564
2029,294,1553.62594960743
2029,295,1580.8552798136
2029,296,1566.50216710774
2029,297,1529.08320042005
2029,298,1582.45693447932
2029,299,1565.32712487145
2029,300,1534.51782713635
2029,301,1570.43651511301
2029,302,1538.88672089806
2029,303,1525.43851715038
2029,304,1585.52549050035
2029,305,1545.07270691703
2029,306,1529.63609231481
2029,307,1577.38040962276
2029,308,1542.51933262674
2029,309,1561.46932406953
2029,310,1591.46159374437
2029,311,1521.64072264384
2029,312,1535.22346115837
2029,313,1569.1225133748
2029,314,1523.49884994552
2029,315,1588.95428524373
2029,316,1577.40029790459
2029,317,1553.60746165554
2029,318,1570.81750354459
2029,319,1577.89849950981
2029,320,1563.19501950484
2029,321,1542.68338384243
2029,322,1549.55750596409
2029,323,1525.68294359711
2029,324,1554.89975447175
2029,325,1592.64372747993
2029,326,1549.14645831092
2029,327,1544.07040020733
2029,328,1525.65809084326
2029,329,1593.15091594841
2029,330,1539.13054978524
2029,331,1571.12958664327
2029,332,1590.12263637172
2029,333,1553.30584674075
2030,167,1552.04927834236
2030,168,1565.24556000708
2030,169,1527.83688091635
2030,170,1551.2138120218
2030,171,1560.20323773459
2030,172,1568.92350235974
2030,173,1566.32003584082
2030,174,1532.30405391825
2030,175,1574.08520119197
2030,176,1556.67495260064
2030,177,1588.19072796081
2030,178,1521.38207692848
2030,179,1532.14853877309
2030,180,1559.6498897566
2030,181,1544.51947623535
2030,182,1523.11103322563
2030,183,1545.59589655653
2030,184,1530.9145740116
2030,185,1539.3777663286
2030,186,1547.80169950294
2030,187,1590.3028603977
2030,188,1539.33076527543
2030,189,1587.29496317819
2030,190,1584.98154603867
2030,191,1530.25990143933
2030,192,1541.94520140349
2030,193,1563.36565798954
2030,194,1560.61861718414
2030,195,1582.34840286479
2030,196,1527.09232779909
2030,197,1545.85438029046
2030,198,1586.91551910937
2030,199,1567.95133309284
2030,200,1541.76322354315
2030,201,1545.10411224988
2030,202,1582.42690478151
2030,203,1569.74923138352
2030,204,1531.54102673221
2030,205,1581.90224926677
2030,206,1529.47566780398
2030,207,1564.73773121126
2030,208,1537.99795749879
2030,209,1529.54668800308
2030,210,1540.22551227701
2030,211,1576.38940278752
2030,212,1549.0419158356
2030,213,1544.05029858366
2030,214,1572.63285373794
2030,215,1581.85903950964
2030,216,1592.81977086144
2030,217,1569.60252272771
2030,218,1547.174748819
2030,219,1570.74255547302
2030,220,1547.06077623288
2030,221,1589.04805284625
2030,222,1557.27347412108
2030,223,1559.66792574405
2030,224,1548.41859457278
2030,225,1566.29446102326
2030,226,1554.07731721838
2030,227,1593.2036912388
2030,228,1574.41308886124
2030,229,1526.66321692484
2030,230,1526.0592027351
2030,231,1558.22369316264
2030,232,1521.75858111577
2030,233,1546.0219983645
2030,234,1520.36397725888
2030,235,1576.10821647735
2030,236,1528.74164216677
2030,237,1549.75692136466
2030,238,1583.55731060254
2030,239,1546.59710950093
2030,240,1543.67670903264
2030,241,1573.58745662865
2030,242,1548.05185131196
2030,243,1566.99277472324
2030,244,1551.34499323662
2030,245,1548.61647913864
2030,246,1522.74598922542
2030,247,1559.11788382791
2030,248,1571.50224425064
2030,249,1556.64035926564
2030,250,1548.68160469739
2030,251,1585.16342535024
2030,252,1518.63416615632
2030,253,1565.18479525364
2030,254,1549.38478163987
2030,255,1583.11881183492
2030,256,1556.00836484102
2030,257,1555.2366361056
2030,258,1549.32525127593
2030,259,1526.61126395125
2030,260,1531.41905474118
2030,261,1529.97502891512
2030,262,1550.96142535176
2030,263,1533.30887702139
2030,264,1584.59930189585
2030,265,1560.78640654237
2030,266,1575.48323666231
2030,267,1574.66936297938
2030,268,1582.99312708861
2030,269,1570.43870239509
2030,270,1554.06188511281
2030,271,1551.99101071999
2030,272,1576.73005553186
2030,273,1547.75882615379
2030,274,1549.20902982141
2030,275,1530.08340110469
2030,276,1575.3394653848
2030,277,1551.37001913876
2030,278,1565.09267737993
2030,279,1558.19484019148
2030,280,1590.16524846278
2030,281,1559.7817567118
2030,282,1549.80241068572
2030,283,1592.25945159202
2030,284,1527.25721109591
2030,285,1588.78563926924
2030,286,1553.85386243308
2030,287,1538.16898605981
2030,288,1564.19783541574
2030,289,1568.65867163046
2030,290,1532.06828916465
2030,291,1529.71978701147
2030,292,1555.427726221
2030,293,1547.88726936027
2030,294,1593.08436200945
2030,295,1552.68419123799
2030,296,1585.20761562415
2030,297,1541.64527919833
2030,298,1535.89268028203
2030,299,1585.24476570592
2030,300,1590.63120972472
2030,301,1549.95491640953
2030,302,1573.58051328096
2030,303,1574.83429348233
2030,304,1571.32877909744
2030,305,1524.17730444364
2030,306,1569.75088294092
2030,307,1553.9045814255
2030,308,1560.70560816055
2030,309,1585.33339018459
2030,310,1572.65040642631
2030,311,1523.9553821086
2030,312,1588.02529177183
2030,313,1553.19640193009
2030,314,1583.75899388533
2030,315,1554.18272761881
2030,316,1580.6835537595
2030,317,1551.14010394978
2030,318,1544.55304387133
2030,319,1581.63376571747
2030,320,1541.15969741038
2030,321,1520.44295761027
2030,322,1545.43028672217
2030,323,1552.41207956356
2030,324,1535.45583292978
2030,325,1524.0335308582
2030,326,1582.35177873275
2030,327,1564.74231659629
2030,328,1571.63899055062
2030,329,1555.52994691496
2030,330,1540.31788796468
2030,331,1562.45010295903
2030,332,1520.96382156267
2030,333,1518.4937557452
2031,167,1563.32986621555
2031,168,1565.13316853312
2031,169,1521.97727530836
2031,170,1561.31723542485
2031,171,1527.70756822245
2031,172,1539.18256384806
2031,173,1580.17399813214
2031,174,1580.56091406548
2031,175,1583.61438330108
2031,176,1537.18512568817
2031,177,1555.97221526628
2031,178,1573.84722341396
2031,179,1551.09241250486
2031,180,1566.86878028986
2031,181,1539.91706642866
2031,182,1546.57606826417
2031,183,1521.35790879654
2031,184,1538.54224532775
2031,185,1520.22559985335
2031,186,1560.63397117503
2031,187,1518.19224676457
2031,188,1590.31412547562
2031,189,1524.45940494412
2031,190,1524.6207066118
2031,191,1561.66646013697
2031,192,1588.06457962162
2031,193,1591.37112774761
2031,194,1574.96956833251
2031,195,1548.62979604068
2031,196,1556.38480996296
2031,197,1582.09057556049
2031,198,1520.3295634101
2031,199,1520.7888643658
2031,200,1580.51513463715
2031,201,1590.49403542731
2031,202,1541.89128325981
2031,203,1578.8328637566
2031,204,1526.1672183134
2031,205,1546.30367450698
2031,206,1588.76425853543
2031,207,1550.08231493868
2031,208,1525.76500395711
2031,209,1526.45233270907
2031,210,1536.78420423637
2031,211,1578.26088253341
2031,212,1533.87753588517
2031,213,1552.17785201812
2031,214,1561.83586542165
2031,215,1580.26248963832
2031,216,1520.92677338505
2031,217,1535.29245295
2031,218,1543.05556777303
2031,219,1559.32659208824
2031,220,1539.86769168338
2031,221,1590.11716363942
2031,222,1572.2656714016
2031,223,1539.20575071757
2031,224,1559.11252697164
2031,225,1590.36274774573
2031,226,1572.66528665166
2031,227,1519.7486704913
2031,228,1543.6297025292
2031,229,1523.597548413
2031,230,1556.54419689779
2031,231,1553.48994651538
2031,232,1582.0625165363
2031,233,1556.84197098473
2031,234,1542.47988460635
2031,235,1555.72559324666
2031,236,1578.17154827635
2031,237,1561.40861712096
2031,238,1526.51424578382
2031,239,1524.93266611176
2031,240,1554.45474253755
2031,241,1559.41279204699
2031,242,1565.85037435745
2031,243,1538.34946118897
2031,244,1543.01251870134
2031,245,1521.89338262649
2031,246,1532.85566144788
2031,247,1575.38544739646
2031,248,1576.12923312574
2031,249,1526.56353366203
2031,250,1553.51759101692
2031,251,1550.11351495419
2031,252,1558.72294059916
2031,253,1536.89378944042
2031,254,1575.04091290282
2031,255,1540.46838566186
2031,256,1557.8467404728
2031,257,1589.32837240301
2031,258,1529.43703283314
2031,259,1533.85020508509
2031,260,1588.24429320366
2031,261,1559.51629861511
2031,262,1589.89939748475
2031,263,1581.81411818883
2031,264,1567.23705724367
2031,265,1572.073740861
2031,266,1525.62054525266
2031,267,1523.74453595597
2031,268,1542.91869040016
2031,269,1574.93633733529
2031,270,1526.31419255913
2031,271,1560.81459023049
2031,272,1517.46113760999
2031,273,1576.50885865141
2031,274,1525.93586700377
2031,275,1589.63921505832
2031,276,1517.05242345537
2031,277,1526.72972601887
2031,278,1521.84648862594
2031,279,1539.97581482914
2031,280,1567.20077583266
2031,281,1554.32787030606
2031,282,1534.90450361269
2031,283,1545.36058827673
2031,284,1585.03119391904
2031,285,1538.42283539174
2031,286,1592.8449160305
2031,287,1528.67012416411
2031,288,1573.96436310655
2031,289,1556.48273887657
2031,290,1575.70710735503
2031,291,1568.7803170311
2031,292,1522.90046537431
2031,293,1580.04068337459
2031,294,1560.91698989583
2031,295,1575.13049646999
2031,296,1540.72560187857
2031,297,1563.34378584337
2031,298,1553.74493477711
2031,299,1532.78167963717
2031,300,1556.50852181649
2031,301,1554.74887408365
2031,302,1535.50673787065
2031,303,1543.76063399008
2031,304,1530.89055364069
2031,305,1538.40806300015
2031,306,1522.92041417726
2031,307,1587.69763290757
2031,308,1574.56779037098
2031,309,1579.96393965956
2031,310,1518.44079963708
2031,311,1570.87038979333
2031,312,1586.81023850358
2031,313,1533.12362789575
2031,314,1578.41023448351
2031,315,1565.08782823357
2031,316,1579.24362132026
2031,317,1566.29746882905
2031,318,1540.88685777815
2031,319,1522.10286779058
2031,320,1525.61209881873
2031,321,1589.93689100482
2031,322,1565.78494945968
2031,323,1564.02537188804
2031,324,1582.91183010433
2031,325,1585.14642638844
2031,326,1565.24734402212
2031,327,1554.18197642188
2031,328,1565.3500283267
2031,329,1542.70068450443
2031,330,1582.59177536695
2031,331,1542.90347160093
2031,332,1533.94238062165
2031,333,1534.62942127246
2032,167,1582.23620440511
2032,168,1574.95204088938
2032,169,1567.65642588571
2032,170,1548.84736792059
2032,171,1538.40998012971
2032,172,1575.70624459613
2032,173,1557.16261637563
2032,174,1519.57694639006
2032,175,1543.81175367531
2032,176,1559.48390099502
2032,177,1558.92080196141
2032,178,1529.8611499246
2032,179,1571.20933885648
2032,180,1586.95599515448
2032,181,1555.45400586378
2032,182,1537.44997560881
2032,183,1538.63258848918
2032,184,1544.39567818938
2032,185,1557.02119757499
2032,186,1553.33311769433
2032,187,1560.52890119483
2032,188,1583.23080424938
2032,189,1551.1691024983
2032,190,1526.654556794
2032,191,1564.30189897705
2032,192,1537.63161693691
2032,193,1518.73968430174
2032,194,1543.29688566378
2032,195,1589.8032060902
2032,196,1550.82667282249
2032,197,1581.56538385947
2032,198,1568.51727903375
2032,199,1570.4529326708
2032,200,1587.44541505401
2032,201,1518.54398927264
2032,202,1553.1191242302
2032,203,1536.42156144595
2032,204,1541.75828722791
2032,205,1534.91506223208
2032,206,1526.12741639799
2032,207,1528.20545326793
2032,208,1550.48411178976
2032,209,1562.7524512464
2032,210,1560.04525409449
2032,211,1532.32169022483
2032,212,1579.28111109437
2032,213,1527.46977300199
2032,214,1578.16128132652
2032,215,1547.06420216526
2032,216,1562.68577942528
2032,217,1587.28772959896
2032,218,1562.87253302193
2032,219,1519.58184485518
2032,220,1571.0940998361
2032,221,1575.87479464933
2032,222,1585.40878773512
2032,223,1583.32753731598
2032,224,1573.73876822754
2032,225,1550.61742857119
2032,226,1528.07662426369
2032,227,1528.60748165802
2032,228,1534.51412675515
2032,229,1583.07134539578
2032,230,1543.43139784838
2032,231,1538.34088023801
2032,232,1584.96402232375
2032,233,1564.68308882022
2032,234,1558.61640978566
2032,235,1562.95228255438
2032,236,1529.36426389488
2032,237,1551.68940896043
2032,238,1559.47710278086
2032,239,1548.04338140811
2032,240,1588.70591057921
2032,241,1537.50476112726
2032,242,1540.41598793168
2032,243,1528.94621091711
2032,244,1541.20734459624
2032,245,1534.13796808329
2032,246,1529.02061850609
2032,247,1524.72475387554
2032,248,1533.48549113716
2032,249,1519.92351072919
2032,250,1545.71622893816
2032,251,1534.30442903036
2032,252,1533.55019606612
2032,253,1586.07690009803
2032,254,1586.70312342778
2032,255,1582.48246193098
2032,256,1554.60942457188
2032,257,1519.34468538171
2032,258,1532.21930545455
2032,259,1557.70553295462
2032,260,1535.99045406698
2032,261,1568.43147907542
2032,262,1569.7197470327
2032,263,1527.62378550475
2032,264,1568.62250872296
2032,265,1564.88578796669
2032,266,1522.40797496421
2032,267,1528.21883122369
2032,268,1554.96057344388
2032,269,1557.38124282148
2032,270,1529.58609227926
2032,271,1548.43553436271
2032,272,1586.82580310231
2032,273,1558.30437483402
2032,274,1586.86427623374
2032,275,1539.26185257491
2032,276,1563.24487149532
2032,277,1591.42614645612
2032,278,1560.62740979038
2032,279,1561.8907408785
2032,280,1542.99924497542
2032,281,1529.9599392359
2032,282,1531.47300500064
2032,283,1579.84153134477
2032,284,1531.02205052759
2032,285,1536.53621494353
2032,286,1558.32343710635
2032,287,1524.80588653494
2032,288,1528.90340843927
2032,289,1532.91778948003
2032,290,1542.95705649672
2032,291,1541.07870052851
2032,292,1573.83117171694
2032,293,1528.87341675136
2032,294,1576.45471425922
2032,295,1555.85116128253
2032,296,1580.27003713205
2032,297,1577.03783989089
2032,298,1543.86209784154
2032,299,1579.37300540032
2032,300,1574.85900064106
2032,301,1566.69178651899
2032,302,1568.06687175404
2032,303,1589.30195531391
2032,304,1572.10605791644
2032,305,1531.98887435361
2032,306,1552.93492351009
2032,307,1563.4246063281
2032,308,1581.59113912194
2032,309,1551.98313757681
2032,310,1592.411456725
2032,311,1521.30679642569
2032,312,1578.5437673408
2032,313,1521.13657874832
2032,314,1534.5599824163
2032,315,1572.30422678424
2032,316,1532.8818516671
2032,317,1582.44122304275
2032,318,1588.99472608396
2032,319,1567.21174050637
2032,320,1531.06689410653
2032,321,1542.57898774338
2032,322,1540.41433268159
2032,323,1592.85677021739
2032,324,1554.27666132155
2032,325,1562.87217083611
2032,326,1585.73620648551
2032,327,1518.51381612787
2032,328,1556.08069498781
2032,329,1589.06934642893
2032,330,1575.51681337025
2032,331,1544.00631112387
2032,332,1531.19359512484
2032,333,1558.42972478791
2033,167,1521.43156543714
2033,168,1517.34940911663
2033,169,1586.77607604206
2033,170,1522.58879193387
2033,171,1533.08616684653
2033,172,1549.37385082178
2033,173,1521.92236754045
2033,174,1531.96337392254
2033,175,1522.75145970305
2033,176,1551.61244355948
2033,177,1572.10355739449
2033,178,1538.23561454503
2033,179,1524.3102300303
2033,180,1592.91465191773
2033,181,1552.4196039247
2033,182,1517.35665833656
2033,183,1561.55424591232
2033,184,1577.43734904701
2033,185,1523.84358135916
2033,186,1567.59331122963
2033,187,1571.98131257019
2033,188,1586.43075003367
2033,189,1586.4067601985
2033,190,1574.03511981063
2033,191,1564.04391716545
2033,192,1531.81207519481
2033,193,1584.89507454264
2033,194,1583.09049341673
2033,195,1557.78773221673
2033,196,1550.5430366584
2033,197,1536.33346986919
2033,198,1557.83961495812
2033,199,1540.63662286577
2033,200,1568.37663951583
2033,201,1580.15922096491
2033,202,1574.1502052469
2033,203,1568.18893089619
2033,204,1561.38595551942
2033,205,1582.50180264664
2033,206,1564.94908841143
2033,207,1575.67290420286
2033,208,1570.14943964828
2033,209,1517.46747872899
2033,210,1548.52979493988
2033,211,1573.73078442781
2033,212,1547.36722348161
2033,213,1556.36497387595
2033,214,1572.2199208402
2033,215,1559.5232760137
2033,216,1562.26115870717
2033,217,1550.29194331893
2033,218,1593.11225559029
2033,219,1540.96357766821
2033,220,1578.11732213004
2033,221,1575.017645877
2033,222,1551.0305544477
2033,223,1520.30929266815
2033,224,1577.92214562263
2033,225,1560.39797869938
2033,226,1546.73289573597
2033,227,1526.39795415036
2033,228,1555.11869151223
2033,229,1584.2251763716
2033,230,1562.31020716388
2033,231,1551.58285453499
2033,232,1545.15512630276
2033,233,1585.10750670734
2033,234,1551.74542395069
2033,235,1564.67567864855
2033,236,1541.46103460973
2033,237,1564.44136416501
2033,238,1566.4426434013
2033,239,1566.81899498091
2033,240,1521.05914593752
2033,241,1543.28774154148
2033,242,1530.32491394484
2033,243,1581.20765045247
2033,244,1541.29725807366
2033,245,1545.12447056904
2033,246,1548.13776462533
2033,247,1587.49313272061
2033,248,1518.16985657604
2033,249,1592.55671388577
2033,250,1582.46302399804
2033,251,1588.35119655318
2033,252,1537.12627476218
2033,253,1540.16311306264
2033,254,1553.87352435986
2033,255,1566.96220914097
2033,256,1590.31007350733
2033,257,1592.86432033861
2033,258,1587.87434837714
2033,259,1590.3896352805
2033,260,1575.71913847167
2033,261,1556.75976907738
2033,262,1592.50331273701
2033,263,1592.16782923168
2033,264,1564.00079313918
2033,265,1560.14096389428
2033,266,1581.4060584577
2033,267,1543.46288953346
2033,268,1586.81371666627
2033,269,1537.02914307991
2033,270,1535.24001566539
2033,271,1578.23912393758
2033,272,1540.29501026953
2033,273,1581.96215928581
2033,274,1537.83740876786
2033,275,1529.73803967839
2033,276,1572.48567083725
2033,277,1533.45718454269
2033,278,1537.11523225784
2033,279,1558.40560822942
2033,280,1528.59607465993
2033,281,1531.54614642166
2033,282,1539.62068873041
2033,283,1526.96905097333
2033,284,1535.52085551919
2033,285,1530.19243730456
2033,286,1584.47365009973
2033,287,1552.70588247766
2033,288,1557.90637602526
2033,289,1579.48751417271
2033,290,1523.20978037276
2033,291,1546.07476575466
2033,292,1559.15226960866
2033,293,1592.86116732828
2033,294,1536.93726803633
2033,295,1560.75335945197
2033,296,1545.10423249323
2033,297,1583.90118284346
2033,298,1561.9553273927
2033,299,1555.20903776274
2033,300,1561.47515579205
2033,301,1538.08801112105
2033,302,1561.73986984641
2033,303,1541.40979821406
2033,304,1555.59107028579
2033,305,1564.77825650412
2033,306,1522.61778364735
2033,307,1523.59507001171
2033,308,1585.98754732424
2033,309,1574.35070001482
2033,310,1548.48064727752
2033,311,1582.9050964413
2033,312,1592.56704607911
2033,313,1528.76035705956
2033,314,1550.93860112965
2033,315,1517.44846558015
2033,316,1537.01184445954
2033,317,1540.65064548069
2033,318,1539.98450876234
2033,319,1545.40904439336
2033,320,1583.1327943273
2033,321,1544.45058288597
2033,322,1579.1601099268
2033,323,1557.44238778037
2033,324,1590.19503715905
2033,325,1533.91757647643
2033,326,1545.87486377064
2033,327,1557.80656784997
2033,328,1557.92286509348
2033,329,1553.94364913393
2033,330,1549.29024393312
2033,331,1550.31515207831
2033,332,1563.58186646647
2033,333,1539.44208057763
2034,167,1523.85448609761
2034,168,1586.06113170876
2034,169,1558.98467113429
2034,170,1541.56101627062
2034,171,1533.93477724041
2034,172,1525.66373819738
2034,173,1571.16198777852
2034,174,1560.11560035919
2034,175,1557.39530756507
2034,176,1577.4714309439
2034,177,1535.78233051279
2034,178,1584.02462243181
2034,179,1557.2685931785
2034,180,1550.07151774995
2034,181,1519.37932959778
2034,182,1562.00091726865
2034,183,1520.82884429392
2034,184,1566.3657929532
2034,185,1570.79054909749
2034,186,1548.78500327197
2034,187,1537.81471180167
2034,188,1592.82562898317
2034,189,1545.80087563974
2034,190,1587.87404875407
2034,191,1543.5937893934
2034,192,1544.83443086521
2034,193,1548.3927746349
2034,194,1565.77120976193
2034,195,1546.40981859955
2034,196,1546.86692398236
2034,197,1527.51444327287
2034,198,1586.98121874002
2034,199,1571.32170023853
2034,200,1525.58032110965
2034,201,1592.37084239916
2034,202,1570.63095206968
2034,203,1538.37291986207
2034,204,1552.7858666027
2034,205,1518.48062040653
2034,206,1586.98486934087
2034,207,1560.46246314965
2034,208,1527.57875168105
2034,209,1582.27965179065
2034,210,1584.32151364532
2034,211,1585.68037568611
2034,212,1563.66340187806
2034,213,1563.76339372937
2034,214,1566.02253037961
2034,215,1574.04585383299
2034,216,1539.01237288946
2034,217,1539.63046362876
2034,218,1564.1833351473
2034,219,1541.57861227713
2034,220,1528.6694598165
2034,221,1546.9365577879
2034,222,1546.29996663387
2034,223,1518.57281295079
2034,224,1575.092076208
2034,225,1530.26532643291
2034,226,1576.07380502528
2034,227,1587.22518047542
2034,228,1575.76696066992
2034,229,1557.97696852873
2034,230,1552.8934349922
2034,231,1588.54348272862
2034,232,1584.35792820635
2034,233,1528.17187922299
2034,234,1562.77783059972
2034,235,1525.0194332186
2034,236,1552.65670468789
2034,237,1537.9295283104
2034,238,1544.37467414586
2034,239,1533.22276760466
2034,240,1573.53734387716
2034,241,1571.90560868583
2034,242,1518.546720801
2034,243,1591.82754060826
2034,244,1562.11352861768
2034,245,1564.52772379727
2034,246,1562.86488641132
2034,247,1587.2024527782
2034,248,1542.27605128797
2034,249,1521.10120945048
2034,250,1561.71207859579
2034,251,1574.88043174109
2034,252,1562.75963831189
2034,253,1541.7317964092
2034,254,1532.76267955478
2034,255,1578.41046202802
2034,256,1545.84947758229
2034,257,1579.27030112323
2034,258,1532.29732758735
2034,259,1551.50049105452
2034,260,1528.39157694068
2034,261,1565.30293325186
2034,262,1518.65008910614
2034,263,1572.00527929051
2034,264,1527.54420541014
2034,265,1580.30839502657
2034,266,1550.72518024614
2034,267,1530.77578762246
2034,268,1548.79592723728
2034,269,1565.22121515843
2034,270,1544.98244014821
2034,271,1531.96978917947
2034,272,1584.86068221091
2034,273,1558.94033388051
2034,274,1558.4753369443
2034,275,1590.4946523025
2034,276,1540.61935630792
2034,277,1518.76560348077
2034,278,1539.30071169938
2034,279,1532.57002950695
2034,280,1565.83558508244
2034,281,1578.7655474361
2034,282,1524.16697264087
2034,283,1559.48831335603
2034,284,1535.5810345723
2034,285,1588.62558125829
2034,286,1542.98963855623
2034,287,1562.57628744401
2034,288,1580.2859852206
2034,289,1533.61447748923
2034,290,1586.30112457924
2034,291,1568.06058865293
2034,292,1521.57576913267
2034,293,1553.15395215779
2034,294,1586.17301492244
2034,295,1589.82611126752
2034,296,1591.4831573198
2034,297,1547.29898143114
2034,298,1546.40631973647
2034,299,1548.95860970622
2034,300,1562.24116697665
2034,301,1529.96546290253
2034,302,1564.00536870662
2034,303,1562.63804425389
2034,304,1528.21134597316
2034,305,1573.02774044007
2034,306,1570.50619413631
2034,307,1571.92691329334
2034,308,1577.82453058802
2034,309,1532.91633656472
2034,310,1534.7511821053
2034,311,1568.22552215619
2034,312,1587.12210526011
2034,313,1540.04700176758
2034,314,1554.84501921301
2034,315,1527.94727602761
2034,316,1527.3179955378
2034,317,1575.73460434409
2034,318,1583.67169419615
2034,319,1520.27996317969
2034,320,1584.35374686951
2034,321,1540.47221484352
2034,322,1584.56861450793
2034,323,1536.91302276615
2034,324,1537.31194819256
2034,325,1580.88385421715
2034,326,1571.94618303116
2034,327,1522.03912777322
2034,328,1537.428072128
2034,329,1539.71095260544
2034,330,1577.46109464953
2034,331,1563.92770355791
2034,332,1538.16453785481
2034,333,1538.06864373988
2035,167,1559.63803473531
2035,168,1582.54542523986
2035,169,1518.47761418079
2035,170,1554.5654267974
2035,171,1521.56116983611
2035,172,1522.57619027825
2035,173,1571.20246144468
2035,174,1577.72164909713
2035,175,1525.48937396195
2035,176,1527.13877104243
2035,177,1538.62975706279
2035,178,1564.73871210086
2035,179,1578.06341634268
2035,180,1589.37748716844
2035,181,1573.214276079
2035,182,1561.87436942613
2035,183,1581.00586373874
2035,184,1519.1579822578
2035,185,1564.73548754458
2035,186,1528.90616908311
2035,187,1543.12811119065
2035,188,1553.10947037409
2035,189,1565.52100037885
2035,190,1570.15376895919
2035,191,1550.76733588115
2035,192,1525.83317739094
2035,193,1565.13038839612
2035,194,1544.49326702006
2035,195,1562.55296817011
2035,196,1587.92553096244
2035,197,1519.53463156087
2035,198,1561.10483287272
2035,199,1527.30586058189
2035,200,1571.46070350243
2035,201,1539.82325240116
2035,202,1591.08080537515
2035,203,1557.88533963516
2035,204,1583.41695923902
2035,205,1559.57692423564
2035,206,1542.61615930669
2035,207,1590.92008086844
2035,208,1586.07651387419
2035,209,1546.04008590764
2035,210,1585.25260300512
2035,211,1562.32135709366
2035,212,1549.88213687253
2035,213,1552.86738834422
2035,214,1591.49982729452
2035,215,1561.74796584723
2035,216,1553.26789646284
2035,217,1578.43873508644
2035,218,1570.14628253693
2035,219,1574.81326761996
2035,220,1586.7193467108
2035,221,1546.13030360624
2035,222,1585.59661453872
2035,223,1587.01811503784
2035,224,1567.56477749897
2035,225,1534.07696509783
2035,226,1559.5764502038
2035,227,1557.86472060825
2035,228,1566.34244167004
2035,229,1561.06754408413
2035,230,1549.17689832384
2035,231,1561.63422527947
2035,232,1556.56589252254
2035,233,1521.41628496282
2035,234,1569.77086666468
2035,235,1532.76782024643
2035,236,1573.77581690225
2035,237,1555.18558077621
2035,238,1563.26738448368
2035,239,1521.3801980041
2035,240,1577.20382195946
2035,241,1582.48974594744
2035,242,1550.90926255149
2035,243,1562.35963737059
2035,244,1569.11937470917
2035,245,1558.32090817907
2035,246,1566.89781205487
2035,247,1549.07264947096
2035,248,1518.8077354861
2035,249,1544.2354660262
2035,250,1575.82745841317
2035,251,1559.72604331522
2035,252,1559.23304620714
2035,253,1533.77876114935
2035,254,1522.81402446728
2035,255,1579.56557019663
2035,256,1533.03625488528
2035,257,1566.11499373326
2035,258,1532.15593658844
2035,259,1569.96231195333
2035,260,1590.12705954452
2035,261,1559.40379715923
2035,262,1556.10616548676
2035,263,1570.16004318362
2035,264,1571.52953814153
2035,265,1531.33389285553
2035,266,1520.10878662686
2035,267,1573.31064632066
2035,268,1588.28208302692
2035,269,1573.60450247701
2035,270,1537.05468590595
2035,271,1572.34285128061
2035,272,1537.01187281162
2035,273,1561.34979255867
2035,274,1556.8300330021
2035,275,1568.34045677786
2035,276,1559.59767559592
2035,277,1561.44581318387
2035,278,1542.51330856458
2035,279,1532.3734318272
2035,280,1589.97155879731
2035,281,1547.36501571218
2035,282,1525.59629646732
2035,283,1521.78802891247
2035,284,1563.77077004543
2035,285,1556.04351312757
2035,286,1553.43280780993
2035,287,1590.15268121313
2035,288,1528.01264290747
2035,289,1575.90840180424
2035,290,1535.90334366387
2035,291,1518.37174290375
2035,292,1576.20892206605
2035,293,1559.41870823988
2035,294,1531.17450311567
2035,295,1578.61048471697
2035,296,1524.51441081697
2035,297,1521.60382409134
2035,298,1550.088314519
2035,299,1558.56999462811
2035,300,1584.90023103475
2035,301,1539.87713070635
2035,302,1583.25146407345
2035,303,1538.04614724437
2035,304,1532.77456227128
2035,305,1591.76606112325
2035,306,1529.44170400229
2035,307,1545.00114145971
2035,308,1522.94014944307
2035,309,1520.33145035899
2035,310,1549.74373512718
2035,311,1562.18240959299
2035,312,1538.45995914531
2035,313,1540.93812231285
2035,314,1566.58713459436
2035,315,1589.54003055775
2035,316,1573.16983296207
2035,317,1539.82107825655
2035,318,1561.5780891937
2035,319,1545.68936348855
2035,320,1559.09718620698
2035,321,1582.82658570117
2035,322,1571.84087318563
2035,323,1561.08394223751
2035,324,1553.59992206204
2035,325,1517.15048173753
2035,326,1530.40872583128
2035,327,1553.2229113898
2035,328,1586.05952291915
2035,329,1556.31443089011
2035,330,1524.88365005489
2035,331,1523.76478640586
2035,332,1541.0299056427
2035,333,1573.83229616002
2036,167,1581.08692167434
2036,168,1525.38146932426
2036,169,1536.18413826442
2036,170,1592.51555756831
2036,171,1554.09823993386
2036,172,1584.95747540806
2036,173,1567.0617858305
2036,174,1527.0135161399
2036,175,1548.34970085058
2036,176,1527.81860415815
2036,177,1518.532703086
2036,178,1550.00953673318
2036,179,1549.05181857574
2036,180,1538.86853915572
2036,181,1529.29432973839
2036,182,1567.1372331969
2036,183,1566.3115184468
2036,184,1585.18218618867
2036,185,1564.07728046053
2036,186,1528.46536500923
2036,187,1590.74329516667
2036,188,1543.88644650715
2036,189,1565.40338693847
2036,190,1557.59006180937
2036,191,1579.9631915162
2036,192,1580.4273719232
2036,193,1577.83003825889
2036,194,1536.47783527986
2036,195,1558.2840699169
2036,196,1569.68713489905
2036,197,1558.46334802734
2036,198,1550.38517224972
2036,199,1567.91368545606
2036,200,1580.54703441818
2036,201,1581.28743435538
2036,202,1561.70666713026
2036,203,1564.41927807338
2036,204,1572.98734323753
2036,205,1527.92042614767
2036,206,1533.48691605546
2036,207,1586.00622921358
2036,208,1522.49773796435
2036,209,1531.04537601515
2036,210,1566.91038519863
2036,211,1537.19581809672
2036,212,1544.59284234259
2036,213,1536.6531749191
2036,214,1541.81838104725
2036,215,1559.57479522001
2036,216,1585.71768577871
2036,217,1521.96870857782
2036,218,1523.27660785513
2036,219,1570.64572355584
2036,220,1549.00907425783
2036,221,1579.53882381864
2036,222,1548.92968490507
2036,223,1559.27254764732
2036,224,1540.84868528173
2036,225,1583.29371163525
2036,226,1561.85409529329
2036,227,1544.72131475331
2036,228,1550.65367607332
2036,229,1523.58606709944
2036,230,1569.29452527538
2036,231,1550.89082074051
2036,232,1574.19946811065
2036,233,1547.4436272025
2036,234,1542.66596075342
2036,235,1582.10675133558
2036,236,1533.76185116727
2036,237,1558.64505710217
2036,238,1549.60774794212
2036,239,1532.8311972258
2036,240,1572.96898417486
2036,241,1527.00461046266
2036,242,1518.16306224986
2036,243,1544.37035678295
2036,244,1559.21448505824
2036,245,1538.54468635827
2036,246,1545.24170723036
2036,247,1575.51320012242
2036,248,1553.95988544789
2036,249,1564.98739556691
2036,250,1524.45882094811
2036,251,1572.65824511027
2036,252,1549.15998489761
2036,253,1581.53816921947
2036,254,1554.28012041715
2036,255,1545.00746617463
2036,256,1585.65471258122
2036,257,1577.85297777116
2036,258,1571.54269206794
2036,259,1573.81212519182
2036,260,1571.44614523384
2036,261,1536.97289676367
2036,262,1546.72366421399
2036,263,1587.13178544442
2036,264,1585.60084812363
2036,265,1562.78918094691
2036,266,1551.01672662238
2036,267,1570.98862158242
2036,268,1570.4319415162
2036,269,1537.9119236225
2036,270,1562.72471460505
2036,271,1537.23834424387
2036,272,1543.24488230623
2036,273,1536.89031532549
2036,274,1566.65162444164
2036,275,1580.69821829957
2036,276,1529.73863842742
2036,277,1579.34977068557
2036,278,1547.05466450474
2036,279,1566.6253843533
2036,280,1587.06161003784
2036,281,1525.53379506475
2036,282,1540.69305493516
2036,283,1550.39030473932
2036,284,1519.70816092789
2036,285,1537.78920993258
2036,286,1590.0717412662
2036,287,1571.89466329224
2036,288,1571.88873864876
2036,289,1558.61229110034
2036,290,1554.4292840221
2036,291,1570.05860740019
2036,292,1562.48881455327
2036,293,1550.23716388989
2036,294,1519.94595117741
2036,295,1564.32496650863
2036,296,1564.09692138512
2036,297,1538.73583520171
2036,298,1534.55439668402
2036,299,1517.16662674609
2036,300,1533.56284031199
2036,301,1531.39158599768
2036,302,1590.79322793483
2036,303,1553.90406654324
2036,304,1520.27068347515
2036,305,1581.38358898277
2036,306,1531.12144174802
2036,307,1588.96350407207
2036,308,1588.17415955293
2036,309,1584.42397523429
2036,310,1589.53641312013
2036,311,1583.34134891475
2036,312,1527.96553057638
2036,313,1530.3394350557
2036,314,1582.11971345494
2036,315,1567.80080986637
2036,316,1581.86936346543
2036,317,1530.38175687971
2036,318,1541.28186791922
2036,319,1530.1274354333
2036,320,1557.22893863354
2036,321,1571.02403249408
2036,322,1540.58332882289
2036,323,1545.93231399389
2036,324,1519.59172962894
2036,325,1537.85034390215
2036,326,1585.41920031557
2036,327,1536.44654836176
2036,328,1521.30887120487
2036,329,1581.93569989051
2036,330,1584.12517477371
2036,331,1533.98913064264
2036,332,1554.75497744997
2036,333,1558.20983169475
2037,167,1550.27546928779
2037,168,1586.69265824419
2037,169,1555.41819014053
2037,170,1522.5615979055
2037,171,1572.63456757404
2037,172,1519.04614422636
2037,173,1576.57391839855
2037,174,1579.86313301886
2037,175,1577.82559767007
2037,176,1547.62888543561
2037,177,1559.66284690503
2037,178,1576.60587582466
2037,179,1536.93853608614
2037,180,1590.24081845147
2037,181,1536.68533072099
2037,182,1536.85775701995
2037,183,1555.15799933453
2037,184,1539.4047932093
2037,185,1556.26291097365
2037,186,1555.92015772554
2037,187,1558.97198220327
2037,188,1522.12928645973
2037,189,1522.55530850196
2037,190,1552.16757384818
2037,191,1564.12771097899
2037,192,1541.26098360421
2037,193,1568.3548482361
2037,194,1542.74452436299
2037,195,1579.98307816471
2037,196,1564.0978689162
2037,197,1550.69394875396
2037,198,1561.52568006588
2037,199,1518.16101216556
2037,200,1517.45105206375
2037,201,1560.97612631323
2037,202,1577.77124338017
2037,203,1540.95714971763
2037,204,1591.05198499912
2037,205,1525.15240072089
2037,206,1537.94053594718
2037,207,1558.71798429367
2037,208,1541.37151973022
2037,209,1582.92710585627
2037,210,1542.44433252015
2037,211,1580.62094855317
2037,212,1571.62257592214
2037,213,1577.14224037501
2037,214,1576.11808664011
2037,215,1537.86922175283
2037,216,1582.42611608954
2037,217,1571.23722134149
2037,218,1574.80521491952
2037,219,1549.2940631019
2037,220,1565.76223239672
2037,221,1524.51274894489
2037,222,1556.82684769845
2037,223,1541.83969128257
2037,224,1590.46021968845
2037,225,1531.35408466614
2037,226,1571.59239359889
2037,227,1550.54000451279
2037,228,1558.46889853701
2037,229,1567.99068789047
2037,230,1565.3287514144
2037,231,1589.73734389225
2037,232,1589.28338621152
2037,233,1527.81653814911
2037,234,1528.86046081016
2037,235,1534.33960804794
2037,236,1533.29187404734
2037,237,1533.91183265068
2037,238,1590.57464958276
2037,239,1546.09210259796
2037,240,1555.4553359615
2037,241,1552.14514912941
2037,242,1560.33630059004
2037,243,1585.76231963749
2037,244,1579.50234536334
2037,245,1527.91436728896
2037,246,1518.23467207278
2037,247,1578.10694509177
2037,248,1557.12703194285
2037,249,1519.13879063466
2037,250,1586.87029741986
2037,251,1518.75400025505
2037,252,1578.65817317934
2037,253,1590.09245452782
2037,254,1528.02370978714
2037,255,1582.40727395858
2037,256,1560.58568341328
2037,257,1589.75246121341
2037,258,1574.60165526883
2037,259,1539.1834425317
2037,260,1575.08064895335
2037,261,1531.14486086668
2037,262,1553.00840059344
2037,263,1544.10719596801
2037,264,1573.99300673036
2037,265,1543.64065019521
2037,266,1532.29814230572
2037,267,1544.49132011816
2037,268,1521.11081906527
2037,269,1564.78762740755
2037,270,1567.77838660337
2037,271,1575.221517152
2037,272,1525.65923277338
2037,273,1593.26615001561
2037,274,1562.26146825435
2037,275,1518.82018362861
2037,276,1566.07932660545
2037,277,1591.69615945537
2037,278,1580.63432343761
2037,279,1567.68264958771
2037,280,1561.27841704429
2037,281,1581.18609799063
2037,282,1543.33367432313
2037,283,1561.03490951025
2037,284,1564.12792242123
2037,285,1522.86048207306
2037,286,1553.53800577393
2037,287,1570.6793570212
2037,288,1579.73251817099
2037,289,1544.63302014939
2037,290,1546.78762856251
2037,291,1522.03446368765
2037,292,1590.69378796374
2037,293,1582.09802303192
2037,294,1583.95107248876
2037,295,1534.30730196405
2037,296,1564.64202050605
2037,297,1566.31362571459
2037,298,1539.49542846638
2037,299,1565.80284492948
2037,300,1536.79292875857
2037,301,1554.99911790821
2037,302,1587.69599221521
2037,303,1581.94106544592
2037,304,1587.99661351126
2037,305,1532.68115404955
2037,306,1556.8592134868
2037,307,1569.83492505262
2037,308,1542.11206270605
2037,309,1583.36093405835
2037,310,1526.45813575995
2037,311,1521.59454795523
2037,312,1582.9400640699
2037,313,1532.28888021249
2037,314,1543.26039339639
2037,315,1555.39366287636
2037,316,1575.80756038476
2037,317,1532.08861330864
2037,318,1554.06448981133
2037,319,1566.78025851424
2037,320,1518.09226487288
2037,321,1540.33757971707
2037,322,1538.93191604633
2037,323,1545.79385705341
2037,324,1530.7400654593
2037,325,1564.99213034627
2037,326,1526.91435319188
2037,327,1540.13742563568
2037,328,1558.75733664134
2037,329,1581.95100756295
2037,330,1533.80697659819
2037,331,1549.61674970042
2037,332,1563.50728003037
2037,333,1564.31995330369
2038,167,1529.48534434885
2038,168,1524.7538127854
2038,169,1550.46461292737
2038,170,1532.2626938635
2038,171,1562.82161320376
2038,172,1573.7097860476
2038,173,1544.89433690751
2038,174,1540.92303520787
2038,175,1551.21233499745
2038,176,1544.98895734481
2038,177,1552.88495866165
2038,178,1529.48321764115
2038,179,1579.49751723694
2038,180,1563.18412369632
2038,181,1582.36807642001
2038,182,1544.85639907469
2038,183,1562.94711624467
2038,184,1553.73044585305
2038,185,1582.68587421122
2038,186,1590.26440402542
2038,187,1552.09450015614
2038,188,1554.25355331236
2038,189,1537.57013894317
2038,190,1555.02862242682
2038,191,1550.08607266316
2038,192,1553.02317367741
2038,193,1578.48369518053
2038,194,1592.8821567253
2038,195,1575.42876317651
2038,196,1561.40553657975
2038,197,1528.87755585301
2038,198,1535.29052729884
2038,199,1538.20446118529
2038,200,1549.02863786663
2038,201,1580.74877779602
2038,202,1519.82742336919
2038,203,1531.00919215873
2038,204,1530.87524531138
2038,205,1531.7667635669
2038,206,1569.46440631398
2038,207,1559.98112604246
2038,208,1549.04784733188
2038,209,1554.47346096325
2038,210,1535.05918591332
2038,211,1582.43924695436
2038,212,1527.82352623521
2038,213,1571.06374438232
2038,214,1568.8076500681
2038,215,1563.34922170199
2038,216,1531.24503887948
2038,217,1563.84320456409
2038,218,1539.54382866001
2038,219,1540.98224947365
2038,220,1531.99210020588
2038,221,1531.41275250198
2038,222,1581.47978057261
2038,223,1542.01589192313
2038,224,1574.97194486516
2038,225,1559.51601807688
2038,226,1585.91096447219
2038,227,1577.80946130739
2038,228,1563.14924112396
2038,229,1586.33013118777
2038,230,1589.07368349804
2038,231,1580.02876635865
2038,232,1551.85352454971
2038,233,1539.96123048089
2038,234,1581.13745201981
2038,235,1555.46148387095
2038,236,1549.21489895021
2038,237,1587.77328594637
2038,238,1557.75557039646
2038,239,1584.02909433751
2038,240,1527.16491464138
2038,241,1542.24824196446
2038,242,1523.20619009775
2038,243,1561.93898157615
2038,244,1529.92325778896
2038,245,1557.58370675399
2038,246,1556.20085938737
2038,247,1538.4963149428
2038,248,1527.51939869069
2038,249,1558.33418016517
2038,250,1585.93900714555
2038,251,1519.91970231893
2038,252,1533.92510053576
2038,253,1545.32898698255
2038,254,1536.06486996452
2038,255,1523.68387591172
2038,256,1560.63730867803
2038,257,1575.86442606165
2038,258,1554.8476575186
2038,259,1584.21299847037
2038,260,1528.87804549004
2038,261,1526.25627465974
2038,262,1589.79907591847
2038,263,1562.70604690062
2038,264,1565.26120396322
2038,265,1547.33139399954
2038,266,1588.68996162075
2038,267,1553.23472185022
2038,268,1526.38689300502
2038,269,1523.68746162412
2038,270,1527.32557536035
2038,271,1553.61476997632
2038,272,1557.06644307173
2038,273,1581.1611498481
2038,274,1524.15525936221
2038,275,1575.86721326448
2038,276,1537.46499477178
2038,277,1564.18994382684
2038,278,1537.70632624384
2038,279,1524.14780303186
2038,280,1580.66902446435
2038,281,1534.59625734735
2038,282,1552.36188282104
2038,283,1566.04507061935
2038,284,1523.2806089246
2038,285,1526.78580831203
2038,286,1583.72531674677
2038,287,1528.90945389421
2038,288,1589.94252623341
2038,289,1528.76951625445
2038,290,1573.2969542196
2038,291,1559.04070323877
2038,292,1549.55671592286
2038,293,1568.47589027186
2038,294,1583.66969863235
2038,295,1582.73085631945
2038,296,1551.98256906171
2038,297,1587.2123271485
2038,298,1536.05149847097
2038,299,1536.6154425634
2038,300,1546.38108501958
2038,301,1547.32730909882
2038,302,1527.66880029687
2038,303,1522.45967702989
2038,304,1591.47502183556
2038,305,1563.12983514703
2038,306,1557.71474061612
2038,307,1525.60396315695
2038,308,1517.17009068836
2038,309,1591.7973227961
2038,310,1550.37228545776
2038,311,1585.09177643447
2038,312,1572.31360791358
2038,313,1574.24866468345
2038,314,1538.5423711634
2038,315,1569.56975766681
2038,316,1528.36217368711
2038,317,1564.20381106456
2038,318,1517.7064040736
2038,319,1547.62420677454
2038,320,1551.64923413618
2038,321,1544.83587609333
2038,322,1566.71306241935
2038,323,1550.79146296737
2038,324,1591.11415773417
2038,325,1543.93669879986
2038,326,1569.4420440692
2038,327,1534.95893175646
2038,328,1530.35697272475
2038,329,1554.90094360799
2038,330,1527.33171000806
2038,331,1532.54371920417
2038,332,1537.54432601787
2038,333,1592.13817279777
2039,167,1571.14194404849
2039,168,1571.55110198326
2039,169,1568.20114625696
2039,170,1573.90059674324
2039,171,1520.30528222493
2039,172,1584.81786803362
2039,173,1534.74525607706
2039,174,1553.44645114257
2039,175,1519.44388103138
2039,176,1554.7534419994
2039,177,1578.24625548839
2039,178,1558.56408514597
2039,179,1524.95999598866
2039,180,1574.34249823962
2039,181,1584.66103363802
2039,182,1540.14636808008
2039,183,1536.39163519683
2039,184,1518.47687686697
2039,185,1518.89670565773
2039,186,1533.78169075169
2039,187,1547.83442227539
2039,188,1560.74142267656
2039,189,1561.51399968416
2039,190,1583.54064472884
2039,191,1573.31305056627
2039,192,1578.47040386105
2039,193,1551.44029802954
2039,194,1539.02868071387
2039,195,1585.86994267176
2039,196,1555.29578273117
2039,197,1549.22146685034
2039,198,1547.61700049994
2039,199,1517.64178595846
2039,200,1559.18866030921
2039,201,1576.97281999999
2039,202,1533.02565266369
2039,203,1532.71757656408
2039,204,1586.75767882747
2039,205,1562.19082380461
2039,206,1589.75227377368
2039,207,1548.72000234163
2039,208,1573.26562719672
2039,209,1519.36877937571
2039,210,1559.02903159169
2039,211,1567.99117827313
2039,212,1526.89274663562
2039,213,1558.72190733722
2039,214,1586.13365520714
2039,215,1528.07942171019
2039,216,1554.11023311162
2039,217,1557.30630559721
2039,218,1533.81791018581
2039,219,1543.02593541264
2039,220,1525.32608207423
2039,221,1522.81184394922
2039,222,1521.43127213427
2039,223,1539.21424490798
2039,224,1523.60289729802
2039,225,1545.70232017539
2039,226,1548.60337747805
2039,227,1552.08854906019
2039,228,1517.98889129501
2039,229,1577.6137323339
2039,230,1521.06984498581
2039,231,1552.32234088549
2039,232,1553.28000780681
2039,233,1555.90649830838
2039,234,1528.42455260941
2039,235,1571.90315787322
2039,236,1538.33813077877
2039,237,1580.46488353391
2039,238,1553.32795040818
2039,239,1541.10860689389
2039,240,1524.24600454795
2039,241,1521.49232390589
2039,242,1582.02890559993
2039,243,1540.32475072998
2039,244,1583.14436408798
2039,245,1558.51480793752
2039,246,1549.14521271907
2039,247,1540.34088203296
2039,248,1531.39238440073
2039,249,1541.60710155344
2039,250,1577.45030814831
2039,251,1578.07901641257
2039,252,1576.97286033557
2039,253,1579.05290988352
2039,254,1539.54204091677
2039,255,1518.01201178479
2039,256,1524.63020065237
2039,257,1566.0891823525
2039,258,1537.93746073197
2039,259,1590.59907283014
2039,260,1517.79077213656
2039,261,1542.8080311015
2039,262,1539.2864927148
2039,263,1523.60771168334
2039,264,1564.38644588712
2039,265,1543.99815126429
2039,266,1541.79755119947
2039,267,1570.28996163912
2039,268,1566.45589136713
2039,269,1530.26776423232
2039,270,1520.14725205334
2039,271,1581.88968539025
2039,272,1533.00915883758
2039,273,1521.39937496298
2039,274,1521.47882112642
2039,275,1540.27054395256
2039,276,1518.26683462094
2039,277,1535.09058679008
2039,278,1572.94777573717
2039,279,1555.41463052554
2039,280,1580.87235207893
2039,281,1539.59819878588
2039,282,1575.89789232608
2039,283,1580.62344573749
2039,284,1582.02883519019
2039,285,1555.86252474944
2039,286,1586.69439093433
2039,287,1565.83843513208
2039,288,1590.17787152892
2039,289,1564.9760033396
2039,290,1582.32116036981
2039,291,1568.59504363665
2039,292,1590.05478929748
2039,293,1517.84741950067
2039,294,1579.66006059074
2039,295,1548.81444973716
2039,296,1554.10153546798
2039,297,1572.29322786434
2039,298,1540.05648407319
2039,299,1571.0964370096
2039,300,1545.92238100207
2039,301,1570.21517043604
2039,302,1575.52058117862
2039,303,1578.42841919066
2039,304,1561.28970156211
2039,305,1539.42687131193
2039,306,1574.3098133883
2039,307,1567.60442962948
2039,308,1560.57042378137
2039,309,1592.10824722328
2039,310,1520.57991577856
2039,311,1527.36948466996
2039,312,1580.27194822547
2039,313,1548.25274615132
2039,314,1526.38765398404
2039,315,1568.38655606805
2039,316,1585.35764560967
2039,317,1583.22715863722
2039,318,1556.66752517272
2039,319,1563.31390676487
2039,320,1547.21606979865
2039,321,1565.16328108575
2039,322,1532.16090743392
2039,323,1587.36168715861
2039,324,1538.84217724399
2039,325,1545.99677085547
2039,326,1583.12747812617
2039,327,1557.52757183995
2039,328,1576.50209004982
2039,329,1536.90486136204
2039,330,1570.96565925711
2039,331,1591.54701397658
2039,332,1580.12242405026
2039,333,1537.92533566468
2040,167,1554.31090935415
2040,168,1559.29527472317
2040,169,1581.06635977767
2040,170,1560.41903131603
2040,171,1545.94462231113
2040,172,1573.25816902003
2040,173,1573.69346705635
2040,174,1565.01059772205
2040,175,1590.55124136465
2040,176,1534.56639976814
2040,177,1553.73773647376
2040,178,1539.95011229408
2040,179,1528.99254744514
2040,180,1530.28570129818
2040,181,1539.65073195626
2040,182,1583.78753484159
2040,183,1542.09046731665
2040,184,1567.05332054253
2040,185,1546.98678183506
2040,186,1589.91137042371
2040,187,1577.00208103159
2040,188,1539.29198002259
2040,189,1546.97875542732
2040,190,1581.44900795092
2040,191,1518.04727781147
2040,192,1573.47777479319
2040,193,1540.36722707902
2040,194,1525.49687540353
2040,195,1522.73661711477
2040,196,1523.45752340907
2040,197,1579.07614355083
2040,198,1549.07990561469
2040,199,1553.41524587207
2040,200,1578.63013975546
2040,201,1558.94178890847
2040,202,1534.96787615373
2040,203,1568.27950680386
2040,204,1540.93414886758
2040,205,1548.79209956465
2040,206,1576.52734241352
2040,207,1587.52427761201
2040,208,1584.59939117738
2040,209,1582.25543961269
2040,210,1581.40093116983
2040,211,1547.93737959078
2040,212,1520.290653014
2040,213,1531.22089441274
2040,214,1524.1112837794
2040,215,1528.59052651145
2040,216,1558.45893103271
2040,217,1543.4860991805
2040,218,1530.10751066837
2040,219,1520.46836348707
2040,220,1583.166849967
2040,221,1548.52042733857
2040,222,1559.26053783469
2040,223,1517.95027130798
2040,224,1537.87797991759
2040,225,1549.18993243298
2040,226,1552.64676523386
2040,227,1536.39371689982
2040,228,1534.8526240669
2040,229,1555.47041236123
2040,230,1577.90877214071
2040,231,1589.86859095419
2040,232,1554.72696197472
2040,233,1571.98288768171
2040,234,1561.79530849235
2040,235,1554.47433217274
2040,236,1592.29053681445
2040,237,1571.08195898609
2040,238,1550.22743250496
2040,239,1562.40167602888
2040,240,1552.17587866375
2040,241,1558.91608280499
2040,242,1517.71722254858
2040,243,1546.86167820872
2040,244,1567.27803320498
2040,245,1535.25410457127
2040,246,1568.43950500383
2040,247,1550.43812889044
2040,248,1552.43033732569
2040,249,1564.51149508173
2040,250,1586.06217070503
2040,251,1564.94155710874
2040,252,1582.99976623288
2040,253,1552.42247485226
2040,254,1547.72869034428
2040,255,1578.19352637443
2040,256,1523.16782252767
2040,257,1564.84588782207
2040,258,1562.31669077117
2040,259,1549.41094198022
2040,260,1548.52069337232
2040,261,1561.37304689086
2040,262,1543.36325890928
2040,263,1584.3400276236
2040,264,1557.89308692494
2040,265,1590.48213653752
2040,266,1579.16667770265
2040,267,1553.89987925902
2040,268,1579.72572157238
2040,269,1562.3450081064
2040,270,1531.23357400551
2040,271,1587.65473033642
2040,272,1590.2943665091
2040,273,1580.97569093128
2040,274,1589.62500551852
2040,275,1546.73266673568
2040,276,1592.26415691859
2040,277,1542.13791452892
2040,278,1573.12276533388
2040,279,1572.0404596751
2040,280,1524.94583095648
2040,281,1529.12196491923
2040,282,1587.25177607432
2040,283,1527.61474962454
2040,284,1524.69832837136
2040,285,1519.72887658621
2040,286,1530.33801560543
2040,287,1539.68476941654
2040,288,1558.52228111578
2040,289,1533.76996438883
2040,290,1586.73252811937
2040,291,1563.83773442378
2040,292,1552.84711387407
2040,293,1526.84951655092
2040,294,1563.33395788029
2040,295,1552.13240262432
2040,296,1586.70172940028
2040,297,1566.41358825514
2040,298,1526.95051261971
2040,299,1521.68648321813
2040,300,1580.50754565387
2040,301,1567.60354187389
2040,302,1542.24975868527
2040,303,1550.671022894
2040,304,1569.12123422915
2040,305,1573.24018417994
2040,306,1565.02596027005
2040,307,1581.20028613766
2040,308,1575.65683074024
2040,309,1570.09235967087
2040,310,1586.06612907772
2040,311,1581.30195676224
2040,312,1580.88605314542
2040,313,1526.90936432677
2040,314,1572.86621625206
2040,315,1574.13964297031
2040,316,1562.45896189173
2040,317,1542.50325058927
2040,318,1586.45900968831
2040,319,1541.51583623045
2040,320,1540.33699664424
2040,321,1583.50844772145
2040,322,1565.22500412879
2040,323,1530.86255132066
2040,324,1570.55101724565
2040,325,1521.75224979661
2040,326,1592.45472790868
2040,327,1572.07071097006
2040,328,1551.55225207904
2040,329,1543.51993391543
2040,330,1547.76578837327
2040,331,1530.51785642563
2040,332,1588.77104038102
2040,333,1585.51523583583
2041,167,1526.55295237162
2041,168,1566.61544804161
2041,169,1536.60523198041
2041,170,1576.18981675963
2041,171,1588.88736152052
2041,172,1527.98903562119
2041,173,1577.10468278316
2041,174,1571.32817848431
2041,175,1531.14960565892
2041,176,1545.36063981466
2041,177,1520.55217471663
2041,178,1569.88156237543
2041,179,1557.63992091894
2041,180,1571.9692447574
2041,181,1546.38945799021
2041,182,1588.9378259656
2041,183,1548.02820752482
2041,184,1571.94447059757
2041,185,1531.49023617609
2041,186,1539.67907709322
2041,187,1587.20727232974
2041,188,1587.18910720452
2041,189,1543.34674708129
2041,190,1582.84455632083
2041,191,1558.47388931948
2041,192,1578.38752178786
2041,193,1586.94663658962
2041,194,1534.99407374058
2041,195,1554.76129863198
2041,196,1563.09781224661
2041,197,1552.06677810804
2041,198,1541.09400976324
2041,199,1523.58602449143
2041,200,1548.68396132855
2041,201,1588.9709773391
2041,202,1560.0837580102
2041,203,1526.31691450069
2041,204,1548.13351280774
2041,205,1563.42927666285
2041,206,1548.44908470337
2041,207,1545.67114865398
2041,208,1526.94513385582
2041,209,1550.50825231525
2041,210,1519.55969790511
2041,211,1576.15380839494
2041,212,1517.1264402224
2041,213,1570.44704213147
2041,214,1542.26726635117
2041,215,1520.48177032751
2041,216,1523.13116456838
2041,217,1551.41530250336
2041,218,1537.99282254147
2041,219,1592.04960514753
2041,220,1526.65523353344
2041,221,1517.97567544496
2041,222,1583.89492436623
2041,223,1585.94305529687
2041,224,1563.56558823687
2041,225,1542.405379303
2041,226,1577.09493382243
2041,227,1590.06208606084
2041,228,1583.29781405851
2041,229,1522.9566071234
2041,230,1575.17076096634
2041,231,1577.52326102889
2041,232,1591.90038995139
2041,233,1566.21639933603
2041,234,1559.63901676112
2041,235,1533.36013930142
2041,236,1536.13016465932
2041,237,1561.93893270121
2041,238,1579.1639827284
2041,239,1575.70761973408
2041,240,1541.9393501523
2041,241,1589.92791442075
2041,242,1529.49331895235
2041,243,1581.45411324242
2041,244,1556.869562173
2041,245,1545.22841557356
2041,246,1567.31439063578
2041,247,1529.21473089626
2041,248,1517.10458346837
2041,249,1567.62830119193
2041,250,1581.06541743056
2041,251,1530.59723123841
2041,252,1546.64982425244
2041,253,1526.28338805245
2041,254,1580.66760719774
2041,255,1569.2900165315
2041,256,1588.06560741554
2041,257,1586.18198333997
2041,258,1563.1894763628
2041,259,1530.32930867679
2041,260,1587.2614777224
2041,261,1572.8733846588
2041,262,1556.63965016187
2041,263,1569.5269369563
2041,264,1588.78823970697
2041,265,1566.89032731918
2041,266,1560.17666390127
2041,267,1583.52823688639
2041,268,1523.4121877609
2041,269,1558.1361673137
2041,270,1547.16146305631
2041,271,1527.3300679842
2041,272,1527.84621430697
2041,273,1581.24421520673
2041,274,1567.34389680545
2041,275,1576.03265721167
2041,276,1545.85153980986
2041,277,1588.45008622409
2041,278,1534.70342087201
2041,279,1538.76638313717
2041,280,1574.36614763681
2041,281,1588.19919001768
2041,282,1588.21625196831
2041,283,1538.55627032162
2041,284,1554.98806404174
2041,285,1563.74599340013
2041,286,1590.9489415978
2041,287,1542.41397603668
2041,288,1529.9869644478
2041,289,1551.38095870925
2041,290,1545.33809600651
2041,291,1592.50721541748
2041,292,1572.48552518888
2041,293,1543.59808287807
2041,294,1525.99128019143
2041,295,1584.15726838566
2041,296,1531.42795722282
2041,297,1561.09020410562
2041,298,1560.74905213745
2041,299,1556.99981941541
2041,300,1575.99598915074
2041,301,1562.53374526559
2041,302,1585.44788986726
2041,303,1567.88603546875
2041,304,1563.1212155293
2041,305,1564.57236012377
2041,306,1557.91809505599
2041,307,1590.09500032078
2041,308,1540.75767271299
2041,309,1567.58382411286
2041,310,1574.27290677579
2041,311,1551.55265346422
2041,312,1536.63749405377
2041,313,1584.97959437887
2041,314,1590.62196941484
2041,315,1548.3541547544
2041,316,1585.36652400004
2041,317,1544.05712319703
2041,318,1583.8359054049
2041,319,1566.44987113968
2041,320,1589.97840320566
2041,321,1547.84059631775
2041,322,1550.88558387904
2041,323,1574.43437147236
2041,324,1588.00766540711
2041,325,1535.18253034379
2041,326,1585.26193705262
2041,327,1530.72844597153
2041,328,1580.92855592919
2041,329,1527.90738704984
2041,330,1533.53644404755
2041,331,1576.86862561435
2041,332,1561.9916228466
2041,333,1535.61067334163
2042,167,1589.90287140439
2042,168,1575.09587812054
2042,169,1563.16697535794
2042,170,1547.78539210461
2042,171,1580.22312676292
2042,172,1570.7567315833
2042,173,1541.00557018557
2042,174,1527.75590970579
2042,175,1566.59835731281
2042,176,1549.14532831104
2042,177,1526.58592944286
2042,178,1528.35412723585
2042,179,1572.71546319089
2042,180,1520.77978919746
2042,181,1568.57915931809
2042,182,1551.7759628852
2042,183,1543.73858576631
2042,184,1529.84310525577
2042,185,1549.30377176255
2042,186,1546.82087988729
2042,187,1532.62574590384
2042,188,1559.14249676969
2042,189,1541.28259537994
2042,190,1545.06251435368
2042,191,1538.4540002734
2042,192,1592.71883089319
2042,193,1586.38417271713
2042,194,1576.89893712863
2042,195,1583.88288763954
2042,196,1591.95690459155
2042,197,1585.2546852052
2042,198,1544.40732712994
2042,199,1583.83727795086
2042,200,1551.90484541576
2042,201,1519.36721912372
2042,202,1582.83439743556
2042,203,1541.61662543736
2042,204,1542.61115494291
2042,205,1520.2967626295
2042,206,1575.87905102953
2042,207,1531.19373422223
2042,208,1574.96927368038
2042,209,1585.78603892956
2042,210,1524.61672274532
2042,211,1566.80689395163
2042,212,1550.79485518616
2042,213,1587.90039870006
2042,214,1552.74404904447
2042,215,1519.61176169503
2042,216,1586.81510057437
2042,217,1532.45263544455
2042,218,1540.70524254746
2042,219,1562.60976272713
2042,220,1562.09259652844
2042,221,1565.35909477816
2042,222,1577.18549808391
2042,223,1543.0669672437
2042,224,1547.73405439066
2042,225,1564.56559439821
2042,226,1520.10867742609
2042,227,1573.90413681182
2042,228,1564.2029676568
2042,229,1556.58699957092
2042,230,1543.7032509277
2042,231,1548.55351538592
2042,232,1587.15240518146
2042,233,1584.78695682939
2042,234,1540.8067285906
2042,235,1588.52545316788
2042,236,1520.1979901306
2042,237,1523.3349231097
2042,238,1543.37825390996
2042,239,1591.91910596264
2042,240,1564.10431675051
2042,241,1563.54792764372
2042,242,1588.67669487188
2042,243,1545.14672334675
2042,244,1528.00089298593
2042,245,1562.39770961392
2042,246,1576.43978682774
2042,247,1585.72019141362
2042,248,1557.92385311992
2042,249,1533.74211854671
2042,250,1522.3845375241
2042,251,1586.90102233833
2042,252,1518.47946397194
2042,253,1588.6118942702
2042,254,1576.93836650802
2042,255,1547.48939899689
2042,256,1562.80148466603
2042,257,1564.74799524954
2042,258,1571.48955700619
2042,259,1544.18626584948
2042,260,1576.03203394528
2042,261,1525.5621848336
2042,262,1556.01877990693
2042,263,1585.556570237
2042,264,1589.22091449253
2042,265,1570.56239543008
2042,266,1546.10092318346
2042,267,1577.71602402345
2042,268,1567.70028697725
2042,269,1581.58456138646
2042,270,1537.74376900712
2042,271,1558.43643641905
2042,272,1519.57538019071
2042,273,1580.41650132442
2042,274,1586.21985051452
2042,275,1568.6053684091
2042,276,1559.86661201508
2042,277,1527.54591487892
2042,278,1583.47131280103
2042,279,1573.17481944823
2042,280,1565.61786102093
2042,281,1555.82417979711
2042,282,1557.70390554177
2042,283,1539.19557296051
2042,284,1540.78939013174
2042,285,1580.80479090442
2042,286,1552.4396751014
2042,287,1545.19746266675
2042,288,1578.04390885218
2042,289,1574.06182849829
2042,290,1518.14231719201
2042,291,1521.56487167309
2042,292,1564.84300262082
2042,293,1530.00916249197
2042,294,1560.3230621755
2042,295,1559.23314553705
2042,296,1536.07563452262
2042,297,1551.391644265
2042,298,1554.18105482842
2042,299,1589.15438608286
2042,300,1529.13339448181
2042,301,1543.71888471118
2042,302,1572.11996991033
2042,303,1517.35257160724
2042,304,1530.69167900676
2042,305,1582.19227048938
2042,306,1550.04547111972
2042,307,1586.26524345271
2042,308,1539.43737287211
2042,309,1591.92860841829
2042,310,1560.63752017353
2042,311,1555.5652433531
2042,312,1582.88969080595
2042,313,1527.24027492766
2042,314,1517.4446864984
2042,315,1552.82897221876
2042,316,1530.91028958113
2042,317,1551.95664469871
2042,318,1582.92759577735
2042,319,1559.87673260641
2042,320,1538.8932050557
2042,321,1533.46404739676
2042,322,1540.84495374342
2042,323,1550.36775278239
2042,324,1547.19329912061
2042,325,1592.71950580403
2042,326,1519.69133049852
2042,327,1580.36091694134
2042,328,1573.9862428334
2042,329,1524.96098589696
2042,330,1571.078444145
2042,331,1533.85856607221
2042,332,1548.66521092908
2042,333,1562.18350062429
2043,167,1547.96138655793
2043,168,1577.35245253823
2043,169,1521.28624798604
2043,170,1557.77562564841
2043,171,1552.06120009845
2043,172,1552.27255618016
2043,173,1555.63761639196
2043,174,1588.51910047369
2043,175,1576.92043483918
2043,176,1535.94687537776
2043,177,1570.27133411049
2043,178,1552.2994643088
2043,179,1549.30756224194
2043,180,1578.99197231911
2043,181,1548.66107752625
2043,182,1585.40422493234
2043,183,1556.29475719286
2043,184,1559.25882176167
2043,185,1545.45719309322
2043,186,1534.49428166719
2043,187,1519.52295283021
2043,188,1532.25618763847
2043,189,1576.08337286647
2043,190,1529.97533123669
2043,191,1551.76529522481
2043,192,1547.25917316004
2043,193,1558.55267528959
2043,194,1577.06180691302
2043,195,1568.32331120901
2043,196,1555.66450971432
2043,197,1583.56475276572
2043,198,1587.74755992365
2043,199,1519.84978154845
2043,200,1551.26316462867
2043,201,1547.96584113637
2043,202,1537.00640631074
2043,203,1529.45063142737
2043,204,1552.44391972888
2043,205,1537.97519166741
2043,206,1559.6880498612
2043,207,1579.86144776563
2043,208,1537.50035577881
2043,209,1566.54311455719
2043,210,1521.24451851987
2043,211,1527.86858267666
2043,212,1575.17193897123
2043,213,1580.87723864932
2043,214,1534.83503636895
2043,215,1558.1173127554
2043,216,1553.99846877428
2043,217,1590.88757413634
2043,218,1573.74384078188
2043,219,1518.40273082014
2043,220,1544.94790910967
2043,221,1538.33987396114
2043,222,1575.58129519302
2043,223,1561.37573918435
2043,224,1528.13524079238
2043,225,1569.64416486522
2043,226,1582.47501841854
2043,227,1518.17704184845
2043,228,1570.93863246517
2043,229,1551.26897250846
2043,230,1535.84729955814
2043,231,1549.199867857
2043,232,1546.46478102999
2043,233,1522.30540417446
2043,234,1530.7656822635
2043,235,1556.82874606273
2043,236,1537.60393609429
2043,237,1571.12777500404
2043,238,1573.83994465248
2043,239,1567.16538984669
2043,240,1574.90280302232
2043,241,1575.05062761736
2043,242,1543.22457509892
2043,243,1588.7273475911
2043,244,1518.27255249131
2043,245,1533.71163388414
2043,246,1525.98693786733
2043,247,1567.70821907927
2043,248,1588.0556043513
2043,249,1558.3620745094
2043,250,1551.69527084587
2043,251,1550.74657644311
2043,252,1540.17137115143
2043,253,1577.23098720968
2043,254,1522.05911570452
2043,255,1549.09826971931
2043,256,1525.55093807712
2043,257,1581.08054774717
2043,258,1581.62743560553
2043,259,1571.44132694279
2043,260,1585.10860991742
2043,261,1548.62164140059
2043,262,1555.1488191552
2043,263,1527.90284223118
2043,264,1526.60991318864
2043,265,1579.88085512732
2043,266,1572.68746596606
2043,267,1530.73618695887
2043,268,1521.71193399312
2043,269,1542.15403168249
2043,270,1529.94729905555
2043,271,1518.34049552233
2043,272,1583.49850626129
2043,273,1546.88337635443
2043,274,1556.71203731463
2043,275,1538.4754230116
2043,276,1590.89930879001
2043,277,1556.52603880289
2043,278,1553.29073270395
2043,279,1526.28504023121
2043,280,1549.51546650691
2043,281,1536.28187116343
2043,282,1520.49661524148
2043,283,1551.07443854757
2043,284,1545.53649311119
2043,285,1541.53339823932
2043,286,1579.60884585414
2043,287,1531.53670145131
2043,288,1517.3195751316
2043,289,1569.48766781852
2043,290,1558.84819241261
2043,291,1544.46040145753
2043,292,1519.39584261525
2043,293,1535.59118156283
2043,294,1517.41438615098
2043,295,1537.16641665398
2043,296,1552.36035575004
2043,297,1563.76445436696
2043,298,1566.13820213757
2043,299,1527.42620661584
2043,300,1541.17023341203
2043,301,1592.85482097204
2043,302,1558.0853673128
2043,303,1579.16001095195
2043,304,1552.66448531844
2043,305,1589.14296129593
2043,306,1573.23980912295
2043,307,1518.27268833984
2043,308,1561.03026862829
2043,309,1520.83320630647
2043,310,1579.43348975756
2043,311,1573.17327084243
2043,312,1539.88985585418
2043,313,1525.60890845538
2043,314,1578.65625001365
2043,315,1562.78535755284
2043,316,1553.39829825292
2043,317,1533.74560373972
2043,318,1565.07839661373
2043,319,1525.38584216634
2043,320,1569.14544354882
2043,321,1533.32926234338
2043,322,1571.05418053563
2043,323,1528.42440223865
2043,324,1527.82720090958
2043,325,1563.91996880198
2043,326,1575.05743051841
2043,327,1561.7181097948
2043,328,1557.52628266366
2043,329,1561.19404399264
2043,330,1592.10577107666
2043,331,1560.89713609099
2043,332,1552.61147960749
2043,333,1571.99964054676
2044,167,1578.9514600927
2044,168,1537.12717293898
2044,169,1551.14728355888
2044,170,1563.10673020916
2044,171,1563.64240221961
2044,172,1584.2090651654
2044,173,1572.81265544754
2044,174,1543.47472009065
2044,175,1553.81772452229
2044,176,1578.85426215498
2044,177,1566.26536392598
2044,178,1554.32614001262
2044,179,1558.561762761
2044,180,1555.05091522054
2044,181,1575.49151996083
2044,182,1534.53131306791
2044,183,1584.9742189171
2044,184,1572.60927533634
2044,185,1566.94256864246
2044,186,1534.38749021696
2044,187,1527.04222548657
2044,188,1554.9033827034
2044,189,1558.43306456334
2044,190,1584.08955852696
2044,191,1549.21927420675
2044,192,1581.39293126782
2044,193,1575.59210395693
2044,194,1552.62160316362
2044,195,1575.59602465704
2044,196,1524.25156013507
2044,197,1581.72935514964
2044,198,1590.37266578924
2044,199,1587.7970672686
2044,200,1536.85042984513
2044,201,1553.38497268725
2044,202,1560.76056711134
2044,203,1575.79723898545
2044,204,1561.2966624856
2044,205,1528.96492895225
2044,206,1542.69429456375
2044,207,1577.88176773572
2044,208,1533.30413963229
2044,209,1544.13727592551
2044,210,1538.28454242108
2044,211,1581.50373289498
2044,212,1583.16686418742
2044,213,1533.46872850778
2044,214,1517.74465908753
2044,215,1528.46265695078
2044,216,1581.99511223027
2044,217,1537.16297408673
2044,218,1571.8945226148
2044,219,1531.82554486431
2044,220,1556.28717243488
2044,221,1519.21497206602
2044,222,1577.77703837104
2044,223,1576.74897382463
2044,224,1528.21072835233
2044,225,1525.4548484447
2044,226,1549.88652757447
2044,227,1517.32154173971
2044,228,1519.41169338001
2044,229,1548.85570020056
2044,230,1568.6462389866
2044,231,1565.26369386867
2044,232,1557.72992678472
2044,233,1556.966095195
2044,234,1589.92921692979
2044,235,1546.46827059032
2044,236,1521.30338787383
2044,237,1568.0827890583
2044,238,1527.49192300564
2044,239,1519.66002735387
2044,240,1551.41349567528
2044,241,1563.78404213805
2044,242,1578.18770814445
2044,243,1528.97850226573
2044,244,1568.21919639382
2044,245,1582.07908226343
2044,246,1525.20073435726
2044,247,1544.44398956306
2044,248,1563.77929919216
2044,249,1575.73649834105
2044,250,1545.69156117408
2044,251,1543.67242305763
2044,252,1544.48336923311
2044,253,1543.48578466239
2044,254,1588.20879038298
2044,255,1555.71806093203
2044,256,1542.40417127721
2044,257,1573.92029312925
2044,258,1527.63418329667
2044,259,1581.22649920542
2044,260,1540.22566117424
2044,261,1520.39592721083
2044,262,1564.02688768567
2044,263,1536.02913098895
2044,264,1557.18276634163
2044,265,1567.52394308502
2044,266,1582.91133892277
2044,267,1523.59810936517
2044,268,1580.06134069545
2044,269,1580.34244388449
2044,270,1562.34428742746
2044,271,1543.31693945996
2044,272,1538.74088199596
2044,273,1544.50565403784
2044,274,1582.39304107314
2044,275,1587.63610039334
2044,276,1538.32729838517
2044,277,1560.81309559484
2044,278,1557.38014362365
2044,279,1553.03111540174
2044,280,1526.13537926654
2044,281,1542.09540123518
2044,282,1587.92239053922
2044,283,1573.40160880723
2044,284,1534.29275551918
2044,285,1574.25280785063
2044,286,1552.48941911608
2044,287,1570.26926110664
2044,288,1574.89746981349
2044,289,1546.74499637467
2044,290,1542.27567063868
2044,291,1561.39160867888
2044,292,1530.15062965269
2044,293,1553.43487461787
2044,294,1576.73442157442
2044,295,1572.68983596548
2044,296,1557.39623462656
2044,297,1518.75807194729
2044,298,1590.52500172014
2044,299,1568.96828493822
2044,300,1523.0765618738
2044,301,1535.61106487372
2044,302,1535.47465851463
2044,303,1586.31616705234
2044,304,1520.86741780271
2044,305,1543.16036580762
2044,306,1548.50701950394
2044,307,1547.54439677423
2044,308,1568.08812336783
2044,309,1564.80568061574
2044,310,1548.53574369239
2044,311,1564.05621076517
2044,312,1588.42224489132
2044,313,1560.54724566426
2044,314,1578.96327392626
2044,315,1578.89723048449
2044,316,1577.96288139905
2044,317,1590.94365145856
2044,318,1542.97344746001
2044,319,1533.85862219051
2044,320,1555.62603067103
2044,321,1566.18879195672
2044,322,1538.69082653449
2044,323,1518.04686399895
2044,324,1579.38988223692
2044,325,1520.68623191872
2044,326,1555.22152458978
2044,327,1576.63469208192
2044,328,1562.37924921521
2044,329,1559.78286491058
2044,330,1534.32549215699
2044,331,1559.20351812985
2044,332,1542.05137658215
2044,333,1569.39209654802
2045,167,1544.9067234637
2045,168,1567.20477977817
2045,169,1564.94024137346
2045,170,1592.59099328852
2045,171,1542.39529775126
2045,172,1582.46677879322
2045,173,1592.30714712021
2045,174,1555.42525231131
2045,175,1560.41099727436
2045,176,1558.95953816178
2045,177,1535.03951457727
2045,178,1548.5727138441
2045,179,1545.1042591765
2045,180,1586.49313969674
2045,181,1526.71875427934
2045,182,1521.05225077239
2045,183,1591.15229889596
2045,184,1535.11092584687
2045,185,1530.27973122391
2045,186,1568.81335330972
2045,187,1541.05166986634
2045,188,1524.98507580769
2045,189,1542.07875696729
2045,190,1572.07884933034
2045,191,1560.75223646467
2045,192,1536.38682320821
2045,193,1553.21303093011
2045,194,1575.77141469801
2045,195,1564.82670624731
2045,196,1556.06033223032
2045,197,1577.37878726961
2045,198,1563.97011503626
2045,199,1569.82557561298
2045,200,1558.38321216454
2045,201,1535.61518306195
2045,202,1587.51629439814
2045,203,1578.89722995189
2045,204,1585.98697541825
2045,205,1526.98000302442
2045,206,1541.9176577409
2045,207,1571.73052386022
2045,208,1572.01970906046
2045,209,1561.01568300181
2045,210,1538.84861455057
2045,211,1532.20677536263
2045,212,1549.8853081688
2045,213,1586.04689667516
2045,214,1521.1857845351
2045,215,1565.48319851883
2045,216,1552.12504475397
2045,217,1537.60282986614
2045,218,1524.47918640411
2045,219,1525.23521282817
2045,220,1571.16544302165
2045,221,1562.28970095943
2045,222,1539.75810099355
2045,223,1554.0188971126
2045,224,1531.02398901441
2045,225,1556.73208589133
2045,226,1543.29395254628
2045,227,1564.58987487325
2045,228,1569.17372369082
2045,229,1561.16385510066
2045,230,1534.22751273514
2045,231,1547.61176070917
2045,232,1546.37639432176
2045,233,1592.7204711062
2045,234,1547.2238916702
2045,235,1524.50586313576
2045,236,1587.64117688892
2045,237,1558.28829874392
2045,238,1540.01087094037
2045,239,1557.36353365521
2045,240,1555.16893482176
2045,241,1593.0604470756
2045,242,1546.13966877534
2045,243,1572.18459706191
2045,244,1591.54623598986
2045,245,1583.48989014097
2045,246,1541.71162110919
2045,247,1519.46274414679
2045,248,1537.67975326269
2045,249,1592.079424202
2045,250,1590.42400091121
2045,251,1540.73873379084
2045,252,1575.45522331746
2045,253,1526.98890353544
2045,254,1578.49111289737
2045,255,1553.02953862139
2045,256,1576.11167214656
2045,257,1519.61709389192
2045,258,1524.68837150131
2045,259,1564.59935487093
2045,260,1525.18451570786
2045,261,1526.16346456567
2045,262,1579.45668841528
2045,263,1530.53017514632
2045,264,1557.183174047
2045,265,1564.99263017371
2045,266,1586.67767927478
2045,267,1542.87500155149
2045,268,1571.14996385198
2045,269,1553.05531289769
2045,270,1574.02349249363
2045,271,1584.69432055825
2045,272,1572.91565418147
2045,273,1584.68922867052
2045,274,1587.92484300289
2045,275,1561.6708505016
2045,276,1591.38354485729
2045,277,1531.91099202833
2045,278,1537.26389461508
2045,279,1584.40525957811
2045,280,1552.52008821806
2045,281,1545.90132607749
2045,282,1584.69158656217
2045,283,1548.59203135615
2045,284,1577.48680510258
2045,285,1589.24660703245
2045,286,1548.93080727101
2045,287,1548.78237185467
2045,288,1555.74902784623
2045,289,1558.50138806612
2045,290,1525.39395029269
2045,291,1554.50796535404
2045,292,1566.30042115566
2045,293,1520.34834328011
2045,294,1548.15319976673
2045,295,1544.81091598505
2045,296,1550.76343075072
2045,297,1532.28929633295
2045,298,1543.42266160898
2045,299,1518.2999182477
2045,300,1542.56612000076
2045,301,1566.90553622981
2045,302,1522.91759317208
2045,303,1528.50744753601
2045,304,1550.24657115215
2045,305,1576.48707884035
2045,306,1563.45500847316
2045,307,1517.86302741753
2045,308,1579.00297597915
2045,309,1588.6121802942
2045,310,1588.25883686126
2045,311,1581.81936177882
2045,312,1532.17794431684
2045,313,1529.08056412058
2045,314,1575.17367130631
2045,315,1568.23088551018
2045,316,1536.36755089616
2045,317,1521.04820665108
2045,318,1531.51704536538
2045,319,1556.3979650966
2045,320,1523.46054921674
2045,321,1590.33401308281
2045,322,1519.7668879001
2045,323,1555.63196103109
2045,324,1588.45373327427
2045,325,1590.15195929145
2045,326,1584.58724074057
2045,327,1582.79670724403
2045,328,1565.32603229562
2045,329,1566.67263464556
2045,330,1528.1602697481
2045,331,1532.54158294518
2045,332,1572.92113763679
2045,333,1531.24652360877
2046,167,1589.98398963033
2046,168,1545.64475647281
2046,169,1553.4004924588
2046,170,1556.09650992634
2046,171,1546.56045418689
2046,172,1521.45685868678
2046,173,1546.01666590132
2046,174,1588.89048671137
2046,175,1577.44192367352
2046,176,1546.72184850924
2046,177,1550.17469344913
2046,178,1538.90319468066
2046,179,1523.20318685457
2046,180,1571.10903973042
2046,181,1558.50005305072
2046,182,1556.28182798819
2046,183,1535.52863480048
2046,184,1589.69659751709
2046,185,1544.38161573596
2046,186,1529.23255311578
2046,187,1558.34333218771
2046,188,1536.4674351445
2046,189,1551.0683424246
2046,190,1574.10827806181
2046,191,1571.58519075068
2046,192,1557.10431456033
2046,193,1539.99583716641
2046,194,1581.9170485014
2046,195,1528.5065333457
2046,196,1557.64076984798
2046,197,1588.2333383653
2046,198,1538.98752810686
2046,199,1545.8685004067
2046,200,1577.08547290958
2046,201,1522.64585559596
2046,202,1520.68301583078
2046,203,1563.20111095867
2046,204,1564.49015842945
2046,205,1572.34245167076
2046,206,1522.81464297577
2046,207,1551.56708010958
2046,208,1550.79061588467
2046,209,1545.11008237741
2046,210,1517.70669577867
2046,211,1557.78872631481
2046,212,1539.74407825435
2046,213,1581.5602805386
2046,214,1588.09436833564
2046,215,1531.4983723172
2046,216,1570.14500285868
2046,217,1584.55944886859
2046,218,1541.55054167777
2046,219,1582.35275758072
2046,220,1540.10823792536
2046,221,1562.02947272939
2046,222,1554.16369609526
2046,223,1551.7653906845
2046,224,1555.3458121485
2046,225,1519.64747853219
2046,226,1553.28746900157
2046,227,1555.90431606824
2046,228,1569.80968804555
2046,229,1562.10625630067
2046,230,1556.44746395546
2046,231,1559.04350515912
2046,232,1532.75671887202
2046,233,1583.16682102906
2046,234,1569.93674929681
2046,235,1536.12886104956
2046,236,1576.63135092172
2046,237,1564.46321261048
2046,238,1562.7597493235
2046,239,1575.35742787344
2046,240,1537.94809100384
2046,241,1543.6615282433
2046,242,1537.86298601763
2046,243,1577.28883872935
2046,244,1586.69537477099
2046,245,1518.47258180225
2046,246,1583.10189136062
2046,247,1524.48571482082
2046,248,1561.72134763057
2046,249,1563.03949573155
2046,250,1576.53556064606
2046,251,1576.94892230464
2046,252,1537.30909741504
2046,253,1576.36813350915
2046,254,1563.18297929849
2046,255,1532.0330491111
2046,256,1544.51646789696
2046,257,1536.51683332418
2046,258,1576.00344857017
2046,259,1555.96686698487
2046,260,1551.60451738708
2046,261,1522.47992884679
2046,262,1554.06373543656
2046,263,1586.82268740949
2046,264,1531.29118019182
2046,265,1584.59201061827
2046,266,1537.35143608696
2046,267,1535.17739139197
2046,268,1551.25443959163
2046,269,1553.46815683346
2046,270,1519.42438445918
2046,271,1546.04780312327
2046,272,1584.86755197102
2046,273,1549.1733337024
2046,274,1564.94720914974
2046,275,1557.80240904211
2046,276,1527.72924222363
2046,277,1588.67061912975
2046,278,1590.04235129212
2046,279,1527.35154320127
2046,280,1519.63235025722
2046,281,1542.45812892206
2046,282,1521.80836470265
2046,283,1523.70872680147
2046,284,1574.53660542806
2046,285,1536.65571552809
2046,286,1528.02351776705
2046,287,1540.1147055724
2046,288,1533.96422491283
2046,289,1567.59532923364
2046,290,1536.36565904735
2046,291,1592.43296235354
2046,292,1579.4899159506
2046,293,1591.77838062509
2046,294,1523.11648768975
2046,295,1530.90071985809
2046,296,1535.12963944368
2046,297,1585.33176733434
2046,298,1559.59475992995
2046,299,1540.18969946532
2046,300,1558.14341118987
2046,301,1579.73070528902
2046,302,1587.36334675827
2046,303,1519.32027170338
2046,304,1578.94279074788
2046,305,1542.61213579701
2046,306,1589.133696806
2046,307,1529.01832262685
2046,308,1521.93288182976
2046,309,1591.19637824702
2046,310,1584.13753959981
2046,311,1569.17357319578
2046,312,1517.21986459966
2046,313,1559.59811584316
2046,314,1576.98514131267
2046,315,1549.9184225621
2046,316,1573.56831322357
2046,317,1566.49393012767
2046,318,1543.68014117868
2046,319,1580.36574631047
2046,320,1576.51913756699
2046,321,1569.11461869682
2046,322,1567.79770393789
2046,323,1529.78749291118
2046,324,1547.17927144598
2046,325,1566.2730598376
2046,326,1569.08856922606
2046,327,1545.62200809296
2046,328,1586.69845632414
2046,329,1524.1871104991
2046,330,1536.63866483306
2046,331,1550.43329121274
2046,332,1571.33673285853
2046,333,1519.28405917532
2047,167,1570.53900608376
2047,168,1571.9250447014
2047,169,1556.22601393019
2047,170,1553.08397977837
2047,171,1578.26813942278
2047,172,1558.29843756792
2047,173,1532.57165905021
2047,174,1576.70700550507
2047,175,1559.32940652468
2047,176,1521.58549927486
2047,177,1578.29024307246
2047,178,1537.11232099469
2047,179,1581.92191373228
2047,180,1589.97743520498
2047,181,1528.64490114667
2047,182,1539.47708112091
2047,183,1552.61239188045
2047,184,1579.24153826802
2047,185,1577.24596573526
2047,186,1561.4607603393
2047,187,1583.96639615696
2047,188,1544.1433782799
2047,189,1587.7779511504
2047,190,1532.4521265274
2047,191,1556.87268816275
2047,192,1524.88963703034
2047,193,1559.8614248097
2047,194,1587.77440630618
2047,195,1527.77958014069
2047,196,1533.17608664414
2047,197,1546.41401186664
2047,198,1582.89569789593
2047,199,1571.1922583536
2047,200,1584.88414225101
2047,201,1582.26825753945
2047,202,1558.91801466982
2047,203,1576.1165560717
2047,204,1573.59654599966
2047,205,1584.46332498997
2047,206,1567.17728722744
2047,207,1548.92737498294
2047,208,1562.8382973989
2047,209,1526.20873935541
2047,210,1583.42249382395
2047,211,1577.50836297919
2047,212,1587.88992032574
2047,213,1550.47532401242
2047,214,1560.76396037757
2047,215,1591.31474533429
2047,216,1591.40996480468
2047,217,1558.85218705536
2047,218,1581.90625019421
2047,219,1561.07337678308
2047,220,1526.73796202251
2047,221,1573.81584978857
2047,222,1572.54785546704
2047,223,1522.69934245784
2047,224,1523.40368847528
2047,225,1587.00586308745
2047,226,1590.60144639798
2047,227,1530.289225371
2047,228,1588.3392777619
2047,229,1526.56391738265
2047,230,1543.97909763784
2047,231,1553.37707630495
2047,232,1552.09060239335
2047,233,1581.95972207226
2047,234,1529.31024917305
2047,235,1528.83992655543
2047,236,1552.23528684923
2047,237,1529.90067291734
2047,238,1542.51348316864
2047,239,1525.95544774454
2047,240,1523.89122939718
2047,241,1543.56617446892
2047,242,1577.28252915802
2047,243,1532.40925987126
2047,244,1556.72760352891
2047,245,1520.40742945557
2047,246,1531.4843716454
2047,247,1557.70981108266
2047,248,1557.28020093133
2047,249,1549.61937217004
2047,250,1579.14519801174
2047,251,1555.05960325963
2047,252,1535.92960150554
2047,253,1550.88352333803
2047,254,1553.90171495403
2047,255,1552.75861503576
2047,256,1537.32671255964
2047,257,1537.36967142662
2047,258,1523.1159891583
2047,259,1551.41832767191
2047,260,1585.53289582536
2047,261,1567.65398853013
2047,262,1584.2652006653
2047,263,1563.10919375091
2047,264,1584.76451474786
2047,265,1560.90166613887
2047,266,1559.10793853303
2047,267,1569.53145897967
2047,268,1586.35751689891
2047,269,1542.41428002706
2047,270,1543.6148502831
2047,271,1530.91048724678
2047,272,1589.89408202926
2047,273,1535.49281650301
2047,274,1583.18235731122
2047,275,1562.37407559112
2047,276,1570.8362395461
2047,277,1527.85366097951
2047,278,1563.96597028905
2047,279,1586.49091117366
2047,280,1589.04206814323
2047,281,1527.65854280957
2047,282,1549.58521544284
2047,283,1536.15159709085
2047,284,1547.66026728079
2047,285,1557.04648049219
2047,286,1580.65358800921
2047,287,1551.50989105567
2047,288,1542.98315501996
2047,289,1547.67138410059
2047,290,1542.4057549636
2047,291,1538.74693151642
2047,292,1534.94703016817
2047,293,1535.88924623638
2047,294,1557.0964467609
2047,295,1569.25147242224
2047,296,1585.48888423878
2047,297,1578.79366295141
2047,298,1550.14769685562
2047,299,1522.37373229311
2047,300,1544.80248904429
2047,301,1554.00441308846
2047,302,1568.42264354162
2047,303,1583.07426328092
2047,304,1566.18626546164
2047,305,1529.43433082857
2047,306,1538.28644948449
2047,307,1552.59054070097
2047,308,1581.69747349477
2047,309,1520.60912337261
2047,310,1577.72374063546
2047,311,1567.69368003754
2047,312,1555.96705183261
2047,313,1582.7772605232
2047,314,1591.05284442039
2047,315,1572.36348353375
2047,316,1554.35916034874
2047,317,1534.7114483272
2047,318,1583.20446500866
2047,319,1545.90249172606
2047,320,1552.46569408968
2047,321,1551.00103368479
2047,322,1533.83443632299
2047,323,1525.1806889229
2047,324,1520.0552585595
2047,325,1555.07670167562
2047,326,1592.44591394518
2047,327,1586.7125961821
2047,328,1523.08758740595
2047,329,1535.97241962407
2047,330,1575.44671052155
2047,331,1580.39041851289
2047,332,1557.18753428422
2047,333,1565.52977990088
2048,167,1570.98765631576
2048,168,1582.38588138329
2048,169,1536.94558071662
2048,170,1588.4540880747
2048,171,1568.62195251093
2048,172,1553.84142014916
2048,173,1550.17957210153
2048,174,1574.32909771936
2048,175,1551.26520784242
2048,176,1526.5101491659
2048,177,1549.09462989473
2048,178,1570.84695934804
2048,179,1584.88181354585
2048,180,1546.6745874407
2048,181,1553.94125688957
2048,182,1582.87075074759
2048,183,1566.55518631122
2048,184,1587.90833630561
2048,185,1572.74097546344
2048,186,1565.80523685427
2048,187,1581.70467863316
2048,188,1581.01293246049
2048,189,1532.20364511208
2048,190,1586.30997893159
2048,191,1555.86005502953
2048,192,1587.10645888952
2048,193,1573.56160906658
2048,194,1591.79208985812
2048,195,1556.12648169501
2048,196,1586.80818501065
2048,197,1567.62860525332
2048,198,1573.26750146973
2048,199,1523.49069960173
2048,200,1535.74229633048
2048,201,1552.64329674674
2048,202,1540.92292240317
2048,203,1532.62799610375
2048,204,1550.87847840788
2048,205,1570.63080883576
2048,206,1589.21064212793
2048,207,1529.92012056135
2048,208,1525.35400697196
2048,209,1524.21865626084
2048,210,1543.96150223494
2048,211,1565.37316289488
2048,212,1586.67827862742
2048,213,1540.88643393499
2048,214,1578.48796192868
2048,215,1557.54317908219
2048,216,1563.33682598508
2048,217,1569.54717022096
2048,218,1541.93027819731
2048,219,1542.73454398752
2048,220,1586.80107199432
2048,221,1555.69833690408
2048,222,1544.37946758224
2048,223,1536.57714430234
2048,224,1562.494724568
2048,225,1521.05652483491
2048,226,1560.02152638734
2048,227,1586.5531415893
2048,228,1534.48324479066
2048,229,1580.17830516261
2048,230,1533.78859035516
2048,231,1576.28100867258
2048,232,1522.90732155312
2048,233,1582.06779037797
2048,234,1554.00967723681
2048,235,1569.23182125398
2048,236,1581.9229886613
2048,237,1579.62713795123
2048,238,1550.02570332979
2048,239,1563.06990962932
2048,240,1537.29356436399
2048,241,1569.58075381719
2048,242,1574.26150535224
2048,243,1533.07072252666
2048,244,1552.33813941993
2048,245,1588.31502661536
2048,246,1557.81484843223
2048,247,1585.13442104964
2048,248,1547.64205594363
2048,249,1534.76521262046
2048,250,1589.38704650578
2048,251,1553.60788853452
2048,252,1541.55324785437
2048,253,1522.30397266967
2048,254,1534.35685039023
2048,255,1561.13543715726
2048,256,1535.37249571431
2048,257,1548.10194492535
2048,258,1591.37906828246
2048,259,1545.85178761094
2048,260,1546.76594190319
2048,261,1535.17551678165
2048,262,1572.97091245351
2048,263,1575.57956429597
2048,264,1577.5890790743
2048,265,1564.55128575928
2048,266,1528.72254064181
2048,267,1561.61532129588
2048,268,1534.79289935718
2048,269,1569.24700159949
2048,270,1541.18725318074
2048,271,1569.97303601607
2048,272,1551.6139952366
2048,273,1593.06008774807
2048,274,1585.8447663456
2048,275,1585.23451434352
2048,276,1589.62572426235
2048,277,1546.77237857066
2048,278,1551.93263185522
2048,279,1578.23209661661
2048,280,1521.62987540845
2048,281,1566.35821746246
2048,282,1588.47794385443
2048,283,1576.04906816521
2048,284,1556.30952638885
2048,285,1524.09836586585
2048,286,1560.87585115418
2048,287,1546.02142187816
2048,288,1537.73955599832
2048,289,1588.85923123444
2048,290,1531.9379572517
2048,291,1578.33873627582
2048,292,1524.44497125069
2048,293,1517.62766424441
2048,294,1582.18607485896
2048,295,1583.9850703591
2048,296,1536.21697872373
2048,297,1518.48622559648
2048,298,1557.69564967215
2048,299,1589.26940932919
2048,300,1569.24457184234
2048,301,1584.01869773506
2048,302,1591.16264074712
2048,303,1521.14539265856
2048,304,1584.72091800349
2048,305,1569.22346706639
2048,306,1526.9549501017
2048,307,1564.24767151699
2048,308,1534.7713724779
2048,309,1558.55654056379
2048,310,1544.6999507964
2048,311,1579.63641994595
2048,312,1587.94857584076
2048,313,1546.01782647243
2048,314,1588.41584621599
2048,315,1571.40886430998
2048,316,1547.76447849659
2048,317,1543.61062914328
2048,318,1571.26262895812
2048,319,1550.94719626553
2048,320,1520.05881829877
2048,321,1569.97863369635
2048,322,1531.6301389838
2048,323,1575.54583478506
2048,324,1545.33707373388
2048,325,1586.81875786822
2048,326,1533.67990520977
2048,327,1526.61735728694
2048,328,1561.89855749506
2048,329,1573.96699724011
2048,330,1568.16997663516
2048,331,1530.83484381254
2048,332,1543.29500086305
2048,333,1592.55929325029
2049,167,1534.16879689428
2049,168,1537.6297955866
2049,169,1575.4097847887
2049,170,1550.70362693214
2049,171,1546.37462878794
2049,172,1517.71708259903
2049,173,1518.42583327254
2049,174,1568.72699467165
2049,175,1529.65415278411
2049,176,1570.74556555124
2049,177,1553.26007597605
2049,178,1563.76716430726
2049,179,1543.01126959433
2049,180,1566.77427647422
2049,181,1561.96326167837
2049,182,1542.88908324952
2049,183,1547.91696241931
2049,184,1526.43140910592
2049,185,1545.30498612255
2049,186,1536.85883212651
2049,187,1568.4962500823
2049,188,1589.73017880538
2049,189,1548.9871182804
2049,190,1592.9933352558
2049,191,1531.16133553694
2049,192,1566.06512807271
2049,193,1533.19319303138
2049,194,1586.97640746153
2049,195,1567.04873886794
2049,196,1546.83009841383
2049,197,1583.49229900245
2049,198,1569.51299156839
2049,199,1540.01116198857
2049,200,1540.71647753348
2049,201,1560.03044257455
2049,202,1591.5437271416
2049,203,1572.04367423625
2049,204,1526.03788463506
2049,205,1548.15912204902
2049,206,1581.49265683683
2049,207,1539.62870942158
2049,208,1533.45689553613
2049,209,1526.58872715567
2049,210,1551.8128739538
2049,211,1527.22870898395
2049,212,1523.13017698578
2049,213,1561.80930827648
2049,214,1551.76138199886
2049,215,1585.36324277511
2049,216,1587.98284546143
2049,217,1587.7476714146
2049,218,1560.49730897261
2049,219,1529.60794106204
2049,220,1583.33288541986
2049,221,1529.99674943005
2049,222,1518.92856036304
2049,223,1574.94093420673
2049,224,1563.85262959744
2049,225,1587.25481741616
2049,226,1538.36917823986
2049,227,1571.43868590318
2049,228,1532.6695054463
2049,229,1552.50047983534
2049,230,1547.82840968188
2049,231,1559.50670980723
2049,232,1577.59148244999
2049,233,1524.78026573624
2049,234,1587.97479043531
2049,235,1575.05343601768
2049,236,1543.01554695898
2049,237,1583.45941288155
2049,238,1557.5750976995
2049,239,1529.28672775966
2049,240,1535.62242384904
2049,241,1544.42438695018
2049,242,1570.70453952552
2049,243,1540.97994938687
2049,244,1561.425268863
2049,245,1592.40984218331
2049,246,1587.02590090563
2049,247,1591.1977479702
2049,248,1531.25087134764
2049,249,1552.61154240105
2049,250,1531.07053526261
2049,251,1543.82399179585
2049,252,1567.8698399697
2049,253,1528.2656430618
2049,254,1585.85367734884
2049,255,1561.75629940544
2049,256,1534.66333461916
2049,257,1540.24898912952
2049,258,1580.08146099562
2049,259,1568.11966493979
2049,260,1568.59899536959
2049,261,1517.2538350411
2049,262,1591.2391301101
2049,263,1546.19703154565
2049,264,1581.52594666861
2049,265,1542.48362766657
2049,266,1534.81565100365
2049,267,1591.34262149912
2049,268,1582.99972799219
2049,269,1588.22032852497
2049,270,1549.42355320489
2049,271,1591.20861729074
2049,272,1588.94213741665
2049,273,1584.41877315161
2049,274,1558.48924164156
2049,275,1556.74073112712
2049,276,1518.19274884669
2049,277,1581.46079355667
2049,278,1584.42195140718
2049,279,1558.40231739994
2049,280,1579.23743232959
2049,281,1556.15723338551
2049,282,1569.46107223737
2049,283,1583.88358749382
2049,284,1542.20015838384
2049,285,1581.6488669186
2049,286,1528.28851054879
2049,287,1517.7409021442
2049,288,1577.21425937683
2049,289,1588.01552988667
2049,290,1571.59539709062
2049,291,1581.33158814619
2049,292,1583.44287453006
2049,293,1567.18348292887
2049,294,1578.17624712296
2049,295,1590.51850996408
2049,296,1551.83639298824
2049,297,1538.27747258087
2049,298,1529.61339426567
2049,299,1558.68397674776
2049,300,1572.19998803301
2049,301,1570.30924218872
2049,302,1535.10101051963
2049,303,1551.37700942627
2049,304,1592.20744081356
2049,305,1519.1403073022
2049,306,1564.43871124842
2049,307,1543.37195536345
2049,308,1528.41121296535
2049,309,1558.15842053524
2049,310,1527.74504558698
2049,311,1582.22159276998
2049,312,1531.00011828637
2049,313,1564.60162674766
2049,314,1578.09129090971
2049,315,1571.11260894997
2049,316,1547.19464437969
2049,317,1565.67187178376
2049,318,1592.71874063523
2049,319,1546.16374011608
2049,320,1557.39845404218
2049,321,1580.84679185462
2049,322,1535.73834969275
2049,323,1581.0316447613
2049,324,1548.12592822729
2049,325,1555.01912206606
2049,326,1521.26588180216
2049,327,1583.4925764871
2049,328,1529.18920110116
2049,329,1592.97950020487
2049,330,1567.26525989236
2049,331,1518.53131200556
2049,332,1551.02768112343
2049,333,1548.14676098662
2025,334,1528.32833059036
2025,335,1562.41529727637
2025,336,1542.24454192057
2025,337,1527.26746599123
2025,338,1542.63145733907
2025,339,1590.54075537415
2025,340,1588.90099194648
2025,341,1532.08179780273
2025,342,1538.85238443609
2025,343,1537.39302824882
2025,344,1585.02506117094
2025,345,1582.09396722892
2025,346,1580.77247725761
2025,347,1582.17088705705
2025,348,1577.09508873804
2025,349,1553.79638984063
2025,350,1554.20026278463
2025,351,1581.948098661
2025,352,1574.59404263811
2025,353,1592.3241103623
2025,354,1561.2043951643
2025,355,1539.84425523746
2025,356,1567.75212444763
2025,357,1546.41826762547
2025,358,1526.0318076857
2025,359,1587.84334794464
2025,360,1567.79363160653
2025,361,1549.16017810718
2025,362,1564.99414188807
2025,363,1575.95080509831
2025,364,1573.47583849003
2025,365,1560.4308255499
2025,366,1541.2122767927
2025,367,1590.44265056049
2025,368,1565.65430547858
2025,369,1553.05325001324
2025,370,1569.73745713991
2025,371,1583.39362164368
2025,372,1567.7237360813
2025,373,1577.8895591248
2025,374,1520.66516142446
2025,375,1581.30626581658
2025,376,1577.22824836694
2025,377,1535.30170378761
2025,378,1520.13363288299
2025,379,1558.29190576032
2025,380,1519.96942250864
2025,381,1563.83684501712
2025,382,1542.38171304014
2025,383,1528.52357420537
2025,384,1591.22599874818
2025,385,1577.72973139237
2025,386,1524.20599767027
2025,387,1543.86756329497
2025,388,1573.13655587719
2025,389,1517.40140618951
2025,390,1543.4894683022
2025,391,1567.43476369031
2025,392,1526.97751372258
2025,393,1546.4244290452
2025,394,1567.03773799518
2025,395,1580.0322536643
2025,396,1552.09770129577
2025,397,1579.12832861379
2025,398,1580.34210564792
2025,399,1575.95901161365
2025,400,1547.6070585782
2025,401,1578.2266679836
2025,402,1581.10253789977
2025,403,1561.58847789591
2025,404,1544.22993818754
2025,405,1527.93490765083
2025,406,1572.02099543172
2025,407,1533.64790419922
2025,408,1546.17151013013
2025,409,1589.31381244785
2025,410,1518.42703061082
2025,411,1558.16117100641
2025,412,1553.33881060351
2025,413,1528.23888819772
2025,414,1520.95011383868
2025,415,1537.96268893338
2025,416,1564.70412458895
2025,417,1568.21959286133
2025,418,1529.13313265561
2025,419,1538.98243211812
2025,420,1562.77092549271
2025,421,1549.30552683965
2025,422,1533.31706008457
2025,423,1571.85545517268
2025,424,1529.49803274727
2025,425,1569.18645812364
2025,426,1521.26713900468
2025,427,1554.13359984019
2025,428,1519.26564031941
2025,429,1549.38631634481
2025,430,1547.88672800778
2025,431,1592.17175566611
2025,432,1574.26719458648
2025,433,1546.59733674363
2025,434,1592.31653354005
2025,435,1532.70607245524
2025,436,1543.26041825107
2025,437,1560.40422384385
2025,438,1557.91605542841
2025,439,1527.76323506978
2025,440,1581.16921419472
2025,441,1546.88793036932
2025,442,1577.42447661751
2025,443,1548.94223209345
2025,444,1550.40868718313
2025,445,1576.59609998538
2025,446,1541.17758244121
2025,447,1552.67488378498
2025,448,1524.33997278093
2025,449,1522.35905724307
2025,450,1524.11469185192
2025,451,1532.22216628046
2025,452,1553.06681105916
2025,453,1559.82216238268
2025,454,1591.27519938649
2025,455,1531.58904517584
2025,456,1583.35466210634
2025,457,1550.58049573699
2025,458,1568.33079106253
2025,459,1531.50900502127
2025,460,1537.55894629887
2025,461,1540.10108384557
2025,462,1581.36591734705
2025,463,1566.17394853403
2025,464,1519.38334179858
2025,465,1550.5199224888
2025,466,1546.4649603742
2025,467,1552.52820504354
2025,468,1559.57388186411
2025,469,1543.42876985747
2025,470,1591.10244640839
2025,471,1588.00836645087
2025,472,1546.95119734903
2025,473,1541.6447634639
2025,474,1555.12471459797
2025,475,1520.3220144606
2025,476,1576.96073912075
2025,477,1518.77374942172
2025,478,1522.94772711748
2025,479,1583.83608613387
2025,480,1539.11171296253
2025,481,1562.38084502713
2025,482,1582.85008261495
2025,483,1591.285037611
2025,484,1561.20465697275
2025,485,1529.6858714456
2025,486,1563.01328690684
2025,487,1571.32262286168
2025,488,1540.09003676087
2025,489,1589.56806069726
2025,490,1520.83738389736
2025,491,1550.63178333328
2025,492,1532.68229617495
2025,493,1576.37320286789
2025,494,1573.3601948356
2025,495,1591.65669153348
2025,496,1533.40951953249
2025,497,1578.89478047078
2025,498,1568.96231775774
2025,499,1589.7853121827
2025,500,1556.1496761807
2026,334,1532.21256298586
2026,335,1524.64782236571
2026,336,1545.11777843107
2026,337,1572.1916904253
2026,338,1553.46605359567
2026,339,1524.9467071369
2026,340,1525.86669013361
2026,341,1517.32430344875
2026,342,1530.85528651331
2026,343,1556.87482612606
2026,344,1560.85226577552
2026,345,1521.35682690821
2026,346,1540.57234625381
2026,347,1518.35449243043
2026,348,1577.26274309991
2026,349,1556.25226049849
2026,350,1557.97568728818
2026,351,1523.46985061586
2026,352,1534.29811047585
2026,353,1567.52687659309
2026,354,1534.02224480515
2026,355,1567.95066459095
2026,356,1527.90924030289
2026,357,1529.30197899424
2026,358,1552.93782119194
2026,359,1580.61788487763
2026,360,1574.57077738762
2026,361,1573.80610478684
2026,362,1574.10646638707
2026,363,1563.34992333161
2026,364,1570.52910389399
2026,365,1578.61040511101
2026,366,1522.64788790917
2026,367,1551.0815042335
2026,368,1570.61209477737
2026,369,1573.84617683701
2026,370,1555.70220619053
2026,371,1532.19742661537
2026,372,1581.09680964369
2026,373,1522.40381897913
2026,374,1544.95155539646
2026,375,1543.77363589467
2026,376,1528.85547395117
2026,377,1541.84231600686
2026,378,1524.64199438915
2026,379,1548.46715371203
2026,380,1561.92129041176
2026,381,1552.52292749143
2026,382,1553.3515890291
2026,383,1534.36805372205
2026,384,1521.51102006892
2026,385,1556.87577102964
2026,386,1582.47927696464
2026,387,1563.3186837084
2026,388,1566.10601911982
2026,389,1573.46324970558
2026,390,1517.57916663822
2026,391,1548.98999952265
2026,392,1581.70952809907
2026,393,1539.04835694984
2026,394,1541.09982295127
2026,395,1581.37866999479
2026,396,1524.21886425893
2026,397,1553.68615786478
2026,398,1550.76344829102
2026,399,1532.15661322136
2026,400,1566.2773414808
2026,401,1536.78282796221
2026,402,1551.83377433559
2026,403,1559.63562528797
2026,404,1551.73096059143
2026,405,1553.29558371441
2026,406,1538.99629031939
2026,407,1526.40987700715
2026,408,1520.36279256097
2026,409,1559.27326399445
2026,410,1561.18145881212
2026,411,1563.36816703309
2026,412,1564.92350352773
2026,413,1593.08053930776
2026,414,1565.8384096738
2026,415,1536.7088836288
2026,416,1575.46757443799
2026,417,1567.3079206098
2026,418,1584.621852326
2026,419,1541.94393509349
2026,420,1532.38870825377
2026,421,1537.99686071541
2026,422,1588.71428326578
2026,423,1544.13889162117
2026,424,1586.46196045263
2026,425,1566.72037990085
2026,426,1517.58065777647
2026,427,1532.29718575594
2026,428,1525.46275675724
2026,429,1519.10751087116
2026,430,1561.84065857398
2026,431,1592.55207319909
2026,432,1523.68734404377
2026,433,1550.89528515431
2026,434,1579.14154860036
2026,435,1525.06436109039
2026,436,1571.42152030856
2026,437,1538.274850129
2026,438,1568.54075950794
2026,439,1591.51831439425
2026,440,1520.30572534821
2026,441,1553.10617769826
2026,442,1541.99447117329
2026,443,1535.7856640568
2026,444,1558.80729002112
2026,445,1587.92312641503
2026,446,1569.8043105599
2026,447,1589.510335102
2026,448,1580.06383944206
2026,449,1591.70375783016
2026,450,1552.13875970357
2026,451,1584.49896001975
2026,452,1525.77216357595
2026,453,1547.11747154875
2026,454,1556.2633148088
2026,455,1545.51664837831
2026,456,1521.88044490022
2026,457,1564.49801213273
2026,458,1559.95743755242
2026,459,1532.72798674783
2026,460,1522.40530500441
2026,461,1553.68946896857
2026,462,1591.2665280888
2026,463,1580.41258738833
2026,464,1529.65327798845
2026,465,1532.20657267278
2026,466,1590.79262133882
2026,467,1559.76391721828
2026,468,1551.29915864867
2026,469,1553.76783626174
2026,470,1549.0885243625
2026,471,1580.40225585186
2026,472,1545.36921797835
2026,473,1589.4746797269
2026,474,1590.90023933115
2026,475,1554.45376280191
2026,476,1551.87945180651
2026,477,1553.75581162507
2026,478,1576.7117111512
2026,479,1566.34073191721
2026,480,1566.81191613976
2026,481,1578.49296107297
2026,482,1527.02394832004
2026,483,1560.53447421573
2026,484,1525.40470904545
2026,485,1521.7632670557
2026,486,1579.76490013263
2026,487,1579.52597210728
2026,488,1581.65527028081
2026,489,1570.27106917745
2026,490,1541.14326343077
2026,491,1549.96941749463
2026,492,1575.7581572874
2026,493,1576.89726721428
2026,494,1559.53985146965
2026,495,1584.76972840572
2026,496,1538.7676453994
2026,497,1527.15553415115
2026,498,1545.72634722155
2026,499,1577.82648077429
2026,500,1589.8445845019
2027,334,1562.47205153331
2027,335,1520.43422142413
2027,336,1544.94880739299
2027,337,1574.78036845036
2027,338,1587.537052842
2027,339,1570.75609335085
2027,340,1577.98064613327
2027,341,1584.22023828103
2027,342,1580.82509406397
2027,343,1577.4401381672
2027,344,1583.98649589877
2027,345,1532.96376946781
2027,346,1552.42216562465
2027,347,1557.85731849659
2027,348,1532.7067783279
2027,349,1549.97484642945
2027,350,1580.0170299829
2027,351,1529.98218137936
2027,352,1538.02078812985
2027,353,1586.35003450667
2027,354,1590.80839711349
2027,355,1565.50724972729
2027,356,1571.85377710955
2027,357,1561.88576355305
2027,358,1535.25792247956
2027,359,1568.09582886626
2027,360,1562.07480491566
2027,361,1520.43529608685
2027,362,1537.58395806935
2027,363,1546.40802540603
2027,364,1548.44723782377
2027,365,1518.5411953768
2027,366,1592.42013991743
2027,367,1521.31676563431
2027,368,1545.94888314741
2027,369,1549.87789925761
2027,370,1582.14176476778
2027,371,1546.4476586825
2027,372,1535.42233122969
2027,373,1552.50295188094
2027,374,1585.59746112432
2027,375,1588.72337474944
2027,376,1592.96688860739
2027,377,1579.0972063934
2027,378,1548.71144290772
2027,379,1584.77654554494
2027,380,1576.17954691601
2027,381,1533.6023543748
2027,382,1573.91176124851
2027,383,1518.91737943593
2027,384,1542.24698589815
2027,385,1532.00304350457
2027,386,1584.48847163256
2027,387,1523.98845234935
2027,388,1570.8420462009
2027,389,1571.27550010939
2027,390,1540.39874653032
2027,391,1540.59927281041
2027,392,1567.88487242991
2027,393,1519.72769993057
2027,394,1541.33486219702
2027,395,1535.58557143746
2027,396,1577.78837011274
2027,397,1523.85193639891
2027,398,1571.01381480976
2027,399,1548.11482882351
2027,400,1524.09541329069
2027,401,1572.94677798191
2027,402,1556.95306135216
2027,403,1528.94118462796
2027,404,1569.87468182129
2027,405,1533.22286833709
2027,406,1538.68094657189
2027,407,1586.52199449649
2027,408,1544.29114799937
2027,409,1555.46607499031
2027,410,1521.05037525665
2027,411,1530.70367768805
2027,412,1527.55423979126
2027,413,1570.26056648106
2027,414,1590.38047008498
2027,415,1554.53772990577
2027,416,1555.48643101929
2027,417,1584.34768866768
2027,418,1535.21236280203
2027,419,1529.43449504693
2027,420,1585.72711917388
2027,421,1590.91023103325
2027,422,1548.09755992223
2027,423,1573.0398295036
2027,424,1528.94025316365
2027,425,1564.93185340127
2027,426,1530.09847643922
2027,427,1559.59054202123
2027,428,1591.50204337251
2027,429,1548.52611286236
2027,430,1546.06436393273
2027,431,1560.94264776349
2027,432,1531.54056505669
2027,433,1526.16992903486
2027,434,1562.81842193499
2027,435,1523.52356768524
2027,436,1569.06338938474
2027,437,1572.88460746602
2027,438,1560.20968402436
2027,439,1559.64309752531
2027,440,1580.08866245907
2027,441,1542.99055182337
2027,442,1550.82533567669
2027,443,1587.65048491003
2027,444,1554.66957766961
2027,445,1530.03491152302
2027,446,1553.23853819622
2027,447,1536.50382707003
2027,448,1549.23838663226
2027,449,1521.30499678771
2027,450,1549.97888687581
2027,451,1526.16110770372
2027,452,1576.20335898702
2027,453,1521.95797785758
2027,454,1518.72247885089
2027,455,1545.47669708632
2027,456,1563.75962590324
2027,457,1578.82758622223
2027,458,1547.47088782364
2027,459,1531.42013059338
2027,460,1573.43970709471
2027,461,1542.87727026813
2027,462,1549.95620643798
2027,463,1534.00175633627
2027,464,1541.29323328574
2027,465,1527.88904156847
2027,466,1542.77129080225
2027,467,1573.3707297543
2027,468,1524.20687140073
2027,469,1537.43260283276
2027,470,1522.61856536226
2027,471,1560.15254072079
2027,472,1577.24025872993
2027,473,1518.75279409336
2027,474,1539.61945679088
2027,475,1573.37963283955
2027,476,1587.52277940794
2027,477,1576.21534959055
2027,478,1562.40298837327
2027,479,1553.44265824873
2027,480,1540.53876727345
2027,481,1577.97293561065
2027,482,1539.5562160506
2027,483,1539.11230318996
2027,484,1587.81696652199
2027,485,1559.20443546251
2027,486,1587.26697905533
2027,487,1538.87160984383
2027,488,1520.13948674392
2027,489,1542.82708087549
2027,490,1555.54505654893
2027,491,1556.6463433828
2027,492,1530.89521951935
2027,493,1580.48482672681
2027,494,1571.26822672717
2027,495,1550.68675721463
2027,496,1591.10696076232
2027,497,1592.39665564402
2027,498,1563.24311087917
2027,499,1590.21622768361
2027,500,1555.51064479505
2028,334,1536.10811936485
2028,335,1524.2274572289
2028,336,1588.06116790967
2028,337,1526.16703449536
2028,338,1572.0312176609
2028,339,1576.84974163878
2028,340,1592.58947161454
2028,341,1540.09944150215
2028,342,1521.13827802668
2028,343,1548.72264441094
2028,344,1572.37047149558
2028,345,1580.22419222942
2028,346,1531.01320127045
2028,347,1591.63879173187
2028,348,1560.42266959606
2028,349,1572.84077000417
2028,350,1525.08820137145
2028,351,1546.72413160608
2028,352,1552.31978761838
2028,353,1562.15249747553
2028,354,1579.66957011222
2028,355,1584.72233798637
2028,356,1521.72264168728
2028,357,1588.80488979796
2028,358,1532.92222124544
2028,359,1552.2667774336
2028,360,1519.8834772215
2028,361,1574.60895620423
2028,362,1538.81492129198
2028,363,1585.82569248034
2028,364,1550.42198350906
2028,365,1589.36503007824
2028,366,1535.33732003436
2028,367,1583.54657949172
2028,368,1550.569049362
2028,369,1522.98724877872
2028,370,1559.59349333591
2028,371,1575.0729055693
2028,372,1573.24778223518
2028,373,1543.91511386717
2028,374,1559.66558727456
2028,375,1547.23973611477
2028,376,1530.86330516284
2028,377,1521.31844009351
2028,378,1562.00252982197
2028,379,1582.87164221363
2028,380,1585.90653716286
2028,381,1517.64102062987
2028,382,1522.33033562885
2028,383,1562.7112178262
2028,384,1520.340128687
2028,385,1580.73532850734
2028,386,1583.81694166359
2028,387,1566.65207903357
2028,388,1551.74871692832
2028,389,1519.6461608973
2028,390,1565.15921294418
2028,391,1532.47985386601
2028,392,1593.13689913883
2028,393,1527.88323390172
2028,394,1585.25457911126
2028,395,1570.9418527784
2028,396,1551.1009137966
2028,397,1570.00427123645
2028,398,1553.90943213415
2028,399,1566.2445202661
2028,400,1565.64860632023
2028,401,1569.80588316821
2028,402,1577.62744650236
2028,403,1559.28191150268
2028,404,1557.3732537135
2028,405,1542.12176932508
2028,406,1563.05167334873
2028,407,1571.28307966564
2028,408,1587.73097678049
2028,409,1527.54118938456
2028,410,1592.37725943143
2028,411,1550.18977909835
2028,412,1531.52636813951
2028,413,1529.46082869535
2028,414,1552.22405292841
2028,415,1528.64309786926
2028,416,1571.91296573952
2028,417,1527.51775959614
2028,418,1567.22662163715
2028,419,1522.42502409694
2028,420,1573.79910572918
2028,421,1572.24642239968
2028,422,1563.58244385823
2028,423,1519.64800775915
2028,424,1524.92545623323
2028,425,1568.5736981077
2028,426,1548.16884521415
2028,427,1554.91839378859
2028,428,1556.84414871552
2028,429,1544.95267641314
2028,430,1526.1019866252
2028,431,1562.39093458562
2028,432,1582.22652789575
2028,433,1562.42585626858
2028,434,1563.17134560804
2028,435,1568.26561018437
2028,436,1548.70817435867
2028,437,1542.69368699131
2028,438,1526.72934980792
2028,439,1519.28479758984
2028,440,1586.41040137232
2028,441,1578.74772866073
2028,442,1561.94656546422
2028,443,1528.67409539021
2028,444,1549.39163362889
2028,445,1540.42634531701
2028,446,1527.77215683154
2028,447,1519.37425693692
2028,448,1542.27958659865
2028,449,1531.94674897028
2028,450,1537.54892825082
2028,451,1581.64296997033
2028,452,1587.54352892187
2028,453,1558.82456463898
2028,454,1586.01068517679
2028,455,1564.00882348817
2028,456,1562.66053663063
2028,457,1546.28521206663
2028,458,1570.46029270705
2028,459,1524.92787814341
2028,460,1578.45395745409
2028,461,1561.975677137
2028,462,1532.16662010256
2028,463,1523.83187161342
2028,464,1592.30418930781
2028,465,1578.13073019546
2028,466,1548.24179433102
2028,467,1547.01418066592
2028,468,1534.62787801041
2028,469,1560.52528011778
2028,470,1525.1977402748
2028,471,1548.68915957651
2028,472,1561.95157107073
2028,473,1554.63632863501
2028,474,1582.10444641989
2028,475,1585.56505024249
2028,476,1574.67778569486
2028,477,1549.23537948334
2028,478,1592.2470492176
2028,479,1577.63098476009
2028,480,1573.91933427154
2028,481,1551.40874580558
2028,482,1520.63422708763
2028,483,1568.16386323821
2028,484,1539.98904520142
2028,485,1572.03763929128
2028,486,1540.83911831045
2028,487,1592.23290149492
2028,488,1546.81426595276
2028,489,1556.34928170175
2028,490,1583.44540628013
2028,491,1566.82377815587
2028,492,1557.48104920369
2028,493,1517.82630488937
2028,494,1538.03247250607
2028,495,1544.56835429553
2028,496,1549.98949990919
2028,497,1566.56267917793
2028,498,1549.50110423515
2028,499,1520.772216565
2028,500,1525.66322473538
2029,334,1552.85281812763
2029,335,1588.45690368287
2029,336,1521.6138586855
2029,337,1560.7075340425
2029,338,1528.03984732154
2029,339,1561.91618526229
2029,340,1563.39323419399
2029,341,1549.63383634595
2029,342,1559.47720738352
2029,343,1519.06369402093
2029,344,1550.62858815878
2029,345,1575.46825513642
2029,346,1568.27706364294
2029,347,1545.10694919756
2029,348,1537.88723350697
2029,349,1588.53353292439
2029,350,1541.55233032643
2029,351,1542.17652120094
2029,352,1566.01503531148
2029,353,1591.60699365972
2029,354,1544.36870803058
2029,355,1554.23334484911
2029,356,1547.50162382019
2029,357,1579.99263128839
2029,358,1550.97863845431
2029,359,1554.63112900228
2029,360,1526.38603246529
2029,361,1529.81531365009
2029,362,1530.48986298227
2029,363,1533.18514586999
2029,364,1588.10188909285
2029,365,1584.42360394101
2029,366,1519.63311476915
2029,367,1527.54102012424
2029,368,1571.54368398236
2029,369,1532.3113083399
2029,370,1584.85646529638
2029,371,1550.26311568179
2029,372,1529.66233946898
2029,373,1538.35565783133
2029,374,1527.66569008983
2029,375,1579.04789161888
2029,376,1517.68442851424
2029,377,1535.11451869612
2029,378,1524.16535282644
2029,379,1566.70133223952
2029,380,1562.84457165884
2029,381,1534.55447002305
2029,382,1525.30067035657
2029,383,1576.97358477822
2029,384,1574.71115255836
2029,385,1588.56185736096
2029,386,1521.16039721053
2029,387,1534.1269447348
2029,388,1537.97660818838
2029,389,1578.66456040376
2029,390,1552.98028678246
2029,391,1566.46535584839
2029,392,1581.70653488652
2029,393,1527.70336852865
2029,394,1583.4041662912
2029,395,1527.887460119
2029,396,1554.29941944798
2029,397,1535.65970825255
2029,398,1564.26105852695
2029,399,1537.6215363616
2029,400,1557.73239501335
2029,401,1584.80262306597
2029,402,1533.13016483406
2029,403,1569.85487543561
2029,404,1532.11986472006
2029,405,1573.22491483696
2029,406,1558.9921623322
2029,407,1537.08722984904
2029,408,1564.03008829269
2029,409,1588.07255601821
2029,410,1588.55372720272
2029,411,1532.34983096763
2029,412,1519.95764430603
2029,413,1574.61521235577
2029,414,1557.87415450051
2029,415,1574.09812416523
2029,416,1548.67923001109
2029,417,1523.83222671566
2029,418,1524.16036232802
2029,419,1522.354092558
2029,420,1587.45429994209
2029,421,1552.26707050568
2029,422,1534.15590818497
2029,423,1547.0782940537
2029,424,1531.8110508628
2029,425,1566.81417633479
2029,426,1549.56627689351
2029,427,1561.28407604459
2029,428,1534.18482061204
2029,429,1545.52316907231
2029,430,1549.99602784655
2029,431,1537.52800210894
2029,432,1520.29029642048
2029,433,1553.11740945317
2029,434,1533.16937062793
2029,435,1584.36567228278
2029,436,1538.13742213641
2029,437,1585.00885154024
2029,438,1578.45590984178
2029,439,1565.81589835425
2029,440,1517.53450955808
2029,441,1565.47090825674
2029,442,1569.10405022432
2029,443,1569.48024610718
2029,444,1558.66928737078
2029,445,1538.97891475606
2029,446,1531.9511717525
2029,447,1566.03592129531
2029,448,1524.53515498715
2029,449,1518.99682515554
2029,450,1590.05705545764
2029,451,1562.09161617144
2029,452,1588.16569490407
2029,453,1589.5057953608
2029,454,1527.44761318076
2029,455,1533.8016696643
2029,456,1550.0024899368
2029,457,1556.63192350146
2029,458,1590.3778808141
2029,459,1523.45591706942
2029,460,1576.13226457897
2029,461,1590.87526283654
2029,462,1534.15180169619
2029,463,1577.79336180063
2029,464,1549.50346471878
2029,465,1575.00596647171
2029,466,1551.23731014281
2029,467,1528.15207882018
2029,468,1558.73955113571
2029,469,1545.14206006008
2029,470,1562.81247204626
2029,471,1559.59155740556
2029,472,1573.67958957495
2029,473,1546.58213294597
2029,474,1570.79034614135
2029,475,1585.71603526876
2029,476,1569.935421436
2029,477,1554.59599940999
2029,478,1593.20407637968
2029,479,1558.82886739089
2029,480,1564.89160262825
2029,481,1569.3661670543
2029,482,1525.56935190883
2029,483,1533.95163769068
2029,484,1573.79396521506
2029,485,1536.69767165111
2029,486,1547.17004400727
2029,487,1517.26251397273
2029,488,1552.04927834236
2029,489,1565.24556000708
2029,490,1527.83688091635
2029,491,1551.2138120218
2029,492,1560.20323773459
2029,493,1568.92350235974
2029,494,1566.32003584082
2029,495,1532.30405391825
2029,496,1574.08520119197
2029,497,1556.67495260064
2029,498,1588.19072796081
2029,499,1521.38207692848
2029,500,1532.14853877309
2030,334,1543.76144906351
2030,335,1541.55704655355
2030,336,1570.10321262283
2030,337,1575.10716530136
2030,338,1523.17829147496
2030,339,1561.05318106673
2030,340,1529.24608746069
2030,341,1591.24013377723
2030,342,1592.08593930371
2030,343,1566.24108970011
2030,344,1581.27118170834
2030,345,1562.30583345188
2030,346,1544.09563604267
2030,347,1586.68560406242
2030,348,1555.35509527943
2030,349,1529.972768223
2030,350,1553.66397539028
2030,351,1566.70929082951
2030,352,1525.71487836996
2030,353,1562.88823226196
2030,354,1525.76189797537
2030,355,1535.62573939116
2030,356,1542.61485589222
2030,357,1560.01512089473
2030,358,1584.90953213206
2030,359,1533.31992270358
2030,360,1577.28038260209
2030,361,1568.39047023494
2030,362,1530.71773298687
2030,363,1533.9189964238
2030,364,1576.41061172229
2030,365,1528.74313831146
2030,366,1526.23218826417
2030,367,1542.4378794131
2030,368,1522.79917190162
2030,369,1536.09791093002
2030,370,1544.80945199166
2030,371,1547.29338034222
2030,372,1535.11463222871
2030,373,1566.00166861133
2030,374,1541.09935994425
2030,375,1527.77038721446
2030,376,1575.25577212616
2030,377,1535.84164583057
2030,378,1567.68345715149
2030,379,1549.78895749131
2030,380,1544.19567169147
2030,381,1526.72953138905
2030,382,1542.82375358065
2030,383,1553.295287571
2030,384,1590.50324298229
2030,385,1521.72111907237
2030,386,1517.95854141577
2030,387,1574.04687905268
2030,388,1535.41032031635
2030,389,1558.67883097866
2030,390,1520.57997063637
2030,391,1526.59831770337
2030,392,1572.20297767713
2030,393,1585.72828345545
2030,394,1555.96703544628
2030,395,1517.99165664348
2030,396,1523.33458670173
2030,397,1536.01972921248
2030,398,1569.04879449101
2030,399,1553.46935616011
2030,400,1537.42994348946
2030,401,1588.4152340987
2030,402,1581.80560406143
2030,403,1583.65593065353
2030,404,1572.59544477702
2030,405,1560.16595718354
2030,406,1592.89810664244
2030,407,1526.83837931478
2030,408,1531.99244566806
2030,409,1536.78277459569
2030,410,1571.12295751189
2030,411,1539.29345147239
2030,412,1569.18039021073
2030,413,1524.67865760342
2030,414,1527.08951268802
2030,415,1557.80132797043
2030,416,1558.21078348663
2030,417,1575.79437574508
2030,418,1523.62046214743
2030,419,1547.93478893514
2030,420,1581.27495720391
2030,421,1574.62779162442
2030,422,1525.83647878366
2030,423,1522.14034073453
2030,424,1562.00286006953
2030,425,1558.68802054951
2030,426,1540.50388473659
2030,427,1543.08637183587
2030,428,1586.93519862971
2030,429,1563.11169070444
2030,430,1559.02473118322
2030,431,1571.74743950562
2030,432,1542.87334876912
2030,433,1544.34475471402
2030,434,1579.46007452692
2030,435,1584.08166587285
2030,436,1525.40401600845
2030,437,1569.51331810551
2030,438,1583.88231298179
2030,439,1566.02258995981
2030,440,1581.38057125287
2030,441,1565.18150515205
2030,442,1568.92109461673
2030,443,1556.76436048079
2030,444,1539.9199167446
2030,445,1539.33850363528
2030,446,1540.95686120816
2030,447,1591.47080857821
2030,448,1573.87858921013
2030,449,1558.79714233821
2030,450,1522.83818681162
2030,451,1544.27710770213
2030,452,1558.67317245769
2030,453,1531.94388770053
2030,454,1556.07995332442
2030,455,1544.25946459602
2030,456,1588.92274155913
2030,457,1585.659240765
2030,458,1540.96320475937
2030,459,1544.26018277174
2030,460,1534.7424444989
2030,461,1554.72789691868
2030,462,1531.16906995556
2030,463,1538.88341490723
2030,464,1550.11089386933
2030,465,1592.48286840293
2030,466,1530.23605327578
2030,467,1580.20875973327
2030,468,1591.5773747031
2030,469,1580.61915999327
2030,470,1521.61561001665
2030,471,1553.8372624065
2030,472,1556.59740231602
2030,473,1560.49619159536
2030,474,1569.46944916699
2030,475,1542.20949363857
2030,476,1563.34072657066
2030,477,1531.60614485232
2030,478,1546.29676895614
2030,479,1588.61025563723
2030,480,1571.74539146295
2030,481,1528.72910053518
2030,482,1568.91315623003
2030,483,1557.4720233186
2030,484,1535.36763630653
2030,485,1561.43819732204
2030,486,1561.4234922156
2030,487,1541.15411506898
2030,488,1563.32986621555
2030,489,1565.13316853312
2030,490,1521.97727530836
2030,491,1561.31723542485
2030,492,1527.70756822245
2030,493,1539.18256384806
2030,494,1580.17399813214
2030,495,1580.56091406548
2030,496,1583.61438330108
2030,497,1537.18512568817
2030,498,1555.97221526628
2030,499,1573.84722341396
2030,500,1551.09241250486
2031,334,1557.1371843304
2031,335,1546.22515726913
2031,336,1553.99432493248
2031,337,1587.20138679686
2031,338,1546.76058062634
2031,339,1578.41896871678
2031,340,1539.4701796711
2031,341,1549.17395025803
2031,342,1565.15487047805
2031,343,1543.73917441369
2031,344,1533.83183883232
2031,345,1519.12609790443
2031,346,1523.81942052385
2031,347,1560.76123213357
2031,348,1524.25813403583
2031,349,1572.83459857155
2031,350,1525.34929191655
2031,351,1528.92911663765
2031,352,1520.71179881828
2031,353,1518.77511167075
2031,354,1564.238126045
2031,355,1524.56298199299
2031,356,1592.8876012653
2031,357,1547.9897743029
2031,358,1539.21971096503
2031,359,1556.94099685925
2031,360,1522.07099611309
2031,361,1562.90467446137
2031,362,1519.12597441222
2031,363,1558.75253262397
2031,364,1576.01004134272
2031,365,1574.39418221465
2031,366,1575.3515960444
2031,367,1590.41636129541
2031,368,1589.45175093764
2031,369,1558.58276836681
2031,370,1539.27035763036
2031,371,1542.24061495353
2031,372,1529.09199801497
2031,373,1587.93095194376
2031,374,1522.6960664879
2031,375,1536.94462010133
2031,376,1577.57360041947
2031,377,1554.88232330497
2031,378,1529.70270407639
2031,379,1580.19338536154
2031,380,1578.80621198614
2031,381,1563.75935759706
2031,382,1537.95740616179
2031,383,1575.31233409672
2031,384,1592.21400945933
2031,385,1523.19766295715
2031,386,1572.5413579944
2031,387,1539.60115542655
2031,388,1552.88793648206
2031,389,1586.15670015648
2031,390,1583.67204067026
2031,391,1517.36323493582
2031,392,1576.64286969482
2031,393,1536.98646920724
2031,394,1560.26882267868
2031,395,1557.21687808187
2031,396,1520.37244943514
2031,397,1538.83320925253
2031,398,1543.95046912212
2031,399,1523.0793441057
2031,400,1582.3360708291
2031,401,1526.90725602928
2031,402,1552.06299151663
2031,403,1548.9784461128
2031,404,1519.55778713125
2031,405,1588.80175336924
2031,406,1570.50120431251
2031,407,1588.99027061785
2031,408,1565.48925483881
2031,409,1592.26987136257
2031,410,1528.93912396268
2031,411,1564.88042360075
2031,412,1574.93177818969
2031,413,1535.37604737581
2031,414,1581.77534712091
2031,415,1586.03425583793
2031,416,1565.72188122858
2031,417,1559.69269811079
2031,418,1533.08900881841
2031,419,1531.91066868681
2031,420,1592.3395854842
2031,421,1569.1895030339
2031,422,1533.07178989276
2031,423,1543.45952176101
2031,424,1581.21703342816
2031,425,1553.21071532691
2031,426,1550.30534856158
2031,427,1525.47067247293
2031,428,1565.55236356527
2031,429,1525.28773172487
2031,430,1561.28411110743
2031,431,1577.11192831039
2031,432,1577.44773671953
2031,433,1577.37731743537
2031,434,1523.12084721683
2031,435,1531.10751159247
2031,436,1587.78976819731
2031,437,1550.1743325238
2031,438,1555.78446544116
2031,439,1561.47155097706
2031,440,1540.87089703147
2031,441,1537.77287331226
2031,442,1534.9385665135
2031,443,1558.19009365941
2031,444,1525.90163441657
2031,445,1582.19229559259
2031,446,1535.86444686682
2031,447,1586.53650062353
2031,448,1525.73591621583
2031,449,1517.12462881396
2031,450,1591.44050718334
2031,451,1580.58884508811
2031,452,1540.64171024414
2031,453,1536.68446258283
2031,454,1570.22915830768
2031,455,1530.37138939273
2031,456,1590.01655777121
2031,457,1529.09221016735
2031,458,1535.3261364265
2031,459,1577.58753838649
2031,460,1526.16711814908
2031,461,1560.16012524798
2031,462,1587.12186908748
2031,463,1559.8938137129
2031,464,1555.89649600753
2031,465,1558.52556266027
2031,466,1591.45239132011
2031,467,1548.52992185848
2031,468,1581.02733741127
2031,469,1538.90210666743
2031,470,1570.74328868583
2031,471,1574.44928374249
2031,472,1559.10652634388
2031,473,1549.24972506697
2031,474,1543.28040323531
2031,475,1526.65847855931
2031,476,1556.39637564038
2031,477,1548.14850967252
2031,478,1552.20565683228
2031,479,1567.40619372509
2031,480,1557.55500065619
2031,481,1562.28722676567
2031,482,1581.84230750476
2031,483,1536.77218320363
2031,484,1592.83545236589
2031,485,1556.27199469911
2031,486,1546.14509465659
2031,487,1573.43852758078
2031,488,1582.23620440511
2031,489,1574.95204088938
2031,490,1567.65642588571
2031,491,1548.84736792059
2031,492,1538.40998012971
2031,493,1575.70624459613
2031,494,1557.16261637563
2031,495,1519.57694639006
2031,496,1543.81175367531
2031,497,1559.48390099502
2031,498,1558.92080196141
2031,499,1529.8611499246
2031,500,1571.20933885648
2032,334,1548.21157516961
2032,335,1549.066819364
2032,336,1545.94639810637
2032,337,1558.63247279156
2032,338,1551.20487992759
2032,339,1524.56503717249
2032,340,1550.51633267538
2032,341,1574.03969749072
2032,342,1592.19036545915
2032,343,1528.75664638142
2032,344,1557.17538814371
2032,345,1580.25505304968
2032,346,1549.4566458326
2032,347,1547.8815988558
2032,348,1588.89557107168
2032,349,1540.002452752
2032,350,1517.47661115185
2032,351,1586.87858647047
2032,352,1520.26040450632
2032,353,1522.09603653746
2032,354,1561.00892700508
2032,355,1533.71784069915
2032,356,1533.94491920675
2032,357,1537.56680939367
2032,358,1568.57730945592
2032,359,1533.41265667133
2032,360,1557.06925731289
2032,361,1572.4430015982
2032,362,1556.40850683258
2032,363,1521.67141647622
2032,364,1585.10734852511
2032,365,1557.73007603702
2032,366,1571.00913895372
2032,367,1545.46069124617
2032,368,1556.64639351822
2032,369,1581.34992611789
2032,370,1584.70212043341
2032,371,1539.64849572823
2032,372,1548.09219035456
2032,373,1534.34375865376
2032,374,1570.31190879314
2032,375,1543.30983949234
2032,376,1577.17863925985
2032,377,1517.44209005517
2032,378,1569.36663304388
2032,379,1518.89405458749
2032,380,1591.42360895397
2032,381,1575.82848143144
2032,382,1528.1865317618
2032,383,1531.50312406875
2032,384,1542.04989085867
2032,385,1533.58871888913
2032,386,1574.56735924896
2032,387,1592.55423188055
2032,388,1529.82639263753
2032,389,1555.42763649564
2032,390,1576.47477252924
2032,391,1583.86822783961
2032,392,1588.03066208513
2032,393,1592.65101108807
2032,394,1558.4067680549
2032,395,1589.56976244333
2032,396,1562.32668730217
2032,397,1538.12458052669
2032,398,1523.85673698989
2032,399,1524.71591260741
2032,400,1568.42673479803
2032,401,1588.36371009898
2032,402,1573.36304799208
2032,403,1546.40824929336
2032,404,1580.58149549082
2032,405,1545.88946805588
2032,406,1526.81989086579
2032,407,1538.88975810338
2032,408,1531.75271194303
2032,409,1543.06388322284
2032,410,1526.73560026064
2032,411,1536.45451824288
2032,412,1562.82035765229
2032,413,1578.24110378968
2032,414,1518.27904147785
2032,415,1523.71391681188
2032,416,1565.00946852107
2032,417,1540.05141913503
2032,418,1570.43778552403
2032,419,1564.73828891458
2032,420,1537.52773378501
2032,421,1549.66883069332
2032,422,1574.89268747295
2032,423,1524.53881941785
2032,424,1562.18570047573
2032,425,1591.74791330754
2032,426,1521.98571673585
2032,427,1519.13785300994
2032,428,1559.39725912021
2032,429,1584.30732420229
2032,430,1558.07392431094
2032,431,1560.44054246586
2032,432,1557.55937509608
2032,433,1530.98648647565
2032,434,1563.60822502282
2032,435,1517.62088531037
2032,436,1548.72010740588
2032,437,1572.72883283809
2032,438,1527.45627634742
2032,439,1550.22035638007
2032,440,1581.55454617537
2032,441,1552.58617362871
2032,442,1559.72951222842
2032,443,1561.77977398553
2032,444,1564.92217314595
2032,445,1553.19893300553
2032,446,1547.96235093692
2032,447,1522.67823274646
2032,448,1551.99778249944
2032,449,1518.52138290173
2032,450,1583.82078479937
2032,451,1564.37032323001
2032,452,1583.28550027325
2032,453,1582.1017147495
2032,454,1583.18410294354
2032,455,1569.0804666565
2032,456,1547.09032158416
2032,457,1548.20365047073
2032,458,1519.30996079629
2032,459,1590.9151958781
2032,460,1553.74667904243
2032,461,1573.41768885633
2032,462,1564.17426026301
2032,463,1582.7089066267
2032,464,1577.88363774793
2032,465,1541.22022817484
2032,466,1521.2404136644
2032,467,1529.83520576663
2032,468,1550.90516426475
2032,469,1571.11193998649
2032,470,1564.42647499198
2032,471,1526.62728763351
2032,472,1576.98983282715
2032,473,1558.60151709747
2032,474,1570.89380722542
2032,475,1587.15618435197
2032,476,1545.88684681124
2032,477,1568.8082081975
2032,478,1521.96703928485
2032,479,1590.37027594159
2032,480,1568.99423337474
2032,481,1529.03794459087
2032,482,1577.82779377556
2032,483,1579.89963022168
2032,484,1574.52977754807
2032,485,1531.86244657691
2032,486,1566.95323859303
2032,487,1592.12444563387
2032,488,1521.43156543714
2032,489,1517.34940911663
2032,490,1586.77607604206
2032,491,1522.58879193387
2032,492,1533.08616684653
2032,493,1549.37385082178
2032,494,1521.92236754045
2032,495,1531.96337392254
2032,496,1522.75145970305
2032,497,1551.61244355948
2032,498,1572.10355739449
2032,499,1538.23561454503
2032,500,1524.3102300303
2033,334,1529.84261517491
2033,335,1570.21700435571
2033,336,1548.15007942254
2033,337,1533.55850132551
2033,338,1565.79458286395
2033,339,1526.85948297227
2033,340,1577.1590291018
2033,341,1582.99547658293
2033,342,1545.77589250539
2033,343,1561.99511189208
2033,344,1551.31390265267
2033,345,1541.32090235789
2033,346,1572.69664406825
2033,347,1582.46796485813
2033,348,1559.59276054918
2033,349,1580.1526180552
2033,350,1588.92244170527
2033,351,1558.17733925409
2033,352,1536.80113289496
2033,353,1543.51258502827
2033,354,1532.9917412521
2033,355,1532.00574096429
2033,356,1566.37467769926
2033,357,1584.71820497411
2033,358,1583.35118193752
2033,359,1526.13014403838
2033,360,1575.84314059224
2033,361,1588.109364295
2033,362,1559.74611143834
2033,363,1565.26265938175
2033,364,1544.38266921896
2033,365,1551.59969849241
2033,366,1537.41472872023
2033,367,1536.97313749892
2033,368,1569.09134739244
2033,369,1557.27327315331
2033,370,1526.72794429402
2033,371,1557.60138939679
2033,372,1531.55416366868
2033,373,1526.17027080434
2033,374,1577.30588017488
2033,375,1541.06632916917
2033,376,1562.79163854129
2033,377,1567.95564610618
2033,378,1554.87255211707
2033,379,1592.19977529565
2033,380,1579.35012600084
2033,381,1546.1925365251
2033,382,1590.76865722824
2033,383,1564.49849168586
2033,384,1590.88953371413
2033,385,1532.00738256206
2033,386,1583.27560076423
2033,387,1537.93461085987
2033,388,1540.7861859918
2033,389,1590.68585760155
2033,390,1578.95465951025
2033,391,1591.08296123382
2033,392,1590.85213465956
2033,393,1566.10509949698
2033,394,1524.65909969343
2033,395,1548.12457393176
2033,396,1527.33010794696
2033,397,1591.26141532315
2033,398,1546.54793842192
2033,399,1526.2460116689
2033,400,1527.87785540413
2033,401,1542.96174446053
2033,402,1561.99621361089
2033,403,1541.58404723033
2033,404,1543.41621340185
2033,405,1546.52210067745
2033,406,1575.5148087345
2033,407,1564.07322433797
2033,408,1542.18422256285
2033,409,1526.19995015781
2033,410,1559.08427170207
2033,411,1573.49159038646
2033,412,1547.87164805739
2033,413,1580.57874814423
2033,414,1540.75072597441
2033,415,1592.86872215414
2033,416,1574.60970022881
2033,417,1561.82713882232
2033,418,1525.0698524992
2033,419,1562.29011044013
2033,420,1558.55534677617
2033,421,1529.26449690733
2033,422,1517.98464182086
2033,423,1555.81912591928
2033,424,1525.6112228691
2033,425,1520.21874019489
2033,426,1530.9362004516
2033,427,1529.81187614254
2033,428,1517.62745924663
2033,429,1551.53096584623
2033,430,1536.59356226844
2033,431,1523.26195821011
2033,432,1570.58391421384
2033,433,1585.90231595203
2033,434,1546.12566730464
2033,435,1582.14667867831
2033,436,1592.95381797963
2033,437,1532.23836131792
2033,438,1525.12131583577
2033,439,1568.6176241232
2033,440,1550.32600687662
2033,441,1522.85677579775
2033,442,1563.66936992845
2033,443,1565.54453977636
2033,444,1549.96156024068
2033,445,1559.65284249154
2033,446,1529.64322920938
2033,447,1537.92855448662
2033,448,1575.37374901285
2033,449,1538.84928544916
2033,450,1586.59031679204
2033,451,1574.34861080217
2033,452,1566.40375627981
2033,453,1572.37962760138
2033,454,1546.10038935838
2033,455,1580.85282589416
2033,456,1579.29964351837
2033,457,1551.10339015626
2033,458,1550.41497358636
2033,459,1580.54562228228
2033,460,1533.15819364207
2033,461,1558.23271572784
2033,462,1591.00685789939
2033,463,1536.41959666644
2033,464,1561.29650217297
2033,465,1522.62657321777
2033,466,1540.63650945745
2033,467,1571.6728950029
2033,468,1547.7271556571
2033,469,1546.53638545589
2033,470,1538.72153455179
2033,471,1543.23990902854
2033,472,1541.25612282942
2033,473,1539.44037998552
2033,474,1523.63533340735
2033,475,1556.41945881265
2033,476,1519.32575727134
2033,477,1522.37906708198
2033,478,1551.90378497346
2033,479,1571.88970638313
2033,480,1580.60782429258
2033,481,1576.21669248843
2033,482,1539.31834473935
2033,483,1528.62642590617
2033,484,1573.70775625537
2033,485,1589.81536435624
2033,486,1557.77414862407
2033,487,1566.98411507174
2033,488,1523.85448609761
2033,489,1586.06113170876
2033,490,1558.98467113429
2033,491,1541.56101627062
2033,492,1533.93477724041
2033,493,1525.66373819738
2033,494,1571.16198777852
2033,495,1560.11560035919
2033,496,1557.39530756507
2033,497,1577.4714309439
2033,498,1535.78233051279
2033,499,1584.02462243181
2033,500,1557.2685931785
2034,334,1518.32091868729
2034,335,1552.49349125215
2034,336,1517.40368380057
2034,337,1537.60886559225
2034,338,1569.88596291272
2034,339,1557.8872311289
2034,340,1519.63069935669
2034,341,1585.62847481857
2034,342,1519.73216189441
2034,343,1520.03934876489
2034,344,1540.13613862529
2034,345,1586.89994534992
2034,346,1534.61906021219
2034,347,1552.09194894842
2034,348,1540.52809645296
2034,349,1577.44699605033
2034,350,1550.58715322046
2034,351,1569.76187891376
2034,352,1556.24977986028
2034,353,1576.89519076628
2034,354,1582.80623084391
2034,355,1553.94936474962
2034,356,1592.80754190162
2034,357,1553.31728290757
2034,358,1592.7106874377
2034,359,1539.34834629812
2034,360,1577.07759435163
2034,361,1527.35127945771
2034,362,1565.5522381202
2034,363,1584.31728701971
2034,364,1558.06183911764
2034,365,1530.66322101184
2034,366,1586.78188452546
2034,367,1589.37417906496
2034,368,1517.15419903767
2034,369,1563.85385028136
2034,370,1544.6402620727
2034,371,1588.67927073899
2034,372,1564.39683318682
2034,373,1533.12463374654
2034,374,1581.09538202689
2034,375,1571.10888964371
2034,376,1582.71482495
2034,377,1537.65147825141
2034,378,1574.1819391585
2034,379,1517.87921341855
2034,380,1582.86121713483
2034,381,1587.30490071486
2034,382,1545.18449916262
2034,383,1566.60920245331
2034,384,1520.9820734662
2034,385,1562.51472947149
2034,386,1541.62696728852
2034,387,1589.85986705336
2034,388,1592.36934295235
2034,389,1554.24160657732
2034,390,1575.54379270752
2034,391,1549.23700419769
2034,392,1541.49115360682
2034,393,1528.42466647931
2034,394,1528.78063337606
2034,395,1525.44085018735
2034,396,1526.87952075494
2034,397,1562.67797170314
2034,398,1570.96043494725
2034,399,1535.84774605455
2034,400,1548.38441336373
2034,401,1532.84027388543
2034,402,1567.94724643454
2034,403,1539.94368150297
2034,404,1588.15604314286
2034,405,1533.87071258554
2034,406,1563.31702698479
2034,407,1580.51523576016
2034,408,1523.86384512405
2034,409,1573.94713171807
2034,410,1537.33569707945
2034,411,1552.04230300316
2034,412,1542.18003685868
2034,413,1522.54381864905
2034,414,1567.23053599931
2034,415,1563.33751627031
2034,416,1546.97216831808
2034,417,1541.8407141233
2034,418,1586.82659575328
2034,419,1519.51946880892
2034,420,1523.21537817732
2034,421,1542.20667011241
2034,422,1571.4180739776
2034,423,1542.03767075776
2034,424,1582.42703468268
2034,425,1589.64594163777
2034,426,1560.12024102811
2034,427,1569.86296879118
2034,428,1523.26551285418
2034,429,1577.00982555185
2034,430,1528.81141260199
2034,431,1539.41759759027
2034,432,1542.37347714303
2034,433,1577.10548983208
2034,434,1578.2288588341
2034,435,1528.57651607532
2034,436,1529.08857859807
2034,437,1566.83722085805
2034,438,1550.8437920809
2034,439,1519.28014832831
2034,440,1553.17209122111
2034,441,1542.72792641355
2034,442,1556.39360455758
2034,443,1563.29915115019
2034,444,1553.33816235818
2034,445,1591.05404653432
2034,446,1552.88201176756
2034,447,1563.79880441023
2034,448,1579.75312086482
2034,449,1573.4100381447
2034,450,1580.16485603372
2034,451,1589.28639396405
2034,452,1535.23662381942
2034,453,1586.47088986609
2034,454,1538.2567463238
2034,455,1565.25758361406
2034,456,1567.10186354399
2034,457,1559.18100693458
2034,458,1559.41730409298
2034,459,1576.05821837691
2034,460,1552.52464083043
2034,461,1585.84124120758
2034,462,1531.41434529583
2034,463,1565.82317225131
2034,464,1576.48155286579
2034,465,1582.77888679984
2034,466,1564.27962035048
2034,467,1575.95785691888
2034,468,1563.90186283088
2034,469,1578.81254635888
2034,470,1542.02353663413
2034,471,1517.14908508255
2034,472,1583.20689442849
2034,473,1532.79926950103
2034,474,1590.34841918756
2034,475,1518.11795198029
2034,476,1522.60985383551
2034,477,1519.18767714544
2034,478,1578.10156705576
2034,479,1566.06844782238
2034,480,1578.07755957378
2034,481,1561.03631142023
2034,482,1563.94252024407
2034,483,1521.93169771772
2034,484,1571.01601134133
2034,485,1592.37190937469
2034,486,1583.83766371311
2034,487,1535.54453479524
2034,488,1559.63803473531
2034,489,1582.54542523986
2034,490,1518.47761418079
2034,491,1554.5654267974
2034,492,1521.56116983611
2034,493,1522.57619027825
2034,494,1571.20246144468
2034,495,1577.72164909713
2034,496,1525.48937396195
2034,497,1527.13877104243
2034,498,1538.62975706279
2034,499,1564.73871210086
2034,500,1578.06341634268
2035,334,1529.83312523536
2035,335,1586.43849872596
2035,336,1521.113447429
2035,337,1540.48253565697
2035,338,1591.02510382005
2035,339,1538.09113173154
2035,340,1555.95942043661
2035,341,1543.13512530314
2035,342,1528.46900009366
2035,343,1573.74058599167
2035,344,1523.38153321665
2035,345,1544.9005558303
2035,346,1546.94896481369
2035,347,1571.47088926626
2035,348,1533.37118097135
2035,349,1530.28474263576
2035,350,1556.734152646
2035,351,1573.51527928482
2035,352,1562.14856010503
2035,353,1573.45813970945
2035,354,1570.34815894052
2035,355,1551.09133649288
2035,356,1557.41440019561
2035,357,1529.18869459847
2035,358,1522.92796186628
2035,359,1533.31323676151
2035,360,1543.21114729179
2035,361,1577.51902602371
2035,362,1589.42825347351
2035,363,1547.65282754981
2035,364,1576.53128461292
2035,365,1534.85304897526
2035,366,1564.80592428028
2035,367,1536.31133231063
2035,368,1534.976417497
2035,369,1588.95415637226
2035,370,1578.07463714378
2035,371,1540.57211862053
2035,372,1554.07759436572
2035,373,1546.98530789979
2035,374,1580.10362717256
2035,375,1552.27230239621
2035,376,1588.55234780398
2035,377,1575.45884455429
2035,378,1574.48735367789
2035,379,1589.11572453528
2035,380,1539.72157147966
2035,381,1551.20834484629
2035,382,1584.0964915067
2035,383,1562.19596643137
2035,384,1521.38108904406
2035,385,1519.65828507693
2035,386,1568.00187089471
2035,387,1584.6586537855
2035,388,1554.19535238927
2035,389,1537.21290069448
2035,390,1541.00302835161
2035,391,1522.72928195094
2035,392,1585.00079489857
2035,393,1560.05559134754
2035,394,1582.46396325607
2035,395,1533.69822562343
2035,396,1541.47401702115
2035,397,1518.00883173613
2035,398,1548.1473328571
2035,399,1593.11774985739
2035,400,1518.70567588592
2035,401,1580.44282929177
2035,402,1538.25433708951
2035,403,1527.02158508464
2035,404,1544.48455687807
2035,405,1559.66298916252
2035,406,1592.85228982559
2035,407,1517.77517313187
2035,408,1551.88719604272
2035,409,1579.49440374554
2035,410,1519.36654318319
2035,411,1530.76902594466
2035,412,1535.77438367551
2035,413,1579.39882200057
2035,414,1544.94657278052
2035,415,1536.98989164221
2035,416,1553.91325842202
2035,417,1545.38266998328
2035,418,1567.87192186797
2035,419,1539.71250321736
2035,420,1584.05044781995
2035,421,1538.55537273068
2035,422,1527.92606423454
2035,423,1581.83075931438
2035,424,1589.85984512799
2035,425,1577.54901760511
2035,426,1550.09672201986
2035,427,1586.27788929638
2035,428,1552.2483299238
2035,429,1585.60839536882
2035,430,1590.24875729976
2035,431,1532.54306449662
2035,432,1534.86551306027
2035,433,1530.30786099514
2035,434,1560.47649348728
2035,435,1517.08317564296
2035,436,1544.83327443062
2035,437,1524.893245396
2035,438,1556.55439633168
2035,439,1548.14158693645
2035,440,1539.72853231438
2035,441,1520.86049222611
2035,442,1553.560148694
2035,443,1520.91820635271
2035,444,1541.82060625046
2035,445,1577.07951039823
2035,446,1536.9138916677
2035,447,1590.98496159093
2035,448,1540.09999221065
2035,449,1566.78487260642
2035,450,1583.37159099572
2035,451,1539.85098133757
2035,452,1534.736501676
2035,453,1589.31335929394
2035,454,1564.58258311633
2035,455,1587.42437864616
2035,456,1592.01434476641
2035,457,1533.012781903
2035,458,1547.09628967006
2035,459,1591.89782548192
2035,460,1530.85549445814
2035,461,1561.78924505328
2035,462,1556.26458843317
2035,463,1551.36339913259
2035,464,1567.27037746916
2035,465,1530.20268417536
2035,466,1522.89294717359
2035,467,1588.51154974885
2035,468,1562.06255179355
2035,469,1548.55432278991
2035,470,1555.11731971192
2035,471,1558.24092531451
2035,472,1568.7392815251
2035,473,1526.03606124312
2035,474,1592.90689674546
2035,475,1540.42940324047
2035,476,1558.00974221775
2035,477,1563.39057712312
2035,478,1590.92968719886
2035,479,1551.78078792253
2035,480,1540.97297894759
2035,481,1590.59115051021
2035,482,1579.21814643623
2035,483,1535.93748267323
2035,484,1526.62014894586
2035,485,1532.25048134327
2035,486,1557.36385321526
2035,487,1574.79953775755
2035,488,1581.08692167434
2035,489,1525.38146932426
2035,490,1536.18413826442
2035,491,1592.51555756831
2035,492,1554.09823993386
2035,493,1584.95747540806
2035,494,1567.0617858305
2035,495,1527.0135161399
2035,496,1548.34970085058
2035,497,1527.81860415815
2035,498,1518.532703086
2035,499,1550.00953673318
2035,500,1549.05181857574
2036,334,1533.03946163496
2036,335,1561.92306073897
2036,336,1585.75062883456
2036,337,1540.70084186815
2036,338,1564.10768288964
2036,339,1555.00258220554
2036,340,1548.92972516964
2036,341,1529.38609950468
2036,342,1580.4741869214
2036,343,1557.10255131669
2036,344,1543.78849280989
2036,345,1580.74155273838
2036,346,1531.55115035935
2036,347,1530.36401575742
2036,348,1548.87988619235
2036,349,1517.60324273686
2036,350,1568.11733905741
2036,351,1569.63236191446
2036,352,1564.18630721562
2036,353,1542.40849629181
2036,354,1549.87791404614
2036,355,1574.018313295
2036,356,1560.26526320571
2036,357,1573.07123975412
2036,358,1557.20564725014
2036,359,1556.23849814749
2036,360,1563.77866969435
2036,361,1582.35386473205
2036,362,1558.19877093998
2036,363,1547.15576196284
2036,364,1523.34702225713
2036,365,1527.9529509349
2036,366,1590.06332199488
2036,367,1526.28441492319
2036,368,1541.69489661397
2036,369,1584.8228572538
2036,370,1581.60534342451
2036,371,1530.49598671167
2036,372,1544.96894462985
2036,373,1584.44379671031
2036,374,1519.03000044278
2036,375,1537.71043344275
2036,376,1525.13944433585
2036,377,1528.17737686322
2036,378,1524.1348523634
2036,379,1576.99593305113
2036,380,1517.1286925172
2036,381,1539.54336314977
2036,382,1583.12089978708
2036,383,1579.51635977623
2036,384,1539.38856965999
2036,385,1577.95852835194
2036,386,1575.82775668698
2036,387,1519.46776255345
2036,388,1561.23743124763
2036,389,1557.13017318272
2036,390,1573.42353478152
2036,391,1575.12155956463
2036,392,1576.76922404373
2036,393,1555.33873270373
2036,394,1581.69478514252
2036,395,1580.32172373458
2036,396,1566.32015084693
2036,397,1572.02255561269
2036,398,1533.20141513415
2036,399,1545.26639619193
2036,400,1545.3734690503
2036,401,1578.55131504757
2036,402,1522.76587280261
2036,403,1551.2236523412
2036,404,1555.6117802808
2036,405,1591.11063861454
2036,406,1545.48046720263
2036,407,1527.25240482387
2036,408,1579.36109482884
2036,409,1562.63959996102
2036,410,1521.68359878027
2036,411,1564.82265960503
2036,412,1520.85631712069
2036,413,1532.61090532169
2036,414,1587.57958999622
2036,415,1556.96387327616
2036,416,1582.44811755101
2036,417,1565.9059822637
2036,418,1586.69267846524
2036,419,1550.62421334607
2036,420,1517.64423769424
2036,421,1534.8253719141
2036,422,1566.26417257057
2036,423,1571.44607942222
2036,424,1582.58059104895
2036,425,1530.81993997524
2036,426,1540.94113927937
2036,427,1562.63141185589
2036,428,1589.97492330314
2036,429,1553.84385278236
2036,430,1584.48091891934
2036,431,1575.75737653116
2036,432,1530.50449425258
2036,433,1530.95149353079
2036,434,1526.38490143572
2036,435,1534.20212074145
2036,436,1545.1481165931
2036,437,1561.06044610487
2036,438,1538.49337495476
2036,439,1592.55334918465
2036,440,1546.05392933814
2036,441,1570.7665118254
2036,442,1552.84783961271
2036,443,1533.57402118583
2036,444,1584.07822774394
2036,445,1549.31366516443
2036,446,1531.45834367393
2036,447,1545.55688354614
2036,448,1576.30253594243
2036,449,1536.41831837294
2036,450,1588.95120104533
2036,451,1550.52224215751
2036,452,1568.7792182771
2036,453,1521.4668906712
2036,454,1566.2566727623
2036,455,1560.35693880831
2036,456,1523.07276445286
2036,457,1555.65567751813
2036,458,1571.21826642358
2036,459,1588.76984215507
2036,460,1578.23200287899
2036,461,1591.95824898072
2036,462,1586.97491563091
2036,463,1572.39607466521
2036,464,1554.65441955128
2036,465,1532.2528572368
2036,466,1523.59042859714
2036,467,1543.68912188152
2036,468,1520.96014173983
2036,469,1570.90748604698
2036,470,1522.09547697004
2036,471,1566.39305471055
2036,472,1520.17057588984
2036,473,1530.03459700491
2036,474,1537.23521637226
2036,475,1529.43668948361
2036,476,1572.57058533016
2036,477,1540.06910800925
2036,478,1541.37434476541
2036,479,1577.86504574373
2036,480,1555.52411955976
2036,481,1542.32168048757
2036,482,1517.07030885902
2036,483,1578.25824882593
2036,484,1518.51078916623
2036,485,1523.22352813053
2036,486,1585.11399915578
2036,487,1564.73468445465
2036,488,1550.27546928779
2036,489,1586.69265824419
2036,490,1555.41819014053
2036,491,1522.5615979055
2036,492,1572.63456757404
2036,493,1519.04614422636
2036,494,1576.57391839855
2036,495,1579.86313301886
2036,496,1577.82559767007
2036,497,1547.62888543561
2036,498,1559.66284690503
2036,499,1576.60587582466
2036,500,1536.93853608614
2037,334,1581.79176386204
2037,335,1591.39120737489
2037,336,1570.37561184805
2037,337,1574.8296804376
2037,338,1588.06540500975
2037,339,1554.30326499822
2037,340,1587.35849800249
2037,341,1524.81441873524
2037,342,1524.89830479511
2037,343,1571.81421269828
2037,344,1593.14433851474
2037,345,1544.61118888916
2037,346,1582.5392583521
2037,347,1524.78990354333
2037,348,1547.81381159255
2037,349,1587.72423184409
2037,350,1522.48290130568
2037,351,1569.99185000799
2037,352,1540.26612843145
2037,353,1556.14148045939
2037,354,1551.13331402643
2037,355,1533.03372957967
2037,356,1519.04334594545
2037,357,1562.65816064833
2037,358,1541.10944826001
2037,359,1534.89626897606
2037,360,1542.52440180795
2037,361,1575.37262705524
2037,362,1528.31891331521
2037,363,1552.61407262433
2037,364,1571.53694799364
2037,365,1537.16521988381
2037,366,1577.02763823783
2037,367,1578.13780356859
2037,368,1591.72760073872
2037,369,1565.18323398972
2037,370,1542.3219664228
2037,371,1554.80520107105
2037,372,1591.89765515641
2037,373,1553.66694910966
2037,374,1571.70199233098
2037,375,1539.83510477721
2037,376,1561.9531184693
2037,377,1555.81298713505
2037,378,1586.83927877244
2037,379,1541.01749307787
2037,380,1581.25994215972
2037,381,1562.11323114277
2037,382,1537.07688297369
2037,383,1538.79213009108
2037,384,1565.10519637601
2037,385,1531.75501893585
2037,386,1551.45380318796
2037,387,1549.99600483823
2037,388,1558.85322163105
2037,389,1573.96489696714
2037,390,1533.27965293449
2037,391,1522.00752227151
2037,392,1550.49203199704
2037,393,1577.07925862041
2037,394,1577.32851738334
2037,395,1585.86471933833
2037,396,1565.48297335326
2037,397,1556.7943856515
2037,398,1546.26894127568
2037,399,1582.70901536589
2037,400,1551.06973149892
2037,401,1521.72235562777
2037,402,1520.44647507884
2037,403,1544.1709231142
2037,404,1530.86154463546
2037,405,1549.7920200839
2037,406,1583.75441996895
2037,407,1587.79786925783
2037,408,1539.61018523512
2037,409,1556.19690674901
2037,410,1573.29974328653
2037,411,1527.97391570804
2037,412,1567.4329170415
2037,413,1569.02447953898
2037,414,1528.42339365385
2037,415,1518.20227732873
2037,416,1530.00919872653
2037,417,1582.21892975174
2037,418,1585.04296972494
2037,419,1518.9260032612
2037,420,1563.87639604238
2037,421,1539.76355052224
2037,422,1534.65150010297
2037,423,1538.3017777508
2037,424,1568.05919647179
2037,425,1535.42444348617
2037,426,1581.61658119779
2037,427,1534.85100860204
2037,428,1519.01954331921
2037,429,1552.55545178157
2037,430,1549.88717736434
2037,431,1578.26469573707
2037,432,1571.98850029255
2037,433,1572.55455131546
2037,434,1586.4168708657
2037,435,1531.99090892149
2037,436,1522.25236474993
2037,437,1568.7561822932
2037,438,1566.23455464365
2037,439,1583.85999164069
2037,440,1576.01440861026
2037,441,1563.17661447878
2037,442,1538.54942183001
2037,443,1563.87024749381
2037,444,1553.87837380802
2037,445,1526.71894837656
2037,446,1522.4669687158
2037,447,1586.18340426377
2037,448,1570.73794191345
2037,449,1589.41293108355
2037,450,1549.18039303264
2037,451,1587.27423656606
2037,452,1550.67858354296
2037,453,1549.39182568449
2037,454,1531.54122207217
2037,455,1539.11261115709
2037,456,1576.00495231329
2037,457,1519.92047938247
2037,458,1536.32232744907
2037,459,1584.7902323555
2037,460,1519.03056801695
2037,461,1559.31469490277
2037,462,1552.09497257243
2037,463,1589.77961859889
2037,464,1521.06356277238
2037,465,1569.59415723124
2037,466,1555.82983409278
2037,467,1547.09090103532
2037,468,1592.63001702193
2037,469,1521.54894194149
2037,470,1536.56905508329
2037,471,1528.2829742773
2037,472,1585.89678648006
2037,473,1578.00758023504
2037,474,1546.56559370682
2037,475,1520.49592195593
2037,476,1564.29370765856
2037,477,1584.00522442613
2037,478,1581.02128238728
2037,479,1546.10345944287
2037,480,1539.44175915347
2037,481,1533.05229016047
2037,482,1518.64085097992
2037,483,1522.81285244526
2037,484,1519.07836482793
2037,485,1525.79255875104
2037,486,1576.12386701998
2037,487,1570.3533729712
2037,488,1529.48534434885
2037,489,1524.7538127854
2037,490,1550.46461292737
2037,491,1532.2626938635
2037,492,1562.82161320376
2037,493,1573.7097860476
2037,494,1544.89433690751
2037,495,1540.92303520787
2037,496,1551.21233499745
2037,497,1544.98895734481
2037,498,1552.88495866165
2037,499,1529.48321764115
2037,500,1579.49751723694
2038,334,1541.83506597028
2038,335,1537.87456042968
2038,336,1572.46355815112
2038,337,1579.21285354523
2038,338,1593.1489610575
2038,339,1519.75946098702
2038,340,1519.0215713006
2038,341,1586.53253928604
2038,342,1589.28447809498
2038,343,1565.29426037412
2038,344,1520.78128630083
2038,345,1528.21424661981
2038,346,1523.20771944118
2038,347,1522.81541551221
2038,348,1582.37677223506
2038,349,1575.48411960675
2038,350,1584.54856284216
2038,351,1523.70117545526
2038,352,1568.65572889064
2038,353,1544.25517636633
2038,354,1547.65861707265
2038,355,1559.65623321905
2038,356,1546.51289289168
2038,357,1548.56054276015
2038,358,1551.13414241487
2038,359,1530.54868931989
2038,360,1567.73559781335
2038,361,1577.51818918468
2038,362,1574.39253067501
2038,363,1523.55280810521
2038,364,1558.62143744182
2038,365,1524.60537206081
2038,366,1565.83604311852
2038,367,1555.17654564164
2038,368,1579.40251142796
2038,369,1558.46031614803
2038,370,1577.81063908149
2038,371,1551.27490624165
2038,372,1574.64489291646
2038,373,1588.54472013618
2038,374,1590.70630671127
2038,375,1588.88526669782
2038,376,1575.04669276785
2038,377,1525.14841422691
2038,378,1567.17918912464
2038,379,1519.4091223063
2038,380,1570.94950333025
2038,381,1539.51142660158
2038,382,1567.02165549612
2038,383,1571.05057222323
2038,384,1577.51009650374
2038,385,1517.69046065418
2038,386,1551.04545198255
2038,387,1517.21048261816
2038,388,1532.37306854067
2038,389,1592.92364643266
2038,390,1585.41769135298
2038,391,1542.20888240894
2038,392,1547.58660467507
2038,393,1591.97741969043
2038,394,1544.68328478068
2038,395,1541.58562131217
2038,396,1528.26797439446
2038,397,1572.39460571864
2038,398,1559.10311445439
2038,399,1524.30592722512
2038,400,1537.37375934541
2038,401,1536.52818471883
2038,402,1546.65532560311
2038,403,1589.52598566238
2038,404,1563.83291503202
2038,405,1533.49753068664
2038,406,1586.69938304831
2038,407,1532.92284804474
2038,408,1573.51204491095
2038,409,1592.95726310336
2038,410,1526.48180232461
2038,411,1540.17268802292
2038,412,1550.33083819862
2038,413,1547.14036724579
2038,414,1524.89728603765
2038,415,1573.41534266414
2038,416,1568.33684155941
2038,417,1548.45116083181
2038,418,1571.17442592591
2038,419,1562.06889223793
2038,420,1574.51740466195
2038,421,1574.45041999153
2038,422,1531.6126281578
2038,423,1542.26906788876
2038,424,1519.81064944868
2038,425,1571.88750188032
2038,426,1584.86373139973
2038,427,1522.27598618561
2038,428,1586.49530590561
2038,429,1532.75284779249
2038,430,1524.73617005211
2038,431,1532.1203996636
2038,432,1535.41673841382
2038,433,1552.42107432705
2038,434,1590.90128340487
2038,435,1540.90579277681
2038,436,1562.79236035645
2038,437,1592.95878374765
2038,438,1548.71135334213
2038,439,1568.40809287145
2038,440,1532.03010786257
2038,441,1549.67615527616
2038,442,1530.37418801096
2038,443,1540.29728717045
2038,444,1547.82217039601
2038,445,1533.43801802277
2038,446,1544.15671325483
2038,447,1558.2731619651
2038,448,1584.5483108868
2038,449,1569.19169993829
2038,450,1547.82792263684
2038,451,1518.17857316249
2038,452,1592.44511880874
2038,453,1583.47229598081
2038,454,1589.62922459896
2038,455,1582.88099756513
2038,456,1553.96576817575
2038,457,1566.43341511042
2038,458,1525.19724935953
2038,459,1526.31778979345
2038,460,1589.98334935624
2038,461,1580.72831915275
2038,462,1523.40180800636
2038,463,1542.38242175334
2038,464,1531.28577614718
2038,465,1576.83509804765
2038,466,1543.87302496694
2038,467,1547.05992625639
2038,468,1535.04814113656
2038,469,1555.56112010518
2038,470,1586.34771986215
2038,471,1541.82619205376
2038,472,1549.15038888188
2038,473,1569.58394664825
2038,474,1590.45780344159
2038,475,1563.44568055056
2038,476,1541.04272083545
2038,477,1533.78587743229
2038,478,1559.11857611927
2038,479,1534.00856243292
2038,480,1579.82916128143
2038,481,1520.35877380918
2038,482,1550.66590909866
2038,483,1564.27815864727
2038,484,1526.32051851679
2038,485,1521.38149513388
2038,486,1560.17873852068
2038,487,1586.92674800599
2038,488,1571.14194404849
2038,489,1571.55110198326
2038,490,1568.20114625696
2038,491,1573.90059674324
2038,492,1520.30528222493
2038,493,1584.81786803362
2038,494,1534.74525607706
2038,495,1553.44645114257
2038,496,1519.44388103138
2038,497,1554.7534419994
2038,498,1578.24625548839
2038,499,1558.56408514597
2038,500,1524.95999598866
2039,334,1534.16043938681
2039,335,1537.11185617683
2039,336,1580.58623472627
2039,337,1576.2508051696
2039,338,1535.67359003026
2039,339,1530.82993881419
2039,340,1567.43396216267
2039,341,1584.1275310853
2039,342,1542.55482264727
2039,343,1568.72675191253
2039,344,1519.50112998506
2039,345,1565.82554056416
2039,346,1532.97781846419
2039,347,1520.99443989011
2039,348,1586.12921625163
2039,349,1541.96450519221
2039,350,1527.10660671893
2039,351,1569.85590789865
2039,352,1522.01862558102
2039,353,1517.54897426659
2039,354,1590.31209600294
2039,355,1589.53391197681
2039,356,1587.77367170862
2039,357,1592.21008375278
2039,358,1534.89627565132
2039,359,1588.37083987446
2039,360,1533.04731013652
2039,361,1564.52075122759
2039,362,1534.48023291936
2039,363,1523.40573245243
2039,364,1520.50478518495
2039,365,1582.52062542646
2039,366,1543.48056186156
2039,367,1580.60869889296
2039,368,1556.57544243286
2039,369,1591.09835983885
2039,370,1583.10451485993
2039,371,1551.94927724156
2039,372,1554.95977456148
2039,373,1521.41137050194
2039,374,1534.97577404507
2039,375,1562.45673043935
2039,376,1554.04968381268
2039,377,1537.35970839616
2039,378,1537.50329621069
2039,379,1518.55241726085
2039,380,1572.91278398179
2039,381,1556.48649903325
2039,382,1577.48544770022
2039,383,1584.1286837917
2039,384,1582.64439144541
2039,385,1527.62145147359
2039,386,1590.72321939186
2039,387,1561.80951519162
2039,388,1533.65184677144
2039,389,1591.14838261643
2039,390,1558.76359119507
2039,391,1538.30038452221
2039,392,1538.51086273693
2039,393,1521.18995465184
2039,394,1567.6728014746
2039,395,1577.02579822877
2039,396,1536.36645860437
2039,397,1577.21712982506
2039,398,1590.78620336562
2039,399,1579.54654540159
2039,400,1531.83701153137
2039,401,1589.70443962744
2039,402,1526.52953753151
2039,403,1568.88124371986
2039,404,1564.25253513231
2039,405,1547.56230992634
2039,406,1565.18140312362
2039,407,1553.71970174679
2039,408,1520.86219035051
2039,409,1534.43209826239
2039,410,1585.17028246997
2039,411,1586.99542398352
2039,412,1537.82202763212
2039,413,1581.26013070016
2039,414,1589.19480331117
2039,415,1559.66084306818
2039,416,1518.64180953582
2039,417,1542.12437698841
2039,418,1562.35110373227
2039,419,1533.70779733485
2039,420,1548.48483528962
2039,421,1551.79021837064
2039,422,1518.5315077361
2039,423,1546.90323214765
2039,424,1574.20725255817
2039,425,1571.84886639463
2039,426,1583.46344269366
2039,427,1528.14638651462
2039,428,1552.01296568548
2039,429,1588.5264004149
2039,430,1560.51155478248
2039,431,1518.03317182688
2039,432,1556.52766218574
2039,433,1539.32694379871
2039,434,1532.74221652644
2039,435,1533.65931451719
2039,436,1570.1360201142
2039,437,1593.2656165456
2039,438,1568.24337565709
2039,439,1540.40328953813
2039,440,1530.70829675116
2039,441,1522.21611014645
2039,442,1568.09383701291
2039,443,1521.83760748381
2039,444,1576.23049279608
2039,445,1530.97626502762
2039,446,1559.94660924209
2039,447,1524.97045554444
2039,448,1519.85431718864
2039,449,1580.16484381942
2039,450,1578.82034893255
2039,451,1523.5678941805
2039,452,1544.20911794432
2039,453,1529.66471028505
2039,454,1517.29070683932
2039,455,1543.73072428707
2039,456,1573.04543322001
2039,457,1547.00784437582
2039,458,1517.86338912401
2039,459,1572.96811271683
2039,460,1518.92458187582
2039,461,1543.01238812555
2039,462,1536.21290170549
2039,463,1547.38117178107
2039,464,1526.73434126502
2039,465,1573.52492255994
2039,466,1523.91167248852
2039,467,1588.8822523588
2039,468,1573.85816657063
2039,469,1586.29443838863
2039,470,1521.36667250035
2039,471,1561.76388979124
2039,472,1546.31263678186
2039,473,1531.68391605946
2039,474,1541.07016689019
2039,475,1527.54743685471
2039,476,1540.44696974093
2039,477,1530.92775195828
2039,478,1530.05074224426
2039,479,1570.11652382605
2039,480,1547.24442624449
2039,481,1522.57648519668
2039,482,1539.1645147764
2039,483,1579.15372122885
2039,484,1523.20183918104
2039,485,1570.50232012747
2039,486,1534.04481421361
2039,487,1538.03016187381
2039,488,1554.31090935415
2039,489,1559.29527472317
2039,490,1581.06635977767
2039,491,1560.41903131603
2039,492,1545.94462231113
2039,493,1573.25816902003
2039,494,1573.69346705635
2039,495,1565.01059772205
2039,496,1590.55124136465
2039,497,1534.56639976814
2039,498,1553.73773647376
2039,499,1539.95011229408
2039,500,1528.99254744514
2040,334,1533.95400911037
2040,335,1579.45093546432
2040,336,1559.10440094993
2040,337,1587.91943696988
2040,338,1571.55653413143
2040,339,1565.12838468354
2040,340,1533.30505140815
2040,341,1560.02000652419
2040,342,1583.69318008297
2040,343,1534.61927605726
2040,344,1577.502687344
2040,345,1561.9485484054
2040,346,1566.85453071628
2040,347,1553.54895619172
2040,348,1566.41275626278
2040,349,1580.90896322266
2040,350,1587.2851973873
2040,351,1577.6876305619
2040,352,1582.36104269008
2040,353,1532.95634896369
2040,354,1530.53294663745
2040,355,1585.6292515803
2040,356,1588.9046147101
2040,357,1525.84864486116
2040,358,1520.9306841788
2040,359,1585.6771570417
2040,360,1534.29595747546
2040,361,1526.56702814003
2040,362,1541.7173988083
2040,363,1522.08562401027
2040,364,1540.50792399348
2040,365,1525.06435161011
2040,366,1534.37683564078
2040,367,1543.26583559296
2040,368,1570.5032575569
2040,369,1530.1985937356
2040,370,1567.63171368502
2040,371,1576.6164679091
2040,372,1573.70515462817
2040,373,1552.86282193751
2040,374,1587.75457304195
2040,375,1552.86781550725
2040,376,1590.29427829277
2040,377,1547.7831612736
2040,378,1559.81184093011
2040,379,1547.8461273165
2040,380,1523.16845191895
2040,381,1518.72525518867
2040,382,1539.68158901282
2040,383,1552.80820042439
2040,384,1560.51699548776
2040,385,1561.58146460008
2040,386,1575.37477389522
2040,387,1540.28185684021
2040,388,1531.9297155315
2040,389,1520.76963991674
2040,390,1538.4856634557
2040,391,1554.91680601894
2040,392,1591.78513081648
2040,393,1570.2003557205
2040,394,1548.53324885151
2040,395,1581.47630006648
2040,396,1542.35634700182
2040,397,1569.34026223773
2040,398,1586.842349212
2040,399,1562.86324744104
2040,400,1538.73788304909
2040,401,1568.40263618817
2040,402,1521.07498718649
2040,403,1528.81301798296
2040,404,1587.0599705172
2040,405,1531.08831045354
2040,406,1537.8845577951
2040,407,1557.17983384549
2040,408,1587.70394988203
2040,409,1529.69297592257
2040,410,1517.10422327093
2040,411,1576.43280167094
2040,412,1517.51042492009
2040,413,1576.81702973137
2040,414,1578.68109724621
2040,415,1565.07480016056
2040,416,1544.2432780269
2040,417,1533.81798948996
2040,418,1590.70292793176
2040,419,1544.84396014615
2040,420,1574.90280936026
2040,421,1541.88571307945
2040,422,1552.61487317553
2040,423,1555.85543388928
2040,424,1562.17021005044
2040,425,1586.02956034671
2040,426,1577.90083881371
2040,427,1533.4853894283
2040,428,1588.82468670336
2040,429,1570.77864312412
2040,430,1550.4315197138
2040,431,1573.94981724754
2040,432,1578.60740577356
2040,433,1526.25176321735
2040,434,1530.69772300592
2040,435,1545.02073111265
2040,436,1524.50649799508
2040,437,1564.98836795266
2040,438,1566.6649092634
2040,439,1543.96733555526
2040,440,1589.92693653146
2040,441,1529.97847329321
2040,442,1574.33294234643
2040,443,1561.1938120808
2040,444,1546.35600527157
2040,445,1531.19682632086
2040,446,1558.55884160925
2040,447,1559.60862640428
2040,448,1577.82180317843
2040,449,1592.85428450172
2040,450,1519.22579561846
2040,451,1549.66535986276
2040,452,1556.24621985471
2040,453,1586.5348778798
2040,454,1553.51177974624
2040,455,1575.21742838106
2040,456,1577.16712838699
2040,457,1575.83199126608
2040,458,1523.32342860542
2040,459,1551.11019527647
2040,460,1527.35011235336
2040,461,1551.01989901936
2040,462,1518.54844276813
2040,463,1527.37964628925
2040,464,1589.73460638101
2040,465,1556.62987840586
2040,466,1577.13142827348
2040,467,1532.54054176525
2040,468,1547.0471757923
2040,469,1539.55664791827
2040,470,1592.93690432261
2040,471,1545.3958654525
2040,472,1574.08790216685
2040,473,1548.31068050806
2040,474,1591.38449022246
2040,475,1523.51183928074
2040,476,1592.77001647881
2040,477,1544.95133617826
2040,478,1548.63746933455
2040,479,1586.87889743791
2040,480,1544.74297632716
2040,481,1583.14784915672
2040,482,1530.46528004363
2040,483,1523.74492693771
2040,484,1526.11505135885
2040,485,1552.48510008436
2040,486,1575.19058137715
2040,487,1586.7863007212
2040,488,1526.55295237162
2040,489,1566.61544804161
2040,490,1536.60523198041
2040,491,1576.18981675963
2040,492,1588.88736152052
2040,493,1527.98903562119
2040,494,1577.10468278316
2040,495,1571.32817848431
2040,496,1531.14960565892
2040,497,1545.36063981466
2040,498,1520.55217471663
2040,499,1569.88156237543
2040,500,1557.63992091894
2041,334,1561.31632799856
2041,335,1552.03878145132
2041,336,1568.77083243531
2041,337,1560.97463276053
2041,338,1546.97407665973
2041,339,1580.59805228802
2041,340,1580.1557608041
2041,341,1527.63129600053
2041,342,1518.30691833506
2041,343,1587.44968226374
2041,344,1592.95373539111
2041,345,1519.83709428625
2041,346,1546.39625922244
2041,347,1543.44921939328
2041,348,1540.80240888425
2041,349,1564.19450581297
2041,350,1563.93108736162
2041,351,1574.53462570023
2041,352,1548.1182341265
2041,353,1573.76950418858
2041,354,1557.12323333244
2041,355,1527.24839965338
2041,356,1562.83112245894
2041,357,1559.791924527
2041,358,1531.99153580956
2041,359,1571.18687669592
2041,360,1522.8988730243
2041,361,1586.57531951894
2041,362,1539.59358613172
2041,363,1525.6306973384
2041,364,1585.88426340071
2041,365,1575.66147856376
2041,366,1549.43710095356
2041,367,1581.863713111
2041,368,1565.14712995229
2041,369,1548.46909464881
2041,370,1581.74742351917
2041,371,1589.46182698584
2041,372,1592.24301145199
2041,373,1584.56233882773
2041,374,1526.77489583313
2041,375,1580.2143143262
2041,376,1579.93555858984
2041,377,1519.13708216007
2041,378,1567.06557030926
2041,379,1536.46187440891
2041,380,1546.9690567973
2041,381,1552.97434042664
2041,382,1588.15439510063
2041,383,1545.37780283505
2041,384,1567.86546900947
2041,385,1555.41269999221
2041,386,1570.64203609907
2041,387,1537.08409828474
2041,388,1568.36558087371
2041,389,1530.56911522601
2041,390,1535.28024834775
2041,391,1534.04279482484
2041,392,1527.96039831757
2041,393,1523.64683243873
2041,394,1542.18641190431
2041,395,1550.69604137525
2041,396,1586.78785937538
2041,397,1550.71595314474
2041,398,1546.7785812669
2041,399,1545.44773922846
2041,400,1566.98107996131
2041,401,1559.43406400611
2041,402,1555.48420334837
2041,403,1527.5229368064
2041,404,1578.08605166929
2041,405,1549.11470639743
2041,406,1549.61807420585
2041,407,1546.2785571574
2041,408,1559.01080843081
2041,409,1552.89751158436
2041,410,1538.57818445444
2041,411,1554.89280989908
2041,412,1538.21708217429
2041,413,1529.57457945353
2041,414,1586.35729897671
2041,415,1530.98093664061
2041,416,1546.99156817011
2041,417,1529.86003212127
2041,418,1549.80016171079
2041,419,1528.49094822412
2041,420,1571.67183704607
2041,421,1567.85154789037
2041,422,1586.01295399994
2041,423,1576.91505632383
2041,424,1570.87276336117
2041,425,1590.09518800905
2041,426,1547.29942721742
2041,427,1556.81280731243
2041,428,1535.34930547166
2041,429,1577.90670668202
2041,430,1520.25549570875
2041,431,1529.26119807109
2041,432,1584.33274692701
2041,433,1519.00143154276
2041,434,1536.37392858704
2041,435,1571.56886039729
2041,436,1584.22201068539
2041,437,1533.89346558126
2041,438,1577.8874462647
2041,439,1543.41677747861
2041,440,1590.66462116685
2041,441,1576.59828155089
2041,442,1568.62331159986
2041,443,1554.57882735316
2041,444,1577.0721472729
2041,445,1583.89375955207
2041,446,1535.89352787958
2041,447,1532.49659488958
2041,448,1522.84205998605
2041,449,1532.95585158621
2041,450,1564.01026759782
2041,451,1518.86299688273
2041,452,1559.66823988934
2041,453,1588.74201308985
2041,454,1584.89278418468
2041,455,1580.23472661551
2041,456,1551.97331863243
2041,457,1580.86658020291
2041,458,1549.89310974828
2041,459,1556.84402792182
2041,460,1553.17446638675
2041,461,1560.73206709427
2041,462,1531.52343264306
2041,463,1524.82940965265
2041,464,1573.90358360009
2041,465,1529.69048923047
2041,466,1592.82045970865
2041,467,1589.22471130985
2041,468,1554.63102118627
2041,469,1577.78790582748
2041,470,1573.62523977665
2041,471,1566.95285923974
2041,472,1533.21800898257
2041,473,1552.87799722331
2041,474,1568.70276301828
2041,475,1589.60922558957
2041,476,1549.28863562285
2041,477,1555.67130187459
2041,478,1524.77609588581
2041,479,1564.07987930046
2041,480,1575.60107235671
2041,481,1531.03858097884
2041,482,1591.25010603942
2041,483,1547.95151176155
2041,484,1520.35230658823
2041,485,1564.90289788684
2041,486,1579.89846460861
2041,487,1582.59303455785
2041,488,1589.90287140439
2041,489,1575.09587812054
2041,490,1563.16697535794
2041,491,1547.78539210461
2041,492,1580.22312676292
2041,493,1570.7567315833
2041,494,1541.00557018557
2041,495,1527.75590970579
2041,496,1566.59835731281
2041,497,1549.14532831104
2041,498,1526.58592944286
2041,499,1528.35412723585
2041,500,1572.71546319089
2042,334,1518.92606797211
2042,335,1551.73684342581
2042,336,1561.68090334619
2042,337,1583.59587539444
2042,338,1548.11875392645
2042,339,1575.80962655358
2042,340,1544.3245703243
2042,341,1559.53635292613
2042,342,1569.31122418804
2042,343,1543.07017047822
2042,344,1580.57561803571
2042,345,1542.2346504183
2042,346,1537.2069416983
2042,347,1559.61498607552
2042,348,1520.67667902584
2042,349,1590.67582499576
2042,350,1568.29403810514
2042,351,1572.03360244885
2042,352,1518.02764166254
2042,353,1580.85333988876
2042,354,1569.32200726287
2042,355,1564.16252017681
2042,356,1543.48097959757
2042,357,1553.15282791
2042,358,1520.49595588256
2042,359,1586.10749420992
2042,360,1576.40821317551
2042,361,1524.64963975703
2042,362,1538.2003453405
2042,363,1586.49206231776
2042,364,1544.72523882656
2042,365,1523.34212714739
2042,366,1564.51552899487
2042,367,1569.10492223271
2042,368,1577.4466968356
2042,369,1584.45015852971
2042,370,1553.22802349858
2042,371,1532.98566479983
2042,372,1571.60977883779
2042,373,1580.81682670794
2042,374,1563.15914091703
2042,375,1571.74675846987
2042,376,1549.09629240594
2042,377,1551.7018480665
2042,378,1572.57480345192
2042,379,1575.54108473783
2042,380,1567.38459189122
2042,381,1518.84899360119
2042,382,1553.04465036801
2042,383,1545.21493276659
2042,384,1574.88506230837
2042,385,1592.41018982915
2042,386,1570.29731610082
2042,387,1570.08865545495
2042,388,1564.13630778368
2042,389,1581.74091503946
2042,390,1517.67772343408
2042,391,1534.7699938603
2042,392,1566.72879047304
2042,393,1560.56142218285
2042,394,1564.48876363856
2042,395,1562.99876224531
2042,396,1580.90230099906
2042,397,1526.5971156072
2042,398,1539.46588483717
2042,399,1556.6013971008
2042,400,1554.06615473699
2042,401,1525.5943084842
2042,402,1580.63554149403
2042,403,1535.68975060849
2042,404,1531.58004281393
2042,405,1568.80640248788
2042,406,1566.51199414764
2042,407,1571.10360829238
2042,408,1583.13724507103
2042,409,1570.75188227716
2042,410,1589.1800547268
2042,411,1527.58009731295
2042,412,1521.68834438917
2042,413,1587.72360177818
2042,414,1570.47944837968
2042,415,1541.99578948281
2042,416,1590.8736669181
2042,417,1517.05171417407
2042,418,1545.43509489382
2042,419,1579.12774362359
2042,420,1584.67204690261
2042,421,1546.54729935506
2042,422,1559.93429980639
2042,423,1558.29636145723
2042,424,1553.0873586999
2042,425,1584.10806469377
2042,426,1517.14520489555
2042,427,1528.52574133742
2042,428,1582.14069175612
2042,429,1528.85964135165
2042,430,1558.99449433948
2042,431,1533.32220395407
2042,432,1549.27075746256
2042,433,1529.93201897179
2042,434,1539.0730041023
2042,435,1577.24041824365
2042,436,1572.02227740016
2042,437,1566.84983130157
2042,438,1548.82291223786
2042,439,1544.44614087688
2042,440,1593.05930127526
2042,441,1584.73287515973
2042,442,1554.24261594328
2042,443,1577.03556206679
2042,444,1564.33703632754
2042,445,1554.62769966127
2042,446,1567.75773823019
2042,447,1564.60747363153
2042,448,1540.61586772403
2042,449,1520.5130641339
2042,450,1539.0577376176
2042,451,1591.10497767911
2042,452,1550.96100669258
2042,453,1576.20818429064
2042,454,1530.63451700893
2042,455,1520.2395005206
2042,456,1565.61670039655
2042,457,1571.70444037407
2042,458,1547.60227996585
2042,459,1536.53846104242
2042,460,1574.66910731358
2042,461,1581.53133398961
2042,462,1518.03500303029
2042,463,1538.06094931953
2042,464,1533.31503771324
2042,465,1591.88304181696
2042,466,1542.15890035752
2042,467,1542.55831412496
2042,468,1582.87741421393
2042,469,1588.81725105564
2042,470,1570.3063326299
2042,471,1588.98986399543
2042,472,1519.01578349983
2042,473,1540.86654011413
2042,474,1561.59258550315
2042,475,1553.58866101413
2042,476,1543.96122727127
2042,477,1532.51149817652
2042,478,1587.50989929123
2042,479,1555.81175324265
2042,480,1581.74327126229
2042,481,1574.0098430716
2042,482,1568.5110805273
2042,483,1585.90952247518
2042,484,1554.24979649329
2042,485,1526.08953729321
2042,486,1543.91301421556
2042,487,1558.44686778253
2042,488,1547.96138655793
2042,489,1577.35245253823
2042,490,1521.28624798604
2042,491,1557.77562564841
2042,492,1552.06120009845
2042,493,1552.27255618016
2042,494,1555.63761639196
2042,495,1588.51910047369
2042,496,1576.92043483918
2042,497,1535.94687537776
2042,498,1570.27133411049
2042,499,1552.2994643088
2042,500,1549.30756224194
2043,334,1583.92547830232
2043,335,1520.65155093549
2043,336,1589.2009482558
2043,337,1524.39931199469
2043,338,1518.83998967698
2043,339,1577.30610503864
2043,340,1564.99137178171
2043,341,1539.52643761577
2043,342,1564.99578419598
2043,343,1573.43528406394
2043,344,1523.73057029376
2043,345,1521.13153669421
2043,346,1571.90243959098
2043,347,1572.39413040856
2043,348,1522.23090224425
2043,349,1548.04452614326
2043,350,1525.70100175848
2043,351,1539.77960445618
2043,352,1586.50230022313
2043,353,1528.65425811373
2043,354,1568.19384981316
2043,355,1533.4723055743
2043,356,1518.42294356194
2043,357,1567.26964768275
2043,358,1548.49606683148
2043,359,1567.84754087354
2043,360,1537.78542888021
2043,361,1563.05048412372
2043,362,1545.91846015994
2043,363,1551.56636518272
2043,364,1536.57382666532
2043,365,1572.11799612987
2043,366,1564.0048407579
2043,367,1555.61199972979
2043,368,1535.68451784804
2043,369,1526.56645151166
2043,370,1529.45975371307
2043,371,1523.50523894527
2043,372,1561.97291839277
2043,373,1582.40727260932
2043,374,1577.78408967677
2043,375,1536.80421329414
2043,376,1569.22724044931
2043,377,1536.64274009372
2043,378,1537.36646886673
2043,379,1592.68717133256
2043,380,1522.60653065945
2043,381,1570.44911666211
2043,382,1561.65251782038
2043,383,1521.63419124457
2043,384,1593.00474594658
2043,385,1582.65450385245
2043,386,1535.24955078717
2043,387,1575.18682363492
2043,388,1589.34959024997
2043,389,1526.16384718558
2043,390,1575.06500300884
2043,391,1533.85006692863
2043,392,1587.90604491796
2043,393,1527.33936040013
2043,394,1574.07847809218
2043,395,1568.31558728261
2043,396,1582.98372983923
2043,397,1565.70512435128
2043,398,1566.0159112256
2043,399,1545.84724307633
2043,400,1530.33770744301
2043,401,1560.54166328735
2043,402,1538.01371207597
2043,403,1525.42001503132
2043,404,1536.75253800049
2043,405,1561.17158586208
2043,406,1568.90026334868
2043,407,1571.8079214484
2043,408,1553.23092464232
2043,409,1579.38613738361
2043,410,1591.35351198163
2043,411,1582.01713304288
2043,412,1589.88468431829
2043,413,1570.33968495341
2043,414,1555.44130771877
2043,415,1561.30894999593
2043,416,1536.41566321943
2043,417,1587.78184202491
2043,418,1576.92585290895
2043,419,1558.84827993656
2043,420,1547.32077778832
2043,421,1549.65808438565
2043,422,1571.03035543367
2043,423,1585.28512024719
2043,424,1551.28525998754
2043,425,1535.89294077674
2043,426,1570.12175580536
2043,427,1543.3234158949
2043,428,1521.40584965809
2043,429,1529.78195649766
2043,430,1555.71481288809
2043,431,1567.55567085396
2043,432,1545.17516745856
2043,433,1561.36850425586
2043,434,1568.82617192887
2043,435,1553.6895954966
2043,436,1573.94219158587
2043,437,1532.81930671559
2043,438,1557.72326287455
2043,439,1546.44869814036
2043,440,1538.8722934183
2043,441,1517.07766885976
2043,442,1532.63338812938
2043,443,1592.72909736368
2043,444,1565.5789667626
2043,445,1541.85559514755
2043,446,1518.38445869556
2043,447,1582.43037051687
2043,448,1540.12018620493
2043,449,1535.53404198747
2043,450,1530.73407857262
2043,451,1583.40420978688
2043,452,1578.54373431959
2043,453,1589.34126810715
2043,454,1588.88571676265
2043,455,1552.63561613849
2043,456,1560.42842387853
2043,457,1557.73456938876
2043,458,1545.69975733922
2043,459,1589.43336059359
2043,460,1579.02070186907
2043,461,1590.87364247176
2043,462,1536.98693578268
2043,463,1525.17015084411
2043,464,1580.12109198191
2043,465,1585.56702434251
2043,466,1523.84832094967
2043,467,1579.941802101
2043,468,1542.33393094668
2043,469,1590.79691276411
2043,470,1557.25982895985
2043,471,1562.67405315119
2043,472,1592.73523204689
2043,473,1522.71364972976
2043,474,1542.25511516872
2043,475,1552.85349358883
2043,476,1565.12633527387
2043,477,1589.36451297681
2043,478,1522.38797998483
2043,479,1533.15147986277
2043,480,1541.62394524455
2043,481,1580.63122865822
2043,482,1568.95272289597
2043,483,1581.18990908164
2043,484,1553.67435336948
2043,485,1546.16682106562
2043,486,1570.51069522849
2043,487,1536.63979112249
2043,488,1578.9514600927
2043,489,1537.12717293898
2043,490,1551.14728355888
2043,491,1563.10673020916
2043,492,1563.64240221961
2043,493,1584.2090651654
2043,494,1572.81265544754
2043,495,1543.47472009065
2043,496,1553.81772452229
2043,497,1578.85426215498
2043,498,1566.26536392598
2043,499,1554.32614001262
2043,500,1558.561762761
2044,334,1544.20467366281
2044,335,1524.56701192937
2044,336,1532.38330861195
2044,337,1574.44032606572
2044,338,1573.56809077426
2044,339,1541.16272683974
2044,340,1563.22682302727
2044,341,1562.95774948134
2044,342,1592.61610895153
2044,343,1558.24002085303
2044,344,1588.44885710734
2044,345,1573.82389102035
2044,346,1569.71674776627
2044,347,1557.91574547291
2044,348,1582.56677874006
2044,349,1542.72851236243
2044,350,1540.09398732209
2044,351,1582.93246317413
2044,352,1552.59306632613
2044,353,1557.16081711047
2044,354,1531.2592474606
2044,355,1576.69299805149
2044,356,1557.29268994202
2044,357,1555.61796012849
2044,358,1561.93596929652
2044,359,1522.26634798795
2044,360,1551.71387449625
2044,361,1565.99552782098
2044,362,1541.93983327385
2044,363,1554.92045434736
2044,364,1556.17147736679
2044,365,1583.80508000255
2044,366,1544.61667369373
2044,367,1531.79814210996
2044,368,1588.64267038929
2044,369,1541.17328146463
2044,370,1531.23846996741
2044,371,1577.58426039267
2044,372,1583.55753582136
2044,373,1517.31080523188
2044,374,1579.61983767271
2044,375,1571.98015068532
2044,376,1574.82487297608
2044,377,1520.47317036273
2044,378,1574.41816999044
2044,379,1546.86366954722
2044,380,1561.05388116955
2044,381,1520.61740317373
2044,382,1575.80992083289
2044,383,1550.08508445919
2044,384,1561.64728782945
2044,385,1576.33886905116
2044,386,1557.60198851864
2044,387,1590.28033331318
2044,388,1583.33509350885
2044,389,1565.79671479112
2044,390,1521.23891290385
2044,391,1547.11277607528
2044,392,1587.80117377513
2044,393,1540.56083937545
2044,394,1521.71163529323
2044,395,1552.26291077464
2044,396,1582.97442874193
2044,397,1556.81080739907
2044,398,1560.59399483309
2044,399,1575.49175810409
2044,400,1562.45622487759
2044,401,1531.45716673423
2044,402,1581.88420616023
2044,403,1537.37322312363
2044,404,1576.1115795274
2044,405,1548.39996965389
2044,406,1542.14330160137
2044,407,1576.03869270699
2044,408,1562.74322771342
2044,409,1571.43057809639
2044,410,1554.18211260772
2044,411,1537.1465176669
2044,412,1524.17964763552
2044,413,1533.71691905244
2044,414,1540.66468494353
2044,415,1582.11193985471
2044,416,1588.44677472973
2044,417,1530.04723239186
2044,418,1592.53372860539
2044,419,1555.62845295402
2044,420,1578.60746878016
2044,421,1525.11065534773
2044,422,1519.44179870703
2044,423,1534.20193702992
2044,424,1542.23565937593
2044,425,1544.63848581587
2044,426,1536.72716828723
2044,427,1543.61280357194
2044,428,1583.06614965104
2044,429,1572.3399457873
2044,430,1547.36442690502
2044,431,1564.35052060804
2044,432,1572.42323251228
2044,433,1573.36944432396
2044,434,1567.75714906797
2044,435,1550.13682039824
2044,436,1563.9636836948
2044,437,1572.31947603044
2044,438,1525.73654963713
2044,439,1526.04676210225
2044,440,1570.88456386196
2044,441,1567.1232064632
2044,442,1578.21005270691
2044,443,1562.38466497705
2044,444,1572.88677376366
2044,445,1538.65181616935
2044,446,1538.12668751043
2044,447,1542.99619111747
2044,448,1554.49613424649
2044,449,1582.46921898934
2044,450,1571.64804226681
2044,451,1548.50196894598
2044,452,1552.63961527284
2044,453,1546.53368446327
2044,454,1547.94569814743
2044,455,1527.72047312281
2044,456,1535.80008693845
2044,457,1555.06318801335
2044,458,1575.12194085304
2044,459,1518.57577347944
2044,460,1525.09800783524
2044,461,1581.66523141166
2044,462,1576.66275747955
2044,463,1574.8587390634
2044,464,1524.33396776809
2044,465,1568.64160857911
2044,466,1531.14995190224
2044,467,1554.23212175074
2044,468,1540.17686062512
2044,469,1561.73360701961
2044,470,1566.38063658893
2044,471,1552.84844539206
2044,472,1531.62514354995
2044,473,1550.10293703692
2044,474,1550.73337642903
2044,475,1583.06395587124
2044,476,1528.41454137864
2044,477,1549.22902872428
2044,478,1570.40683783669
2044,479,1585.32100000672
2044,480,1558.37746690076
2044,481,1519.57647976136
2044,482,1521.15696754996
2044,483,1529.85518725347
2044,484,1583.76706322064
2044,485,1592.37341594058
2044,486,1574.72245516683
2044,487,1553.27954861676
2044,488,1544.9067234637
2044,489,1567.20477977817
2044,490,1564.94024137346
2044,491,1592.59099328852
2044,492,1542.39529775126
2044,493,1582.46677879322
2044,494,1592.30714712021
2044,495,1555.42525231131
2044,496,1560.41099727436
2044,497,1558.95953816178
2044,498,1535.03951457727
2044,499,1548.5727138441
2044,500,1545.1042591765
2045,334,1582.07465346282
2045,335,1562.91368868251
2045,336,1584.46626318493
2045,337,1530.28126608862
2045,338,1554.84168760411
2045,339,1582.54841873646
2045,340,1578.2096810053
2045,341,1562.69977878333
2045,342,1591.88184808261
2045,343,1579.85836995844
2045,344,1547.63669825295
2045,345,1580.92177131408
2045,346,1532.43072830655
2045,347,1562.76351933329
2045,348,1556.83364136776
2045,349,1562.2989827411
2045,350,1559.03020760821
2045,351,1552.61037616661
2045,352,1587.65927794235
2045,353,1566.98351371297
2045,354,1552.85943113899
2045,355,1544.14562649143
2045,356,1553.28042513449
2045,357,1558.52150600511
2045,358,1549.08447669053
2045,359,1545.11667800825
2045,360,1577.15370262149
2045,361,1572.02458671867
2045,362,1574.5715051679
2045,363,1575.24976445033
2045,364,1551.19155796585
2045,365,1564.96261079059
2045,366,1528.49511392027
2045,367,1560.87228184586
2045,368,1523.49226049284
2045,369,1529.72933255447
2045,370,1588.17604339498
2045,371,1572.94784710559
2045,372,1542.34500437733
2045,373,1528.04928220799
2045,374,1538.56361881821
2045,375,1561.73806087017
2045,376,1585.74128015831
2045,377,1573.7669391155
2045,378,1566.55568210865
2045,379,1557.36889537589
2045,380,1562.69895177966
2045,381,1577.3482124556
2045,382,1538.26713807959
2045,383,1580.17067754807
2045,384,1548.24268075512
2045,385,1542.38501166334
2045,386,1588.49879042586
2045,387,1556.28024870462
2045,388,1576.19362486808
2045,389,1549.43073631139
2045,390,1588.11691738103
2045,391,1536.49023154712
2045,392,1535.57871618183
2045,393,1572.91662422378
2045,394,1543.3354433366
2045,395,1589.94175112273
2045,396,1532.18360940655
2045,397,1592.58411806039
2045,398,1572.40176792946
2045,399,1564.34073488015
2045,400,1535.96555108894
2045,401,1529.02888273753
2045,402,1554.90152263306
2045,403,1551.73732264162
2045,404,1527.88328101908
2045,405,1519.39292231566
2045,406,1536.84213830906
2045,407,1565.84513628875
2045,408,1533.3816462082
2045,409,1522.60087465946
2045,410,1551.38710738209
2045,411,1543.70830872902
2045,412,1572.45171035543
2045,413,1530.85651683728
2045,414,1521.31649700857
2045,415,1520.35544086879
2045,416,1577.04085076801
2045,417,1560.10717661402
2045,418,1534.86990152529
2045,419,1572.96402582773
2045,420,1585.19725326789
2045,421,1571.82276545694
2045,422,1526.2430825814
2045,423,1527.93877542825
2045,424,1557.36947308722
2045,425,1559.23025161892
2045,426,1529.31859111084
2045,427,1551.99366866078
2045,428,1572.97796335091
2045,429,1537.55524971688
2045,430,1580.11687932818
2045,431,1566.4976798809
2045,432,1566.82641268
2045,433,1569.81995998407
2045,434,1523.87994534094
2045,435,1585.29583593036
2045,436,1575.26850936401
2045,437,1557.95346611141
2045,438,1551.89589943844
2045,439,1568.21818470218
2045,440,1588.30228747791
2045,441,1561.64303340212
2045,442,1543.03675891182
2045,443,1545.19438938665
2045,444,1592.39855502024
2045,445,1533.61756019634
2045,446,1545.35213378278
2045,447,1517.26189352912
2045,448,1536.43593609178
2045,449,1543.70780061077
2045,450,1558.02489756656
2045,451,1548.309399232
2045,452,1592.38936060274
2045,453,1520.45542032827
2045,454,1585.12202282951
2045,455,1550.11488437556
2045,456,1553.30107783948
2045,457,1574.85926218322
2045,458,1564.89599686311
2045,459,1543.30538478962
2045,460,1577.62533136984
2045,461,1558.97461493432
2045,462,1566.92263162773
2045,463,1578.55189213753
2045,464,1563.43785933588
2045,465,1525.86740445686
2045,466,1554.03006777828
2045,467,1574.78388545735
2045,468,1547.2726553989
2045,469,1560.84436525669
2045,470,1539.71051468388
2045,471,1571.57996216227
2045,472,1576.96013515224
2045,473,1533.21453699804
2045,474,1574.40662398372
2045,475,1549.10922981266
2045,476,1535.48682753919
2045,477,1532.54664426166
2045,478,1588.86407358126
2045,479,1520.48685367588
2045,480,1538.26655756324
2045,481,1521.08233307334
2045,482,1590.69656447906
2045,483,1554.16373286242
2045,484,1586.84950354034
2045,485,1571.1244229078
2045,486,1522.30287936594
2045,487,1588.14106420896
2045,488,1589.98398963033
2045,489,1545.64475647281
2045,490,1553.4004924588
2045,491,1556.09650992634
2045,492,1546.56045418689
2045,493,1521.45685868678
2045,494,1546.01666590132
2045,495,1588.89048671137
2045,496,1577.44192367352
2045,497,1546.72184850924
2045,498,1550.17469344913
2045,499,1538.90319468066
2045,500,1523.20318685457
2046,334,1589.77285670806
2046,335,1589.68895330317
2046,336,1551.74854322968
2046,337,1548.48520415069
2046,338,1556.35317248749
2046,339,1582.57160743456
2046,340,1517.16494989019
2046,341,1522.48663440629
2046,342,1530.97062479259
2046,343,1589.65590520083
2046,344,1536.60089563918
2046,345,1520.40641330785
2046,346,1573.30388522872
2046,347,1541.57550862108
2046,348,1540.20234610789
2046,349,1547.94298018261
2046,350,1584.09615643022
2046,351,1576.34112001446
2046,352,1529.55696427341
2046,353,1564.27121934734
2046,354,1552.66849249505
2046,355,1537.93641442133
2046,356,1566.94496312373
2046,357,1562.8886975414
2046,358,1565.7649456569
2046,359,1543.91178674987
2046,360,1518.54928042381
2046,361,1523.88338343435
2046,362,1527.02228073138
2046,363,1558.23015397464
2046,364,1535.55771552919
2046,365,1586.86713475172
2046,366,1558.45148915358
2046,367,1555.95170836945
2046,368,1554.35884247525
2046,369,1564.71204460095
2046,370,1538.32477409151
2046,371,1525.9648781039
2046,372,1523.67659940492
2046,373,1571.10290779898
2046,374,1525.82589646356
2046,375,1524.43000524121
2046,376,1536.153105006
2046,377,1542.19459613922
2046,378,1575.59295766163
2046,379,1538.59512587767
2046,380,1532.00904800256
2046,381,1559.06949469461
2046,382,1523.57548525868
2046,383,1533.46991116405
2046,384,1589.57490061401
2046,385,1519.23971366623
2046,386,1538.90231393763
2046,387,1588.96128762126
2046,388,1558.51069013986
2046,389,1518.21894139159
2046,390,1590.40514168379
2046,391,1531.60528154307
2046,392,1528.94338803007
2046,393,1588.36793423912
2046,394,1541.31427991952
2046,395,1569.99911185054
2046,396,1549.2898328191
2046,397,1570.57335584299
2046,398,1558.18719784167
2046,399,1579.74774215419
2046,400,1559.40000011111
2046,401,1549.07143516049
2046,402,1521.15843585741
2046,403,1561.78160151399
2046,404,1567.86146822405
2046,405,1527.44373540821
2046,406,1539.12705457935
2046,407,1521.8873706721
2046,408,1558.32560704342
2046,409,1532.14911875684
2046,410,1540.76733402549
2046,411,1550.19547660564
2046,412,1550.96814397772
2046,413,1546.50568136209
2046,414,1541.01312833131
2046,415,1539.23366263762
2046,416,1538.02375838733
2046,417,1542.97623885262
2046,418,1580.5114885279
2046,419,1566.12797767148
2046,420,1582.63015211551
2046,421,1569.55279879205
2046,422,1518.11645578235
2046,423,1568.10234208611
2046,424,1525.45674803396
2046,425,1565.33384573433
2046,426,1544.72669332192
2046,427,1553.30244892966
2046,428,1537.84770225893
2046,429,1576.24207748731
2046,430,1539.34591027404
2046,431,1578.83107381194
2046,432,1573.93363025234
2046,433,1592.11213160006
2046,434,1578.72710015354
2046,435,1554.69317575966
2046,436,1546.37762532036
2046,437,1558.05662783872
2046,438,1557.82463250905
2046,439,1545.92627588883
2046,440,1591.83673060519
2046,441,1534.50269875486
2046,442,1566.18307687362
2046,443,1547.84326043669
2046,444,1577.87995950513
2046,445,1572.44890479566
2046,446,1575.10410728913
2046,447,1562.71538888386
2046,448,1591.32247565189
2046,449,1578.9670157615
2046,450,1555.49551135386
2046,451,1584.20955893895
2046,452,1584.82007342411
2046,453,1564.04004191389
2046,454,1518.10224810664
2046,455,1522.9507718147
2046,456,1568.49678001939
2046,457,1571.48342351245
2046,458,1585.03592623068
2046,459,1544.55515731728
2046,460,1533.13326678579
2046,461,1522.67871324051
2046,462,1532.86406621473
2046,463,1568.75615642659
2046,464,1560.89942774493
2046,465,1517.34806208222
2046,466,1546.1401841547
2046,467,1537.83310800432
2046,468,1556.28464736006
2046,469,1592.1120387146
2046,470,1576.86824919036
2046,471,1586.30999899286
2046,472,1592.03808767043
2046,473,1583.61732939627
2046,474,1579.09452263926
2046,475,1544.05784675202
2046,476,1525.32257445875
2046,477,1543.23834171073
2046,478,1578.65156334583
2046,479,1554.09238230923
2046,480,1576.64195127922
2046,481,1575.98432210178
2046,482,1518.717934121
2046,483,1536.90915388803
2046,484,1592.24299265121
2046,485,1561.84901114602
2046,486,1562.81693088551
2046,487,1535.74778871573
2046,488,1570.53900608376
2046,489,1571.9250447014
2046,490,1556.22601393019
2046,491,1553.08397977837
2046,492,1578.26813942278
2046,493,1558.29843756792
2046,494,1532.57165905021
2046,495,1576.70700550507
2046,496,1559.32940652468
2046,497,1521.58549927486
2046,498,1578.29024307246
2046,499,1537.11232099469
2046,500,1581.92191373228
2047,334,1586.13236826777
2047,335,1552.63142617352
2047,336,1552.36281314914
2047,337,1591.57743414127
2047,338,1581.8401240929
2047,339,1578.76712615156
2047,340,1536.90281149078
2047,341,1587.52779113935
2047,342,1589.55180112642
2047,343,1543.23883915922
2047,344,1519.61434111281
2047,345,1538.73783049921
2047,346,1563.19180061188
2047,347,1553.46188697635
2047,348,1557.63335275251
2047,349,1582.53941658759
2047,350,1526.51143031768
2047,351,1592.86827409543
2047,352,1587.23730190328
2047,353,1591.75454077011
2047,354,1519.1439164135
2047,355,1550.27337313359
2047,356,1562.92251709723
2047,357,1592.28760859687
2047,358,1543.4666805632
2047,359,1524.8943103654
2047,360,1563.41367029052
2047,361,1576.41287300028
2047,362,1576.02310841981
2047,363,1535.04914146606
2047,364,1553.13806443059
2047,365,1541.6321677379
2047,366,1535.24189755457
2047,367,1588.03642197765
2047,368,1570.07251886147
2047,369,1559.8117307529
2047,370,1554.869407149
2047,371,1562.72444899738
2047,372,1544.69588574391
2047,373,1546.17262077887
2047,374,1535.61884866436
2047,375,1521.39642936489
2047,376,1526.55958851557
2047,377,1570.10458160037
2047,378,1566.96666831753
2047,379,1581.13409873409
2047,380,1524.86657516207
2047,381,1557.55999117237
2047,382,1523.86462479733
2047,383,1534.63883474838
2047,384,1589.236505668
2047,385,1528.30459789451
2047,386,1533.23839283103
2047,387,1539.03362780538
2047,388,1556.72965709286
2047,389,1565.94926203999
2047,390,1522.81396941418
2047,391,1580.12507371799
2047,392,1561.82587048845
2047,393,1555.34021840946
2047,394,1530.06924519772
2047,395,1580.22661600369
2047,396,1567.41030051568
2047,397,1587.42842072583
2047,398,1582.60856082712
2047,399,1538.87971741982
2047,400,1571.97181331014
2047,401,1518.22694850145
2047,402,1575.2176060742
2047,403,1585.7124495031
2047,404,1555.01870979808
2047,405,1575.74649212029
2047,406,1530.63850701807
2047,407,1579.97298310269
2047,408,1568.71616357404
2047,409,1545.16686754292
2047,410,1530.0497195633
2047,411,1565.87127353201
2047,412,1534.41952282845
2047,413,1553.59623362883
2047,414,1551.63068942687
2047,415,1570.59269780138
2047,416,1520.69146167885
2047,417,1584.18282695891
2047,418,1571.24056349587
2047,419,1567.60752863416
2047,420,1567.67396825939
2047,421,1580.52422395491
2047,422,1539.24019607852
2047,423,1548.81727283724
2047,424,1579.9920838465
2047,425,1530.84643835687
2047,426,1527.93128194016
2047,427,1574.32380271572
2047,428,1583.41388001156
2047,429,1589.47476808526
2047,430,1533.91998727302
2047,431,1568.60617233344
2047,432,1524.55364157204
2047,433,1552.06227412205
2047,434,1532.86809608011
2047,435,1552.26949543392
2047,436,1519.4294693876
2047,437,1576.55068068348
2047,438,1525.97895935809
2047,439,1533.49052756346
2047,440,1522.63465581482
2047,441,1536.08449311801
2047,442,1526.60308067503
2047,443,1528.4879685041
2047,444,1531.94294862003
2047,445,1584.73280008087
2047,446,1528.35772839366
2047,447,1563.93335027291
2047,448,1571.69391269874
2047,449,1567.08915689514
2047,450,1531.1028038692
2047,451,1543.2226927659
2047,452,1571.70694368329
2047,453,1538.13774157219
2047,454,1519.41620917196
2047,455,1558.94550384741
2047,456,1535.05166899084
2047,457,1533.44331407387
2047,458,1520.94005696408
2047,459,1534.54142794266
2047,460,1560.51461361136
2047,461,1528.43669976186
2047,462,1527.67142967254
2047,463,1568.9651381238
2047,464,1575.6412088515
2047,465,1541.48014724828
2047,466,1530.40520376458
2047,467,1532.01456920147
2047,468,1590.6915264372
2047,469,1585.6045565471
2047,470,1527.37573478536
2047,471,1577.7971314376
2047,472,1585.7618748809
2047,473,1555.69770958993
2047,474,1579.769721424
2047,475,1568.75979651746
2047,476,1583.51818036686
2047,477,1572.19542393423
2047,478,1585.29786934427
2047,479,1542.64446336243
2047,480,1579.38192682477
2047,481,1575.61151399937
2047,482,1566.39169416585
2047,483,1589.04148837251
2047,484,1519.34397066789
2047,485,1525.13449339187
2047,486,1568.94781814617
2047,487,1559.23095344382
2047,488,1570.98765631576
2047,489,1582.38588138329
2047,490,1536.94558071662
2047,491,1588.4540880747
2047,492,1568.62195251093
2047,493,1553.84142014916
2047,494,1550.17957210153
2047,495,1574.32909771936
2047,496,1551.26520784242
2047,497,1526.5101491659
2047,498,1549.09462989473
2047,499,1570.84695934804
2047,500,1584.88181354585
2048,334,1526.76401183058
2048,335,1521.06027316788
2048,336,1518.4034744364
2048,337,1587.82862087732
2048,338,1538.80550387481
2048,339,1524.60092616375
2048,340,1547.01521763831
2048,341,1565.71836857116
2048,342,1565.02841871659
2048,343,1593.15865897739
2048,344,1583.10141558895
2048,345,1542.13646759648
2048,346,1527.05773196087
2048,347,1579.28575062708
2048,348,1557.29365563477
2048,349,1585.85841385027
2048,350,1579.80466460625
2048,351,1570.20732809489
2048,352,1551.98483394362
2048,353,1550.53554215838
2048,354,1563.40082589353
2048,355,1545.53405664328
2048,356,1534.54754029217
2048,357,1587.17004631695
2048,358,1573.05229252341
2048,359,1535.20042726936
2048,360,1539.8098289436
2048,361,1570.81703031165
2048,362,1551.39405245185
2048,363,1575.7455746101
2048,364,1561.60479367381
2048,365,1540.7168445127
2048,366,1593.03386413483
2048,367,1579.30102220698
2048,368,1581.76143997369
2048,369,1535.42522326597
2048,370,1583.17582108304
2048,371,1523.39299262259
2048,372,1555.38257115977
2048,373,1543.59582030409
2048,374,1571.21873275048
2048,375,1552.87944632166
2048,376,1559.98476955972
2048,377,1587.51150131682
2048,378,1561.42709646248
2048,379,1524.7968837647
2048,380,1528.47970933237
2048,381,1531.49102332352
2048,382,1572.34927479285
2048,383,1522.09991317379
2048,384,1576.7686478947
2048,385,1589.96936198169
2048,386,1563.93897465421
2048,387,1588.68468998049
2048,388,1589.03451780896
2048,389,1538.58460003094
2048,390,1526.05008142584
2048,391,1548.45028667527
2048,392,1534.34286026391
2048,393,1529.27312721256
2048,394,1532.32645507835
2048,395,1585.04521894842
2048,396,1580.04972003595
2048,397,1530.22957314815
2048,398,1525.04732951571
2048,399,1555.04659755583
2048,400,1566.48488489145
2048,401,1565.90844628479
2048,402,1565.91330379297
2048,403,1574.91289442716
2048,404,1570.49270083711
2048,405,1571.42903247315
2048,406,1591.56724795137
2048,407,1578.64087244632
2048,408,1546.96238211085
2048,409,1526.22442968326
2048,410,1558.62606809786
2048,411,1545.15687282275
2048,412,1532.75661941783
2048,413,1532.48742619666
2048,414,1552.0705754047
2048,415,1582.64816014145
2048,416,1538.11245480252
2048,417,1533.75055461269
2048,418,1552.8866544071
2048,419,1533.61019747934
2048,420,1546.30607040852
2048,421,1591.21931497202
2048,422,1528.59184141233
2048,423,1577.72608212303
2048,424,1563.42197478652
2048,425,1582.72425909081
2048,426,1531.55489483985
2048,427,1586.6745613983
2048,428,1533.79563495013
2048,429,1550.50982964594
2048,430,1545.96364476272
2048,431,1573.25352359321
2048,432,1534.68723448042
2048,433,1573.6488546436
2048,434,1530.13893009736
2048,435,1568.22913914997
2048,436,1527.77229026562
2048,437,1589.14502526333
2048,438,1592.910262352
2048,439,1539.7927482987
2048,440,1524.98613777678
2048,441,1561.52296584702
2048,442,1583.27183276056
2048,443,1580.33701569531
2048,444,1526.64311159073
2048,445,1565.45181085055
2048,446,1561.87296847484
2048,447,1524.53243201589
2048,448,1583.04879516092
2048,449,1559.73052443491
2048,450,1575.7013136069
2048,451,1583.11104372047
2048,452,1530.53199397565
2048,453,1560.43584207471
2048,454,1562.45441875964
2048,455,1589.5553242228
2048,456,1553.02649674695
2048,457,1538.35140352827
2048,458,1529.44746613173
2048,459,1560.47797979661
2048,460,1580.23412000175
2048,461,1577.03491792248
2048,462,1583.83645723186
2048,463,1535.36531104552
2048,464,1588.32317307117
2048,465,1534.31668493975
2048,466,1568.17595418359
2048,467,1574.32957434319
2048,468,1522.34446199427
2048,469,1573.90829327624
2048,470,1563.23004002063
2048,471,1552.00169171314
2048,472,1528.92253865362
2048,473,1547.01192315164
2048,474,1592.87511378139
2048,475,1553.19737566509
2048,476,1540.20653822101
2048,477,1555.60540919416
2048,478,1562.82190155345
2048,479,1581.25665180958
2048,480,1579.17414580346
2048,481,1550.24076923748
2048,482,1583.58488662945
2048,483,1521.87438724874
2048,484,1568.12348737518
2048,485,1560.0813854543
2048,486,1574.10947371352
2048,487,1584.16604046904
2048,488,1534.16879689428
2048,489,1537.6297955866
2048,490,1575.4097847887
2048,491,1550.70362693214
2048,492,1546.37462878794
2048,493,1517.71708259903
2048,494,1518.42583327254
2048,495,1568.72699467165
2048,496,1529.65415278411
2048,497,1570.74556555124
2048,498,1553.26007597605
2048,499,1563.76716430726
2048,500,1543.01126959433
2049,334,1585.41911985745
2049,335,1570.38796092695
2049,336,1544.35808997301
2049,337,1540.76632758884
2049,338,1526.83558554321
2049,339,1551.16508385303
2049,340,1533.02780360469
2049,341,1538.28095811119
2049,342,1592.72818418531
2049,343,1587.66133409828
2049,344,1550.95960465833
2049,345,1527.93207256725
2049,346,1591.04884296035
2049,347,1546.71288575502
2049,348,1576.6399186287
2049,349,1532.98983305247
2049,350,1548.71751183256
2049,351,1568.50631221188
2049,352,1531.32883682954
2049,353,1571.19425855102
2049,354,1581.11906657568
2049,355,1530.08092783411
2049,356,1517.90481703201
2049,357,1540.55849605929
2049,358,1573.76089744202
2049,359,1554.05132420323
2049,360,1561.56457045397
2049,361,1576.90836764776
2049,362,1544.94264130413
2049,363,1537.3686619364
2049,364,1591.90223787844
2049,365,1543.3803755402
2049,366,1586.34472643656
2049,367,1554.49855269477
2049,368,1536.87819316974
2049,369,1518.10041471957
2049,370,1533.34198992341
2049,371,1536.5381975829
2049,372,1543.86230678056
2049,373,1562.85513462781
2049,374,1534.01092419479
2049,375,1560.00697032015
2049,376,1578.1959338689
2049,377,1551.49820957324
2049,378,1527.37959533717
2049,379,1520.45267605301
2049,380,1580.73341702335
2049,381,1536.62750906244
2049,382,1557.88445037053
2049,383,1539.0479403678
2049,384,1577.37865163412
2049,385,1527.16429666549
2049,386,1567.57300246003
2049,387,1522.71829100229
2049,388,1592.2406578389
2049,389,1517.11694983902
2049,390,1523.72053033809
2049,391,1523.41272558047
2049,392,1527.16029950176
2049,393,1559.14507563712
2049,394,1532.23370016165
2049,395,1588.69545966931
2049,396,1592.76740741296
2049,397,1591.44324192506
2049,398,1542.25842206497
2049,399,1551.53882412987
2049,400,1528.15172575958
2049,401,1568.33574800714
2049,402,1538.99152519958
2049,403,1532.74433018543
2049,404,1523.46323131982
2049,405,1539.73607052312
2049,406,1533.83889026232
2049,407,1534.64817911057
2049,408,1529.10048519281
2049,409,1586.63313098708
2049,410,1548.61780401688
2049,411,1549.47488580588
2049,412,1582.65414427637
2049,413,1569.52071679078
2049,414,1572.73103167759
2049,415,1546.34256013718
2049,416,1545.3389132636
2049,417,1526.565431689
2049,418,1554.37788372763
2049,419,1571.02578496144
2049,420,1559.00948250512
2049,421,1562.04023396762
2049,422,1518.60186882483
2049,423,1561.92197364891
2049,424,1573.44630872618
2049,425,1546.31659156837
2049,426,1562.94940820042
2049,427,1581.05984472922
2049,428,1564.96617108021
2049,429,1534.11726868702
2049,430,1592.09198882416
2049,431,1585.41095223967
2049,432,1564.0044682929
2049,433,1585.7746589698
2049,434,1530.39469109082
2049,435,1581.04521400926
2049,436,1554.06431531379
2049,437,1547.07959164507
2049,438,1573.81224488481
2049,439,1573.96543192843
2049,440,1590.66100213144
2049,441,1566.07627170006
2049,442,1573.30686640451
2049,443,1590.0681667384
2049,444,1521.9227828265
2049,445,1542.28790132058
2049,446,1551.92302832982
2049,447,1519.1582254075
2049,448,1580.93084188431
2049,449,1564.87917910961
2049,450,1587.21090906523
2049,451,1536.85408078329
2049,452,1584.24098726236
2049,453,1523.51161645862
2049,454,1568.55985868946
2049,455,1582.29247229165
2049,456,1559.21137540155
2049,457,1533.86813563547
2049,458,1567.1339736488
2049,459,1553.36841122093
2049,460,1591.46352550268
2049,461,1550.2469643708
2049,462,1587.96159482406
2049,463,1564.77062164622
2049,464,1518.80179394144
2049,465,1545.13667034238
2049,466,1561.38913918976
2049,467,1577.39700577911
2049,468,1566.06848023997
2049,469,1559.39749884352
2049,470,1583.84658971792
2049,471,1566.38746299539
2049,472,1527.7416060733
2049,473,1518.8728115308
2049,474,1564.96382098228
2049,475,1523.00184104495
2049,476,1536.49867737744
2049,477,1576.87876331989
2049,478,1557.74968339005
2049,479,1549.57632164258
2049,480,1529.47984322896
2049,481,1563.71627062201
2049,482,1586.45228884319
2049,483,1578.42336499327
2049,484,1526.15885599478
2049,485,1533.26235782928
2049,486,1579.27971310788
2049,487,1552.9206145516
2049,488,1560.94355224273
2049,489,1589.03556640978
2049,490,1521.94612326237
2049,491,1566.73674883224
2049,492,1526.17993667945
2049,493,1559.30866805333
2049,494,1545.55770414086
2049,495,1535.91073842565
2049,496,1568.64252351506
2049,497,1550.33717972596
2049,498,1529.71406432995
2049,499,1572.27654159205
2049,500,1542.39073342169
