year,iter,data,scenario,biol,code,metric
2025,37,8593.12324912998,om11_2,CJM,tun43,SB
2026,37,9881.51309904888,om11_2,CJM,tun43,SB
2027,37,10843.8932649568,om11_2,CJM,tun43,SB
2028,37,10604.0127013111,om11_2,CJM,tun43,SB
2029,37,9582.91806144923,om11_2,CJM,tun43,SB
2030,37,8539.18052834353,om11_2,CJM,tun43,SB
2031,37,7471.15581963632,om11_2,CJM,tun43,SB
2032,37,6210.63968300502,om11_2,CJM,tun43,SB
2033,37,5734.00931831649,om11_2,CJM,tun43,SB
2034,37,5700.01732697948,om11_2,CJM,tun43,SB
2035,37,4694.33491795964,om11_2,CJM,tun43,SB
2036,37,4429.60738171615,om11_2,CJM,tun43,SB
2037,37,4544.66073275797,om11_2,CJM,tun43,SB
2038,37,4971.77512879343,om11_2,CJM,tun43,SB
2039,37,7015.46491934628,om11_2,CJM,tun43,SB
2040,37,10860.2510198298,om11_2,CJM,tun43,SB
2041,37,13449.1661641918,om11_2,CJM,tun43,SB
2042,37,13962.7838542492,om11_2,CJM,tun43,SB
2043,37,14330.0965985802,om11_2,CJM,tun43,SB
2044,37,14854.8059723354,om11_2,CJM,tun43,SB
2045,37,14791.5467054196,om11_2,CJM,tun43,SB
2046,37,14719.4851612857,om11_2,CJM,tun43,SB
2047,37,14649.2999286369,om11_2,CJM,tun43,SB
2048,37,13759.2019477531,om11_2,CJM,tun43,SB
2049,37,12602.7277024107,om11_2,CJM,tun43,SB
2050,37,12612.251343606,om11_2,CJM,tun43,SB
2025,65,7734.49472637435,om11_2,CJM,tun43,SB
2026,65,8955.10020606981,om11_2,CJM,tun43,SB
2027,65,10299.8906501392,om11_2,CJM,tun43,SB
2028,65,10937.2625654567,om11_2,CJM,tun43,SB
2029,65,10929.7111807556,om11_2,CJM,tun43,SB
2030,65,11249.4318171535,om11_2,CJM,tun43,SB
2031,65,12180.8841190901,om11_2,CJM,tun43,SB
2032,65,14112.8535954693,om11_2,CJM,tun43,SB
2033,65,15958.0246866406,om11_2,CJM,tun43,SB
2034,65,16366.1082494875,om11_2,CJM,tun43,SB
2035,65,14471.638393004,om11_2,CJM,tun43,SB
2036,65,13460.5983256309,om11_2,CJM,tun43,SB
2037,65,13126.660779301,om11_2,CJM,tun43,SB
2038,65,12891.9194488464,om11_2,CJM,tun43,SB
2039,65,12386.3867520869,om11_2,CJM,tun43,SB
2040,65,12327.9741704231,om11_2,CJM,tun43,SB
2041,65,12082.3550602797,om11_2,CJM,tun43,SB
2042,65,11173.6890143834,om11_2,CJM,tun43,SB
2043,65,10916.0618175486,om11_2,CJM,tun43,SB
2044,65,10326.0977446057,om11_2,CJM,tun43,SB
2045,65,9320.69296991227,om11_2,CJM,tun43,SB
2046,65,8274.54710476632,om11_2,CJM,tun43,SB
2047,65,6859.28160361066,om11_2,CJM,tun43,SB
2048,65,5585.17141025334,om11_2,CJM,tun43,SB
2049,65,4064.17801346807,om11_2,CJM,tun43,SB
2050,65,2573.89805304496,om11_2,CJM,tun43,SB
2025,110,9634.882166157,om11_2,CJM,tun43,SB
2026,110,10479.1999340746,om11_2,CJM,tun43,SB
2027,110,10557.6355457146,om11_2,CJM,tun43,SB
2028,110,11531.8046136523,om11_2,CJM,tun43,SB
2029,110,13348.5917459878,om11_2,CJM,tun43,SB
2030,110,15131.6016779419,om11_2,CJM,tun43,SB
2031,110,15800.6966524908,om11_2,CJM,tun43,SB
2032,110,15283.3957163315,om11_2,CJM,tun43,SB
2033,110,14742.8680557388,om11_2,CJM,tun43,SB
2034,110,14246.260111837,om11_2,CJM,tun43,SB
2035,110,12468.2030859369,om11_2,CJM,tun43,SB
2036,110,11056.2801473646,om11_2,CJM,tun43,SB
2037,110,9975.78896979644,om11_2,CJM,tun43,SB
2038,110,8251.19525600947,om11_2,CJM,tun43,SB
2039,110,6597.97095929505,om11_2,CJM,tun43,SB
2040,110,5299.56707768725,om11_2,CJM,tun43,SB
2041,110,4300.26394366826,om11_2,CJM,tun43,SB
2042,110,3228.61607853555,om11_2,CJM,tun43,SB
2043,110,3039.56956178538,om11_2,CJM,tun43,SB
2044,110,2797.19821592016,om11_2,CJM,tun43,SB
2045,110,2203.20974511315,om11_2,CJM,tun43,SB
2046,110,1702.66669894019,om11_2,CJM,tun43,SB
2047,110,1510.76627393952,om11_2,CJM,tun43,SB
2048,110,1350.3388084395,om11_2,CJM,tun43,SB
2049,110,1248.43240189285,om11_2,CJM,tun43,SB
2050,110,1132.69721128205,om11_2,CJM,tun43,SB
2025,151,6742.27315938003,om11_2,CJM,tun43,SB
2026,151,7415.48202441664,om11_2,CJM,tun43,SB
2027,151,7812.47428758319,om11_2,CJM,tun43,SB
2028,151,7887.29989803892,om11_2,CJM,tun43,SB
2029,151,9536.32508269884,om11_2,CJM,tun43,SB
2030,151,12421.611822433,om11_2,CJM,tun43,SB
2031,151,15492.3798277193,om11_2,CJM,tun43,SB
2032,151,16938.1774019973,om11_2,CJM,tun43,SB
2033,151,17493.89851169,om11_2,CJM,tun43,SB
2034,151,17367.8627252657,om11_2,CJM,tun43,SB
2035,151,15488.5734703851,om11_2,CJM,tun43,SB
2036,151,14233.0854891653,om11_2,CJM,tun43,SB
2037,151,13801.0517101674,om11_2,CJM,tun43,SB
2038,151,14796.851324143,om11_2,CJM,tun43,SB
2039,151,15751.0065204913,om11_2,CJM,tun43,SB
2040,151,15887.3111295522,om11_2,CJM,tun43,SB
2041,151,16769.5447230964,om11_2,CJM,tun43,SB
2042,151,17734.9615337497,om11_2,CJM,tun43,SB
2043,151,19606.5139775742,om11_2,CJM,tun43,SB
2044,151,23168.369894742,om11_2,CJM,tun43,SB
2045,151,27021.0637877341,om11_2,CJM,tun43,SB
2046,151,29469.4802304181,om11_2,CJM,tun43,SB
2047,151,31955.4420512017,om11_2,CJM,tun43,SB
2048,151,34603.3066475135,om11_2,CJM,tun43,SB
2049,151,36043.6625409002,om11_2,CJM,tun43,SB
2050,151,35953.0468662632,om11_2,CJM,tun43,SB
2025,158,7236.77187172129,om11_2,CJM,tun43,SB
2026,158,6388.451650034,om11_2,CJM,tun43,SB
2027,158,6020.7935718014,om11_2,CJM,tun43,SB
2028,158,5896.36301556398,om11_2,CJM,tun43,SB
2029,158,5430.19523685584,om11_2,CJM,tun43,SB
2030,158,4760.28666689602,om11_2,CJM,tun43,SB
2031,158,4440.85977214979,om11_2,CJM,tun43,SB
2032,158,4416.44352022637,om11_2,CJM,tun43,SB
2033,158,4147.82838321107,om11_2,CJM,tun43,SB
2034,158,3666.30282959189,om11_2,CJM,tun43,SB
2035,158,2833.82618127892,om11_2,CJM,tun43,SB
2036,158,2411.65734467291,om11_2,CJM,tun43,SB
2037,158,2555.33786163405,om11_2,CJM,tun43,SB
2038,158,2733.15246158333,om11_2,CJM,tun43,SB
2039,158,2702.166552034,om11_2,CJM,tun43,SB
2040,158,2621.06097271656,om11_2,CJM,tun43,SB
2041,158,2911.97360226003,om11_2,CJM,tun43,SB
2042,158,3146.79819055058,om11_2,CJM,tun43,SB
2043,158,3206.89841552993,om11_2,CJM,tun43,SB
2044,158,3682.73812711182,om11_2,CJM,tun43,SB
2045,158,4528.83546201058,om11_2,CJM,tun43,SB
2046,158,5416.04354623683,om11_2,CJM,tun43,SB
2047,158,6902.45555008682,om11_2,CJM,tun43,SB
2048,158,8483.80705442293,om11_2,CJM,tun43,SB
2049,158,11030.0822104003,om11_2,CJM,tun43,SB
2050,158,13358.5754401134,om11_2,CJM,tun43,SB
2025,165,7753.47260672735,om11_2,CJM,tun43,SB
2026,165,7920.79794205738,om11_2,CJM,tun43,SB
2027,165,7925.79615790233,om11_2,CJM,tun43,SB
2028,165,7995.59465149525,om11_2,CJM,tun43,SB
2029,165,7627.76267003291,om11_2,CJM,tun43,SB
2030,165,7098.44731882703,om11_2,CJM,tun43,SB
2031,165,6581.43485942217,om11_2,CJM,tun43,SB
2032,165,6174.54510645564,om11_2,CJM,tun43,SB
2033,165,6180.37533122751,om11_2,CJM,tun43,SB
2034,165,6210.63241479503,om11_2,CJM,tun43,SB
2035,165,5146.95009385388,om11_2,CJM,tun43,SB
2036,165,4809.24660637292,om11_2,CJM,tun43,SB
2037,165,6974.13134112516,om11_2,CJM,tun43,SB
2038,165,9596.87569058695,om11_2,CJM,tun43,SB
2039,165,10383.9113583359,om11_2,CJM,tun43,SB
2040,165,10645.7800132396,om11_2,CJM,tun43,SB
2041,165,10732.5959581324,om11_2,CJM,tun43,SB
2042,165,10341.8880304464,om11_2,CJM,tun43,SB
2043,165,10228.3523438881,om11_2,CJM,tun43,SB
2044,165,9514.04521891789,om11_2,CJM,tun43,SB
2045,165,8672.26446204066,om11_2,CJM,tun43,SB
2046,165,8005.38587109791,om11_2,CJM,tun43,SB
2047,165,6959.55665763287,om11_2,CJM,tun43,SB
2048,165,5903.66740187802,om11_2,CJM,tun43,SB
2049,165,4373.39981351129,om11_2,CJM,tun43,SB
2050,165,2996.61868083504,om11_2,CJM,tun43,SB
2025,177,8041.24231146839,om11_2,CJM,tun43,SB
2026,177,8201.9921947721,om11_2,CJM,tun43,SB
2027,177,8647.83467206007,om11_2,CJM,tun43,SB
2028,177,9225.58891556726,om11_2,CJM,tun43,SB
2029,177,8989.72820462078,om11_2,CJM,tun43,SB
2030,177,8277.83568804359,om11_2,CJM,tun43,SB
2031,177,7930.70002257653,om11_2,CJM,tun43,SB
2032,177,7689.07083287116,om11_2,CJM,tun43,SB
2033,177,7489.3579377942,om11_2,CJM,tun43,SB
2034,177,7146.76866490308,om11_2,CJM,tun43,SB
2035,177,5650.85726863953,om11_2,CJM,tun43,SB
2036,177,4702.54868159077,om11_2,CJM,tun43,SB
2037,177,4243.4630156049,om11_2,CJM,tun43,SB
2038,177,4024.19642383796,om11_2,CJM,tun43,SB
2039,177,4316.10429530354,om11_2,CJM,tun43,SB
2040,177,4453.24251006458,om11_2,CJM,tun43,SB
2041,177,4296.25901485493,om11_2,CJM,tun43,SB
2042,177,4470.14091110345,om11_2,CJM,tun43,SB
2043,177,5098.75349633969,om11_2,CJM,tun43,SB
2044,177,5433.85745937759,om11_2,CJM,tun43,SB
2045,177,5595.19515231829,om11_2,CJM,tun43,SB
2046,177,5636.65928439951,om11_2,CJM,tun43,SB
2047,177,5684.1031839063,om11_2,CJM,tun43,SB
2048,177,5593.31503046298,om11_2,CJM,tun43,SB
2049,177,5185.36556064986,om11_2,CJM,tun43,SB
2050,177,5055.66113642712,om11_2,CJM,tun43,SB
2025,186,7859.93258500356,om11_2,CJM,tun43,SB
2026,186,9741.48766043344,om11_2,CJM,tun43,SB
2027,186,12261.2201079339,om11_2,CJM,tun43,SB
2028,186,13395.6500745252,om11_2,CJM,tun43,SB
2029,186,13718.1534902529,om11_2,CJM,tun43,SB
2030,186,14090.1262392162,om11_2,CJM,tun43,SB
2031,186,14263.695525643,om11_2,CJM,tun43,SB
2032,186,14045.7392914879,om11_2,CJM,tun43,SB
2033,186,13212.1009843208,om11_2,CJM,tun43,SB
2034,186,12120.3829024562,om11_2,CJM,tun43,SB
2035,186,9892.21076073767,om11_2,CJM,tun43,SB
2036,186,8472.78049941614,om11_2,CJM,tun43,SB
2037,186,7805.45985964107,om11_2,CJM,tun43,SB
2038,186,6674.82689047101,om11_2,CJM,tun43,SB
2039,186,6201.25312099208,om11_2,CJM,tun43,SB
2040,186,6302.11952845306,om11_2,CJM,tun43,SB
2041,186,5948.80663841841,om11_2,CJM,tun43,SB
2042,186,5989.7280049787,om11_2,CJM,tun43,SB
2043,186,6512.56137900042,om11_2,CJM,tun43,SB
2044,186,6728.74608068876,om11_2,CJM,tun43,SB
2045,186,6137.42642278261,om11_2,CJM,tun43,SB
2046,186,4754.86903937837,om11_2,CJM,tun43,SB
2047,186,3642.67105723512,om11_2,CJM,tun43,SB
2048,186,3132.72154196634,om11_2,CJM,tun43,SB
2049,186,2906.48763240175,om11_2,CJM,tun43,SB
2050,186,3511.17760967666,om11_2,CJM,tun43,SB
2025,246,8847.56725195435,om11_2,CJM,tun43,SB
2026,246,9365.39736295931,om11_2,CJM,tun43,SB
2027,246,8957.08820880763,om11_2,CJM,tun43,SB
2028,246,8745.32528612799,om11_2,CJM,tun43,SB
2029,246,8705.31922162593,om11_2,CJM,tun43,SB
2030,246,7981.22822142193,om11_2,CJM,tun43,SB
2031,246,6814.02117190622,om11_2,CJM,tun43,SB
2032,246,5573.51197451677,om11_2,CJM,tun43,SB
2033,246,4191.15833740616,om11_2,CJM,tun43,SB
2034,246,3224.19070273531,om11_2,CJM,tun43,SB
2035,246,1854.20949159464,om11_2,CJM,tun43,SB
2036,246,1148.49199952363,om11_2,CJM,tun43,SB
2037,246,974.298008611937,om11_2,CJM,tun43,SB
2038,246,950.494666849792,om11_2,CJM,tun43,SB
2039,246,875.384946672075,om11_2,CJM,tun43,SB
2040,246,719.484533702736,om11_2,CJM,tun43,SB
2041,246,576.804270327438,om11_2,CJM,tun43,SB
2042,246,552.573810651383,om11_2,CJM,tun43,SB
2043,246,779.870780410148,om11_2,CJM,tun43,SB
2044,246,1222.73892710016,om11_2,CJM,tun43,SB
2045,246,2229.09239544771,om11_2,CJM,tun43,SB
2046,246,4362.81207035927,om11_2,CJM,tun43,SB
2047,246,6917.23713381327,om11_2,CJM,tun43,SB
2048,246,9135.45733781031,om11_2,CJM,tun43,SB
2049,246,10775.5484897827,om11_2,CJM,tun43,SB
2050,246,12979.0513248162,om11_2,CJM,tun43,SB
2025,327,6418.0774926786,om11_2,CJM,tun43,SB
2026,327,7008.55751862494,om11_2,CJM,tun43,SB
2027,327,6701.91767658619,om11_2,CJM,tun43,SB
2028,327,6663.79084543396,om11_2,CJM,tun43,SB
2029,327,6775.10683445151,om11_2,CJM,tun43,SB
2030,327,6916.01200740519,om11_2,CJM,tun43,SB
2031,327,6698.04169133294,om11_2,CJM,tun43,SB
2032,327,6529.37820217289,om11_2,CJM,tun43,SB
2033,327,6653.77807731668,om11_2,CJM,tun43,SB
2034,327,6363.29055067305,om11_2,CJM,tun43,SB
2035,327,5383.0963348636,om11_2,CJM,tun43,SB
2036,327,5117.82336658233,om11_2,CJM,tun43,SB
2037,327,5798.17976470038,om11_2,CJM,tun43,SB
2038,327,5998.80029382812,om11_2,CJM,tun43,SB
2039,327,5490.62187199522,om11_2,CJM,tun43,SB
2040,327,4637.01185373193,om11_2,CJM,tun43,SB
2041,327,3578.88581580564,om11_2,CJM,tun43,SB
2042,327,2423.51097028453,om11_2,CJM,tun43,SB
2043,327,1913.22726365829,om11_2,CJM,tun43,SB
2044,327,1830.38938878577,om11_2,CJM,tun43,SB
2045,327,1530.0499504588,om11_2,CJM,tun43,SB
2046,327,1264.29117857343,om11_2,CJM,tun43,SB
2047,327,1399.92138896524,om11_2,CJM,tun43,SB
2048,327,1881.92926981752,om11_2,CJM,tun43,SB
2049,327,2548.22862041785,om11_2,CJM,tun43,SB
2050,327,3411.26279667938,om11_2,CJM,tun43,SB
2025,344,8341.1219780227,om11_2,CJM,tun43,SB
2026,344,9124.92480111702,om11_2,CJM,tun43,SB
2027,344,9514.23788989208,om11_2,CJM,tun43,SB
2028,344,9294.88907255974,om11_2,CJM,tun43,SB
2029,344,8846.84228072551,om11_2,CJM,tun43,SB
2030,344,8285.87863897276,om11_2,CJM,tun43,SB
2031,344,7286.24162111321,om11_2,CJM,tun43,SB
2032,344,6259.08330704819,om11_2,CJM,tun43,SB
2033,344,5107.14415547896,om11_2,CJM,tun43,SB
2034,344,4452.23811035627,om11_2,CJM,tun43,SB
2035,344,3434.14196109879,om11_2,CJM,tun43,SB
2036,344,2911.41061733129,om11_2,CJM,tun43,SB
2037,344,2732.98081819306,om11_2,CJM,tun43,SB
2038,344,2412.36454017392,om11_2,CJM,tun43,SB
2039,344,2085.72519312388,om11_2,CJM,tun43,SB
2040,344,1808.86793236464,om11_2,CJM,tun43,SB
2041,344,1583.35211965203,om11_2,CJM,tun43,SB
2042,344,1640.03910759332,om11_2,CJM,tun43,SB
2043,344,1614.42784149311,om11_2,CJM,tun43,SB
2044,344,1396.72168875197,om11_2,CJM,tun43,SB
2045,344,1172.06498921439,om11_2,CJM,tun43,SB
2046,344,1047.90238108078,om11_2,CJM,tun43,SB
2047,344,962.575506106588,om11_2,CJM,tun43,SB
2048,344,996.741456887582,om11_2,CJM,tun43,SB
2049,344,1100.20337719582,om11_2,CJM,tun43,SB
2050,344,1330.90415958901,om11_2,CJM,tun43,SB
2025,348,6263.92727977176,om11_2,CJM,tun43,SB
2026,348,6525.31324345026,om11_2,CJM,tun43,SB
2027,348,6103.99696330714,om11_2,CJM,tun43,SB
2028,348,5802.61238623602,om11_2,CJM,tun43,SB
2029,348,5366.25025674439,om11_2,CJM,tun43,SB
2030,348,4737.34293392182,om11_2,CJM,tun43,SB
2031,348,4361.98916993606,om11_2,CJM,tun43,SB
2032,348,4490.64868841102,om11_2,CJM,tun43,SB
2033,348,4530.88028892516,om11_2,CJM,tun43,SB
2034,348,4444.24448188675,om11_2,CJM,tun43,SB
2035,348,3754.25644402104,om11_2,CJM,tun43,SB
2036,348,3291.30251146992,om11_2,CJM,tun43,SB
2037,348,2803.08061738026,om11_2,CJM,tun43,SB
2038,348,2309.57317277731,om11_2,CJM,tun43,SB
2039,348,1783.43924949633,om11_2,CJM,tun43,SB
2040,348,1470.43365214859,om11_2,CJM,tun43,SB
2041,348,1241.29337845696,om11_2,CJM,tun43,SB
2042,348,1134.17910782843,om11_2,CJM,tun43,SB
2043,348,1315.28059354959,om11_2,CJM,tun43,SB
2044,348,1661.27504829372,om11_2,CJM,tun43,SB
2045,348,2018.82394444451,om11_2,CJM,tun43,SB
2046,348,2407.28901220535,om11_2,CJM,tun43,SB
2047,348,2843.86377070724,om11_2,CJM,tun43,SB
2048,348,3328.09586394258,om11_2,CJM,tun43,SB
2049,348,4063.78764839641,om11_2,CJM,tun43,SB
2050,348,5209.37306946037,om11_2,CJM,tun43,SB
2025,367,7127.3628316359,om11_2,CJM,tun43,SB
2026,367,7352.26984154731,om11_2,CJM,tun43,SB
2027,367,7327.14436491712,om11_2,CJM,tun43,SB
2028,367,7417.57736470602,om11_2,CJM,tun43,SB
2029,367,8151.33941709979,om11_2,CJM,tun43,SB
2030,367,8917.58665361844,om11_2,CJM,tun43,SB
2031,367,9413.39571584717,om11_2,CJM,tun43,SB
2032,367,10663.9762945127,om11_2,CJM,tun43,SB
2033,367,13690.2799331509,om11_2,CJM,tun43,SB
2034,367,14946.8365713339,om11_2,CJM,tun43,SB
2035,367,13272.4410299213,om11_2,CJM,tun43,SB
2036,367,12323.0975950293,om11_2,CJM,tun43,SB
2037,367,11738.6965714418,om11_2,CJM,tun43,SB
2038,367,10416.1041945338,om11_2,CJM,tun43,SB
2039,367,9272.09072147365,om11_2,CJM,tun43,SB
2040,367,9067.78771171884,om11_2,CJM,tun43,SB
2041,367,8937.34298338331,om11_2,CJM,tun43,SB
2042,367,7787.47366702336,om11_2,CJM,tun43,SB
2043,367,6357.99251689595,om11_2,CJM,tun43,SB
2044,367,5449.65231180415,om11_2,CJM,tun43,SB
2045,367,4472.72054487686,om11_2,CJM,tun43,SB
2046,367,3270.88396534298,om11_2,CJM,tun43,SB
2047,367,2078.53341645299,om11_2,CJM,tun43,SB
2048,367,1188.97829751744,om11_2,CJM,tun43,SB
2049,367,642.20253114966,om11_2,CJM,tun43,SB
2050,367,213.543934365683,om11_2,CJM,tun43,SB
2025,397,7216.38347223923,om11_2,CJM,tun43,SB
2026,397,6866.75238493043,om11_2,CJM,tun43,SB
2027,397,5990.92431990763,om11_2,CJM,tun43,SB
2028,397,5199.53093208285,om11_2,CJM,tun43,SB
2029,397,4374.84189324769,om11_2,CJM,tun43,SB
2030,397,3433.58712204593,om11_2,CJM,tun43,SB
2031,397,2594.36972254381,om11_2,CJM,tun43,SB
2032,397,2577.20860124176,om11_2,CJM,tun43,SB
2033,397,2716.5980731999,om11_2,CJM,tun43,SB
2034,397,2501.13505909892,om11_2,CJM,tun43,SB
2035,397,1846.50568146797,om11_2,CJM,tun43,SB
2036,397,1616.89442493642,om11_2,CJM,tun43,SB
2037,397,1846.78232500003,om11_2,CJM,tun43,SB
2038,397,2478.43601907969,om11_2,CJM,tun43,SB
2039,397,3364.54016394112,om11_2,CJM,tun43,SB
2040,397,4037.81669019797,om11_2,CJM,tun43,SB
2041,397,5298.3528256549,om11_2,CJM,tun43,SB
2042,397,6762.37166536155,om11_2,CJM,tun43,SB
2043,397,7440.29471554366,om11_2,CJM,tun43,SB
2044,397,7332.94941311091,om11_2,CJM,tun43,SB
2045,397,6855.01025120508,om11_2,CJM,tun43,SB
2046,397,6337.69923586254,om11_2,CJM,tun43,SB
2047,397,5657.28447057267,om11_2,CJM,tun43,SB
2048,397,4846.0770760304,om11_2,CJM,tun43,SB
2049,397,4431.18111088809,om11_2,CJM,tun43,SB
2050,397,4259.76503557307,om11_2,CJM,tun43,SB
2025,498,6629.64153376063,om11_2,CJM,tun43,SB
2026,498,6321.78038172415,om11_2,CJM,tun43,SB
2027,498,5985.57550973873,om11_2,CJM,tun43,SB
2028,498,5943.12359615496,om11_2,CJM,tun43,SB
2029,498,6358.70354394126,om11_2,CJM,tun43,SB
2030,498,6918.95324584321,om11_2,CJM,tun43,SB
2031,498,7296.65711674239,om11_2,CJM,tun43,SB
2032,498,7933.27954903683,om11_2,CJM,tun43,SB
2033,498,9395.68590206832,om11_2,CJM,tun43,SB
2034,498,10190.7625667792,om11_2,CJM,tun43,SB
2035,498,9138.93018084043,om11_2,CJM,tun43,SB
2036,498,8390.87102264575,om11_2,CJM,tun43,SB
2037,498,7928.11834674057,om11_2,CJM,tun43,SB
2038,498,7582.3630083796,om11_2,CJM,tun43,SB
2039,498,6776.21575452119,om11_2,CJM,tun43,SB
2040,498,5903.11382451175,om11_2,CJM,tun43,SB
2041,498,5408.74503079259,om11_2,CJM,tun43,SB
2042,498,5378.82390389988,om11_2,CJM,tun43,SB
2043,498,6100.10227584898,om11_2,CJM,tun43,SB
2044,498,7941.21134007999,om11_2,CJM,tun43,SB
2045,498,9992.49864935569,om11_2,CJM,tun43,SB
2046,498,12389.7695039037,om11_2,CJM,tun43,SB
2047,498,13981.4349491899,om11_2,CJM,tun43,SB
2048,498,14124.8168221551,om11_2,CJM,tun43,SB
2049,498,13414.0383595394,om11_2,CJM,tun43,SB
2050,498,12097.5510902345,om11_2,CJM,tun43,SB
2025,37,1385.8907626811,om11_2,CJM,tun43,C
2026,37,1256.75025459674,om11_2,CJM,tun43,C
2027,37,1207.0212643671,om11_2,CJM,tun43,C
2028,37,1231.40117613128,om11_2,CJM,tun43,C
2029,37,1340.11858030221,om11_2,CJM,tun43,C
2030,37,1538.79172289747,om11_2,CJM,tun43,C
2031,37,1624.72191419012,om11_2,CJM,tun43,C
2032,37,1799.13615324071,om11_2,CJM,tun43,C
2033,37,1607.79174993285,om11_2,CJM,tun43,C
2034,37,1648.82964633421,om11_2,CJM,tun43,C
2035,37,1331.48750970068,om11_2,CJM,tun43,C
2036,37,1092.89870071207,om11_2,CJM,tun43,C
2037,37,1049.87548978202,om11_2,CJM,tun43,C
2038,37,990.881200684851,om11_2,CJM,tun43,C
2039,37,833.217791646458,om11_2,CJM,tun43,C
2040,37,823.429828322652,om11_2,CJM,tun43,C
2041,37,937.03132663711,om11_2,CJM,tun43,C
2042,37,1067.78137209314,om11_2,CJM,tun43,C
2043,37,1236.87873962784,om11_2,CJM,tun43,C
2044,37,1411.73723123816,om11_2,CJM,tun43,C
2045,37,1653.39471707431,om11_2,CJM,tun43,C
2046,37,1834.90870890724,om11_2,CJM,tun43,C
2047,37,2031.58617807703,om11_2,CJM,tun43,C
2048,37,2053.46218915945,om11_2,CJM,tun43,C
2049,37,2024.21853914878,om11_2,CJM,tun43,C
2050,37,2063.0193400248,om11_2,CJM,tun43,C
2025,65,1385.8907626811,om11_2,CJM,tun43,C
2026,65,1276.73557846622,om11_2,CJM,tun43,C
2027,65,1205.57846101904,om11_2,CJM,tun43,C
2028,65,1098.52480811774,om11_2,CJM,tun43,C
2029,65,1264.90748250611,om11_2,CJM,tun43,C
2030,65,1454.02710314687,om11_2,CJM,tun43,C
2031,65,1605.98086692976,om11_2,CJM,tun43,C
2032,65,1842.9905396359,om11_2,CJM,tun43,C
2033,65,2062.34931338219,om11_2,CJM,tun43,C
2034,65,2065.00637278551,om11_2,CJM,tun43,C
2035,65,2076.42701739571,om11_2,CJM,tun43,C
2036,65,2021.80576877789,om11_2,CJM,tun43,C
2037,65,2056.39583743996,om11_2,CJM,tun43,C
2038,65,2066.6593530321,om11_2,CJM,tun43,C
2039,65,2034.69351237765,om11_2,CJM,tun43,C
2040,65,2034.15796981316,om11_2,CJM,tun43,C
2041,65,2086.19438608755,om11_2,CJM,tun43,C
2042,65,2066.06527723924,om11_2,CJM,tun43,C
2043,65,2059.85840799878,om11_2,CJM,tun43,C
2044,65,2059.40628132942,om11_2,CJM,tun43,C
2045,65,2013.44200309172,om11_2,CJM,tun43,C
2046,65,2042.75670119678,om11_2,CJM,tun43,C
2047,65,2083.27710213422,om11_2,CJM,tun43,C
2048,65,2018.2325428256,om11_2,CJM,tun43,C
2049,65,1995.92068823263,om11_2,CJM,tun43,C
2050,65,2024.17751812734,om11_2,CJM,tun43,C
2025,110,1385.8907626811,om11_2,CJM,tun43,C
2026,110,1251.47793513651,om11_2,CJM,tun43,C
2027,110,1259.3359062953,om11_2,CJM,tun43,C
2028,110,1266.83443750783,om11_2,CJM,tun43,C
2029,110,1427.9434393241,om11_2,CJM,tun43,C
2030,110,1643.65857587178,om11_2,CJM,tun43,C
2031,110,1860.12774381378,om11_2,CJM,tun43,C
2032,110,2061.30811738441,om11_2,CJM,tun43,C
2033,110,2068.34351253821,om11_2,CJM,tun43,C
2034,110,2046.47931028152,om11_2,CJM,tun43,C
2035,110,1997.72052116009,om11_2,CJM,tun43,C
2036,110,2018.90832470855,om11_2,CJM,tun43,C
2037,110,2009.89254360212,om11_2,CJM,tun43,C
2038,110,2066.56705118828,om11_2,CJM,tun43,C
2039,110,2069.85533866857,om11_2,CJM,tun43,C
2040,110,2009.338229067,om11_2,CJM,tun43,C
2041,110,1990.86317616638,om11_2,CJM,tun43,C
2042,110,2064.19648163611,om11_2,CJM,tun43,C
2043,110,1604.47076518923,om11_2,CJM,tun43,C
2044,110,1350.3269641361,om11_2,CJM,tun43,C
2045,110,1135.18840457376,om11_2,CJM,tun43,C
2046,110,946.239786211651,om11_2,CJM,tun43,C
2047,110,758.030842926642,om11_2,CJM,tun43,C
2048,110,611.199194274674,om11_2,CJM,tun43,C
2049,110,485.792733341847,om11_2,CJM,tun43,C
2050,110,440.41900629418,om11_2,CJM,tun43,C
2025,151,1385.8907626811,om11_2,CJM,tun43,C
2026,151,1260.39941938924,om11_2,CJM,tun43,C
2027,151,1223.56677808421,om11_2,CJM,tun43,C
2028,151,1156.93761423741,om11_2,CJM,tun43,C
2029,151,1063.81039651814,om11_2,CJM,tun43,C
2030,151,1154.39380911243,om11_2,CJM,tun43,C
2031,151,1337.52090039721,om11_2,CJM,tun43,C
2032,151,1521.45252748929,om11_2,CJM,tun43,C
2033,151,1752.49074942347,om11_2,CJM,tun43,C
2034,151,2038.48104211536,om11_2,CJM,tun43,C
2035,151,2021.31949233161,om11_2,CJM,tun43,C
2036,151,2076.33689312617,om11_2,CJM,tun43,C
2037,151,2057.36296176033,om11_2,CJM,tun43,C
2038,151,1993.6662515477,om11_2,CJM,tun43,C
2039,151,2079.86463800664,om11_2,CJM,tun43,C
2040,151,2031.67264115656,om11_2,CJM,tun43,C
2041,151,2027.95089957011,om11_2,CJM,tun43,C
2042,151,2064.37752966096,om11_2,CJM,tun43,C
2043,151,2010.77770253946,om11_2,CJM,tun43,C
2044,151,1992.1518415661,om11_2,CJM,tun43,C
2045,151,2088.83308848132,om11_2,CJM,tun43,C
2046,151,2008.6887111573,om11_2,CJM,tun43,C
2047,151,2068.1444385226,om11_2,CJM,tun43,C
2048,151,2087.91880304481,om11_2,CJM,tun43,C
2049,151,2079.68770450879,om11_2,CJM,tun43,C
2050,151,2005.14431281215,om11_2,CJM,tun43,C
2025,158,1385.8907626811,om11_2,CJM,tun43,C
2026,158,1256.14281455987,om11_2,CJM,tun43,C
2027,158,1252.74092588479,om11_2,CJM,tun43,C
2028,158,1062.86264243694,om11_2,CJM,tun43,C
2029,158,1135.33555912839,om11_2,CJM,tun43,C
2030,158,1151.50847212745,om11_2,CJM,tun43,C
2031,158,1040.32104571799,om11_2,CJM,tun43,C
2032,158,1036.33035934745,om11_2,CJM,tun43,C
2033,158,979.293015233966,om11_2,CJM,tun43,C
2034,158,1028.23490803891,om11_2,CJM,tun43,C
2035,158,957.834367782333,om11_2,CJM,tun43,C
2036,158,990.445396656456,om11_2,CJM,tun43,C
2037,158,810.210455955346,om11_2,CJM,tun43,C
2038,158,715.302339711133,om11_2,CJM,tun43,C
2039,158,597.155425992628,om11_2,CJM,tun43,C
2040,158,566.276117070073,om11_2,CJM,tun43,C
2041,158,666.546092403151,om11_2,CJM,tun43,C
2042,158,738.597374821412,om11_2,CJM,tun43,C
2043,158,680.305412955085,om11_2,CJM,tun43,C
2044,158,595.6923482936,om11_2,CJM,tun43,C
2045,158,642.831297869213,om11_2,CJM,tun43,C
2046,158,586.428140318186,om11_2,CJM,tun43,C
2047,158,562.779973690459,om11_2,CJM,tun43,C
2048,158,661.501201478085,om11_2,CJM,tun43,C
2049,158,755.122638889519,om11_2,CJM,tun43,C
2050,158,890.126747811487,om11_2,CJM,tun43,C
2025,165,1385.8907626811,om11_2,CJM,tun43,C
2026,165,1270.93753225464,om11_2,CJM,tun43,C
2027,165,1236.27295402384,om11_2,CJM,tun43,C
2028,165,1349.50497768894,om11_2,CJM,tun43,C
2029,165,1502.30413647,om11_2,CJM,tun43,C
2030,165,1677.11567330354,om11_2,CJM,tun43,C
2031,165,1487.92721681389,om11_2,CJM,tun43,C
2032,165,1479.02066459779,om11_2,CJM,tun43,C
2033,165,1492.97408298529,om11_2,CJM,tun43,C
2034,165,1401.4969183939,om11_2,CJM,tun43,C
2035,165,1225.24118010775,om11_2,CJM,tun43,C
2036,165,1091.77636906512,om11_2,CJM,tun43,C
2037,165,1168.80136504217,om11_2,CJM,tun43,C
2038,165,1195.45629292227,om11_2,CJM,tun43,C
2039,165,1248.85659949917,om11_2,CJM,tun43,C
2040,165,1421.65567579571,om11_2,CJM,tun43,C
2041,165,1607.51840926772,om11_2,CJM,tun43,C
2042,165,1766.32814643386,om11_2,CJM,tun43,C
2043,165,1690.74222817964,om11_2,CJM,tun43,C
2044,165,1900.06693373956,om11_2,CJM,tun43,C
2045,165,2059.68615767627,om11_2,CJM,tun43,C
2046,165,2065.20977725648,om11_2,CJM,tun43,C
2047,165,1996.46278957134,om11_2,CJM,tun43,C
2048,165,2049.59597490139,om11_2,CJM,tun43,C
2049,165,2032.09500399422,om11_2,CJM,tun43,C
2050,165,1693.46031831206,om11_2,CJM,tun43,C
2025,177,1385.8907626811,om11_2,CJM,tun43,C
2026,177,1264.72949341432,om11_2,CJM,tun43,C
2027,177,1240.97654091586,om11_2,CJM,tun43,C
2028,177,1185.17565693298,om11_2,CJM,tun43,C
2029,177,1201.33601791711,om11_2,CJM,tun43,C
2030,177,1369.39174359393,om11_2,CJM,tun43,C
2031,177,1614.12183173294,om11_2,CJM,tun43,C
2032,177,1818.58386179712,om11_2,CJM,tun43,C
2033,177,1609.11309241079,om11_2,CJM,tun43,C
2034,177,1631.91623305076,om11_2,CJM,tun43,C
2035,177,1659.02478091087,om11_2,CJM,tun43,C
2036,177,1724.50058164738,om11_2,CJM,tun43,C
2037,177,1790.36741071445,om11_2,CJM,tun43,C
2038,177,1519.01414523396,om11_2,CJM,tun43,C
2039,177,1378.7416183217,om11_2,CJM,tun43,C
2040,177,1121.00708239239,om11_2,CJM,tun43,C
2041,177,898.241391833058,om11_2,CJM,tun43,C
2042,177,703.245017332914,om11_2,CJM,tun43,C
2043,177,695.279347184618,om11_2,CJM,tun43,C
2044,177,794.108094656783,om11_2,CJM,tun43,C
2045,177,844.227481871336,om11_2,CJM,tun43,C
2046,177,951.506021829954,om11_2,CJM,tun43,C
2047,177,1105.02083037789,om11_2,CJM,tun43,C
2048,177,1201.93497029691,om11_2,CJM,tun43,C
2049,177,1019.01665246291,om11_2,CJM,tun43,C
2050,177,978.368160870714,om11_2,CJM,tun43,C
2025,186,1385.8907626811,om11_2,CJM,tun43,C
2026,186,1280.994342733,om11_2,CJM,tun43,C
2027,186,1219.69203513453,om11_2,CJM,tun43,C
2028,186,1131.58598365781,om11_2,CJM,tun43,C
2029,186,1180.7917724552,om11_2,CJM,tun43,C
2030,186,1409.22360205854,om11_2,CJM,tun43,C
2031,186,1579.94580031055,om11_2,CJM,tun43,C
2032,186,1832.00125036419,om11_2,CJM,tun43,C
2033,186,2037.15816258692,om11_2,CJM,tun43,C
2034,186,2055.86008030115,om11_2,CJM,tun43,C
2035,186,2031.19344691404,om11_2,CJM,tun43,C
2036,186,2005.12284469909,om11_2,CJM,tun43,C
2037,186,2004.54470055885,om11_2,CJM,tun43,C
2038,186,2040.55102647494,om11_2,CJM,tun43,C
2039,186,2085.59266101687,om11_2,CJM,tun43,C
2040,186,2011.51697147739,om11_2,CJM,tun43,C
2041,186,2085.12966610266,om11_2,CJM,tun43,C
2042,186,1731.00811171544,om11_2,CJM,tun43,C
2043,186,1541.19789254708,om11_2,CJM,tun43,C
2044,186,1720.98986716165,om11_2,CJM,tun43,C
2045,186,1899.01269376972,om11_2,CJM,tun43,C
2046,186,1982.32776333129,om11_2,CJM,tun43,C
2047,186,1545.85127171173,om11_2,CJM,tun43,C
2048,186,1271.57106440585,om11_2,CJM,tun43,C
2049,186,1307.29803869282,om11_2,CJM,tun43,C
2050,186,1169.1247248043,om11_2,CJM,tun43,C
2025,246,1385.8907626811,om11_2,CJM,tun43,C
2026,246,1308.89881025157,om11_2,CJM,tun43,C
2027,246,1210.94851067949,om11_2,CJM,tun43,C
2028,246,1042.06280347738,om11_2,CJM,tun43,C
2029,246,1179.25684029274,om11_2,CJM,tun43,C
2030,246,1409.35520872226,om11_2,CJM,tun43,C
2031,246,1561.30933142152,om11_2,CJM,tun43,C
2032,246,1807.42628426461,om11_2,CJM,tun43,C
2033,246,1994.54428164438,om11_2,CJM,tun43,C
2034,246,1636.02565001307,om11_2,CJM,tun43,C
2035,246,1357.86977380819,om11_2,CJM,tun43,C
2036,246,1187.60880580401,om11_2,CJM,tun43,C
2037,246,1009.65626417979,om11_2,CJM,tun43,C
2038,246,793.607959187068,om11_2,CJM,tun43,C
2039,246,650.762842136832,om11_2,CJM,tun43,C
2040,246,518.249883046163,om11_2,CJM,tun43,C
2041,246,419.763664950539,om11_2,CJM,tun43,C
2042,246,335.570039213904,om11_2,CJM,tun43,C
2043,246,279.107372094048,om11_2,CJM,tun43,C
2044,246,270.174736540445,om11_2,CJM,tun43,C
2045,246,270.035539853416,om11_2,CJM,tun43,C
2046,246,287.269972506375,om11_2,CJM,tun43,C
2047,246,339.229640215536,om11_2,CJM,tun43,C
2048,246,377.394300290095,om11_2,CJM,tun43,C
2049,246,441.465171913549,om11_2,CJM,tun43,C
2050,246,517.204700102399,om11_2,CJM,tun43,C
2025,327,1385.8907626811,om11_2,CJM,tun43,C
2026,327,1295.6756185604,om11_2,CJM,tun43,C
2027,327,1222.39273506276,om11_2,CJM,tun43,C
2028,327,1213.03571039306,om11_2,CJM,tun43,C
2029,327,1390.1578204416,om11_2,CJM,tun43,C
2030,327,1599.62513400413,om11_2,CJM,tun43,C
2031,327,1864.19693568434,om11_2,CJM,tun43,C
2032,327,1668.59550656987,om11_2,CJM,tun43,C
2033,327,1462.88295862864,om11_2,CJM,tun43,C
2034,327,1383.03358983106,om11_2,CJM,tun43,C
2035,327,1265.20378807804,om11_2,CJM,tun43,C
2036,327,1277.9717843174,om11_2,CJM,tun43,C
2037,327,1402.05832664727,om11_2,CJM,tun43,C
2038,327,1616.24033058805,om11_2,CJM,tun43,C
2039,327,1852.42684377574,om11_2,CJM,tun43,C
2040,327,2042.65911060905,om11_2,CJM,tun43,C
2041,327,2061.73207996073,om11_2,CJM,tun43,C
2042,327,1719.16707012699,om11_2,CJM,tun43,C
2043,327,1419.92759301764,om11_2,CJM,tun43,C
2044,327,1122.54187650122,om11_2,CJM,tun43,C
2045,327,906.610971466831,om11_2,CJM,tun43,C
2046,327,728.12344804844,om11_2,CJM,tun43,C
2047,327,568.817774644862,om11_2,CJM,tun43,C
2048,327,467.151902979605,om11_2,CJM,tun43,C
2049,327,359.567172600796,om11_2,CJM,tun43,C
2050,327,316.187405874525,om11_2,CJM,tun43,C
2025,344,1385.8907626811,om11_2,CJM,tun43,C
2026,344,1304.54334183166,om11_2,CJM,tun43,C
2027,344,1234.56257314577,om11_2,CJM,tun43,C
2028,344,1440.78979167164,om11_2,CJM,tun43,C
2029,344,1644.75747073024,om11_2,CJM,tun43,C
2030,344,1865.31685825772,om11_2,CJM,tun43,C
2031,344,2073.79826604161,om11_2,CJM,tun43,C
2032,344,1795.99854640153,om11_2,CJM,tun43,C
2033,344,1559.39371192075,om11_2,CJM,tun43,C
2034,344,1333.33373685939,om11_2,CJM,tun43,C
2035,344,1351.32206700482,om11_2,CJM,tun43,C
2036,344,1114.63671943396,om11_2,CJM,tun43,C
2037,344,935.739201985485,om11_2,CJM,tun43,C
2038,344,936.699045851199,om11_2,CJM,tun43,C
2039,344,961.062224117868,om11_2,CJM,tun43,C
2040,344,885.442541966781,om11_2,CJM,tun43,C
2041,344,807.696397100307,om11_2,CJM,tun43,C
2042,344,683.67633700194,om11_2,CJM,tun43,C
2043,344,677.309580166639,om11_2,CJM,tun43,C
2044,344,637.566222600324,om11_2,CJM,tun43,C
2045,344,626.209051452831,om11_2,CJM,tun43,C
2046,344,491.647449921676,om11_2,CJM,tun43,C
2047,344,481.652568815199,om11_2,CJM,tun43,C
2048,344,399.682186489184,om11_2,CJM,tun43,C
2049,344,369.473509806543,om11_2,CJM,tun43,C
2050,344,344.906499306705,om11_2,CJM,tun43,C
2025,348,1385.8907626811,om11_2,CJM,tun43,C
2026,348,1298.01605277784,om11_2,CJM,tun43,C
2027,348,1247.54258870923,om11_2,CJM,tun43,C
2028,348,1045.65411932417,om11_2,CJM,tun43,C
2029,348,1160.48427420958,om11_2,CJM,tun43,C
2030,348,1298.77770928572,om11_2,CJM,tun43,C
2031,348,1413.78272498811,om11_2,CJM,tun43,C
2032,348,1108.41303049678,om11_2,CJM,tun43,C
2033,348,1023.88390646839,om11_2,CJM,tun43,C
2034,348,1155.75136014907,om11_2,CJM,tun43,C
2035,348,1312.86680029733,om11_2,CJM,tun43,C
2036,348,1449.70267021327,om11_2,CJM,tun43,C
2037,348,1271.89018653074,om11_2,CJM,tun43,C
2038,348,1016.81180837706,om11_2,CJM,tun43,C
2039,348,964.289708665189,om11_2,CJM,tun43,C
2040,348,887.361543407345,om11_2,CJM,tun43,C
2041,348,774.973357572012,om11_2,CJM,tun43,C
2042,348,621.628879393146,om11_2,CJM,tun43,C
2043,348,508.637885320638,om11_2,CJM,tun43,C
2044,348,407.32619511637,om11_2,CJM,tun43,C
2045,348,349.30929700233,om11_2,CJM,tun43,C
2046,348,343.718802127842,om11_2,CJM,tun43,C
2047,348,391.053973319597,om11_2,CJM,tun43,C
2048,348,454.801617510922,om11_2,CJM,tun43,C
2049,348,522.907796695509,om11_2,CJM,tun43,C
2050,348,608.814463792539,om11_2,CJM,tun43,C
2025,367,1385.8907626811,om11_2,CJM,tun43,C
2026,367,1309.00260359879,om11_2,CJM,tun43,C
2027,367,1226.83487630001,om11_2,CJM,tun43,C
2028,367,1343.37349343113,om11_2,CJM,tun43,C
2029,367,1608.07317111202,om11_2,CJM,tun43,C
2030,367,1783.88020198128,om11_2,CJM,tun43,C
2031,367,2022.86934378186,om11_2,CJM,tun43,C
2032,367,2085.79193622161,om11_2,CJM,tun43,C
2033,367,2022.47593249812,om11_2,CJM,tun43,C
2034,367,1973.0462391189,om11_2,CJM,tun43,C
2035,367,2011.61799570012,om11_2,CJM,tun43,C
2036,367,2014.83453280359,om11_2,CJM,tun43,C
2037,367,2001.68444727968,om11_2,CJM,tun43,C
2038,367,2069.68884783466,om11_2,CJM,tun43,C
2039,367,2039.57579756281,om11_2,CJM,tun43,C
2040,367,2072.92944117097,om11_2,CJM,tun43,C
2041,367,2023.95519421878,om11_2,CJM,tun43,C
2042,367,2074.57532424196,om11_2,CJM,tun43,C
2043,367,2057.84252096086,om11_2,CJM,tun43,C
2044,367,2040.14688489153,om11_2,CJM,tun43,C
2045,367,2008.91559344157,om11_2,CJM,tun43,C
2046,367,1750.27500995341,om11_2,CJM,tun43,C
2047,367,1589.10669055554,om11_2,CJM,tun43,C
2048,367,1351.30161282557,om11_2,CJM,tun43,C
2049,367,1075.09474655266,om11_2,CJM,tun43,C
2050,367,846.56855362886,om11_2,CJM,tun43,C
2025,397,1385.8907626811,om11_2,CJM,tun43,C
2026,397,1299.68968519177,om11_2,CJM,tun43,C
2027,397,1228.89361583645,om11_2,CJM,tun43,C
2028,397,1176.36323077346,om11_2,CJM,tun43,C
2029,397,1393.78999206541,om11_2,CJM,tun43,C
2030,397,1567.7952363809,om11_2,CJM,tun43,C
2031,397,1597.58672154773,om11_2,CJM,tun43,C
2032,397,1280.41037753577,om11_2,CJM,tun43,C
2033,397,1023.85660150682,om11_2,CJM,tun43,C
2034,397,847.38181744947,om11_2,CJM,tun43,C
2035,397,721.496037749213,om11_2,CJM,tun43,C
2036,397,704.450081352229,om11_2,CJM,tun43,C
2037,397,583.612634711833,om11_2,CJM,tun43,C
2038,397,500.430871101779,om11_2,CJM,tun43,C
2039,397,430.050506468369,om11_2,CJM,tun43,C
2040,397,496.074886094804,om11_2,CJM,tun43,C
2041,397,567.637026060179,om11_2,CJM,tun43,C
2042,397,645.035614679135,om11_2,CJM,tun43,C
2043,397,730.253617925053,om11_2,CJM,tun43,C
2044,397,861.305247446397,om11_2,CJM,tun43,C
2045,397,984.874285251297,om11_2,CJM,tun43,C
2046,397,1158.63109769701,om11_2,CJM,tun43,C
2047,397,1314.01059073935,om11_2,CJM,tun43,C
2048,397,1432.84843882413,om11_2,CJM,tun43,C
2049,397,1307.58455781507,om11_2,CJM,tun43,C
2050,397,1318.71151041256,om11_2,CJM,tun43,C
2025,498,1385.8907626811,om11_2,CJM,tun43,C
2026,498,1291.32260951277,om11_2,CJM,tun43,C
2027,498,1222.59892805049,om11_2,CJM,tun43,C
2028,498,1097.08879455624,om11_2,CJM,tun43,C
2029,498,1125.83670528052,om11_2,CJM,tun43,C
2030,498,1180.11643325509,om11_2,CJM,tun43,C
2031,498,1068.48076830742,om11_2,CJM,tun43,C
2032,498,941.328495848732,om11_2,CJM,tun43,C
2033,498,1091.68196058122,om11_2,CJM,tun43,C
2034,498,1226.42922383436,om11_2,CJM,tun43,C
2035,498,1413.00858376572,om11_2,CJM,tun43,C
2036,498,1545.49625086333,om11_2,CJM,tun43,C
2037,498,1825.46022975608,om11_2,CJM,tun43,C
2038,498,2036.57043553214,om11_2,CJM,tun43,C
2039,498,2069.83115473829,om11_2,CJM,tun43,C
2040,498,2013.2092336085,om11_2,CJM,tun43,C
2041,498,1659.89217023319,om11_2,CJM,tun43,C
2042,498,1533.38363749118,om11_2,CJM,tun43,C
2043,498,1468.66135061108,om11_2,CJM,tun43,C
2044,498,1308.40626916972,om11_2,CJM,tun43,C
2045,498,1207.65112386154,om11_2,CJM,tun43,C
2046,498,1091.00803581533,om11_2,CJM,tun43,C
2047,498,1159.86359729811,om11_2,CJM,tun43,C
2048,498,1309.16936784297,om11_2,CJM,tun43,C
2049,498,1509.59311404647,om11_2,CJM,tun43,C
2050,498,1709.71540394224,om11_2,CJM,tun43,C
2025,37,8593.12324912998,om11_2,CJM,tun47,SB
2026,37,9905.67085595478,om11_2,CJM,tun47,SB
2027,37,10897.4782830961,om11_2,CJM,tun47,SB
2028,37,10679.9685171192,om11_2,CJM,tun47,SB
2029,37,9683.62596930992,om11_2,CJM,tun47,SB
2030,37,8636.40604693945,om11_2,CJM,tun47,SB
2031,37,7586.72880723657,om11_2,CJM,tun47,SB
2032,37,6348.0711666317,om11_2,CJM,tun47,SB
2033,37,5895.9750489201,om11_2,CJM,tun47,SB
2034,37,5879.55587637756,om11_2,CJM,tun47,SB
2035,37,4887.57804270636,om11_2,CJM,tun47,SB
2036,37,4616.99044431796,om11_2,CJM,tun47,SB
2037,37,4731.01682249045,om11_2,CJM,tun47,SB
2038,37,5159.70817652618,om11_2,CJM,tun47,SB
2039,37,7224.23245123093,om11_2,CJM,tun47,SB
2040,37,11102.4044000868,om11_2,CJM,tun47,SB
2041,37,13667.8084283419,om11_2,CJM,tun47,SB
2042,37,14072.8671709476,om11_2,CJM,tun47,SB
2043,37,14305.1219917082,om11_2,CJM,tun47,SB
2044,37,14635.79059037,om11_2,CJM,tun47,SB
2045,37,14506.599206654,om11_2,CJM,tun47,SB
2046,37,14481.190837362,om11_2,CJM,tun47,SB
2047,37,14461.404775392,om11_2,CJM,tun47,SB
2048,37,13592.2586535415,om11_2,CJM,tun47,SB
2049,37,12451.481746667,om11_2,CJM,tun47,SB
2050,37,12470.4934124264,om11_2,CJM,tun47,SB
2025,65,7734.49472637435,om11_2,CJM,tun47,SB
2026,65,8980.34311143001,om11_2,CJM,tun47,SB
2027,65,10353.9643124847,om11_2,CJM,tun47,SB
2028,65,11013.0339050969,om11_2,CJM,tun47,SB
2029,65,10987.8782896535,om11_2,CJM,tun47,SB
2030,65,11231.7224507743,om11_2,CJM,tun47,SB
2031,65,12007.2251238395,om11_2,CJM,tun47,SB
2032,65,13864.5655713454,om11_2,CJM,tun47,SB
2033,65,15702.0737281085,om11_2,CJM,tun47,SB
2034,65,16122.8118365372,om11_2,CJM,tun47,SB
2035,65,14249.4900186272,om11_2,CJM,tun47,SB
2036,65,13253.7818526288,om11_2,CJM,tun47,SB
2037,65,12927.2131801811,om11_2,CJM,tun47,SB
2038,65,12698.4813192687,om11_2,CJM,tun47,SB
2039,65,12202.634657539,om11_2,CJM,tun47,SB
2040,65,12153.7453602886,om11_2,CJM,tun47,SB
2041,65,11917.6472865951,om11_2,CJM,tun47,SB
2042,65,11021.5325798128,om11_2,CJM,tun47,SB
2043,65,10771.2403375773,om11_2,CJM,tun47,SB
2044,65,10185.6150171375,om11_2,CJM,tun47,SB
2045,65,9185.23912726755,om11_2,CJM,tun47,SB
2046,65,8144.90067902975,om11_2,CJM,tun47,SB
2047,65,6736.27119631449,om11_2,CJM,tun47,SB
2048,65,5467.18424188313,om11_2,CJM,tun47,SB
2049,65,4030.16992504688,om11_2,CJM,tun47,SB
2050,65,2633.47250625513,om11_2,CJM,tun47,SB
2025,110,9634.882166157,om11_2,CJM,tun47,SB
2026,110,10503.7607231523,om11_2,CJM,tun47,SB
2027,110,10613.6434984588,om11_2,CJM,tun47,SB
2028,110,11610.6578858503,om11_2,CJM,tun47,SB
2029,110,13411.9395937533,om11_2,CJM,tun47,SB
2030,110,15108.7433313717,om11_2,CJM,tun47,SB
2031,110,15647.4712869386,om11_2,CJM,tun47,SB
2032,110,15116.6578910315,om11_2,CJM,tun47,SB
2033,110,14585.4638449037,om11_2,CJM,tun47,SB
2034,110,14098.2099791554,om11_2,CJM,tun47,SB
2035,110,12332.0164649052,om11_2,CJM,tun47,SB
2036,110,10929.731402516,om11_2,CJM,tun47,SB
2037,110,9857.64603645798,om11_2,CJM,tun47,SB
2038,110,8142.19153780813,om11_2,CJM,tun47,SB
2039,110,6497.88625203883,om11_2,CJM,tun47,SB
2040,110,5205.49267874132,om11_2,CJM,tun47,SB
2041,110,4207.38488130632,om11_2,CJM,tun47,SB
2042,110,3207.82941135391,om11_2,CJM,tun47,SB
2043,110,3140.99529357836,om11_2,CJM,tun47,SB
2044,110,2955.2653426296,om11_2,CJM,tun47,SB
2045,110,2404.2331842284,om11_2,CJM,tun47,SB
2046,110,1924.02596882284,om11_2,CJM,tun47,SB
2047,110,1830.16634305507,om11_2,CJM,tun47,SB
2048,110,1756.42412914076,om11_2,CJM,tun47,SB
2049,110,1695.61497954103,om11_2,CJM,tun47,SB
2050,110,1586.24724067247,om11_2,CJM,tun47,SB
2025,151,6742.27315938003,om11_2,CJM,tun47,SB
2026,151,7440.36598705763,om11_2,CJM,tun47,SB
2027,151,7867.64825513559,om11_2,CJM,tun47,SB
2028,151,7963.64989955081,om11_2,CJM,tun47,SB
2029,151,9635.54126222074,om11_2,CJM,tun47,SB
2030,151,12546.2631215843,om11_2,CJM,tun47,SB
2031,151,15595.9120438451,om11_2,CJM,tun47,SB
2032,151,16957.4705961198,om11_2,CJM,tun47,SB
2033,151,17320.3736401007,om11_2,CJM,tun47,SB
2034,151,17166.9216256107,om11_2,CJM,tun47,SB
2035,151,15292.7624877369,om11_2,CJM,tun47,SB
2036,151,14049.3837829353,om11_2,CJM,tun47,SB
2037,151,13627.5768487817,om11_2,CJM,tun47,SB
2038,151,14630.5515317729,om11_2,CJM,tun47,SB
2039,151,15593.9209819943,om11_2,CJM,tun47,SB
2040,151,15742.3902539981,om11_2,CJM,tun47,SB
2041,151,16634.4818332491,om11_2,CJM,tun47,SB
2042,151,17607.3918693527,om11_2,CJM,tun47,SB
2043,151,19484.1019839142,om11_2,CJM,tun47,SB
2044,151,23048.5302114481,om11_2,CJM,tun47,SB
2045,151,26905.2857247978,om11_2,CJM,tun47,SB
2046,151,29359.8125298187,om11_2,CJM,tun47,SB
2047,151,31853.3170632597,om11_2,CJM,tun47,SB
2048,151,34508.6968390374,om11_2,CJM,tun47,SB
2049,151,35956.3313634022,om11_2,CJM,tun47,SB
2050,151,35874.449102682,om11_2,CJM,tun47,SB
2025,158,7236.77187172129,om11_2,CJM,tun47,SB
2026,158,6413.74322804932,om11_2,CJM,tun47,SB
2027,158,6076.16070885327,om11_2,CJM,tun47,SB
2028,158,5974.06415742825,om11_2,CJM,tun47,SB
2029,158,5525.56091204997,om11_2,CJM,tun47,SB
2030,158,4865.21035433774,om11_2,CJM,tun47,SB
2031,158,4549.55073791518,om11_2,CJM,tun47,SB
2032,158,4527.77818097582,om11_2,CJM,tun47,SB
2033,158,4255.67573916962,om11_2,CJM,tun47,SB
2034,158,3765.6614605323,om11_2,CJM,tun47,SB
2035,158,2920.09719978892,om11_2,CJM,tun47,SB
2036,158,2493.56893739291,om11_2,CJM,tun47,SB
2037,158,2643.62750609852,om11_2,CJM,tun47,SB
2038,158,2827.71368617297,om11_2,CJM,tun47,SB
2039,158,2795.1513821779,om11_2,CJM,tun47,SB
2040,158,2711.67962471336,om11_2,CJM,tun47,SB
2041,158,2988.55259738094,om11_2,CJM,tun47,SB
2042,158,3226.43876918913,om11_2,CJM,tun47,SB
2043,158,3288.83179589003,om11_2,CJM,tun47,SB
2044,158,3771.73731766703,om11_2,CJM,tun47,SB
2045,158,4631.16997743421,om11_2,CJM,tun47,SB
2046,158,5529.4266188084,om11_2,CJM,tun47,SB
2047,158,7027.0944093765,om11_2,CJM,tun47,SB
2048,158,8596.89977237381,om11_2,CJM,tun47,SB
2049,158,11096.2577286169,om11_2,CJM,tun47,SB
2050,158,13328.5878778134,om11_2,CJM,tun47,SB
2025,165,7753.47260672735,om11_2,CJM,tun47,SB
2026,165,7946.5012408859,om11_2,CJM,tun47,SB
2027,165,7980.92635246345,om11_2,CJM,tun47,SB
2028,165,8078.83960346545,om11_2,CJM,tun47,SB
2029,165,7741.15426467488,om11_2,CJM,tun47,SB
2030,165,7208.47518912064,om11_2,CJM,tun47,SB
2031,165,6705.00986317262,om11_2,CJM,tun47,SB
2032,165,6306.83216310078,om11_2,CJM,tun47,SB
2033,165,6322.43439899127,om11_2,CJM,tun47,SB
2034,165,6358.01158595015,om11_2,CJM,tun47,SB
2035,165,5288.09300628277,om11_2,CJM,tun47,SB
2036,165,4946.55619083555,om11_2,CJM,tun47,SB
2037,165,7136.90252882359,om11_2,CJM,tun47,SB
2038,165,9783.91614539076,om11_2,CJM,tun47,SB
2039,165,10565.2044166022,om11_2,CJM,tun47,SB
2040,165,10817.7307367313,om11_2,CJM,tun47,SB
2041,165,10853.2752174659,om11_2,CJM,tun47,SB
2042,165,10462.5705399419,om11_2,CJM,tun47,SB
2043,165,10359.1740945666,om11_2,CJM,tun47,SB
2044,165,9615.27431169927,om11_2,CJM,tun47,SB
2045,165,8764.55892771795,om11_2,CJM,tun47,SB
2046,165,8094.38035999308,om11_2,CJM,tun47,SB
2047,165,7044.22436977234,om11_2,CJM,tun47,SB
2048,165,5985.63138043609,om11_2,CJM,tun47,SB
2049,165,4472.37586499951,om11_2,CJM,tun47,SB
2050,165,3110.40146096404,om11_2,CJM,tun47,SB
2025,177,8041.24231146839,om11_2,CJM,tun47,SB
2026,177,8227.05609251546,om11_2,CJM,tun47,SB
2027,177,8703.54553341081,om11_2,CJM,tun47,SB
2028,177,9305.2431469377,om11_2,CJM,tun47,SB
2029,177,9091.16037427821,om11_2,CJM,tun47,SB
2030,177,8351.3537664135,om11_2,CJM,tun47,SB
2031,177,7915.21065827671,om11_2,CJM,tun47,SB
2032,177,7503.15406124188,om11_2,CJM,tun47,SB
2033,177,7290.53674792631,om11_2,CJM,tun47,SB
2034,177,6981.99043090368,om11_2,CJM,tun47,SB
2035,177,5567.66471623817,om11_2,CJM,tun47,SB
2036,177,4716.42228080767,om11_2,CJM,tun47,SB
2037,177,4350.42379671496,om11_2,CJM,tun47,SB
2038,177,4209.1596226053,om11_2,CJM,tun47,SB
2039,177,4551.73544235154,om11_2,CJM,tun47,SB
2040,177,4729.75835920559,om11_2,CJM,tun47,SB
2041,177,4572.87986881606,om11_2,CJM,tun47,SB
2042,177,4777.73341626593,om11_2,CJM,tun47,SB
2043,177,5413.48213563828,om11_2,CJM,tun47,SB
2044,177,5736.8854389959,om11_2,CJM,tun47,SB
2045,177,5871.24224349739,om11_2,CJM,tun47,SB
2046,177,5843.78824173785,om11_2,CJM,tun47,SB
2047,177,5806.43946209536,om11_2,CJM,tun47,SB
2048,177,5674.66359053257,om11_2,CJM,tun47,SB
2049,177,5242.39517267765,om11_2,CJM,tun47,SB
2050,177,5105.47635136697,om11_2,CJM,tun47,SB
2025,186,7859.93258500356,om11_2,CJM,tun47,SB
2026,186,9766.69461105302,om11_2,CJM,tun47,SB
2027,186,12313.1015221923,om11_2,CJM,tun47,SB
2028,186,13471.9280208719,om11_2,CJM,tun47,SB
2029,186,13816.1265918341,om11_2,CJM,tun47,SB
2030,186,14212.5787983288,om11_2,CJM,tun47,SB
2031,186,14354.6173445544,om11_2,CJM,tun47,SB
2032,186,14033.0881126521,om11_2,CJM,tun47,SB
2033,186,13180.0387247521,om11_2,CJM,tun47,SB
2034,186,12089.9714519636,om11_2,CJM,tun47,SB
2035,186,9864.63301936413,om11_2,CJM,tun47,SB
2036,186,8448.09078951306,om11_2,CJM,tun47,SB
2037,186,7782.37467709698,om11_2,CJM,tun47,SB
2038,186,6652.9517013738,om11_2,CJM,tun47,SB
2039,186,6179.94355737635,om11_2,CJM,tun47,SB
2040,186,6280.56724747622,om11_2,CJM,tun47,SB
2041,186,5926.90031151534,om11_2,CJM,tun47,SB
2042,186,6010.71380618068,om11_2,CJM,tun47,SB
2043,186,6573.37210581375,om11_2,CJM,tun47,SB
2044,186,6834.89500119752,om11_2,CJM,tun47,SB
2045,186,6289.20014958147,om11_2,CJM,tun47,SB
2046,186,4941.80923308651,om11_2,CJM,tun47,SB
2047,186,3930.57517419788,om11_2,CJM,tun47,SB
2048,186,3453.23794000444,om11_2,CJM,tun47,SB
2049,186,3249.07647653362,om11_2,CJM,tun47,SB
2050,186,3894.43778718559,om11_2,CJM,tun47,SB
2025,246,8847.56725195435,om11_2,CJM,tun47,SB
2026,246,9392.17679332531,om11_2,CJM,tun47,SB
2027,246,9010.78256727675,om11_2,CJM,tun47,SB
2028,246,8819.94755483866,om11_2,CJM,tun47,SB
2029,246,8761.97075828361,om11_2,CJM,tun47,SB
2030,246,7953.48182537057,om11_2,CJM,tun47,SB
2031,246,6633.78037094263,om11_2,CJM,tun47,SB
2032,246,5224.20839676702,om11_2,CJM,tun47,SB
2033,246,3883.34621865699,om11_2,CJM,tun47,SB
2034,246,2989.07024792099,om11_2,CJM,tun47,SB
2035,246,1735.91854539015,om11_2,CJM,tun47,SB
2036,246,1125.13792574951,om11_2,CJM,tun47,SB
2037,246,1020.82264261863,om11_2,CJM,tun47,SB
2038,246,1130.9775477946,om11_2,CJM,tun47,SB
2039,246,1243.55537185742,om11_2,CJM,tun47,SB
2040,246,1304.46550277432,om11_2,CJM,tun47,SB
2041,246,1347.22196916862,om11_2,CJM,tun47,SB
2042,246,1561.90386150945,om11_2,CJM,tun47,SB
2043,246,2214.42169648348,om11_2,CJM,tun47,SB
2044,246,3264.87325068146,om11_2,CJM,tun47,SB
2045,246,5176.49107438783,om11_2,CJM,tun47,SB
2046,246,8475.00897105182,om11_2,CJM,tun47,SB
2047,246,11805.3268829872,om11_2,CJM,tun47,SB
2048,246,14189.9606644876,om11_2,CJM,tun47,SB
2049,246,15662.2040484807,om11_2,CJM,tun47,SB
2050,246,17595.6476062803,om11_2,CJM,tun47,SB
2025,327,6418.0774926786,om11_2,CJM,tun47,SB
2026,327,7033.44488835296,om11_2,CJM,tun47,SB
2027,327,6755.07951901938,om11_2,CJM,tun47,SB
2028,327,6741.16215122904,om11_2,CJM,tun47,SB
2029,327,6838.37838118065,om11_2,CJM,tun47,SB
2030,327,6899.90042077032,om11_2,CJM,tun47,SB
2031,327,6524.41270268706,om11_2,CJM,tun47,SB
2032,327,6357.72288574581,om11_2,CJM,tun47,SB
2033,327,6514.65875578888,om11_2,CJM,tun47,SB
2034,327,6270.88834470258,om11_2,CJM,tun47,SB
2035,327,5355.19431405086,om11_2,CJM,tun47,SB
2036,327,5151.02893249702,om11_2,CJM,tun47,SB
2037,327,5894.17131370214,om11_2,CJM,tun47,SB
2038,327,6112.16697848881,om11_2,CJM,tun47,SB
2039,327,5549.4572047057,om11_2,CJM,tun47,SB
2040,327,4686.56746928708,om11_2,CJM,tun47,SB
2041,327,3630.78386352319,om11_2,CJM,tun47,SB
2042,327,2491.78161107243,om11_2,CJM,tun47,SB
2043,327,2142.91271200716,om11_2,CJM,tun47,SB
2044,327,2309.90729867572,om11_2,CJM,tun47,SB
2045,327,2288.53460054493,om11_2,CJM,tun47,SB
2046,327,2283.27413047428,om11_2,CJM,tun47,SB
2047,327,2835.49899041112,om11_2,CJM,tun47,SB
2048,327,3888.1050624833,om11_2,CJM,tun47,SB
2049,327,5079.76010366758,om11_2,CJM,tun47,SB
2050,327,6357.37044690971,om11_2,CJM,tun47,SB
2025,344,8341.1219780227,om11_2,CJM,tun47,SB
2026,344,9150.13639325525,om11_2,CJM,tun47,SB
2027,344,9569.00473080941,om11_2,CJM,tun47,SB
2028,344,9331.17919570476,om11_2,CJM,tun47,SB
2029,344,8800.01891264135,om11_2,CJM,tun47,SB
2030,344,8096.13255005055,om11_2,CJM,tun47,SB
2031,344,7082.0191932145,om11_2,CJM,tun47,SB
2032,344,6102.38914173175,om11_2,CJM,tun47,SB
2033,344,5024.10191408049,om11_2,CJM,tun47,SB
2034,344,4431.50501040182,om11_2,CJM,tun47,SB
2035,344,3480.67891683389,om11_2,CJM,tun47,SB
2036,344,3012.91613962433,om11_2,CJM,tun47,SB
2037,344,2867.71018995424,om11_2,CJM,tun47,SB
2038,344,2564.1507813918,om11_2,CJM,tun47,SB
2039,344,2242.35055043915,om11_2,CJM,tun47,SB
2040,344,1967.896301186,om11_2,CJM,tun47,SB
2041,344,1743.86508501896,om11_2,CJM,tun47,SB
2042,344,1815.04827031704,om11_2,CJM,tun47,SB
2043,344,1797.44488015692,om11_2,CJM,tun47,SB
2044,344,1571.82652983411,om11_2,CJM,tun47,SB
2045,344,1340.67883463262,om11_2,CJM,tun47,SB
2046,344,1220.11031893559,om11_2,CJM,tun47,SB
2047,344,1143.57518575319,om11_2,CJM,tun47,SB
2048,344,1202.67844842966,om11_2,CJM,tun47,SB
2049,344,1343.3084121864,om11_2,CJM,tun47,SB
2050,344,1632.04055879724,om11_2,CJM,tun47,SB
2025,348,6263.92727977176,om11_2,CJM,tun47,SB
2026,348,6551.62192188995,om11_2,CJM,tun47,SB
2027,348,6159.99954061458,om11_2,CJM,tun47,SB
2028,348,5876.13055546934,om11_2,CJM,tun47,SB
2029,348,5460.10353096458,om11_2,CJM,tun47,SB
2030,348,4851.64378413737,om11_2,CJM,tun47,SB
2031,348,4494.59182248396,om11_2,CJM,tun47,SB
2032,348,4669.37460910125,om11_2,CJM,tun47,SB
2033,348,4716.23472212774,om11_2,CJM,tun47,SB
2034,348,4590.14278543618,om11_2,CJM,tun47,SB
2035,348,3799.79199900876,om11_2,CJM,tun47,SB
2036,348,3311.35352072998,om11_2,CJM,tun47,SB
2037,348,2809.1744141402,om11_2,CJM,tun47,SB
2038,348,2335.05109441472,om11_2,CJM,tun47,SB
2039,348,1821.30689233696,om11_2,CJM,tun47,SB
2040,348,1525.3821943653,om11_2,CJM,tun47,SB
2041,348,1314.3759604664,om11_2,CJM,tun47,SB
2042,348,1220.23464611008,om11_2,CJM,tun47,SB
2043,348,1424.80678887534,om11_2,CJM,tun47,SB
2044,348,1814.36452834179,om11_2,CJM,tun47,SB
2045,348,2203.70741061155,om11_2,CJM,tun47,SB
2046,348,2616.5336620684,om11_2,CJM,tun47,SB
2047,348,3062.48345574942,om11_2,CJM,tun47,SB
2048,348,3533.42772263279,om11_2,CJM,tun47,SB
2049,348,4224.82417813334,om11_2,CJM,tun47,SB
2050,348,5279.57310232691,om11_2,CJM,tun47,SB
2025,367,7127.3628316359,om11_2,CJM,tun47,SB
2026,367,7377.31283031126,om11_2,CJM,tun47,SB
2027,367,7382.47140497656,om11_2,CJM,tun47,SB
2028,367,7501.48246699813,om11_2,CJM,tun47,SB
2029,367,8218.19170938487,om11_2,CJM,tun47,SB
2030,367,8898.08164951228,om11_2,CJM,tun47,SB
2031,367,9382.86673503399,om11_2,CJM,tun47,SB
2032,367,10633.1414041671,om11_2,CJM,tun47,SB
2033,367,13696.0064737486,om11_2,CJM,tun47,SB
2034,367,15000.4523542693,om11_2,CJM,tun47,SB
2035,367,13380.7510101281,om11_2,CJM,tun47,SB
2036,367,12438.693278167,om11_2,CJM,tun47,SB
2037,367,11851.9406949378,om11_2,CJM,tun47,SB
2038,367,10524.949366864,om11_2,CJM,tun47,SB
2039,367,9374.9219266267,om11_2,CJM,tun47,SB
2040,367,9167.81901220393,om11_2,CJM,tun47,SB
2041,367,9035.18685684244,om11_2,CJM,tun47,SB
2042,367,7877.68511924951,om11_2,CJM,tun47,SB
2043,367,6441.26125549304,om11_2,CJM,tun47,SB
2044,367,5532.61602101009,om11_2,CJM,tun47,SB
2045,367,4557.29908081501,om11_2,CJM,tun47,SB
2046,367,3367.85471323318,om11_2,CJM,tun47,SB
2047,367,2183.54723314553,om11_2,CJM,tun47,SB
2048,367,1301.51113418698,om11_2,CJM,tun47,SB
2049,367,836.201312151754,om11_2,CJM,tun47,SB
2050,367,583.771896087241,om11_2,CJM,tun47,SB
2025,397,7216.38347223923,om11_2,CJM,tun47,SB
2026,397,6892.44514787398,om11_2,CJM,tun47,SB
2027,397,6045.38996434159,om11_2,CJM,tun47,SB
2028,397,5274.4169198828,om11_2,CJM,tun47,SB
2029,397,4430.75201084482,om11_2,CJM,tun47,SB
2030,397,3401.9411912603,om11_2,CJM,tun47,SB
2031,397,2573.6500965905,om11_2,CJM,tun47,SB
2032,397,2686.349701184,om11_2,CJM,tun47,SB
2033,397,3035.42687935765,om11_2,CJM,tun47,SB
2034,397,2883.0079036475,om11_2,CJM,tun47,SB
2035,397,2220.91136831252,om11_2,CJM,tun47,SB
2036,397,1998.84961287114,om11_2,CJM,tun47,SB
2037,397,2289.42582341848,om11_2,CJM,tun47,SB
2038,397,3002.54068207145,om11_2,CJM,tun47,SB
2039,397,3962.67742732293,om11_2,CJM,tun47,SB
2040,397,4636.88893975295,om11_2,CJM,tun47,SB
2041,397,5886.76977652402,om11_2,CJM,tun47,SB
2042,397,7272.1461043871,om11_2,CJM,tun47,SB
2043,397,7779.6424998045,om11_2,CJM,tun47,SB
2044,397,7390.45709288365,om11_2,CJM,tun47,SB
2045,397,6622.79351428627,om11_2,CJM,tun47,SB
2046,397,5807.04123922018,om11_2,CJM,tun47,SB
2047,397,5092.68657077342,om11_2,CJM,tun47,SB
2048,397,4360.46037953885,om11_2,CJM,tun47,SB
2049,397,4057.55341848374,om11_2,CJM,tun47,SB
2050,397,4021.92164453425,om11_2,CJM,tun47,SB
2025,498,6629.64153376063,om11_2,CJM,tun47,SB
2026,498,6347.43481165794,om11_2,CJM,tun47,SB
2027,498,6039.19742897433,om11_2,CJM,tun47,SB
2028,498,6019.93580270767,om11_2,CJM,tun47,SB
2029,498,6458.39178016712,om11_2,CJM,tun47,SB
2030,498,7038.91397361138,om11_2,CJM,tun47,SB
2031,498,7428.3818004536,om11_2,CJM,tun47,SB
2032,498,8070.36210964611,om11_2,CJM,tun47,SB
2033,498,9505.59120735562,om11_2,CJM,tun47,SB
2034,498,10251.3923430361,om11_2,CJM,tun47,SB
2035,498,9077.96622017846,om11_2,CJM,tun47,SB
2036,498,8319.9010451962,om11_2,CJM,tun47,SB
2037,498,7806.57240952731,om11_2,CJM,tun47,SB
2038,498,7457.33203483337,om11_2,CJM,tun47,SB
2039,498,6655.73376127585,om11_2,CJM,tun47,SB
2040,498,5856.63776973809,om11_2,CJM,tun47,SB
2041,498,5429.48771956197,om11_2,CJM,tun47,SB
2042,498,5466.67580614291,om11_2,CJM,tun47,SB
2043,498,6248.0545284252,om11_2,CJM,tun47,SB
2044,498,8141.45281911731,om11_2,CJM,tun47,SB
2045,498,10225.0933438893,om11_2,CJM,tun47,SB
2046,498,12636.6591704104,om11_2,CJM,tun47,SB
2047,498,14228.6035239288,om11_2,CJM,tun47,SB
2048,498,14322.0703577864,om11_2,CJM,tun47,SB
2049,498,13486.315394172,om11_2,CJM,tun47,SB
2050,498,11954.6399336912,om11_2,CJM,tun47,SB
2025,37,1385.8907626811,om11_2,CJM,tun47,C
2026,37,1224.30275522017,om11_2,CJM,tun47,C
2027,37,1176.2042056166,om11_2,CJM,tun47,C
2028,37,1200.78174571522,om11_2,CJM,tun47,C
2029,37,1308.36506962629,om11_2,CJM,tun47,C
2030,37,1540.96364251112,om11_2,CJM,tun47,C
2031,37,1594.33254353844,om11_2,CJM,tun47,C
2032,37,1770.15360121858,om11_2,CJM,tun47,C
2033,37,1586.47518423185,om11_2,CJM,tun47,C
2034,37,1630.53642532888,om11_2,CJM,tun47,C
2035,37,1300.94651885305,om11_2,CJM,tun47,C
2036,37,1099.10379525674,om11_2,CJM,tun47,C
2037,37,1064.31239522064,om11_2,CJM,tun47,C
2038,37,1012.8728180018,om11_2,CJM,tun47,C
2039,37,856.305898958447,om11_2,CJM,tun47,C
2040,37,843.946438318013,om11_2,CJM,tun47,C
2041,37,1002.13402020991,om11_2,CJM,tun47,C
2042,37,1191.61906001127,om11_2,CJM,tun47,C
2043,37,1407.16284964352,om11_2,CJM,tun47,C
2044,37,1643.1839470069,om11_2,CJM,tun47,C
2045,37,1689.6346865996,om11_2,CJM,tun47,C
2046,37,1784.78547160477,om11_2,CJM,tun47,C
2047,37,1991.51074073399,om11_2,CJM,tun47,C
2048,37,2053.46218586338,om11_2,CJM,tun47,C
2049,37,2024.21853375769,om11_2,CJM,tun47,C
2050,37,2063.01935550298,om11_2,CJM,tun47,C
2025,65,1385.8907626811,om11_2,CJM,tun47,C
2026,65,1243.77208805082,om11_2,CJM,tun47,C
2027,65,1174.79822949004,om11_2,CJM,tun47,C
2028,65,1072.3717867275,om11_2,CJM,tun47,C
2029,65,1288.4799881165,om11_2,CJM,tun47,C
2030,65,1545.52069185536,om11_2,CJM,tun47,C
2031,65,1781.25499748191,om11_2,CJM,tun47,C
2032,65,1913.08072979767,om11_2,CJM,tun47,C
2033,65,2062.34931806094,om11_2,CJM,tun47,C
2034,65,2065.00637278551,om11_2,CJM,tun47,C
2035,65,2076.42701739571,om11_2,CJM,tun47,C
2036,65,2021.80576783418,om11_2,CJM,tun47,C
2037,65,2056.39583599948,om11_2,CJM,tun47,C
2038,65,2066.6593530321,om11_2,CJM,tun47,C
2039,65,2034.69351237765,om11_2,CJM,tun47,C
2040,65,2034.15796981315,om11_2,CJM,tun47,C
2041,65,2086.19438608752,om11_2,CJM,tun47,C
2042,65,2066.06527723916,om11_2,CJM,tun47,C
2043,65,2059.85840799878,om11_2,CJM,tun47,C
2044,65,2059.40629590558,om11_2,CJM,tun47,C
2045,65,2013.4420152181,om11_2,CJM,tun47,C
2046,65,2042.7567033351,om11_2,CJM,tun47,C
2047,65,2083.27710216895,om11_2,CJM,tun47,C
2048,65,2018.23254285365,om11_2,CJM,tun47,C
2049,65,1898.11752728573,om11_2,CJM,tun47,C
2050,65,1923.02657507795,om11_2,CJM,tun47,C
2025,110,1385.8907626811,om11_2,CJM,tun47,C
2026,110,1219.16655764371,om11_2,CJM,tun47,C
2027,110,1227.1831688434,om11_2,CJM,tun47,C
2028,110,1235.53860410369,om11_2,CJM,tun47,C
2029,110,1453.21834034802,om11_2,CJM,tun47,C
2030,110,1745.48001635499,om11_2,CJM,tun47,C
2031,110,2016.43015924538,om11_2,CJM,tun47,C
2032,110,2061.30811738441,om11_2,CJM,tun47,C
2033,110,2068.34351253821,om11_2,CJM,tun47,C
2034,110,2046.47939995522,om11_2,CJM,tun47,C
2035,110,1997.72051733579,om11_2,CJM,tun47,C
2036,110,2018.90832470855,om11_2,CJM,tun47,C
2037,110,2009.89254360212,om11_2,CJM,tun47,C
2038,110,2066.56705118825,om11_2,CJM,tun47,C
2039,110,2069.85533866777,om11_2,CJM,tun47,C
2040,110,2009.33822906701,om11_2,CJM,tun47,C
2041,110,1990.8631761664,om11_2,CJM,tun47,C
2042,110,1977.51253460272,om11_2,CJM,tun47,C
2043,110,1441.02337989994,om11_2,CJM,tun47,C
2044,110,1285.93870769599,om11_2,CJM,tun47,C
2045,110,1093.3703843204,om11_2,CJM,tun47,C
2046,110,933.626253454796,om11_2,CJM,tun47,C
2047,110,654.435395681692,om11_2,CJM,tun47,C
2048,110,565.505934842745,om11_2,CJM,tun47,C
2049,110,497.811130879327,om11_2,CJM,tun47,C
2050,110,487.360983113812,om11_2,CJM,tun47,C
2025,151,1385.8907626811,om11_2,CJM,tun47,C
2026,151,1227.85770991154,om11_2,CJM,tun47,C
2027,151,1192.32729332793,om11_2,CJM,tun47,C
2028,151,1128.84475938596,om11_2,CJM,tun47,C
2029,151,1042.36674127112,om11_2,CJM,tun47,C
2030,151,1135.49293474935,om11_2,CJM,tun47,C
2031,151,1372.82263156064,om11_2,CJM,tun47,C
2032,151,1629.50487803047,om11_2,CJM,tun47,C
2033,151,1958.55782914303,om11_2,CJM,tun47,C
2034,151,2068.18337298142,om11_2,CJM,tun47,C
2035,151,2021.3194917749,om11_2,CJM,tun47,C
2036,151,2076.33689230755,om11_2,CJM,tun47,C
2037,151,2057.36295989326,om11_2,CJM,tun47,C
2038,151,1993.66624587508,om11_2,CJM,tun47,C
2039,151,2079.86463800664,om11_2,CJM,tun47,C
2040,151,2031.67264115656,om11_2,CJM,tun47,C
2041,151,2027.95099905817,om11_2,CJM,tun47,C
2042,151,2064.37752802369,om11_2,CJM,tun47,C
2043,151,2010.77770234133,om11_2,CJM,tun47,C
2044,151,1992.15184148035,om11_2,CJM,tun47,C
2045,151,2088.83308843754,om11_2,CJM,tun47,C
2046,151,2008.6887111212,om11_2,CJM,tun47,C
2047,151,2068.14443850435,om11_2,CJM,tun47,C
2048,151,2087.91880303834,om11_2,CJM,tun47,C
2049,151,2079.68770450571,om11_2,CJM,tun47,C
2050,151,2005.14431281014,om11_2,CJM,tun47,C
2025,158,1385.8907626811,om11_2,CJM,tun47,C
2026,158,1223.71100240221,om11_2,CJM,tun47,C
2027,158,1220.75658226907,om11_2,CJM,tun47,C
2028,158,1038.10837263768,om11_2,CJM,tun47,C
2029,158,1112.87656877086,om11_2,CJM,tun47,C
2030,158,1135.49611547657,om11_2,CJM,tun47,C
2031,158,1034.25090935029,om11_2,CJM,tun47,C
2032,158,1036.45770947416,om11_2,CJM,tun47,C
2033,158,984.716099027105,om11_2,CJM,tun47,C
2034,158,1036.87959508621,om11_2,CJM,tun47,C
2035,158,967.425153861239,om11_2,CJM,tun47,C
2036,158,998.677071851684,om11_2,CJM,tun47,C
2037,158,817.694871620427,om11_2,CJM,tun47,C
2038,158,722.427263878766,om11_2,CJM,tun47,C
2039,158,604.35348092207,om11_2,CJM,tun47,C
2040,158,573.439161548008,om11_2,CJM,tun47,C
2041,158,704.324340046411,om11_2,CJM,tun47,C
2042,158,745.270294404996,om11_2,CJM,tun47,C
2043,158,685.642828400642,om11_2,CJM,tun47,C
2044,158,599.27374501309,om11_2,CJM,tun47,C
2045,158,644.246297117989,om11_2,CJM,tun47,C
2046,158,588.019982476471,om11_2,CJM,tun47,C
2047,158,564.867472472356,om11_2,CJM,tun47,C
2048,158,692.822486857384,om11_2,CJM,tun47,C
2049,158,825.262733861268,om11_2,CJM,tun47,C
2050,158,1015.10274190932,om11_2,CJM,tun47,C
2025,165,1385.8907626811,om11_2,CJM,tun47,C
2026,165,1238.12373728201,om11_2,CJM,tun47,C
2027,165,1204.70904826497,om11_2,CJM,tun47,C
2028,165,1316.03820700386,om11_2,CJM,tun47,C
2029,165,1467.7429753398,om11_2,CJM,tun47,C
2030,165,1680.12270539499,om11_2,CJM,tun47,C
2031,165,1468.7730137699,om11_2,CJM,tun47,C
2032,165,1468.53176397903,om11_2,CJM,tun47,C
2033,165,1487.14416657018,om11_2,CJM,tun47,C
2034,165,1397.51458082229,om11_2,CJM,tun47,C
2035,165,1224.08913272254,om11_2,CJM,tun47,C
2036,165,1096.51209777425,om11_2,CJM,tun47,C
2037,165,1178.0948824486,om11_2,CJM,tun47,C
2038,165,1208.27009128769,om11_2,CJM,tun47,C
2039,165,1260.67815349814,om11_2,CJM,tun47,C
2040,165,1428.79710305841,om11_2,CJM,tun47,C
2041,165,1679.50763885951,om11_2,CJM,tun47,C
2042,165,1756.23619725675,om11_2,CJM,tun47,C
2043,165,1678.58601965127,om11_2,CJM,tun47,C
2044,165,1936.89432969023,om11_2,CJM,tun47,C
2045,165,2059.68615767633,om11_2,CJM,tun47,C
2046,165,2065.20977725546,om11_2,CJM,tun47,C
2047,165,1996.46278681902,om11_2,CJM,tun47,C
2048,165,2049.59597486116,om11_2,CJM,tun47,C
2049,165,2005.24068616531,om11_2,CJM,tun47,C
2050,165,1675.03203521402,om11_2,CJM,tun47,C
2025,177,1385.8907626811,om11_2,CJM,tun47,C
2026,177,1232.07598961381,om11_2,CJM,tun47,C
2027,177,1209.29255902036,om11_2,CJM,tun47,C
2028,177,1156.06870332727,om11_2,CJM,tun47,C
2029,177,1175.82225683807,om11_2,CJM,tun47,C
2030,177,1398.58314244944,om11_2,CJM,tun47,C
2031,177,1720.20537943423,om11_2,CJM,tun47,C
2032,177,2022.37053341896,om11_2,CJM,tun47,C
2033,177,1592.1792479921,om11_2,CJM,tun47,C
2034,177,1595.81329813621,om11_2,CJM,tun47,C
2035,177,1581.05323627922,om11_2,CJM,tun47,C
2036,177,1622.85945108724,om11_2,CJM,tun47,C
2037,177,1683.85629704838,om11_2,CJM,tun47,C
2038,177,1442.19143021105,om11_2,CJM,tun47,C
2039,177,1330.85352674032,om11_2,CJM,tun47,C
2040,177,1085.75577428902,om11_2,CJM,tun47,C
2041,177,909.581277371441,om11_2,CJM,tun47,C
2042,177,679.881690565721,om11_2,CJM,tun47,C
2043,177,724.372183743962,om11_2,CJM,tun47,C
2044,177,827.591482475861,om11_2,CJM,tun47,C
2045,177,880.12248755832,om11_2,CJM,tun47,C
2046,177,1035.09111075554,om11_2,CJM,tun47,C
2047,177,1209.66418871151,om11_2,CJM,tun47,C
2048,177,1244.10296860329,om11_2,CJM,tun47,C
2049,177,1044.84880969209,om11_2,CJM,tun47,C
2050,177,986.477243846496,om11_2,CJM,tun47,C
2025,186,1385.8907626811,om11_2,CJM,tun47,C
2026,186,1247.92089790749,om11_2,CJM,tun47,C
2027,186,1188.55147582401,om11_2,CJM,tun47,C
2028,186,1104.08440621828,om11_2,CJM,tun47,C
2029,186,1154.25285301944,om11_2,CJM,tun47,C
2030,186,1379.99387414809,om11_2,CJM,tun47,C
2031,186,1614.44347780232,om11_2,CJM,tun47,C
2032,186,1953.39390191115,om11_2,CJM,tun47,C
2033,186,2037.15816269348,om11_2,CJM,tun47,C
2034,186,2055.86008030115,om11_2,CJM,tun47,C
2035,186,2031.19344691404,om11_2,CJM,tun47,C
2036,186,2005.12284469909,om11_2,CJM,tun47,C
2037,186,2004.54470473991,om11_2,CJM,tun47,C
2038,186,2040.55102648276,om11_2,CJM,tun47,C
2039,186,2085.59266101689,om11_2,CJM,tun47,C
2040,186,2011.51697147748,om11_2,CJM,tun47,C
2041,186,2085.12966609492,om11_2,CJM,tun47,C
2042,186,1675.04631980906,om11_2,CJM,tun47,C
2043,186,1492.56577584101,om11_2,CJM,tun47,C
2044,186,1669.62917696284,om11_2,CJM,tun47,C
2045,186,1848.03337988717,om11_2,CJM,tun47,C
2046,186,1937.69121944724,om11_2,CJM,tun47,C
2047,186,1411.35377279808,om11_2,CJM,tun47,C
2048,186,1268.29634669306,om11_2,CJM,tun47,C
2049,186,1323.55490006237,om11_2,CJM,tun47,C
2050,186,1207.44445707241,om11_2,CJM,tun47,C
2025,246,1385.8907626811,om11_2,CJM,tun47,C
2026,246,1275.10491089121,om11_2,CJM,tun47,C
2027,246,1180.03117668862,om11_2,CJM,tun47,C
2028,246,1017.47720731271,om11_2,CJM,tun47,C
2029,246,1201.49676262454,om11_2,CJM,tun47,C
2030,246,1498.36655959207,om11_2,CJM,tun47,C
2031,246,1732.08806057181,om11_2,CJM,tun47,C
2032,246,2010.3025068169,om11_2,CJM,tun47,C
2033,246,1941.52232702819,om11_2,CJM,tun47,C
2034,246,1563.64442600308,om11_2,CJM,tun47,C
2035,246,1252.95271941532,om11_2,CJM,tun47,C
2036,246,1072.82815394991,om11_2,CJM,tun47,C
2037,246,910.557006237097,om11_2,CJM,tun47,C
2038,246,626.249892076225,om11_2,CJM,tun47,C
2039,246,449.337277533077,om11_2,CJM,tun47,C
2040,246,313.110021581567,om11_2,CJM,tun47,C
2041,246,293.13125025801,om11_2,CJM,tun47,C
2042,246,317.458543400995,om11_2,CJM,tun47,C
2043,246,345.068790680597,om11_2,CJM,tun47,C
2044,246,355.321010444608,om11_2,CJM,tun47,C
2045,246,412.681894325906,om11_2,CJM,tun47,C
2046,246,485.933280185532,om11_2,CJM,tun47,C
2047,246,598.774933836167,om11_2,CJM,tun47,C
2048,246,695.102033525893,om11_2,CJM,tun47,C
2049,246,848.463325415007,om11_2,CJM,tun47,C
2050,246,1037.2477381658,om11_2,CJM,tun47,C
2025,327,1385.8907626811,om11_2,CJM,tun47,C
2026,327,1262.22311131049,om11_2,CJM,tun47,C
2027,327,1191.18321311757,om11_2,CJM,tun47,C
2028,327,1183.76270228984,om11_2,CJM,tun47,C
2029,327,1415.59356224199,om11_2,CJM,tun47,C
2030,327,1699.71495952816,om11_2,CJM,tun47,C
2031,327,2052.12106560149,om11_2,CJM,tun47,C
2032,327,1638.62167652172,om11_2,CJM,tun47,C
2033,327,1421.32048528172,om11_2,CJM,tun47,C
2034,327,1323.53984606677,om11_2,CJM,tun47,C
2035,327,1198.04302878405,om11_2,CJM,tun47,C
2036,327,1210.5658813261,om11_2,CJM,tun47,C
2037,327,1337.18935046921,om11_2,CJM,tun47,C
2038,327,1608.48188304899,om11_2,CJM,tun47,C
2039,327,1923.68830832417,om11_2,CJM,tun47,C
2040,327,2042.65911060945,om11_2,CJM,tun47,C
2041,327,2061.73207872791,om11_2,CJM,tun47,C
2042,327,1700.11145208045,om11_2,CJM,tun47,C
2043,327,1228.66520856019,om11_2,CJM,tun47,C
2044,327,849.919838161686,om11_2,CJM,tun47,C
2045,327,600.62642921444,om11_2,CJM,tun47,C
2046,327,502.868856956189,om11_2,CJM,tun47,C
2047,327,409.631753131084,om11_2,CJM,tun47,C
2048,327,453.068429338184,om11_2,CJM,tun47,C
2049,327,448.378195487471,om11_2,CJM,tun47,C
2050,327,475.469274972448,om11_2,CJM,tun47,C
2025,344,1385.8907626811,om11_2,CJM,tun47,C
2026,344,1270.86189597795,om11_2,CJM,tun47,C
2027,344,1203.04234423426,om11_2,CJM,tun47,C
2028,344,1465.04793750027,om11_2,CJM,tun47,C
2029,344,1745.16496615248,om11_2,CJM,tun47,C
2030,344,2033.61125348843,om11_2,CJM,tun47,C
2031,344,2073.79826985823,om11_2,CJM,tun47,C
2032,344,1741.99313244483,om11_2,CJM,tun47,C
2033,344,1492.97207852018,om11_2,CJM,tun47,C
2034,344,1261.49771221829,om11_2,CJM,tun47,C
2035,344,1278.1225594221,om11_2,CJM,tun47,C
2036,344,1061.00130891322,om11_2,CJM,tun47,C
2037,344,903.991979842611,om11_2,CJM,tun47,C
2038,344,922.229879187171,om11_2,CJM,tun47,C
2039,344,962.711306422882,om11_2,CJM,tun47,C
2040,344,899.347885656339,om11_2,CJM,tun47,C
2041,344,830.302575436931,om11_2,CJM,tun47,C
2042,344,709.849119627765,om11_2,CJM,tun47,C
2043,344,709.672988169244,om11_2,CJM,tun47,C
2044,344,669.810366671446,om11_2,CJM,tun47,C
2045,344,659.44755141825,om11_2,CJM,tun47,C
2046,344,519.86084889485,om11_2,CJM,tun47,C
2047,344,511.318427796044,om11_2,CJM,tun47,C
2048,344,426.096331010035,om11_2,CJM,tun47,C
2049,344,396.773688303798,om11_2,CJM,tun47,C
2050,344,373.31488125355,om11_2,CJM,tun47,C
2025,348,1385.8907626811,om11_2,CJM,tun47,C
2026,348,1264.50313632989,om11_2,CJM,tun47,C
2027,348,1215.69095999601,om11_2,CJM,tun47,C
2028,348,1021.01333550029,om11_2,CJM,tun47,C
2029,348,1136.48051301468,om11_2,CJM,tun47,C
2030,348,1276.52757070662,om11_2,CJM,tun47,C
2031,348,1395.33791020609,om11_2,CJM,tun47,C
2032,348,1059.49402545877,om11_2,CJM,tun47,C
2033,348,1024.87188380283,om11_2,CJM,tun47,C
2034,348,1207.16512748166,om11_2,CJM,tun47,C
2035,348,1430.89030099171,om11_2,CJM,tun47,C
2036,348,1471.70694733255,om11_2,CJM,tun47,C
2037,348,1289.61505842804,om11_2,CJM,tun47,C
2038,348,992.988274389009,om11_2,CJM,tun47,C
2039,348,951.413526505416,om11_2,CJM,tun47,C
2040,348,871.368727398153,om11_2,CJM,tun47,C
2041,348,763.783841920166,om11_2,CJM,tun47,C
2042,348,618.462179522516,om11_2,CJM,tun47,C
2043,348,511.890564812463,om11_2,CJM,tun47,C
2044,348,395.026911907805,om11_2,CJM,tun47,C
2045,348,360.153313100849,om11_2,CJM,tun47,C
2046,348,356.904664393149,om11_2,CJM,tun47,C
2047,348,423.710320868086,om11_2,CJM,tun47,C
2048,348,514.206717856589,om11_2,CJM,tun47,C
2049,348,616.913492243914,om11_2,CJM,tun47,C
2050,348,749.492892127749,om11_2,CJM,tun47,C
2025,367,1385.8907626811,om11_2,CJM,tun47,C
2026,367,1275.20602346854,om11_2,CJM,tun47,C
2027,367,1195.51194316074,om11_2,CJM,tun47,C
2028,367,1309.92800508356,om11_2,CJM,tun47,C
2029,367,1636.21309541288,om11_2,CJM,tun47,C
2030,367,1894.01383262797,om11_2,CJM,tun47,C
2031,367,2022.86934503914,om11_2,CJM,tun47,C
2032,367,2085.79193840484,om11_2,CJM,tun47,C
2033,367,1972.76402575284,om11_2,CJM,tun47,C
2034,367,1912.21258300308,om11_2,CJM,tun47,C
2035,367,1948.16941025627,om11_2,CJM,tun47,C
2036,367,2014.83453247421,om11_2,CJM,tun47,C
2037,367,2001.6844458452,om11_2,CJM,tun47,C
2038,367,2069.68885169612,om11_2,CJM,tun47,C
2039,367,2039.57579756281,om11_2,CJM,tun47,C
2040,367,2072.92944117099,om11_2,CJM,tun47,C
2041,367,2023.95519421906,om11_2,CJM,tun47,C
2042,367,2074.57536145704,om11_2,CJM,tun47,C
2043,367,2057.84252096075,om11_2,CJM,tun47,C
2044,367,2040.14688489153,om11_2,CJM,tun47,C
2045,367,2008.91558970197,om11_2,CJM,tun47,C
2046,367,1733.71364304105,om11_2,CJM,tun47,C
2047,367,1574.72531413084,om11_2,CJM,tun47,C
2048,367,1342.26462305713,om11_2,CJM,tun47,C
2049,367,994.00042142381,om11_2,CJM,tun47,C
2050,367,684.872950962433,om11_2,CJM,tun47,C
2025,397,1385.8907626811,om11_2,CJM,tun47,C
2026,397,1266.1335566069,om11_2,CJM,tun47,C
2027,397,1197.51813044827,om11_2,CJM,tun47,C
2028,397,1148.00152748371,om11_2,CJM,tun47,C
2029,397,1419.32474552556,om11_2,CJM,tun47,C
2030,397,1665.93163925385,om11_2,CJM,tun47,C
2031,397,1578.66437011155,om11_2,CJM,tun47,C
2032,397,1107.08917271894,om11_2,CJM,tun47,C
2033,397,774.605551725335,om11_2,CJM,tun47,C
2034,397,780.258812668652,om11_2,CJM,tun47,C
2035,397,730.841931050408,om11_2,CJM,tun47,C
2036,397,737.20206476139,om11_2,CJM,tun47,C
2037,397,614.80903858069,om11_2,CJM,tun47,C
2038,397,559.351925836648,om11_2,CJM,tun47,C
2039,397,487.371752603148,om11_2,CJM,tun47,C
2040,397,586.639832444365,om11_2,CJM,tun47,C
2041,397,700.452074285632,om11_2,CJM,tun47,C
2042,397,830.567263565322,om11_2,CJM,tun47,C
2043,397,981.178986110483,om11_2,CJM,tun47,C
2044,397,1207.57752055458,om11_2,CJM,tun47,C
2045,397,1295.6392943582,om11_2,CJM,tun47,C
2046,397,1479.69165986434,om11_2,CJM,tun47,C
2047,397,1329.08843229954,om11_2,CJM,tun47,C
2048,397,1355.81434329599,om11_2,CJM,tun47,C
2049,397,1185.9140559189,om11_2,CJM,tun47,C
2050,397,1151.53701440577,om11_2,CJM,tun47,C
2025,498,1385.8907626811,om11_2,CJM,tun47,C
2026,498,1257.98249991463,om11_2,CJM,tun47,C
2027,498,1191.38414695629,om11_2,CJM,tun47,C
2028,498,1071.15595761839,om11_2,CJM,tun47,C
2029,498,1102.65458694566,om11_2,CJM,tun47,C
2030,498,1161.84065879062,om11_2,CJM,tun47,C
2031,498,1058.30047786783,om11_2,CJM,tun47,C
2032,498,937.082705272858,om11_2,CJM,tun47,C
2033,498,1134.00835199452,om11_2,CJM,tun47,C
2034,498,1292.59491396529,om11_2,CJM,tun47,C
2035,498,1553.98978050661,om11_2,CJM,tun47,C
2036,498,1531.36073669793,om11_2,CJM,tun47,C
2037,498,1887.40600723766,om11_2,CJM,tun47,C
2038,498,2036.57043657747,om11_2,CJM,tun47,C
2039,498,2069.83115473871,om11_2,CJM,tun47,C
2040,498,1927.18173011608,om11_2,CJM,tun47,C
2041,498,1581.95127075016,om11_2,CJM,tun47,C
2042,498,1459.61553991079,om11_2,CJM,tun47,C
2043,498,1407.34696659784,om11_2,CJM,tun47,C
2044,498,1272.98787945827,om11_2,CJM,tun47,C
2045,498,1191.83170465907,om11_2,CJM,tun47,C
2046,498,1089.64054531844,om11_2,CJM,tun47,C
2047,498,1164.73888576649,om11_2,CJM,tun47,C
2048,498,1371.83190044848,om11_2,CJM,tun47,C
2049,498,1650.62483077336,om11_2,CJM,tun47,C
2050,498,1950.72340712854,om11_2,CJM,tun47,C
2025,37,8593.12324912998,om11_2,CJM,tun44,SB
2026,37,9990.92017701562,om11_2,CJM,tun44,SB
2027,37,11228.0425543506,om11_2,CJM,tun44,SB
2028,37,11361.8517392147,om11_2,CJM,tun44,SB
2029,37,10777.379961906,om11_2,CJM,tun44,SB
2030,37,10209.2975596086,om11_2,CJM,tun44,SB
2031,37,9511.22462869729,om11_2,CJM,tun44,SB
2032,37,8593.74536517036,om11_2,CJM,tun44,SB
2033,37,8301.30287061084,om11_2,CJM,tun44,SB
2034,37,8205.62327416401,om11_2,CJM,tun44,SB
2035,37,6779.24868211052,om11_2,CJM,tun44,SB
2036,37,6157.82604304293,om11_2,CJM,tun44,SB
2037,37,5950.98028829889,om11_2,CJM,tun44,SB
2038,37,6181.94036280641,om11_2,CJM,tun44,SB
2039,37,8256.57221375777,om11_2,CJM,tun44,SB
2040,37,12347.7263278201,om11_2,CJM,tun44,SB
2041,37,15147.5729097671,om11_2,CJM,tun44,SB
2042,37,15752.6955908708,om11_2,CJM,tun44,SB
2043,37,16212.5594647659,om11_2,CJM,tun44,SB
2044,37,16877.3795043946,om11_2,CJM,tun44,SB
2045,37,16938.5572293349,om11_2,CJM,tun44,SB
2046,37,16903.9282318546,om11_2,CJM,tun44,SB
2047,37,16872.8190035604,om11_2,CJM,tun44,SB
2048,37,15760.6439334362,om11_2,CJM,tun44,SB
2049,37,14069.6323936013,om11_2,CJM,tun44,SB
2050,37,13556.8792912153,om11_2,CJM,tun44,SB
2025,65,7734.49472637435,om11_2,CJM,tun44,SB
2026,65,9069.44159914167,om11_2,CJM,tun44,SB
2027,65,10686.7191222625,om11_2,CJM,tun44,SB
2028,65,11625.4769122629,om11_2,CJM,tun44,SB
2029,65,11984.0388101966,om11_2,CJM,tun44,SB
2030,65,12693.313157598,om11_2,CJM,tun44,SB
2031,65,14096.0079884466,om11_2,CJM,tun44,SB
2032,65,16543.105995963,om11_2,CJM,tun44,SB
2033,65,18953.6818893509,om11_2,CJM,tun44,SB
2034,65,19481.4274087132,om11_2,CJM,tun44,SB
2035,65,17481.5324406027,om11_2,CJM,tun44,SB
2036,65,16131.7653692342,om11_2,CJM,tun44,SB
2037,65,15368.0678951847,om11_2,CJM,tun44,SB
2038,65,14587.3255555083,om11_2,CJM,tun44,SB
2039,65,13525.0576140393,om11_2,CJM,tun44,SB
2040,65,12992.9111900273,om11_2,CJM,tun44,SB
2041,65,12345.7514520601,om11_2,CJM,tun44,SB
2042,65,10933.0136468145,om11_2,CJM,tun44,SB
2043,65,10374.8309947681,om11_2,CJM,tun44,SB
2044,65,9607.73896452743,om11_2,CJM,tun44,SB
2045,65,8638.70403937702,om11_2,CJM,tun44,SB
2046,65,7637.78002414178,om11_2,CJM,tun44,SB
2047,65,6293.60396044371,om11_2,CJM,tun44,SB
2048,65,5089.62827256699,om11_2,CJM,tun44,SB
2049,65,3940.98040078414,om11_2,CJM,tun44,SB
2050,65,2857.19560431543,om11_2,CJM,tun44,SB
2025,110,9634.882166157,om11_2,CJM,tun44,SB
2026,110,10590.4843253058,om11_2,CJM,tun44,SB
2027,110,10972.6473904033,om11_2,CJM,tun44,SB
2028,110,12327.534753855,om11_2,CJM,tun44,SB
2029,110,14683.3769348861,om11_2,CJM,tun44,SB
2030,110,17050.6011655375,om11_2,CJM,tun44,SB
2031,110,18278.4817844781,om11_2,CJM,tun44,SB
2032,110,18263.0695247711,om11_2,CJM,tun44,SB
2033,110,18145.6733505958,om11_2,CJM,tun44,SB
2034,110,17712.9321966644,om11_2,CJM,tun44,SB
2035,110,15755.8220079547,om11_2,CJM,tun44,SB
2036,110,13919.0521361182,om11_2,CJM,tun44,SB
2037,110,12139.311517833,om11_2,CJM,tun44,SB
2038,110,9526.60901415024,om11_2,CJM,tun44,SB
2039,110,7076.31428061676,om11_2,CJM,tun44,SB
2040,110,5091.39823527771,om11_2,CJM,tun44,SB
2041,110,3779.69292762141,om11_2,CJM,tun44,SB
2042,110,2829.21645937312,om11_2,CJM,tun44,SB
2043,110,2692.11106880525,om11_2,CJM,tun44,SB
2044,110,2524.10549551441,om11_2,CJM,tun44,SB
2045,110,2047.11252017736,om11_2,CJM,tun44,SB
2046,110,1674.0488121929,om11_2,CJM,tun44,SB
2047,110,1571.59483268347,om11_2,CJM,tun44,SB
2048,110,1509.8654322669,om11_2,CJM,tun44,SB
2049,110,1496.15432085952,om11_2,CJM,tun44,SB
2050,110,1495.99056977449,om11_2,CJM,tun44,SB
2025,151,6742.27315938003,om11_2,CJM,tun44,SB
2026,151,7528.14670438544,om11_2,CJM,tun44,SB
2027,151,8216.48690896791,om11_2,CJM,tun44,SB
2028,151,8634.18977442392,om11_2,CJM,tun44,SB
2029,151,10728.9459237355,om11_2,CJM,tun44,SB
2030,151,14150.4349655245,om11_2,CJM,tun44,SB
2031,151,17692.2630711855,om11_2,CJM,tun44,SB
2032,151,19625.9378780044,om11_2,CJM,tun44,SB
2033,151,20784.0501544427,om11_2,CJM,tun44,SB
2034,151,21154.794423399,om11_2,CJM,tun44,SB
2035,151,19701.3618534483,om11_2,CJM,tun44,SB
2036,151,18642.0256960101,om11_2,CJM,tun44,SB
2037,151,18218.5308246032,om11_2,CJM,tun44,SB
2038,151,19007.8445710357,om11_2,CJM,tun44,SB
2039,151,19411.236644488,om11_2,CJM,tun44,SB
2040,151,18650.8467876557,om11_2,CJM,tun44,SB
2041,151,18403.6218641509,om11_2,CJM,tun44,SB
2042,151,18253.4299068394,om11_2,CJM,tun44,SB
2043,151,19246.6697253227,om11_2,CJM,tun44,SB
2044,151,22034.4158988773,om11_2,CJM,tun44,SB
2045,151,25396.7436591501,om11_2,CJM,tun44,SB
2046,151,27447.2504361572,om11_2,CJM,tun44,SB
2047,151,29425.8614336231,om11_2,CJM,tun44,SB
2048,151,31456.3358315108,om11_2,CJM,tun44,SB
2049,151,32007.3807998081,om11_2,CJM,tun44,SB
2050,151,31204.3892784752,om11_2,CJM,tun44,SB
2025,158,7236.77187172129,om11_2,CJM,tun44,SB
2026,158,6502.9389268625,om11_2,CJM,tun44,SB
2027,158,6420.37240333052,om11_2,CJM,tun44,SB
2028,158,6595.60072650419,om11_2,CJM,tun44,SB
2029,158,6512.73152460521,om11_2,CJM,tun44,SB
2030,158,6164.55866297737,om11_2,CJM,tun44,SB
2031,158,6093.22273216015,om11_2,CJM,tun44,SB
2032,158,6231.29363093889,om11_2,CJM,tun44,SB
2033,158,5966.96266327642,om11_2,CJM,tun44,SB
2034,158,5355.06673850104,om11_2,CJM,tun44,SB
2035,158,4172.78915734184,om11_2,CJM,tun44,SB
2036,158,3344.73769804163,om11_2,CJM,tun44,SB
2037,158,3294.90324055402,om11_2,CJM,tun44,SB
2038,158,3384.45316364922,om11_2,CJM,tun44,SB
2039,158,3270.10986985389,om11_2,CJM,tun44,SB
2040,158,3193.78241528419,om11_2,CJM,tun44,SB
2041,158,3705.44785345599,om11_2,CJM,tun44,SB
2042,158,4326.59216166766,om11_2,CJM,tun44,SB
2043,158,4715.18583358304,om11_2,CJM,tun44,SB
2044,158,5555.52496650829,om11_2,CJM,tun44,SB
2045,158,6822.42141560602,om11_2,CJM,tun44,SB
2046,158,8035.49400430367,om11_2,CJM,tun44,SB
2047,158,9821.00517958586,om11_2,CJM,tun44,SB
2048,158,11681.9502419844,om11_2,CJM,tun44,SB
2049,158,14555.608533398,om11_2,CJM,tun44,SB
2050,158,17132.0941046234,om11_2,CJM,tun44,SB
2025,165,7753.47260672735,om11_2,CJM,tun44,SB
2026,165,8037.21581986678,om11_2,CJM,tun44,SB
2027,165,8325.11105480825,om11_2,CJM,tun44,SB
2028,165,8796.95947383881,om11_2,CJM,tun44,SB
2029,165,8872.82324619621,om11_2,CJM,tun44,SB
2030,165,8789.13717641029,om11_2,CJM,tun44,SB
2031,165,8432.72389152438,om11_2,CJM,tun44,SB
2032,165,7979.22414477238,om11_2,CJM,tun44,SB
2033,165,7818.7080528629,om11_2,CJM,tun44,SB
2034,165,7642.81472912877,om11_2,CJM,tun44,SB
2035,165,6203.56407795554,om11_2,CJM,tun44,SB
2036,165,5681.5839143379,om11_2,CJM,tun44,SB
2037,165,7893.03666582684,om11_2,CJM,tun44,SB
2038,165,10634.4176036259,om11_2,CJM,tun44,SB
2039,165,11434.4626847788,om11_2,CJM,tun44,SB
2040,165,11675.0231230513,om11_2,CJM,tun44,SB
2041,165,11769.2000986325,om11_2,CJM,tun44,SB
2042,165,11464.9545250887,om11_2,CJM,tun44,SB
2043,165,11390.2089833762,om11_2,CJM,tun44,SB
2044,165,10752.3992594417,om11_2,CJM,tun44,SB
2045,165,9993.94458516912,om11_2,CJM,tun44,SB
2046,165,9296.48512358082,om11_2,CJM,tun44,SB
2047,165,8200.22524395282,om11_2,CJM,tun44,SB
2048,165,7190.72431167717,om11_2,CJM,tun44,SB
2049,165,5698.98284926703,om11_2,CJM,tun44,SB
2050,165,4241.89302967652,om11_2,CJM,tun44,SB
2025,177,8041.24231146839,om11_2,CJM,tun44,SB
2026,177,8315.49480286249,om11_2,CJM,tun44,SB
2027,177,9050.15602454846,om11_2,CJM,tun44,SB
2028,177,10003.2834819532,om11_2,CJM,tun44,SB
2029,177,10198.5788758044,om11_2,CJM,tun44,SB
2030,177,9919.99621553752,om11_2,CJM,tun44,SB
2031,177,10038.3407048213,om11_2,CJM,tun44,SB
2032,177,10371.1331537354,om11_2,CJM,tun44,SB
2033,177,10520.2986103162,om11_2,CJM,tun44,SB
2034,177,10173.5003284398,om11_2,CJM,tun44,SB
2035,177,8478.79225939016,om11_2,CJM,tun44,SB
2036,177,7239.849410859,om11_2,CJM,tun44,SB
2037,177,6502.42798999372,om11_2,CJM,tun44,SB
2038,177,5951.07580053045,om11_2,CJM,tun44,SB
2039,177,5881.02514027124,om11_2,CJM,tun44,SB
2040,177,5614.16071060503,om11_2,CJM,tun44,SB
2041,177,5145.70518185886,om11_2,CJM,tun44,SB
2042,177,5049.08091994696,om11_2,CJM,tun44,SB
2043,177,5621.62761876721,om11_2,CJM,tun44,SB
2044,177,6065.54315289876,om11_2,CJM,tun44,SB
2045,177,6494.56108479596,om11_2,CJM,tun44,SB
2046,177,6856.96627174697,om11_2,CJM,tun44,SB
2047,177,7256.81548364539,om11_2,CJM,tun44,SB
2048,177,7484.93297150866,om11_2,CJM,tun44,SB
2049,177,7247.32364149567,om11_2,CJM,tun44,SB
2050,177,7207.58796945366,om11_2,CJM,tun44,SB
2025,186,7859.93258500356,om11_2,CJM,tun44,SB
2026,186,9855.72309521258,om11_2,CJM,tun44,SB
2027,186,12627.9466365445,om11_2,CJM,tun44,SB
2028,186,14118.3649800492,om11_2,CJM,tun44,SB
2029,186,14841.7193761916,om11_2,CJM,tun44,SB
2030,186,15714.0182686852,om11_2,CJM,tun44,SB
2031,186,16405.0653699499,om11_2,CJM,tun44,SB
2032,186,16716.4769603491,om11_2,CJM,tun44,SB
2033,186,16509.1601848206,om11_2,CJM,tun44,SB
2034,186,15634.205135144,om11_2,CJM,tun44,SB
2035,186,13470.253134615,om11_2,CJM,tun44,SB
2036,186,11835.5219820242,om11_2,CJM,tun44,SB
2037,186,10814.0166096404,om11_2,CJM,tun44,SB
2038,186,9023.54611665038,om11_2,CJM,tun44,SB
2039,186,7907.81954845401,om11_2,CJM,tun44,SB
2040,186,7595.61146879791,om11_2,CJM,tun44,SB
2041,186,7032.66072724539,om11_2,CJM,tun44,SB
2042,186,6922.14937549391,om11_2,CJM,tun44,SB
2043,186,7368.20141052838,om11_2,CJM,tun44,SB
2044,186,7615.02994187756,om11_2,CJM,tun44,SB
2045,186,7130.05371089551,om11_2,CJM,tun44,SB
2046,186,5873.18796800438,om11_2,CJM,tun44,SB
2047,186,4858.40476928817,om11_2,CJM,tun44,SB
2048,186,4493.50103411179,om11_2,CJM,tun44,SB
2049,186,4426.80396258791,om11_2,CJM,tun44,SB
2050,186,5315.22380827446,om11_2,CJM,tun44,SB
2025,246,8847.56725195435,om11_2,CJM,tun44,SB
2026,246,9486.6813705546,om11_2,CJM,tun44,SB
2027,246,9338.27571835944,om11_2,CJM,tun44,SB
2028,246,9409.99988281696,om11_2,CJM,tun44,SB
2029,246,9671.12070333075,om11_2,CJM,tun44,SB
2030,246,9319.629903884,om11_2,CJM,tun44,SB
2031,246,8492.61902963736,om11_2,CJM,tun44,SB
2032,246,7619.81720360019,om11_2,CJM,tun44,SB
2033,246,6702.44859879197,om11_2,CJM,tun44,SB
2034,246,5576.92701866592,om11_2,CJM,tun44,SB
2035,246,3708.24010617247,om11_2,CJM,tun44,SB
2036,246,2579.42567528555,om11_2,CJM,tun44,SB
2037,246,2207.88818956073,om11_2,CJM,tun44,SB
2038,246,2180.33404223952,om11_2,CJM,tun44,SB
2039,246,2119.84542244183,om11_2,CJM,tun44,SB
2040,246,1922.66597425272,om11_2,CJM,tun44,SB
2041,246,1758.20317625579,om11_2,CJM,tun44,SB
2042,246,1874.73927768651,om11_2,CJM,tun44,SB
2043,246,2592.49484679635,om11_2,CJM,tun44,SB
2044,246,3795.73604605924,om11_2,CJM,tun44,SB
2045,246,5978.19287849263,om11_2,CJM,tun44,SB
2046,246,9647.78202606128,om11_2,CJM,tun44,SB
2047,246,13324.6671964221,om11_2,CJM,tun44,SB
2048,246,16021.8836215734,om11_2,CJM,tun44,SB
2049,246,17853.2145248553,om11_2,CJM,tun44,SB
2050,246,20221.2015098879,om11_2,CJM,tun44,SB
2025,327,6418.0774926786,om11_2,CJM,tun44,SB
2026,327,7121.20952710573,om11_2,CJM,tun44,SB
2027,327,7085.04531638001,om11_2,CJM,tun44,SB
2028,327,7445.47833766662,om11_2,CJM,tun44,SB
2029,327,8058.65302868248,om11_2,CJM,tun44,SB
2030,327,8840.62215081598,om11_2,CJM,tun44,SB
2031,327,9317.89852482897,om11_2,CJM,tun44,SB
2032,327,9553.57181874828,om11_2,CJM,tun44,SB
2033,327,9789.46200730155,om11_2,CJM,tun44,SB
2034,327,9221.80813975051,om11_2,CJM,tun44,SB
2035,327,7747.79215961921,om11_2,CJM,tun44,SB
2036,327,7086.8085531114,om11_2,CJM,tun44,SB
2037,327,7580.16651855751,om11_2,CJM,tun44,SB
2038,327,7508.91181696153,om11_2,CJM,tun44,SB
2039,327,6564.37250897798,om11_2,CJM,tun44,SB
2040,327,5121.38440475283,om11_2,CJM,tun44,SB
2041,327,3585.19280629241,om11_2,CJM,tun44,SB
2042,327,2123.20401490291,om11_2,CJM,tun44,SB
2043,327,1336.71504634888,om11_2,CJM,tun44,SB
2044,327,962.260784871822,om11_2,CJM,tun44,SB
2045,327,365.463700473188,om11_2,CJM,tun44,SB
2046,327,0,om11_2,CJM,tun44,SB
2047,327,0,om11_2,CJM,tun44,SB
2048,327,0,om11_2,CJM,tun44,SB
2049,327,0,om11_2,CJM,tun44,SB
2050,327,0,om11_2,CJM,tun44,SB
2025,344,8341.1219780227,om11_2,CJM,tun44,SB
2026,344,9239.08719077479,om11_2,CJM,tun44,SB
2027,344,9911.06632188515,om11_2,CJM,tun44,SB
2028,344,9996.30303962822,om11_2,CJM,tun44,SB
2029,344,9911.76018638411,om11_2,CJM,tun44,SB
2030,344,9753.38826588338,om11_2,CJM,tun44,SB
2031,344,9125.72591204534,om11_2,CJM,tun44,SB
2032,344,8168.6758183802,om11_2,CJM,tun44,SB
2033,344,6867.27575317984,om11_2,CJM,tun44,SB
2034,344,5970.61488320231,om11_2,CJM,tun44,SB
2035,344,4653.41610546949,om11_2,CJM,tun44,SB
2036,344,3959.49354104751,om11_2,CJM,tun44,SB
2037,344,3737.68047888795,om11_2,CJM,tun44,SB
2038,344,3505.17482083008,om11_2,CJM,tun44,SB
2039,344,3270.42397137503,om11_2,CJM,tun44,SB
2040,344,3204.46522784288,om11_2,CJM,tun44,SB
2041,344,3275.57115117375,om11_2,CJM,tun44,SB
2042,344,3749.09812701882,om11_2,CJM,tun44,SB
2043,344,4095.18267685001,om11_2,CJM,tun44,SB
2044,344,4049.04113751252,om11_2,CJM,tun44,SB
2045,344,3957.23798112458,om11_2,CJM,tun44,SB
2046,344,4065.43000451812,om11_2,CJM,tun44,SB
2047,344,4228.46732198922,om11_2,CJM,tun44,SB
2048,344,4656.61445073999,om11_2,CJM,tun44,SB
2049,344,5219.54554492861,om11_2,CJM,tun44,SB
2050,344,6017.89944000091,om11_2,CJM,tun44,SB
2025,348,6263.92727977176,om11_2,CJM,tun44,SB
2026,348,6644.3892532925,om11_2,CJM,tun44,SB
2027,348,6514.76535891497,om11_2,CJM,tun44,SB
2028,348,6464.97215238809,om11_2,CJM,tun44,SB
2029,348,6436.34535709244,om11_2,CJM,tun44,SB
2030,348,6303.06986573404,om11_2,CJM,tun44,SB
2031,348,6407.87561740769,om11_2,CJM,tun44,SB
2032,348,6817.18568049846,om11_2,CJM,tun44,SB
2033,348,6975.32668585035,om11_2,CJM,tun44,SB
2034,348,6900.0052942264,om11_2,CJM,tun44,SB
2035,348,6220.45562943107,om11_2,CJM,tun44,SB
2036,348,5869.93140213197,om11_2,CJM,tun44,SB
2037,348,5191.77730888685,om11_2,CJM,tun44,SB
2038,348,4208.38883414771,om11_2,CJM,tun44,SB
2039,348,3126.99585425796,om11_2,CJM,tun44,SB
2040,348,2502.6889065847,om11_2,CJM,tun44,SB
2041,348,2155.20376668181,om11_2,CJM,tun44,SB
2042,348,2007.50876827555,om11_2,CJM,tun44,SB
2043,348,2310.69501870638,om11_2,CJM,tun44,SB
2044,348,2849.97840509449,om11_2,CJM,tun44,SB
2045,348,3386.19493473216,om11_2,CJM,tun44,SB
2046,348,3984.01349253021,om11_2,CJM,tun44,SB
2047,348,4657.73733112842,om11_2,CJM,tun44,SB
2048,348,5389.70340224267,om11_2,CJM,tun44,SB
2049,348,6415.81346329447,om11_2,CJM,tun44,SB
2050,348,7899.55295746427,om11_2,CJM,tun44,SB
2025,367,7127.3628316359,om11_2,CJM,tun44,SB
2026,367,7465.62811594577,om11_2,CJM,tun44,SB
2027,367,7724.07258063592,om11_2,CJM,tun44,SB
2028,367,8190.05616892936,om11_2,CJM,tun44,SB
2029,367,9386.94468319046,om11_2,CJM,tun44,SB
2030,367,10673.8963515986,om11_2,CJM,tun44,SB
2031,367,11715.3257867097,om11_2,CJM,tun44,SB
2032,367,13407.495749843,om11_2,CJM,tun44,SB
2033,367,16751.3813195366,om11_2,CJM,tun44,SB
2034,367,18059.9391230822,om11_2,CJM,tun44,SB
2035,367,16217.710801418,om11_2,CJM,tun44,SB
2036,367,14962.7998653325,om11_2,CJM,tun44,SB
2037,367,13962.8429898351,om11_2,CJM,tun44,SB
2038,367,12169.442199058,om11_2,CJM,tun44,SB
2039,367,10802.9206311129,om11_2,CJM,tun44,SB
2040,367,10587.4753602884,om11_2,CJM,tun44,SB
2041,367,10438.882815378,om11_2,CJM,tun44,SB
2042,367,8945.67900017635,om11_2,CJM,tun44,SB
2043,367,6988.7294419321,om11_2,CJM,tun44,SB
2044,367,5746.63337026579,om11_2,CJM,tun44,SB
2045,367,4767.22038779119,om11_2,CJM,tun44,SB
2046,367,3595.80484607074,om11_2,CJM,tun44,SB
2047,367,2414.79080644084,om11_2,CJM,tun44,SB
2048,367,1583.82304862948,om11_2,CJM,tun44,SB
2049,367,1146.63017724942,om11_2,CJM,tun44,SB
2050,367,861.614852052244,om11_2,CJM,tun44,SB
2025,397,7216.38347223923,om11_2,CJM,tun44,SB
2026,397,6983.07544569664,om11_2,CJM,tun44,SB
2027,397,6387.58877527759,om11_2,CJM,tun44,SB
2028,397,5952.94800946596,om11_2,CJM,tun44,SB
2029,397,5628.51880042949,om11_2,CJM,tun44,SB
2030,397,5242.15141506684,om11_2,CJM,tun44,SB
2031,397,4833.82844209747,om11_2,CJM,tun44,SB
2032,397,5314.30832769692,om11_2,CJM,tun44,SB
2033,397,5911.32160590242,om11_2,CJM,tun44,SB
2034,397,5700.87504691648,om11_2,CJM,tun44,SB
2035,397,4723.14855210102,om11_2,CJM,tun44,SB
2036,397,4322.18930016702,om11_2,CJM,tun44,SB
2037,397,4419.59764515094,om11_2,CJM,tun44,SB
2038,397,5139.23437279864,om11_2,CJM,tun44,SB
2039,397,6144.99815064469,om11_2,CJM,tun44,SB
2040,397,6787.23790574205,om11_2,CJM,tun44,SB
2041,397,8166.10799564237,om11_2,CJM,tun44,SB
2042,397,9714.42489719611,om11_2,CJM,tun44,SB
2043,397,10302.007156958,om11_2,CJM,tun44,SB
2044,397,9905.87934504406,om11_2,CJM,tun44,SB
2045,397,9034.50109656255,om11_2,CJM,tun44,SB
2046,397,8084.06862696442,om11_2,CJM,tun44,SB
2047,397,7023.71125783838,om11_2,CJM,tun44,SB
2048,397,5901.74087133445,om11_2,CJM,tun44,SB
2049,397,5221.62119905881,om11_2,CJM,tun44,SB
2050,397,4822.99512790784,om11_2,CJM,tun44,SB
2025,498,6629.64153376063,om11_2,CJM,tun44,SB
2026,498,6437.97107467489,om11_2,CJM,tun44,SB
2027,498,6371.66801828658,om11_2,CJM,tun44,SB
2028,498,6653.63078551202,om11_2,CJM,tun44,SB
2029,498,7500.01429356645,om11_2,CJM,tun44,SB
2030,498,8481.87317677879,om11_2,CJM,tun44,SB
2031,498,9197.46919414466,om11_2,CJM,tun44,SB
2032,498,10074.4730103676,om11_2,CJM,tun44,SB
2033,498,11880.0540205153,om11_2,CJM,tun44,SB
2034,498,12951.1987136814,om11_2,CJM,tun44,SB
2035,498,12149.3631054819,om11_2,CJM,tun44,SB
2036,498,11669.0627388472,om11_2,CJM,tun44,SB
2037,498,11610.8146990008,om11_2,CJM,tun44,SB
2038,498,11690.3755002797,om11_2,CJM,tun44,SB
2039,498,11019.7502994761,om11_2,CJM,tun44,SB
2040,498,9966.95423098738,om11_2,CJM,tun44,SB
2041,498,8985.80906873334,om11_2,CJM,tun44,SB
2042,498,8378.53652852699,om11_2,CJM,tun44,SB
2043,498,8672.76562190865,om11_2,CJM,tun44,SB
2044,498,10137.2031419567,om11_2,CJM,tun44,SB
2045,498,11788.4847666495,om11_2,CJM,tun44,SB
2046,498,13822.5023970657,om11_2,CJM,tun44,SB
2047,498,15158.6135002043,om11_2,CJM,tun44,SB
2048,498,15045.0187912014,om11_2,CJM,tun44,SB
2049,498,14026.2343333172,om11_2,CJM,tun44,SB
2050,498,12352.4141246424,om11_2,CJM,tun44,SB
2025,37,1385.8907626811,om11_2,CJM,tun44,C
2026,37,1109.42100412638,om11_2,CJM,tun44,C
2027,37,886.999728702794,om11_2,CJM,tun44,C
2028,37,730.245223017757,om11_2,CJM,tun44,C
2029,37,830.221250193044,om11_2,CJM,tun44,C
2030,37,953.301899296445,om11_2,CJM,tun44,C
2031,37,1109.21055805044,om11_2,CJM,tun44,C
2032,37,1303.49837596957,om11_2,CJM,tun44,C
2033,37,1455.80925574869,om11_2,CJM,tun44,C
2034,37,1706.11235782338,om11_2,CJM,tun44,C
2035,37,1596.81733553962,om11_2,CJM,tun44,C
2036,37,1386.77205256812,om11_2,CJM,tun44,C
2037,37,1502.61254908319,om11_2,CJM,tun44,C
2038,37,1332.47694394895,om11_2,CJM,tun44,C
2039,37,1054.9629390468,om11_2,CJM,tun44,C
2040,37,849.460256317403,om11_2,CJM,tun44,C
2041,37,831.645450106247,om11_2,CJM,tun44,C
2042,37,947.690322402554,om11_2,CJM,tun44,C
2043,37,1097.76967660413,om11_2,CJM,tun44,C
2044,37,1252.96221416206,om11_2,CJM,tun44,C
2045,37,1467.44100873086,om11_2,CJM,tun44,C
2046,37,1702.20401829251,om11_2,CJM,tun44,C
2047,37,1854.57184397649,om11_2,CJM,tun44,C
2048,37,2155.72304204589,om11_2,CJM,tun44,C
2049,37,2443.77650261693,om11_2,CJM,tun44,C
2050,37,2544.49322083312,om11_2,CJM,tun44,C
2025,65,1385.8907626811,om11_2,CJM,tun44,C
2026,65,1127.06363177901,om11_2,CJM,tun44,C
2027,65,885.938489380377,om11_2,CJM,tun44,C
2028,65,735.847673729289,om11_2,CJM,tun44,C
2029,65,847.299234199567,om11_2,CJM,tun44,C
2030,65,973.981154662741,om11_2,CJM,tun44,C
2031,65,1075.7675010634,om11_2,CJM,tun44,C
2032,65,1234.52861293924,om11_2,CJM,tun44,C
2033,65,1470.75781064623,om11_2,CJM,tun44,C
2034,65,1693.55057279045,om11_2,CJM,tun44,C
2035,65,1958.35437143822,om11_2,CJM,tun44,C
2036,65,2192.86499126922,om11_2,CJM,tun44,C
2037,65,2396.1571242943,om11_2,CJM,tun44,C
2038,65,2563.45316205882,om11_2,CJM,tun44,C
2039,65,2480.8128412919,om11_2,CJM,tun44,C
2040,65,2464.25761767025,om11_2,CJM,tun44,C
2041,65,2475.62750556358,om11_2,CJM,tun44,C
2042,65,2595.89642098191,om11_2,CJM,tun44,C
2043,65,2433.90641256989,om11_2,CJM,tun44,C
2044,65,2250.80926238406,om11_2,CJM,tun44,C
2045,65,1962.63520205446,om11_2,CJM,tun44,C
2046,65,2033.35392665022,om11_2,CJM,tun44,C
2047,65,2041.27197841497,om11_2,CJM,tun44,C
2048,65,1963.85254850731,om11_2,CJM,tun44,C
2049,65,1565.29968040738,om11_2,CJM,tun44,C
2050,65,1581.85504682882,om11_2,CJM,tun44,C
2025,110,1385.8907626811,om11_2,CJM,tun44,C
2026,110,1104.76652520271,om11_2,CJM,tun44,C
2027,110,925.443307686847,om11_2,CJM,tun44,C
2028,110,754.989711687446,om11_2,CJM,tun44,C
2029,110,851.005132288379,om11_2,CJM,tun44,C
2030,110,979.563927303313,om11_2,CJM,tun44,C
2031,110,1108.5721098321,om11_2,CJM,tun44,C
2032,110,1303.23134223931,om11_2,CJM,tun44,C
2033,110,1503.83126949677,om11_2,CJM,tun44,C
2034,110,1711.12469513377,om11_2,CJM,tun44,C
2035,110,1920.90933996939,om11_2,CJM,tun44,C
2036,110,2232.47473507844,om11_2,CJM,tun44,C
2037,110,2555.88108538601,om11_2,CJM,tun44,C
2038,110,2801.41144049727,om11_2,CJM,tun44,C
2039,110,2803.12175334741,om11_2,CJM,tun44,C
2040,110,2711.1812628214,om11_2,CJM,tun44,C
2041,110,2309.52114625676,om11_2,CJM,tun44,C
2042,110,1915.67375662678,om11_2,CJM,tun44,C
2043,110,1489.02614915407,om11_2,CJM,tun44,C
2044,110,1194.38424758208,om11_2,CJM,tun44,C
2045,110,976.840377396403,om11_2,CJM,tun44,C
2046,110,779.87444087318,om11_2,CJM,tun44,C
2047,110,624.755890003979,om11_2,CJM,tun44,C
2048,110,503.7397886274,om11_2,CJM,tun44,C
2049,110,400.381955771381,om11_2,CJM,tun44,C
2050,110,321.254542534415,om11_2,CJM,tun44,C
2025,151,1385.8907626811,om11_2,CJM,tun44,C
2026,151,1112.64314075619,om11_2,CJM,tun44,C
2027,151,899.15904329695,om11_2,CJM,tun44,C
2028,151,718.591617967612,om11_2,CJM,tun44,C
2029,151,586.72923849028,om11_2,CJM,tun44,C
2030,151,668.198170182277,om11_2,CJM,tun44,C
2031,151,774.197688616446,om11_2,CJM,tun44,C
2032,151,880.662897954276,om11_2,CJM,tun44,C
2033,151,1014.39483334033,om11_2,CJM,tun44,C
2034,151,1179.9346987133,om11_2,CJM,tun44,C
2035,151,1326.17774198573,om11_2,CJM,tun44,C
2036,151,1566.61554786498,om11_2,CJM,tun44,C
2037,151,1785.14448076336,om11_2,CJM,tun44,C
2038,151,1989.35715773524,om11_2,CJM,tun44,C
2039,151,2386.67448731348,om11_2,CJM,tun44,C
2040,151,2681.07956157231,om11_2,CJM,tun44,C
2041,151,3077.59357737981,om11_2,CJM,tun44,C
2042,151,3150.77115822051,om11_2,CJM,tun44,C
2043,151,3059.25637165131,om11_2,CJM,tun44,C
2044,151,2748.0304247993,om11_2,CJM,tun44,C
2045,151,2636.13727375084,om11_2,CJM,tun44,C
2046,151,2482.37196072044,om11_2,CJM,tun44,C
2047,151,2851.0435870967,om11_2,CJM,tun44,C
2048,151,3007.10227804298,om11_2,CJM,tun44,C
2049,151,3358.89205809157,om11_2,CJM,tun44,C
2050,151,3073.48471755542,om11_2,CJM,tun44,C
2025,158,1385.8907626811,om11_2,CJM,tun44,C
2026,158,1108.88527140148,om11_2,CJM,tun44,C
2027,158,920.598208819071,om11_2,CJM,tun44,C
2028,158,728.343304798113,om11_2,CJM,tun44,C
2029,158,658.237387275494,om11_2,CJM,tun44,C
2030,158,736.004423162884,om11_2,CJM,tun44,C
2031,158,719.567797714444,om11_2,CJM,tun44,C
2032,158,843.312391781056,om11_2,CJM,tun44,C
2033,158,956.864668754989,om11_2,CJM,tun44,C
2034,158,1116.51625684889,om11_2,CJM,tun44,C
2035,158,1269.07331027355,om11_2,CJM,tun44,C
2036,158,1454.02951158164,om11_2,CJM,tun44,C
2037,158,1152.61121020962,om11_2,CJM,tun44,C
2038,158,937.588584167471,om11_2,CJM,tun44,C
2039,158,734.972338421614,om11_2,CJM,tun44,C
2040,158,583.378222904993,om11_2,CJM,tun44,C
2041,158,477.687965948982,om11_2,CJM,tun44,C
2042,158,416.520185936252,om11_2,CJM,tun44,C
2043,158,379.660628732415,om11_2,CJM,tun44,C
2044,158,346.927336078564,om11_2,CJM,tun44,C
2045,158,393.155522051093,om11_2,CJM,tun44,C
2046,158,387.529691593875,om11_2,CJM,tun44,C
2047,158,414.13924970018,om11_2,CJM,tun44,C
2048,158,486.786353652276,om11_2,CJM,tun44,C
2049,158,555.680617303423,om11_2,CJM,tun44,C
2050,158,655.02761475941,om11_2,CJM,tun44,C
2025,165,1385.8907626811,om11_2,CJM,tun44,C
2026,165,1121.94506267451,om11_2,CJM,tun44,C
2027,165,908.495067222443,om11_2,CJM,tun44,C
2028,165,871.888633192781,om11_2,CJM,tun44,C
2029,165,1007.43347461325,om11_2,CJM,tun44,C
2030,165,1124.66073215915,om11_2,CJM,tun44,C
2031,165,1298.6739367263,om11_2,CJM,tun44,C
2032,165,1507.23380509765,om11_2,CJM,tun44,C
2033,165,1686.05407850878,om11_2,CJM,tun44,C
2034,165,1669.78116364221,om11_2,CJM,tun44,C
2035,165,1544.39743999448,om11_2,CJM,tun44,C
2036,165,1256.18971677784,om11_2,CJM,tun44,C
2037,165,1337.20635878055,om11_2,CJM,tun44,C
2038,165,1270.61093412579,om11_2,CJM,tun44,C
2039,165,1252.58152367264,om11_2,CJM,tun44,C
2040,165,1425.89601007781,om11_2,CJM,tun44,C
2041,165,1612.31310516687,om11_2,CJM,tun44,C
2042,165,1676.58229376594,om11_2,CJM,tun44,C
2043,165,1639.33523485442,om11_2,CJM,tun44,C
2044,165,1767.11874832368,om11_2,CJM,tun44,C
2045,165,1945.15486865689,om11_2,CJM,tun44,C
2046,165,2045.38099862494,om11_2,CJM,tun44,C
2047,165,1972.1653618018,om11_2,CJM,tun44,C
2048,165,1926.42484452749,om11_2,CJM,tun44,C
2049,165,1913.62571779552,om11_2,CJM,tun44,C
2050,165,1753.4924093772,om11_2,CJM,tun44,C
2025,177,1385.8907626811,om11_2,CJM,tun44,C
2026,177,1116.46584996456,om11_2,CJM,tun44,C
2027,177,911.95290495796,om11_2,CJM,tun44,C
2028,177,718.757653455433,om11_2,CJM,tun44,C
2029,177,720.202064001043,om11_2,CJM,tun44,C
2030,177,820.951618002402,om11_2,CJM,tun44,C
2031,177,967.667531965794,om11_2,CJM,tun44,C
2032,177,1090.24269589116,om11_2,CJM,tun44,C
2033,177,1256.15508200365,om11_2,CJM,tun44,C
2034,177,1456.79418169177,om11_2,CJM,tun44,C
2035,177,1636.60756688039,om11_2,CJM,tun44,C
2036,177,1885.58821843132,om11_2,CJM,tun44,C
2037,177,2112.67784742087,om11_2,CJM,tun44,C
2038,177,2003.16914596259,om11_2,CJM,tun44,C
2039,177,1924.89029155667,om11_2,CJM,tun44,C
2040,177,1671.06358491498,om11_2,CJM,tun44,C
2041,177,1316.09096762965,om11_2,CJM,tun44,C
2042,177,1030.3849541536,om11_2,CJM,tun44,C
2043,177,827.578927554101,om11_2,CJM,tun44,C
2044,177,681.009007415513,om11_2,CJM,tun44,C
2045,177,543.417332076881,om11_2,CJM,tun44,C
2046,177,612.471014569646,om11_2,CJM,tun44,C
2047,177,711.286327175302,om11_2,CJM,tun44,C
2048,177,832.814970398386,om11_2,CJM,tun44,C
2049,177,781.809031178868,om11_2,CJM,tun44,C
2050,177,854.005300017291,om11_2,CJM,tun44,C
2025,186,1385.8907626811,om11_2,CJM,tun44,C
2026,186,1130.82325268651,om11_2,CJM,tun44,C
2027,186,896.311370550263,om11_2,CJM,tun44,C
2028,186,714.965349217391,om11_2,CJM,tun44,C
2029,186,704.35174205618,om11_2,CJM,tun44,C
2030,186,845.980223841815,om11_2,CJM,tun44,C
2031,186,948.467581675614,om11_2,CJM,tun44,C
2032,186,1099.78063604491,om11_2,CJM,tun44,C
2033,186,1258.8310722606,om11_2,CJM,tun44,C
2034,186,1460.9457657934,om11_2,CJM,tun44,C
2035,186,1659.92957662822,om11_2,CJM,tun44,C
2036,186,1884.4178400641,om11_2,CJM,tun44,C
2037,186,2166.45571780994,om11_2,CJM,tun44,C
2038,186,2536.17584619645,om11_2,CJM,tun44,C
2039,186,2674.9623369361,om11_2,CJM,tun44,C
2040,186,2444.66729730868,om11_2,CJM,tun44,C
2041,186,2326.90575340221,om11_2,CJM,tun44,C
2042,186,1939.76613006956,om11_2,CJM,tun44,C
2043,186,1718.7017537606,om11_2,CJM,tun44,C
2044,186,1722.19884072559,om11_2,CJM,tun44,C
2045,186,1767.81251707061,om11_2,CJM,tun44,C
2046,186,1802.97390423684,om11_2,CJM,tun44,C
2047,186,1405.98823121026,om11_2,CJM,tun44,C
2048,186,1148.49527525842,om11_2,CJM,tun44,C
2049,186,1282.32738098488,om11_2,CJM,tun44,C
2050,186,1145.12491856151,om11_2,CJM,tun44,C
2025,246,1385.8907626811,om11_2,CJM,tun44,C
2026,246,1155.45633658529,om11_2,CJM,tun44,C
2027,246,889.885058005241,om11_2,CJM,tun44,C
2028,246,718.74661466229,om11_2,CJM,tun44,C
2029,246,813.374070178116,om11_2,CJM,tun44,C
2030,246,972.08083097211,om11_2,CJM,tun44,C
2031,246,1076.88881542483,om11_2,CJM,tun44,C
2032,246,1246.64418140329,om11_2,CJM,tun44,C
2033,246,1430.0539907532,om11_2,CJM,tun44,C
2034,246,1665.12383548263,om11_2,CJM,tun44,C
2035,246,1666.88886402091,om11_2,CJM,tun44,C
2036,246,1644.36103475533,om11_2,CJM,tun44,C
2037,246,1574.57185292355,om11_2,CJM,tun44,C
2038,246,1237.64175897489,om11_2,CJM,tun44,C
2039,246,1014.87297303643,om11_2,CJM,tun44,C
2040,246,808.217318844822,om11_2,CJM,tun44,C
2041,246,654.626801480784,om11_2,CJM,tun44,C
2042,246,523.325766673307,om11_2,CJM,tun44,C
2043,246,421.098186775575,om11_2,CJM,tun44,C
2044,246,326.096987903417,om11_2,CJM,tun44,C
2045,246,279.462147880853,om11_2,CJM,tun44,C
2046,246,293.413451397048,om11_2,CJM,tun44,C
2047,246,334.234543949427,om11_2,CJM,tun44,C
2048,246,371.837233480879,om11_2,CJM,tun44,C
2049,246,434.964672429888,om11_2,CJM,tun44,C
2050,246,509.588948964498,om11_2,CJM,tun44,C
2025,327,1385.8907626811,om11_2,CJM,tun44,C
2026,327,1143.78284283125,om11_2,CJM,tun44,C
2027,327,898.295054406191,om11_2,CJM,tun44,C
2028,327,720.058921678876,om11_2,CJM,tun44,C
2029,327,825.198736308789,om11_2,CJM,tun44,C
2030,327,949.538671337646,om11_2,CJM,tun44,C
2031,327,1106.58868938613,om11_2,CJM,tun44,C
2032,327,1263.9884931619,om11_2,CJM,tun44,C
2033,327,1420.22724643782,om11_2,CJM,tun44,C
2034,327,1667.75925443428,om11_2,CJM,tun44,C
2035,327,1653.81468253185,om11_2,CJM,tun44,C
2036,327,1733.0898847506,om11_2,CJM,tun44,C
2037,327,1818.98240797232,om11_2,CJM,tun44,C
2038,327,2078.71924634693,om11_2,CJM,tun44,C
2039,327,2382.48932456963,om11_2,CJM,tun44,C
2040,327,2780.14717234764,om11_2,CJM,tun44,C
2041,327,2653.58242695428,om11_2,CJM,tun44,C
2042,327,2067.03888129127,om11_2,CJM,tun44,C
2043,327,1707.24858241649,om11_2,CJM,tun44,C
2044,327,1349.6871508007,om11_2,CJM,tun44,C
2045,327,1090.06283380084,om11_2,CJM,tun44,C
2046,327,607.23806836486,om11_2,CJM,tun44,C
2047,327,1.01011399653797e-05,om11_2,CJM,tun44,C
2048,327,1.00895287191042e-05,om11_2,CJM,tun44,C
2049,327,1.00984868856642e-05,om11_2,CJM,tun44,C
2050,327,1.00875247965207e-05,om11_2,CJM,tun44,C
2025,344,1385.8907626811,om11_2,CJM,tun44,C
2026,344,1151.61165100129,om11_2,CJM,tun44,C
2027,344,907.238982051982,om11_2,CJM,tun44,C
2028,344,1058.78850755081,om11_2,CJM,tun44,C
2029,344,1208.67757243555,om11_2,CJM,tun44,C
2030,344,1370.75933096893,om11_2,CJM,tun44,C
2031,344,1607.52457582405,om11_2,CJM,tun44,C
2032,344,1701.75234738687,om11_2,CJM,tun44,C
2033,344,1630.59915871948,om11_2,CJM,tun44,C
2034,344,1546.29260218545,om11_2,CJM,tun44,C
2035,344,1585.72906120352,om11_2,CJM,tun44,C
2036,344,1289.59875992155,om11_2,CJM,tun44,C
2037,344,1045.499204252,om11_2,CJM,tun44,C
2038,344,863.1395535984,om11_2,CJM,tun44,C
2039,344,908.066409281422,om11_2,CJM,tun44,C
2040,344,727.671408108606,om11_2,CJM,tun44,C
2041,344,610.58634296743,om11_2,CJM,tun44,C
2042,344,501.88398706977,om11_2,CJM,tun44,C
2043,344,572.681686691203,om11_2,CJM,tun44,C
2044,344,612.131703874846,om11_2,CJM,tun44,C
2045,344,653.136278419686,om11_2,CJM,tun44,C
2046,344,513.299125271824,om11_2,CJM,tun44,C
2047,344,575.604149959814,om11_2,CJM,tun44,C
2048,344,488.997445323231,om11_2,CJM,tun44,C
2049,344,501.969715931401,om11_2,CJM,tun44,C
2050,344,529.497023901166,om11_2,CJM,tun44,C
2025,348,1385.8907626811,om11_2,CJM,tun44,C
2026,348,1145.85007103061,om11_2,CJM,tun44,C
2027,348,916.777505228138,om11_2,CJM,tun44,C
2028,348,712.703626379399,om11_2,CJM,tun44,C
2029,348,676.248993412305,om11_2,CJM,tun44,C
2030,348,766.455083314077,om11_2,CJM,tun44,C
2031,348,891.434843257006,om11_2,CJM,tun44,C
2032,348,836.61814006027,om11_2,CJM,tun44,C
2033,348,912.772705556495,om11_2,CJM,tun44,C
2034,348,1030.32999081905,om11_2,CJM,tun44,C
2035,348,1170.39536895089,om11_2,CJM,tun44,C
2036,348,1339.70168745574,om11_2,CJM,tun44,C
2037,348,1556.23934848334,om11_2,CJM,tun44,C
2038,348,1577.19401242346,om11_2,CJM,tun44,C
2039,348,1564.66063420077,om11_2,CJM,tun44,C
2040,348,1311.43712515727,om11_2,CJM,tun44,C
2041,348,1036.10819135509,om11_2,CJM,tun44,C
2042,348,815.334523146607,om11_2,CJM,tun44,C
2043,348,643.747796772696,om11_2,CJM,tun44,C
2044,348,515.524596656189,om11_2,CJM,tun44,C
2045,348,428.766542100083,om11_2,CJM,tun44,C
2046,348,337.435708114468,om11_2,CJM,tun44,C
2047,348,336.945417679516,om11_2,CJM,tun44,C
2048,348,391.872558288596,om11_2,CJM,tun44,C
2049,348,450.555161020557,om11_2,CJM,tun44,C
2050,348,524.575270236901,om11_2,CJM,tun44,C
2025,367,1385.8907626811,om11_2,CJM,tun44,C
2026,367,1155.54784053754,om11_2,CJM,tun44,C
2027,367,901.559766369296,om11_2,CJM,tun44,C
2028,367,903.23504082369,om11_2,CJM,tun44,C
2029,367,1081.20941078401,om11_2,CJM,tun44,C
2030,367,1199.41560915381,om11_2,CJM,tun44,C
2031,367,1392.77940050204,om11_2,CJM,tun44,C
2032,367,1651.51807063619,om11_2,CJM,tun44,C
2033,367,1845.56054535518,om11_2,CJM,tun44,C
2034,367,1942.5157741907,om11_2,CJM,tun44,C
2035,367,2007.26615164612,om11_2,CJM,tun44,C
2036,367,2231.28927745054,om11_2,CJM,tun44,C
2037,367,2381.38833869808,om11_2,CJM,tun44,C
2038,367,2455.63067567508,om11_2,CJM,tun44,C
2039,367,2100.75667710124,om11_2,CJM,tun44,C
2040,367,2004.11219658079,om11_2,CJM,tun44,C
2041,367,1996.42084189781,om11_2,CJM,tun44,C
2042,367,2353.30521483317,om11_2,CJM,tun44,C
2043,367,2572.27165111931,om11_2,CJM,tun44,C
2044,367,2408.47267810515,om11_2,CJM,tun44,C
2045,367,1968.55674502702,om11_2,CJM,tun44,C
2046,367,1718.16182675347,om11_2,CJM,tun44,C
2047,367,1562.66505389083,om11_2,CJM,tun44,C
2048,367,1275.91056093,om11_2,CJM,tun44,C
2049,367,1015.11367083993,om11_2,CJM,tun44,C
2050,367,799.337281844482,om11_2,CJM,tun44,C
2025,397,1385.8907626811,om11_2,CJM,tun44,C
2026,397,1147.32733645967,om11_2,CJM,tun44,C
2027,397,903.073711692679,om11_2,CJM,tun44,C
2028,397,708.586154189579,om11_2,CJM,tun44,C
2029,397,839.553864355304,om11_2,CJM,tun44,C
2030,397,944.366474614907,om11_2,CJM,tun44,C
2031,397,1086.27605331009,om11_2,CJM,tun44,C
2032,397,870.612601366187,om11_2,CJM,tun44,C
2033,397,696.169349205869,om11_2,CJM,tun44,C
2034,397,828.252505445719,om11_2,CJM,tun44,C
2035,397,935.381024284212,om11_2,CJM,tun44,C
2036,397,1044.93964129648,om11_2,CJM,tun44,C
2037,397,1209.79201375533,om11_2,CJM,tun44,C
2038,397,958.458214526631,om11_2,CJM,tun44,C
2039,397,774.450134297012,om11_2,CJM,tun44,C
2040,397,778.053026200053,om11_2,CJM,tun44,C
2041,397,759.274021669815,om11_2,CJM,tun44,C
2042,397,862.802746636865,om11_2,CJM,tun44,C
2043,397,976.790758629607,om11_2,CJM,tun44,C
2044,397,1152.08604959697,om11_2,CJM,tun44,C
2045,397,1317.37257698631,om11_2,CJM,tun44,C
2046,397,1549.79054191137,om11_2,CJM,tun44,C
2047,397,1639.61015741506,om11_2,CJM,tun44,C
2048,397,1686.70711897697,om11_2,CJM,tun44,C
2049,397,1567.13685264136,om11_2,CJM,tun44,C
2050,397,1577.75327071966,om11_2,CJM,tun44,C
2025,498,1385.8907626811,om11_2,CJM,tun44,C
2026,498,1139.94114627906,om11_2,CJM,tun44,C
2027,498,898.447104328935,om11_2,CJM,tun44,C
2028,498,726.90292005123,om11_2,CJM,tun44,C
2029,498,641.767381586203,om11_2,CJM,tun44,C
2030,498,750.817766939375,om11_2,CJM,tun44,C
2031,498,715.157403617179,om11_2,CJM,tun44,C
2032,498,642.846241622092,om11_2,CJM,tun44,C
2033,498,745.524717057772,om11_2,CJM,tun44,C
2034,498,837.545488327397,om11_2,CJM,tun44,C
2035,498,964.963096228415,om11_2,CJM,tun44,C
2036,498,1095.21293900977,om11_2,CJM,tun44,C
2037,498,1293.60886233225,om11_2,CJM,tun44,C
2038,498,1481.18520170097,om11_2,CJM,tun44,C
2039,498,1731.18192135333,om11_2,CJM,tun44,C
2040,498,1959.94324151693,om11_2,CJM,tun44,C
2041,498,2089.61133656959,om11_2,CJM,tun44,C
2042,498,2103.08259374978,om11_2,CJM,tun44,C
2043,498,2151.71925703925,om11_2,CJM,tun44,C
2044,498,2035.1816744137,om11_2,CJM,tun44,C
2045,498,1864.53675158139,om11_2,CJM,tun44,C
2046,498,1638.09358334745,om11_2,CJM,tun44,C
2047,498,1472.1505451569,om11_2,CJM,tun44,C
2048,498,1586.54731941255,om11_2,CJM,tun44,C
2049,498,1829.43549217969,om11_2,CJM,tun44,C
2050,498,2071.95832079949,om11_2,CJM,tun44,C
2025,37,8593.12324912998,om11_3,CJM,tun43,SB
2026,37,9804.87431043525,om11_3,CJM,tun43,SB
2027,37,10811.437766596,om11_3,CJM,tun43,SB
2028,37,11500.8283422275,om11_3,CJM,tun43,SB
2029,37,11615.1218877718,om11_3,CJM,tun43,SB
2030,37,11034.9391455545,om11_3,CJM,tun43,SB
2031,37,10752.223162945,om11_3,CJM,tun43,SB
2032,37,10372.1307515026,om11_3,CJM,tun43,SB
2033,37,9360.62693517269,om11_3,CJM,tun43,SB
2034,37,8807.58471064423,om11_3,CJM,tun43,SB
2035,37,8422.56936342079,om11_3,CJM,tun43,SB
2036,37,9438.84112450229,om11_3,CJM,tun43,SB
2037,37,11426.2017634201,om11_3,CJM,tun43,SB
2038,37,12704.2924436381,om11_3,CJM,tun43,SB
2039,37,12997.5957719652,om11_3,CJM,tun43,SB
2040,37,12414.7606167882,om11_3,CJM,tun43,SB
2041,37,12467.2101860641,om11_3,CJM,tun43,SB
2042,37,12510.2630354732,om11_3,CJM,tun43,SB
2043,37,13007.357874908,om11_3,CJM,tun43,SB
2044,37,13676.826473072,om11_3,CJM,tun43,SB
2045,37,13492.7052860292,om11_3,CJM,tun43,SB
2046,37,12591.1596864667,om11_3,CJM,tun43,SB
2047,37,11732.4714928318,om11_3,CJM,tun43,SB
2048,37,11541.1341947733,om11_3,CJM,tun43,SB
2049,37,11846.9994128096,om11_3,CJM,tun43,SB
2050,37,11972.8334677593,om11_3,CJM,tun43,SB
2025,65,7734.49472637435,om11_3,CJM,tun43,SB
2026,65,8202.80204559414,om11_3,CJM,tun43,SB
2027,65,8191.85780689005,om11_3,CJM,tun43,SB
2028,65,8043.76354377181,om11_3,CJM,tun43,SB
2029,65,8618.42745645357,om11_3,CJM,tun43,SB
2030,65,10157.2325989103,om11_3,CJM,tun43,SB
2031,65,11091.7955580099,om11_3,CJM,tun43,SB
2032,65,11441.7531656536,om11_3,CJM,tun43,SB
2033,65,11374.0564394705,om11_3,CJM,tun43,SB
2034,65,11948.5839953572,om11_3,CJM,tun43,SB
2035,65,12167.339513262,om11_3,CJM,tun43,SB
2036,65,12497.2937725905,om11_3,CJM,tun43,SB
2037,65,12818.6716383466,om11_3,CJM,tun43,SB
2038,65,12865.1172871644,om11_3,CJM,tun43,SB
2039,65,12580.8893996093,om11_3,CJM,tun43,SB
2040,65,12429.2002984254,om11_3,CJM,tun43,SB
2041,65,12249.452057443,om11_3,CJM,tun43,SB
2042,65,11376.3694030814,om11_3,CJM,tun43,SB
2043,65,10708.948506448,om11_3,CJM,tun43,SB
2044,65,9846.68730485004,om11_3,CJM,tun43,SB
2045,65,9491.60079900532,om11_3,CJM,tun43,SB
2046,65,9583.16398521342,om11_3,CJM,tun43,SB
2047,65,8844.53981497495,om11_3,CJM,tun43,SB
2048,65,8372.73708376986,om11_3,CJM,tun43,SB
2049,65,8930.5137093196,om11_3,CJM,tun43,SB
2050,65,10061.3017545498,om11_3,CJM,tun43,SB
2025,110,9634.882166157,om11_3,CJM,tun43,SB
2026,110,10081.1703839715,om11_3,CJM,tun43,SB
2027,110,10055.6753404566,om11_3,CJM,tun43,SB
2028,110,10805.2282541752,om11_3,CJM,tun43,SB
2029,110,11335.4156079034,om11_3,CJM,tun43,SB
2030,110,11663.6143190806,om11_3,CJM,tun43,SB
2031,110,11500.1481392585,om11_3,CJM,tun43,SB
2032,110,10469.1559757038,om11_3,CJM,tun43,SB
2033,110,8859.15168492065,om11_3,CJM,tun43,SB
2034,110,7723.93833343924,om11_3,CJM,tun43,SB
2035,110,6572.03032577419,om11_3,CJM,tun43,SB
2036,110,5214.28934204012,om11_3,CJM,tun43,SB
2037,110,4059.88816597384,om11_3,CJM,tun43,SB
2038,110,3177.97615628475,om11_3,CJM,tun43,SB
2039,110,2327.40965949173,om11_3,CJM,tun43,SB
2040,110,1382.31202848572,om11_3,CJM,tun43,SB
2041,110,718.429887033744,om11_3,CJM,tun43,SB
2042,110,149.563407872033,om11_3,CJM,tun43,SB
2043,110,0,om11_3,CJM,tun43,SB
2044,110,0,om11_3,CJM,tun43,SB
2045,110,0,om11_3,CJM,tun43,SB
2046,110,0,om11_3,CJM,tun43,SB
2047,110,0,om11_3,CJM,tun43,SB
2048,110,0,om11_3,CJM,tun43,SB
2049,110,0,om11_3,CJM,tun43,SB
2050,110,0,om11_3,CJM,tun43,SB
2025,151,6742.27315938003,om11_3,CJM,tun43,SB
2026,151,6694.71915990019,om11_3,CJM,tun43,SB
2027,151,6309.96600669343,om11_3,CJM,tun43,SB
2028,151,7220.99445273672,om11_3,CJM,tun43,SB
2029,151,9209.85136916144,om11_3,CJM,tun43,SB
2030,151,11094.57355786,om11_3,CJM,tun43,SB
2031,151,12764.3740844674,om11_3,CJM,tun43,SB
2032,151,13156.4376680099,om11_3,CJM,tun43,SB
2033,151,12543.5824427442,om11_3,CJM,tun43,SB
2034,151,12306.6533688071,om11_3,CJM,tun43,SB
2035,151,11679.4092005203,om11_3,CJM,tun43,SB
2036,151,11003.7077358286,om11_3,CJM,tun43,SB
2037,151,10076.8792097836,om11_3,CJM,tun43,SB
2038,151,8773.60282567267,om11_3,CJM,tun43,SB
2039,151,7125.53729094298,om11_3,CJM,tun43,SB
2040,151,5442.68677505037,om11_3,CJM,tun43,SB
2041,151,4009.06808341084,om11_3,CJM,tun43,SB
2042,151,2698.21588880468,om11_3,CJM,tun43,SB
2043,151,1973.64972403231,om11_3,CJM,tun43,SB
2044,151,1355.06384717196,om11_3,CJM,tun43,SB
2045,151,835.200768168572,om11_3,CJM,tun43,SB
2046,151,315.718414584922,om11_3,CJM,tun43,SB
2047,151,0,om11_3,CJM,tun43,SB
2048,151,0,om11_3,CJM,tun43,SB
2049,151,0,om11_3,CJM,tun43,SB
2050,151,0,om11_3,CJM,tun43,SB
2025,158,7236.77187172129,om11_3,CJM,tun43,SB
2026,158,6706.52595293409,om11_3,CJM,tun43,SB
2027,158,6261.63908463577,om11_3,CJM,tun43,SB
2028,158,5776.98866972271,om11_3,CJM,tun43,SB
2029,158,5418.21637563297,om11_3,CJM,tun43,SB
2030,158,5174.40076898914,om11_3,CJM,tun43,SB
2031,158,5019.79316098714,om11_3,CJM,tun43,SB
2032,158,4584.92704776911,om11_3,CJM,tun43,SB
2033,158,3890.66739962057,om11_3,CJM,tun43,SB
2034,158,3345.78313404483,om11_3,CJM,tun43,SB
2035,158,2839.67576602138,om11_3,CJM,tun43,SB
2036,158,2304.24741174635,om11_3,CJM,tun43,SB
2037,158,1821.41520470556,om11_3,CJM,tun43,SB
2038,158,1851.92584356431,om11_3,CJM,tun43,SB
2039,158,1937.56782821995,om11_3,CJM,tun43,SB
2040,158,2215.91758404672,om11_3,CJM,tun43,SB
2041,158,2675.3266586332,om11_3,CJM,tun43,SB
2042,158,3182.95459666511,om11_3,CJM,tun43,SB
2043,158,4089.26110077491,om11_3,CJM,tun43,SB
2044,158,4840.88705809582,om11_3,CJM,tun43,SB
2045,158,5374.68645624512,om11_3,CJM,tun43,SB
2046,158,5739.54990493821,om11_3,CJM,tun43,SB
2047,158,6367.65873882029,om11_3,CJM,tun43,SB
2048,158,6837.64266665812,om11_3,CJM,tun43,SB
2049,158,7246.2087182617,om11_3,CJM,tun43,SB
2050,158,7862.77270497461,om11_3,CJM,tun43,SB
2025,165,7753.47260672735,om11_3,CJM,tun43,SB
2026,165,8004.51427530215,om11_3,CJM,tun43,SB
2027,165,7976.27931598554,om11_3,CJM,tun43,SB
2028,165,8233.74737050559,om11_3,CJM,tun43,SB
2029,165,8602.13125180443,om11_3,CJM,tun43,SB
2030,165,8561.61338327136,om11_3,CJM,tun43,SB
2031,165,8465.14597558963,om11_3,CJM,tun43,SB
2032,165,8576.54549344033,om11_3,CJM,tun43,SB
2033,165,8326.25720175101,om11_3,CJM,tun43,SB
2034,165,8329.41290720576,om11_3,CJM,tun43,SB
2035,165,8113.90028749823,om11_3,CJM,tun43,SB
2036,165,8018.66191475776,om11_3,CJM,tun43,SB
2037,165,7155.57068231941,om11_3,CJM,tun43,SB
2038,165,5905.8335701764,om11_3,CJM,tun43,SB
2039,165,4428.89138648703,om11_3,CJM,tun43,SB
2040,165,3081.20323258077,om11_3,CJM,tun43,SB
2041,165,2001.23331776554,om11_3,CJM,tun43,SB
2042,165,1444.0809764203,om11_3,CJM,tun43,SB
2043,165,1607.20239600696,om11_3,CJM,tun43,SB
2044,165,1881.69292819811,om11_3,CJM,tun43,SB
2045,165,2132.99268245809,om11_3,CJM,tun43,SB
2046,165,2412.96858192694,om11_3,CJM,tun43,SB
2047,165,2481.35674525743,om11_3,CJM,tun43,SB
2048,165,2442.19663751953,om11_3,CJM,tun43,SB
2049,165,2330.70389173701,om11_3,CJM,tun43,SB
2050,165,2543.26397859053,om11_3,CJM,tun43,SB
2025,177,8041.24231146839,om11_3,CJM,tun43,SB
2026,177,7606.53339850553,om11_3,CJM,tun43,SB
2027,177,7058.75811919489,om11_3,CJM,tun43,SB
2028,177,6867.67893638075,om11_3,CJM,tun43,SB
2029,177,6323.85423171216,om11_3,CJM,tun43,SB
2030,177,5357.14180058669,om11_3,CJM,tun43,SB
2031,177,4401.57287474874,om11_3,CJM,tun43,SB
2032,177,3599.13606707486,om11_3,CJM,tun43,SB
2033,177,3544.65466146415,om11_3,CJM,tun43,SB
2034,177,3895.71141209103,om11_3,CJM,tun43,SB
2035,177,3952.42921602768,om11_3,CJM,tun43,SB
2036,177,4086.30027389605,om11_3,CJM,tun43,SB
2037,177,3956.88318884178,om11_3,CJM,tun43,SB
2038,177,3760.02620293153,om11_3,CJM,tun43,SB
2039,177,3486.76490410908,om11_3,CJM,tun43,SB
2040,177,3065.15958050923,om11_3,CJM,tun43,SB
2041,177,2659.27919961943,om11_3,CJM,tun43,SB
2042,177,2479.8190998576,om11_3,CJM,tun43,SB
2043,177,2533.33478969621,om11_3,CJM,tun43,SB
2044,177,2507.13096475725,om11_3,CJM,tun43,SB
2045,177,2576.39028110711,om11_3,CJM,tun43,SB
2046,177,2520.96514573439,om11_3,CJM,tun43,SB
2047,177,2193.57547057014,om11_3,CJM,tun43,SB
2048,177,1745.35116502778,om11_3,CJM,tun43,SB
2049,177,1433.35169799949,om11_3,CJM,tun43,SB
2050,177,1255.06306804827,om11_3,CJM,tun43,SB
2025,186,7859.93258500356,om11_3,CJM,tun43,SB
2026,186,8258.1763215358,om11_3,CJM,tun43,SB
2027,186,8599.83700765341,om11_3,CJM,tun43,SB
2028,186,8717.17691604814,om11_3,CJM,tun43,SB
2029,186,8702.2386173091,om11_3,CJM,tun43,SB
2030,186,9231.67735813193,om11_3,CJM,tun43,SB
2031,186,10629.4313211369,om11_3,CJM,tun43,SB
2032,186,11006.0761053913,om11_3,CJM,tun43,SB
2033,186,9851.05791415581,om11_3,CJM,tun43,SB
2034,186,8963.86057192776,om11_3,CJM,tun43,SB
2035,186,8055.63726822176,om11_3,CJM,tun43,SB
2036,186,8000.2370433332,om11_3,CJM,tun43,SB
2037,186,8288.28479305974,om11_3,CJM,tun43,SB
2038,186,9488.39419789034,om11_3,CJM,tun43,SB
2039,186,10462.3364742546,om11_3,CJM,tun43,SB
2040,186,9979.35474144168,om11_3,CJM,tun43,SB
2041,186,9598.54575783272,om11_3,CJM,tun43,SB
2042,186,10850.5529316853,om11_3,CJM,tun43,SB
2043,186,13929.3914648744,om11_3,CJM,tun43,SB
2044,186,16584.3168877933,om11_3,CJM,tun43,SB
2045,186,18483.1286726884,om11_3,CJM,tun43,SB
2046,186,19096.791892079,om11_3,CJM,tun43,SB
2047,186,19110.2881814518,om11_3,CJM,tun43,SB
2048,186,19409.8352506226,om11_3,CJM,tun43,SB
2049,186,20300.3240777443,om11_3,CJM,tun43,SB
2050,186,22311.4086725398,om11_3,CJM,tun43,SB
2025,246,8847.56725195435,om11_3,CJM,tun43,SB
2026,246,9141.89700050476,om11_3,CJM,tun43,SB
2027,246,8540.51680932412,om11_3,CJM,tun43,SB
2028,246,7863.3021233517,om11_3,CJM,tun43,SB
2029,246,7311.95232269476,om11_3,CJM,tun43,SB
2030,246,6600.09936051621,om11_3,CJM,tun43,SB
2031,246,6307.30057074488,om11_3,CJM,tun43,SB
2032,246,6679.7205577763,om11_3,CJM,tun43,SB
2033,246,6870.81921247052,om11_3,CJM,tun43,SB
2034,246,6957.14707257876,om11_3,CJM,tun43,SB
2035,246,6752.09370543664,om11_3,CJM,tun43,SB
2036,246,6519.50510921462,om11_3,CJM,tun43,SB
2037,246,5693.21959316989,om11_3,CJM,tun43,SB
2038,246,4975.66440369656,om11_3,CJM,tun43,SB
2039,246,4512.42628174355,om11_3,CJM,tun43,SB
2040,246,4181.4435568525,om11_3,CJM,tun43,SB
2041,246,3888.2562638651,om11_3,CJM,tun43,SB
2042,246,3703.40899422881,om11_3,CJM,tun43,SB
2043,246,4185.4886206087,om11_3,CJM,tun43,SB
2044,246,5705.81133902025,om11_3,CJM,tun43,SB
2045,246,7208.60155189363,om11_3,CJM,tun43,SB
2046,246,8281.22277562969,om11_3,CJM,tun43,SB
2047,246,9857.29114484114,om11_3,CJM,tun43,SB
2048,246,11211.8844898225,om11_3,CJM,tun43,SB
2049,246,11700.3047451008,om11_3,CJM,tun43,SB
2050,246,11783.6997167479,om11_3,CJM,tun43,SB
2025,327,6418.0774926786,om11_3,CJM,tun43,SB
2026,327,7006.76784351352,om11_3,CJM,tun43,SB
2027,327,7535.62594883646,om11_3,CJM,tun43,SB
2028,327,8487.90769276568,om11_3,CJM,tun43,SB
2029,327,9719.46892290473,om11_3,CJM,tun43,SB
2030,327,10860.2287150597,om11_3,CJM,tun43,SB
2031,327,11744.4277994039,om11_3,CJM,tun43,SB
2032,327,12841.6089863092,om11_3,CJM,tun43,SB
2033,327,13067.1985335554,om11_3,CJM,tun43,SB
2034,327,12555.4039893001,om11_3,CJM,tun43,SB
2035,327,11509.2116355301,om11_3,CJM,tun43,SB
2036,327,10511.5760138011,om11_3,CJM,tun43,SB
2037,327,9426.74675369256,om11_3,CJM,tun43,SB
2038,327,7933.89604420626,om11_3,CJM,tun43,SB
2039,327,6358.33929067405,om11_3,CJM,tun43,SB
2040,327,4894.45940159333,om11_3,CJM,tun43,SB
2041,327,3601.89688932552,om11_3,CJM,tun43,SB
2042,327,2421.91172238383,om11_3,CJM,tun43,SB
2043,327,1752.54041663938,om11_3,CJM,tun43,SB
2044,327,1532.16757460813,om11_3,CJM,tun43,SB
2045,327,1829.14852453714,om11_3,CJM,tun43,SB
2046,327,2024.2784836149,om11_3,CJM,tun43,SB
2047,327,2021.35379976558,om11_3,CJM,tun43,SB
2048,327,2387.11485429021,om11_3,CJM,tun43,SB
2049,327,2932.96270467001,om11_3,CJM,tun43,SB
2050,327,3895.36860029729,om11_3,CJM,tun43,SB
2025,344,8341.1219780227,om11_3,CJM,tun43,SB
2026,344,8468.8668777109,om11_3,CJM,tun43,SB
2027,344,8787.85638423453,om11_3,CJM,tun43,SB
2028,344,9895.99227761205,om11_3,CJM,tun43,SB
2029,344,12822.7389072277,om11_3,CJM,tun43,SB
2030,344,15587.542978286,om11_3,CJM,tun43,SB
2031,344,16297.248388278,om11_3,CJM,tun43,SB
2032,344,15765.9888827132,om11_3,CJM,tun43,SB
2033,344,15059.5346894831,om11_3,CJM,tun43,SB
2034,344,15299.8526990136,om11_3,CJM,tun43,SB
2035,344,14889.9376151369,om11_3,CJM,tun43,SB
2036,344,13714.9206818367,om11_3,CJM,tun43,SB
2037,344,12379.7776099992,om11_3,CJM,tun43,SB
2038,344,11479.2455857791,om11_3,CJM,tun43,SB
2039,344,10583.2535846631,om11_3,CJM,tun43,SB
2040,344,10065.6026588471,om11_3,CJM,tun43,SB
2041,344,10459.2360247788,om11_3,CJM,tun43,SB
2042,344,10612.402297633,om11_3,CJM,tun43,SB
2043,344,10378.3018187917,om11_3,CJM,tun43,SB
2044,344,10000.3907089325,om11_3,CJM,tun43,SB
2045,344,10129.5731413027,om11_3,CJM,tun43,SB
2046,344,10247.8419877587,om11_3,CJM,tun43,SB
2047,344,11028.3604430784,om11_3,CJM,tun43,SB
2048,344,12815.7487946932,om11_3,CJM,tun43,SB
2049,344,13815.2600059374,om11_3,CJM,tun43,SB
2050,344,14229.1305019621,om11_3,CJM,tun43,SB
2025,348,6263.92727977176,om11_3,CJM,tun43,SB
2026,348,6571.09631410042,om11_3,CJM,tun43,SB
2027,348,6167.76972182665,om11_3,CJM,tun43,SB
2028,348,6028.7669618143,om11_3,CJM,tun43,SB
2029,348,6010.64804622002,om11_3,CJM,tun43,SB
2030,348,5658.59243832407,om11_3,CJM,tun43,SB
2031,348,4836.37918573836,om11_3,CJM,tun43,SB
2032,348,4385.6120137196,om11_3,CJM,tun43,SB
2033,348,3884.31558292915,om11_3,CJM,tun43,SB
2034,348,3394.91319369437,om11_3,CJM,tun43,SB
2035,348,2453.64537593412,om11_3,CJM,tun43,SB
2036,348,1586.15233209944,om11_3,CJM,tun43,SB
2037,348,899.694232860597,om11_3,CJM,tun43,SB
2038,348,514.007268344958,om11_3,CJM,tun43,SB
2039,348,171.915867847236,om11_3,CJM,tun43,SB
2040,348,0,om11_3,CJM,tun43,SB
2041,348,0,om11_3,CJM,tun43,SB
2042,348,0,om11_3,CJM,tun43,SB
2043,348,0,om11_3,CJM,tun43,SB
2044,348,0,om11_3,CJM,tun43,SB
2045,348,0,om11_3,CJM,tun43,SB
2046,348,0,om11_3,CJM,tun43,SB
2047,348,0,om11_3,CJM,tun43,SB
2048,348,0,om11_3,CJM,tun43,SB
2049,348,0,om11_3,CJM,tun43,SB
2050,348,0,om11_3,CJM,tun43,SB
2025,367,7127.3628316359,om11_3,CJM,tun43,SB
2026,367,6722.46481633107,om11_3,CJM,tun43,SB
2027,367,5653.54310297599,om11_3,CJM,tun43,SB
2028,367,4797.54025348707,om11_3,CJM,tun43,SB
2029,367,4121.64953533109,om11_3,CJM,tun43,SB
2030,367,3439.70167650299,om11_3,CJM,tun43,SB
2031,367,3090.76141076435,om11_3,CJM,tun43,SB
2032,367,2869.72607981364,om11_3,CJM,tun43,SB
2033,367,2828.98725260278,om11_3,CJM,tun43,SB
2034,367,3552.4826097055,om11_3,CJM,tun43,SB
2035,367,5276.24573449382,om11_3,CJM,tun43,SB
2036,367,6918.27424137795,om11_3,CJM,tun43,SB
2037,367,8000.79124969317,om11_3,CJM,tun43,SB
2038,367,8915.7926580524,om11_3,CJM,tun43,SB
2039,367,9769.70600912438,om11_3,CJM,tun43,SB
2040,367,11274.4592131993,om11_3,CJM,tun43,SB
2041,367,12855.2230216026,om11_3,CJM,tun43,SB
2042,367,14662.274647983,om11_3,CJM,tun43,SB
2043,367,15994.8566039027,om11_3,CJM,tun43,SB
2044,367,17097.151169577,om11_3,CJM,tun43,SB
2045,367,18979.7768507123,om11_3,CJM,tun43,SB
2046,367,19946.8231349259,om11_3,CJM,tun43,SB
2047,367,19589.8415694698,om11_3,CJM,tun43,SB
2048,367,18668.1362971714,om11_3,CJM,tun43,SB
2049,367,17851.5410220623,om11_3,CJM,tun43,SB
2050,367,17172.2378827365,om11_3,CJM,tun43,SB
2025,397,7216.38347223923,om11_3,CJM,tun43,SB
2026,397,7239.22386911341,om11_3,CJM,tun43,SB
2027,397,6715.79258356117,om11_3,CJM,tun43,SB
2028,397,6283.5653835837,om11_3,CJM,tun43,SB
2029,397,6242.19109535238,om11_3,CJM,tun43,SB
2030,397,6591.69797915217,om11_3,CJM,tun43,SB
2031,397,6716.95731300945,om11_3,CJM,tun43,SB
2032,397,7290.83947158808,om11_3,CJM,tun43,SB
2033,397,8046.60435701482,om11_3,CJM,tun43,SB
2034,397,8813.44583742603,om11_3,CJM,tun43,SB
2035,397,9310.93415177242,om11_3,CJM,tun43,SB
2036,397,9074.55713007224,om11_3,CJM,tun43,SB
2037,397,8357.67465220777,om11_3,CJM,tun43,SB
2038,397,7288.61002863782,om11_3,CJM,tun43,SB
2039,397,5973.0804336254,om11_3,CJM,tun43,SB
2040,397,4291.54408055779,om11_3,CJM,tun43,SB
2041,397,2693.65921166579,om11_3,CJM,tun43,SB
2042,397,813.023459866481,om11_3,CJM,tun43,SB
2043,397,0,om11_3,CJM,tun43,SB
2044,397,0,om11_3,CJM,tun43,SB
2045,397,0,om11_3,CJM,tun43,SB
2046,397,0,om11_3,CJM,tun43,SB
2047,397,0,om11_3,CJM,tun43,SB
2048,397,0,om11_3,CJM,tun43,SB
2049,397,0,om11_3,CJM,tun43,SB
2050,397,0,om11_3,CJM,tun43,SB
2025,498,6629.64153376063,om11_3,CJM,tun43,SB
2026,498,6014.1070854624,om11_3,CJM,tun43,SB
2027,498,5491.34783753392,om11_3,CJM,tun43,SB
2028,498,5205.88484925899,om11_3,CJM,tun43,SB
2029,498,5220.40712687894,om11_3,CJM,tun43,SB
2030,498,5368.73830313439,om11_3,CJM,tun43,SB
2031,498,5503.12018627338,om11_3,CJM,tun43,SB
2032,498,6125.6987073192,om11_3,CJM,tun43,SB
2033,498,6752.32190394083,om11_3,CJM,tun43,SB
2034,498,7358.3466720052,om11_3,CJM,tun43,SB
2035,498,8219.23269395711,om11_3,CJM,tun43,SB
2036,498,8397.63992312134,om11_3,CJM,tun43,SB
2037,498,7446.9821888823,om11_3,CJM,tun43,SB
2038,498,6666.37226313045,om11_3,CJM,tun43,SB
2039,498,5491.55992827663,om11_3,CJM,tun43,SB
2040,498,4373.64675644444,om11_3,CJM,tun43,SB
2041,498,3812.49307246623,om11_3,CJM,tun43,SB
2042,498,3117.50085876806,om11_3,CJM,tun43,SB
2043,498,2672.2002949177,om11_3,CJM,tun43,SB
2044,498,2920.62443341625,om11_3,CJM,tun43,SB
2045,498,4248.9394503542,om11_3,CJM,tun43,SB
2046,498,5653.59422533357,om11_3,CJM,tun43,SB
2047,498,6386.25715411771,om11_3,CJM,tun43,SB
2048,498,6776.39902739373,om11_3,CJM,tun43,SB
2049,498,7331.26530691428,om11_3,CJM,tun43,SB
2050,498,7577.79213955556,om11_3,CJM,tun43,SB
2025,37,1385.8907626811,om11_3,CJM,tun43,C
2026,37,1256.75025459674,om11_3,CJM,tun43,C
2027,37,1207.02126436709,om11_3,CJM,tun43,C
2028,37,1229.1823704831,om11_3,CJM,tun43,C
2029,37,1336.09592426127,om11_3,CJM,tun43,C
2030,37,1534.17270640714,om11_3,CJM,tun43,C
2031,37,1654.13695736806,om11_3,CJM,tun43,C
2032,37,1943.87335585547,om11_3,CJM,tun43,C
2033,37,1897.87944526194,om11_3,CJM,tun43,C
2034,37,2057.15056407874,om11_3,CJM,tun43,C
2035,37,1812.9125694602,om11_3,CJM,tun43,C
2036,37,1606.88666403013,om11_3,CJM,tun43,C
2037,37,1624.04239133373,om11_3,CJM,tun43,C
2038,37,1620.08436214053,om11_3,CJM,tun43,C
2039,37,1508.28285719542,om11_3,CJM,tun43,C
2040,37,1666.42829381542,om11_3,CJM,tun43,C
2041,37,1896.33100573879,om11_3,CJM,tun43,C
2042,37,1994.66319223762,om11_3,CJM,tun43,C
2043,37,2009.16922413205,om11_3,CJM,tun43,C
2044,37,1994.09303655801,om11_3,CJM,tun43,C
2045,37,1964.90499894966,om11_3,CJM,tun43,C
2046,37,1828.44184080433,om11_3,CJM,tun43,C
2047,37,2020.43651526395,om11_3,CJM,tun43,C
2048,37,2053.46222180733,om11_3,CJM,tun43,C
2049,37,2024.21859509904,om11_3,CJM,tun43,C
2050,37,2063.01939823881,om11_3,CJM,tun43,C
2025,65,1385.8907626811,om11_3,CJM,tun43,C
2026,65,1276.73557846622,om11_3,CJM,tun43,C
2027,65,1205.57846101904,om11_3,CJM,tun43,C
2028,65,1096.39004224845,om11_3,CJM,tun43,C
2029,65,1262.44938480307,om11_3,CJM,tun43,C
2030,65,1412.53539911841,om11_3,CJM,tun43,C
2031,65,1560.1530585892,om11_3,CJM,tun43,C
2032,65,1586.01102458952,om11_3,CJM,tun43,C
2033,65,1845.0241496168,om11_3,CJM,tun43,C
2034,65,2065.00636762211,om11_3,CJM,tun43,C
2035,65,2076.42701495612,om11_3,CJM,tun43,C
2036,65,2021.8058536438,om11_3,CJM,tun43,C
2037,65,2007.83656348898,om11_3,CJM,tun43,C
2038,65,2066.6593530321,om11_3,CJM,tun43,C
2039,65,2034.69351237765,om11_3,CJM,tun43,C
2040,65,2034.15796981318,om11_3,CJM,tun43,C
2041,65,2086.19434124751,om11_3,CJM,tun43,C
2042,65,2066.06522802832,om11_3,CJM,tun43,C
2043,65,2059.85840799877,om11_3,CJM,tun43,C
2044,65,2059.40631619774,om11_3,CJM,tun43,C
2045,65,2013.44203381921,om11_3,CJM,tun43,C
2046,65,2042.75667856909,om11_3,CJM,tun43,C
2047,65,2083.27710214336,om11_3,CJM,tun43,C
2048,65,2018.23254280716,om11_3,CJM,tun43,C
2049,65,2010.80444960675,om11_3,CJM,tun43,C
2050,65,2051.06750774266,om11_3,CJM,tun43,C
2025,110,1385.8907626811,om11_3,CJM,tun43,C
2026,110,1251.47793513652,om11_3,CJM,tun43,C
2027,110,1259.33590630101,om11_3,CJM,tun43,C
2028,110,1256.21522605092,om11_3,CJM,tun43,C
2029,110,1415.97373527891,om11_3,CJM,tun43,C
2030,110,1629.88064514928,om11_3,CJM,tun43,C
2031,110,1844.53526867323,om11_3,CJM,tun43,C
2032,110,2061.30806569024,om11_3,CJM,tun43,C
2033,110,2068.34349564153,om11_3,CJM,tun43,C
2034,110,2046.47939543471,om11_3,CJM,tun43,C
2035,110,1997.72059335412,om11_3,CJM,tun43,C
2036,110,2018.90832401345,om11_3,CJM,tun43,C
2037,110,1908.04272253774,om11_3,CJM,tun43,C
2038,110,1795.1370225596,om11_3,CJM,tun43,C
2039,110,1541.76070359463,om11_3,CJM,tun43,C
2040,110,1318.42460631335,om11_3,CJM,tun43,C
2041,110,1045.04177998907,om11_3,CJM,tun43,C
2042,110,866.828656530801,om11_3,CJM,tun43,C
2043,110,330.382137372798,om11_3,CJM,tun43,C
2044,110,1.01452777052906e-05,om11_3,CJM,tun43,C
2045,110,1.01200700686538e-05,om11_3,CJM,tun43,C
2046,110,1.01213572923808e-05,om11_3,CJM,tun43,C
2047,110,1.01484802744375e-05,om11_3,CJM,tun43,C
2048,110,1.01307825174043e-05,om11_3,CJM,tun43,C
2049,110,1.01461112131106e-05,om11_3,CJM,tun43,C
2050,110,1.01374515232341e-05,om11_3,CJM,tun43,C
2025,151,1385.8907626811,om11_3,CJM,tun43,C
2026,151,1260.39941938924,om11_3,CJM,tun43,C
2027,151,1223.56677808423,om11_3,CJM,tun43,C
2028,151,1151.71657170251,om11_3,CJM,tun43,C
2029,151,1041.98195492681,om11_3,CJM,tun43,C
2030,151,1090.7173035891,om11_3,CJM,tun43,C
2031,151,1263.7430820125,om11_3,CJM,tun43,C
2032,151,1437.52901917832,om11_3,CJM,tun43,C
2033,151,1655.82314329602,om11_3,CJM,tun43,C
2034,151,1926.03816450636,om11_3,CJM,tun43,C
2035,151,2021.31942948719,om11_3,CJM,tun43,C
2036,151,2076.33691072589,om11_3,CJM,tun43,C
2037,151,2057.36299216406,om11_3,CJM,tun43,C
2038,151,1993.66632903575,om11_3,CJM,tun43,C
2039,151,2079.86463800662,om11_3,CJM,tun43,C
2040,151,2031.67263840594,om11_3,CJM,tun43,C
2041,151,2027.95099905817,om11_3,CJM,tun43,C
2042,151,2064.37757661226,om11_3,CJM,tun43,C
2043,151,1743.98276626442,om11_3,CJM,tun43,C
2044,151,1382.26257878064,om11_3,CJM,tun43,C
2045,151,1159.47619930125,om11_3,CJM,tun43,C
2046,151,891.991519728191,om11_3,CJM,tun43,C
2047,151,596.873322226534,om11_3,CJM,tun43,C
2048,151,1.01164705020387e-05,om11_3,CJM,tun43,C
2049,151,1.00855898460407e-05,om11_3,CJM,tun43,C
2050,151,1.0098201808468e-05,om11_3,CJM,tun43,C
2025,158,1385.8907626811,om11_3,CJM,tun43,C
2026,158,1256.14281455985,om11_3,CJM,tun43,C
2027,158,1252.74092588312,om11_3,CJM,tun43,C
2028,158,1065.98518582746,om11_3,CJM,tun43,C
2029,158,1149.58319472523,om11_3,CJM,tun43,C
2030,158,1178.26361372177,om11_3,CJM,tun43,C
2031,158,1055.91055106043,om11_3,CJM,tun43,C
2032,158,1045.29977833934,om11_3,CJM,tun43,C
2033,158,995.220890909452,om11_3,CJM,tun43,C
2034,158,1084.86948725802,om11_3,CJM,tun43,C
2035,158,1008.50686162969,om11_3,CJM,tun43,C
2036,158,1013.94366004511,om11_3,CJM,tun43,C
2037,158,805.250839649925,om11_3,CJM,tun43,C
2038,158,697.746995716267,om11_3,CJM,tun43,C
2039,158,566.744440702693,om11_3,CJM,tun43,C
2040,158,500.552138286797,om11_3,CJM,tun43,C
2041,158,553.662145424549,om11_3,CJM,tun43,C
2042,158,564.877879786671,om11_3,CJM,tun43,C
2043,158,544.520549198679,om11_3,CJM,tun43,C
2044,158,532.637902808442,om11_3,CJM,tun43,C
2045,158,603.612085654144,om11_3,CJM,tun43,C
2046,158,616.041568020891,om11_3,CJM,tun43,C
2047,158,642.285938229585,om11_3,CJM,tun43,C
2048,158,754.95387114718,om11_3,CJM,tun43,C
2049,158,861.801547377892,om11_3,CJM,tun43,C
2050,158,1015.87817223464,om11_3,CJM,tun43,C
2025,165,1385.8907626811,om11_3,CJM,tun43,C
2026,165,1270.93753225464,om11_3,CJM,tun43,C
2027,165,1236.27295402326,om11_3,CJM,tun43,C
2028,165,1355.99447203893,om11_3,CJM,tun43,C
2029,165,1511.9194815225,om11_3,CJM,tun43,C
2030,165,1687.84988184129,om11_3,CJM,tun43,C
2031,165,1525.85150664069,om11_3,CJM,tun43,C
2032,165,1564.6226496355,om11_3,CJM,tun43,C
2033,165,1676.75709371212,om11_3,CJM,tun43,C
2034,165,1646.24879128733,om11_3,CJM,tun43,C
2035,165,1505.97615337376,om11_3,CJM,tun43,C
2036,165,1407.35040298256,om11_3,CJM,tun43,C
2037,165,1591.40055898519,om11_3,CJM,tun43,C
2038,165,1740.02771630523,om11_3,CJM,tun43,C
2039,165,1857.46472369192,om11_3,CJM,tun43,C
2040,165,1657.08959825754,om11_3,CJM,tun43,C
2041,165,1471.21441085664,om11_3,CJM,tun43,C
2042,165,1208.5399652944,om11_3,CJM,tun43,C
2043,165,969.721611043366,om11_3,CJM,tun43,C
2044,165,758.107359025166,om11_3,CJM,tun43,C
2045,165,616.934091164585,om11_3,CJM,tun43,C
2046,165,494.87085686986,om11_3,CJM,tun43,C
2047,165,431.628335277039,om11_3,CJM,tun43,C
2048,165,430.406686202013,om11_3,CJM,tun43,C
2049,165,496.909433578351,om11_3,CJM,tun43,C
2050,165,546.312452129747,om11_3,CJM,tun43,C
2025,177,1385.8907626811,om11_3,CJM,tun43,C
2026,177,1264.72949341432,om11_3,CJM,tun43,C
2027,177,1240.97654091871,om11_3,CJM,tun43,C
2028,177,1176.80709491138,om11_3,CJM,tun43,C
2029,177,1163.58350474079,om11_3,CJM,tun43,C
2030,177,1326.35798443024,om11_3,CJM,tun43,C
2031,177,1563.39734213466,om11_3,CJM,tun43,C
2032,177,1661.18560723203,om11_3,CJM,tun43,C
2033,177,1331.46686214241,om11_3,CJM,tun43,C
2034,177,1110.42529163623,om11_3,CJM,tun43,C
2035,177,929.350828688789,om11_3,CJM,tun43,C
2036,177,872.543317922379,om11_3,CJM,tun43,C
2037,177,926.787970512866,om11_3,CJM,tun43,C
2038,177,867.097767420221,om11_3,CJM,tun43,C
2039,177,923.728082998854,om11_3,CJM,tun43,C
2040,177,874.064324530628,om11_3,CJM,tun43,C
2041,177,812.411628769658,om11_3,CJM,tun43,C
2042,177,645.37933544514,om11_3,CJM,tun43,C
2043,177,649.948213919291,om11_3,CJM,tun43,C
2044,177,667.847291929135,om11_3,CJM,tun43,C
2045,177,619.454756256284,om11_3,CJM,tun43,C
2046,177,653.107252533908,om11_3,CJM,tun43,C
2047,177,645.741030058102,om11_3,CJM,tun43,C
2048,177,613.682088007079,om11_3,CJM,tun43,C
2049,177,492.45064698904,om11_3,CJM,tun43,C
2050,177,451.304369261472,om11_3,CJM,tun43,C
2025,186,1385.8907626811,om11_3,CJM,tun43,C
2026,186,1280.99434275118,om11_3,CJM,tun43,C
2027,186,1219.69203513453,om11_3,CJM,tun43,C
2028,186,1102.60316025257,om11_3,CJM,tun43,C
2029,186,1108.41183303202,om11_3,CJM,tun43,C
2030,186,1221.97431914981,om11_3,CJM,tun43,C
2031,186,1309.47005994876,om11_3,CJM,tun43,C
2032,186,1518.3753703174,om11_3,CJM,tun43,C
2033,186,1737.9630393553,om11_3,CJM,tun43,C
2034,186,2017.0059373183,om11_3,CJM,tun43,C
2035,186,2031.19344689244,om11_3,CJM,tun43,C
2036,186,2005.12284468709,om11_3,CJM,tun43,C
2037,186,2004.54474099568,om11_3,CJM,tun43,C
2038,186,2040.55101327788,om11_3,CJM,tun43,C
2039,186,1910.82164140232,om11_3,CJM,tun43,C
2040,186,1878.28108736887,om11_3,CJM,tun43,C
2041,186,2037.23729277393,om11_3,CJM,tun43,C
2042,186,2019.25124864684,om11_3,CJM,tun43,C
2043,186,2028.61754739227,om11_3,CJM,tun43,C
2044,186,2012.45151693525,om11_3,CJM,tun43,C
2045,186,2012.31146256415,om11_3,CJM,tun43,C
2046,186,2057.46013545467,om11_3,CJM,tun43,C
2047,186,2005.55088357153,om11_3,CJM,tun43,C
2048,186,2047.81738699036,om11_3,CJM,tun43,C
2049,186,2053.51506153711,om11_3,CJM,tun43,C
2050,186,2015.5525621527,om11_3,CJM,tun43,C
2025,246,1385.8907626811,om11_3,CJM,tun43,C
2026,246,1308.89881025159,om11_3,CJM,tun43,C
2027,246,1210.94851068247,om11_3,CJM,tun43,C
2028,246,1040.48398360835,om11_3,CJM,tun43,C
2029,246,1177.47015890359,om11_3,CJM,tun43,C
2030,246,1407.21990755369,om11_3,CJM,tun43,C
2031,246,1558.94380595245,om11_3,CJM,tun43,C
2032,246,1804.68786922543,om11_3,CJM,tun43,C
2033,246,1786.25551854332,om11_3,CJM,tun43,C
2034,246,1467.45309655111,om11_3,CJM,tun43,C
2035,246,1397.32315121819,om11_3,CJM,tun43,C
2036,246,1542.47708929284,om11_3,CJM,tun43,C
2037,246,1695.6805715869,om11_3,CJM,tun43,C
2038,246,1408.75648297678,om11_3,CJM,tun43,C
2039,246,1155.18797980221,om11_3,CJM,tun43,C
2040,246,1035.82324681453,om11_3,CJM,tun43,C
2041,246,1027.64348853884,om11_3,CJM,tun43,C
2042,246,1019.49154477309,om11_3,CJM,tun43,C
2043,246,976.586881178311,om11_3,CJM,tun43,C
2044,246,843.276893845455,om11_3,CJM,tun43,C
2045,246,842.459207850782,om11_3,CJM,tun43,C
2046,246,880.347529055238,om11_3,CJM,tun43,C
2047,246,960.448297085021,om11_3,CJM,tun43,C
2048,246,1039.78506281614,om11_3,CJM,tun43,C
2049,246,1216.31113968487,om11_3,CJM,tun43,C
2050,246,1424.9863365419,om11_3,CJM,tun43,C
2025,327,1385.8907626811,om11_3,CJM,tun43,C
2026,327,1295.6756185614,om11_3,CJM,tun43,C
2027,327,1222.39273506276,om11_3,CJM,tun43,C
2028,327,1212.9781196019,om11_3,CJM,tun43,C
2029,327,1390.09182049777,om11_3,CJM,tun43,C
2030,327,1599.54918926731,om11_3,CJM,tun43,C
2031,327,1864.10842997838,om11_3,CJM,tun43,C
2032,327,2038.27144447074,om11_3,CJM,tun43,C
2033,327,1991.49352828245,om11_3,CJM,tun43,C
2034,327,2043.02499518247,om11_3,CJM,tun43,C
2035,327,1996.11688888291,om11_3,CJM,tun43,C
2036,327,2037.01365428171,om11_3,CJM,tun43,C
2037,327,2015.01186670394,om11_3,CJM,tun43,C
2038,327,2019.85236148929,om11_3,CJM,tun43,C
2039,327,2013.06089410516,om11_3,CJM,tun43,C
2040,327,2042.65911060976,om11_3,CJM,tun43,C
2041,327,2061.73207996072,om11_3,CJM,tun43,C
2042,327,2007.51271602779,om11_3,CJM,tun43,C
2043,327,1658.08358498763,om11_3,CJM,tun43,C
2044,327,1310.81913477859,om11_3,CJM,tun43,C
2045,327,1058.67142572135,om11_3,CJM,tun43,C
2046,327,850.247254147068,om11_3,CJM,tun43,C
2047,327,664.222189612768,om11_3,CJM,tun43,C
2048,327,545.504507296406,om11_3,CJM,tun43,C
2049,327,419.875232009052,om11_3,CJM,tun43,C
2050,327,376.14665549721,om11_3,CJM,tun43,C
2025,344,1385.8907626811,om11_3,CJM,tun43,C
2026,344,1304.54334183166,om11_3,CJM,tun43,C
2027,344,1234.56257314586,om11_3,CJM,tun43,C
2028,344,1440.78979167165,om11_3,CJM,tun43,C
2029,344,1644.75747073024,om11_3,CJM,tun43,C
2030,344,1865.31685825772,om11_3,CJM,tun43,C
2031,344,2073.79827109291,om11_3,CJM,tun43,C
2032,344,2011.58273945202,om11_3,CJM,tun43,C
2033,344,2042.1972303363,om11_3,CJM,tun43,C
2034,344,2034.5100359986,om11_3,CJM,tun43,C
2035,344,2019.85065129092,om11_3,CJM,tun43,C
2036,344,1997.877380494,om11_3,CJM,tun43,C
2037,344,2024.64056175016,om11_3,CJM,tun43,C
2038,344,2089.36962428162,om11_3,CJM,tun43,C
2039,344,1994.46726072235,om11_3,CJM,tun43,C
2040,344,1992.78836719351,om11_3,CJM,tun43,C
2041,344,2068.85597601956,om11_3,CJM,tun43,C
2042,344,2089.11965084333,om11_3,CJM,tun43,C
2043,344,2072.88605642255,om11_3,CJM,tun43,C
2044,344,1998.33517415473,om11_3,CJM,tun43,C
2045,344,2083.21161587798,om11_3,CJM,tun43,C
2046,344,2029.68747311779,om11_3,CJM,tun43,C
2047,344,2015.21428936215,om11_3,CJM,tun43,C
2048,344,1992.93684080343,om11_3,CJM,tun43,C
2049,344,2076.1985778208,om11_3,CJM,tun43,C
2050,344,2034.04538315776,om11_3,CJM,tun43,C
2025,348,1385.8907626811,om11_3,CJM,tun43,C
2026,348,1298.01605277784,om11_3,CJM,tun43,C
2027,348,1247.54258870923,om11_3,CJM,tun43,C
2028,348,1046.54419850015,om11_3,CJM,tun43,C
2029,348,1163.6710347381,om11_3,CJM,tun43,C
2030,348,1307.78740756636,om11_3,CJM,tun43,C
2031,348,1442.09228820304,om11_3,CJM,tun43,C
2032,348,1130.60787570745,om11_3,CJM,tun43,C
2033,348,1100.56877263421,om11_3,CJM,tun43,C
2034,348,1242.31257854284,om11_3,CJM,tun43,C
2035,348,1411.19534680233,om11_3,CJM,tun43,C
2036,348,1359.86856863895,om11_3,CJM,tun43,C
2037,348,1117.19236613516,om11_3,CJM,tun43,C
2038,348,893.138733291906,om11_3,CJM,tun43,C
2039,348,730.466145420315,om11_3,CJM,tun43,C
2040,348,325.99476108218,om11_3,CJM,tun43,C
2041,348,1.01707213180097e-05,om11_3,CJM,tun43,C
2042,348,1.01763468037385e-05,om11_3,CJM,tun43,C
2043,348,1.00886098696137e-05,om11_3,CJM,tun43,C
2044,348,1.01141041324805e-05,om11_3,CJM,tun43,C
2045,348,1.00751106722877e-05,om11_3,CJM,tun43,C
2046,348,1.00854191893237e-05,om11_3,CJM,tun43,C
2047,348,1.01094069333119e-05,om11_3,CJM,tun43,C
2048,348,1.01131781133026e-05,om11_3,CJM,tun43,C
2049,348,1.01043593484681e-05,om11_3,CJM,tun43,C
2050,348,1.00854851367079e-05,om11_3,CJM,tun43,C
2025,367,1385.8907626811,om11_3,CJM,tun43,C
2026,367,1309.0026035988,om11_3,CJM,tun43,C
2027,367,1226.83487630042,om11_3,CJM,tun43,C
2028,367,1301.6825008354,om11_3,CJM,tun43,C
2029,367,1558.16734298733,om11_3,CJM,tun43,C
2030,367,1728.51828063647,om11_3,CJM,tun43,C
2031,367,1549.15787026587,om11_3,CJM,tun43,C
2032,367,1299.48913149813,om11_3,CJM,tun43,C
2033,367,1010.20558833945,om11_3,CJM,tun43,C
2034,367,803.726092840808,om11_3,CJM,tun43,C
2035,367,681.572017421214,om11_3,CJM,tun43,C
2036,367,749.503524790952,om11_3,CJM,tun43,C
2037,367,782.004395185796,om11_3,CJM,tun43,C
2038,367,929.857691994574,om11_3,CJM,tun43,C
2039,367,980.990239815739,om11_3,CJM,tun43,C
2040,367,1135.2381436333,om11_3,CJM,tun43,C
2041,367,1274.68005075549,om11_3,CJM,tun43,C
2042,367,1502.54452403287,om11_3,CJM,tun43,C
2043,367,1713.98931093627,om11_3,CJM,tun43,C
2044,367,1954.13807178976,om11_3,CJM,tun43,C
2045,367,2008.91557114131,om11_3,CJM,tun43,C
2046,367,2047.0456040196,om11_3,CJM,tun43,C
2047,367,2040.59239754401,om11_3,CJM,tun43,C
2048,367,2082.6707111431,om11_3,CJM,tun43,C
2049,367,2071.21444765243,om11_3,CJM,tun43,C
2050,367,2038.68661740377,om11_3,CJM,tun43,C
2025,397,1385.8907626811,om11_3,CJM,tun43,C
2026,397,1299.68968519177,om11_3,CJM,tun43,C
2027,397,1228.89361583437,om11_3,CJM,tun43,C
2028,397,1186.61677494677,om11_3,CJM,tun43,C
2029,397,1405.9387034674,om11_3,CJM,tun43,C
2030,397,1581.46062242958,om11_3,CJM,tun43,C
2031,397,1782.43710942602,om11_3,CJM,tun43,C
2032,397,1428.56155561544,om11_3,CJM,tun43,C
2033,397,1142.32296540899,om11_3,CJM,tun43,C
2034,397,1359.05417152943,om11_3,CJM,tun43,C
2035,397,1534.8380819844,om11_3,CJM,tun43,C
2036,397,1714.60945685286,om11_3,CJM,tun43,C
2037,397,1669.68087877883,om11_3,CJM,tun43,C
2038,397,1655.72290310429,om11_3,CJM,tun43,C
2039,397,1556.52537740918,om11_3,CJM,tun43,C
2040,397,1795.49411537282,om11_3,CJM,tun43,C
2041,397,1933.97296959839,om11_3,CJM,tun43,C
2042,397,2033.72584013371,om11_3,CJM,tun43,C
2043,397,1418.78889634336,om11_3,CJM,tun43,C
2044,397,1.01664048719913e-05,om11_3,CJM,tun43,C
2045,397,1.01517572174327e-05,om11_3,CJM,tun43,C
2046,397,1.01726677130102e-05,om11_3,CJM,tun43,C
2047,397,1.01737395760215e-05,om11_3,CJM,tun43,C
2048,397,1.01643690361591e-05,om11_3,CJM,tun43,C
2049,397,1.01726364333075e-05,om11_3,CJM,tun43,C
2050,397,1.01760360913371e-05,om11_3,CJM,tun43,C
2025,498,1385.8907626811,om11_3,CJM,tun43,C
2026,498,1291.32260981569,om11_3,CJM,tun43,C
2027,498,1222.59892805049,om11_3,CJM,tun43,C
2028,498,1090.90140828511,om11_3,CJM,tun43,C
2029,498,1109.26319085484,om11_3,CJM,tun43,C
2030,498,1132.65772280361,om11_3,CJM,tun43,C
2031,498,987.930915474495,om11_3,CJM,tun43,C
2032,498,840.39620392198,om11_3,CJM,tun43,C
2033,498,964.973602685701,om11_3,CJM,tun43,C
2034,498,1045.50225881556,om11_3,CJM,tun43,C
2035,498,1204.55678162505,om11_3,CJM,tun43,C
2036,498,1184.29649065501,om11_3,CJM,tun43,C
2037,498,1398.82975056574,om11_3,CJM,tun43,C
2038,498,1601.66342044825,om11_3,CJM,tun43,C
2039,498,1871.99455789501,om11_3,CJM,tun43,C
2040,498,1815.11873357277,om11_3,CJM,tun43,C
2041,498,1489.45856840718,om11_3,CJM,tun43,C
2042,498,1353.9503339645,om11_3,CJM,tun43,C
2043,498,1256.45378345845,om11_3,CJM,tun43,C
2044,498,1041.18187712717,om11_3,CJM,tun43,C
2045,498,872.524503106691,om11_3,CJM,tun43,C
2046,498,704.901926307348,om11_3,CJM,tun43,C
2047,498,589.903632475481,om11_3,CJM,tun43,C
2048,498,645.484343739936,om11_3,CJM,tun43,C
2049,498,744.303025485852,om11_3,CJM,tun43,C
2050,498,842.973076473106,om11_3,CJM,tun43,C
2025,37,8593.12324912998,om11_3,CJM,tun47,SB
2026,37,9829.03654156334,om11_3,CJM,tun47,SB
2027,37,10865.1142702116,om11_3,CJM,tun47,SB
2028,37,11578.0436001147,om11_3,CJM,tun47,SB
2029,37,11718.7030367242,om11_3,CJM,tun47,SB
2030,37,11128.3561664748,om11_3,CJM,tun47,SB
2031,37,10864.2248874603,om11_3,CJM,tun47,SB
2032,37,10488.8548179698,om11_3,CJM,tun47,SB
2033,37,9500.3052142014,om11_3,CJM,tun47,SB
2034,37,8943.58135165626,om11_3,CJM,tun47,SB
2035,37,8574.01873568834,om11_3,CJM,tun47,SB
2036,37,9610.17731290188,om11_3,CJM,tun47,SB
2037,37,11616.4981247412,om11_3,CJM,tun47,SB
2038,37,12903.1706386767,om11_3,CJM,tun47,SB
2039,37,13194.2502752177,om11_3,CJM,tun47,SB
2040,37,12607.5750767732,om11_3,CJM,tun47,SB
2041,37,12599.834402291,om11_3,CJM,tun47,SB
2042,37,12627.1924219833,om11_3,CJM,tun47,SB
2043,37,13122.2391401905,om11_3,CJM,tun47,SB
2044,37,13788.6357593223,om11_3,CJM,tun47,SB
2045,37,13621.0141172215,om11_3,CJM,tun47,SB
2046,37,12739.6761186526,om11_3,CJM,tun47,SB
2047,37,11902.7392443304,om11_3,CJM,tun47,SB
2048,37,11711.0668145381,om11_3,CJM,tun47,SB
2049,37,12014.0028497702,om11_3,CJM,tun47,SB
2050,37,12134.3923608059,om11_3,CJM,tun47,SB
2025,65,7734.49472637435,om11_3,CJM,tun47,SB
2026,65,8228.08609798898,om11_3,CJM,tun47,SB
2027,65,8245.4457523354,om11_3,CJM,tun47,SB
2028,65,8118.66345948859,om11_3,CJM,tun47,SB
2029,65,8719.94644984298,om11_3,CJM,tun47,SB
2030,65,10286.4005599689,om11_3,CJM,tun47,SB
2031,65,11245.1480433246,om11_3,CJM,tun47,SB
2032,65,11606.7622181273,om11_3,CJM,tun47,SB
2033,65,11548.7523236547,om11_3,CJM,tun47,SB
2034,65,12121.6763210692,om11_3,CJM,tun47,SB
2035,65,12346.0751440333,om11_3,CJM,tun47,SB
2036,65,12674.7436407151,om11_3,CJM,tun47,SB
2037,65,13002.8873339464,om11_3,CJM,tun47,SB
2038,65,13045.7933073346,om11_3,CJM,tun47,SB
2039,65,12753.8647027512,om11_3,CJM,tun47,SB
2040,65,12595.5461095974,om11_3,CJM,tun47,SB
2041,65,12410.2548414404,om11_3,CJM,tun47,SB
2042,65,11529.4687959828,om11_3,CJM,tun47,SB
2043,65,10854.6687481998,om11_3,CJM,tun47,SB
2044,65,9985.30997150726,om11_3,CJM,tun47,SB
2045,65,9626.31724926524,om11_3,CJM,tun47,SB
2046,65,9715.78553799205,om11_3,CJM,tun47,SB
2047,65,8971.95458079422,om11_3,CJM,tun47,SB
2048,65,8496.10609485429,om11_3,CJM,tun47,SB
2049,65,9056.07371205516,om11_3,CJM,tun47,SB
2050,65,10193.2683740518,om11_3,CJM,tun47,SB
2025,110,9634.882166157,om11_3,CJM,tun47,SB
2026,110,10105.751002305,om11_3,CJM,tun47,SB
2027,110,10111.8661118835,om11_3,CJM,tun47,SB
2028,110,10883.8984381688,om11_3,CJM,tun47,SB
2029,110,11396.7294346523,om11_3,CJM,tun47,SB
2030,110,11637.2435136373,om11_3,CJM,tun47,SB
2031,110,11355.7891096528,om11_3,CJM,tun47,SB
2032,110,10313.4882493503,om11_3,CJM,tun47,SB
2033,110,8714.13694358761,om11_3,CJM,tun47,SB
2034,110,7587.90768157706,om11_3,CJM,tun47,SB
2035,110,6441.72217877259,om11_3,CJM,tun47,SB
2036,110,5088.47132069433,om11_3,CJM,tun47,SB
2037,110,4020.95733601521,om11_3,CJM,tun47,SB
2038,110,3224.53512205804,om11_3,CJM,tun47,SB
2039,110,2436.88588882243,om11_3,CJM,tun47,SB
2040,110,1538.96987600977,om11_3,CJM,tun47,SB
2041,110,1014.13268251435,om11_3,CJM,tun47,SB
2042,110,653.816616095518,om11_3,CJM,tun47,SB
2043,110,517.626808194789,om11_3,CJM,tun47,SB
2044,110,399.228370411073,om11_3,CJM,tun47,SB
2045,110,276.328322755566,om11_3,CJM,tun47,SB
2046,110,136.562497940955,om11_3,CJM,tun47,SB
2047,110,0,om11_3,CJM,tun47,SB
2048,110,0,om11_3,CJM,tun47,SB
2049,110,0,om11_3,CJM,tun47,SB
2050,110,0,om11_3,CJM,tun47,SB
2025,151,6742.27315938003,om11_3,CJM,tun47,SB
2026,151,6719.66513464338,om11_3,CJM,tun47,SB
2027,151,6365.05440940951,om11_3,CJM,tun47,SB
2028,151,7300.80650696236,om11_3,CJM,tun47,SB
2029,151,9315.1081270317,om11_3,CJM,tun47,SB
2030,151,11221.062728052,om11_3,CJM,tun47,SB
2031,151,12866.7093497832,om11_3,CJM,tun47,SB
2032,151,13177.8463745796,om11_3,CJM,tun47,SB
2033,151,12377.5586573472,om11_3,CJM,tun47,SB
2034,151,12028.6602035279,om11_3,CJM,tun47,SB
2035,151,11384.7367587703,om11_3,CJM,tun47,SB
2036,151,10719.9677798044,om11_3,CJM,tun47,SB
2037,151,9808.93112483991,om11_3,CJM,tun47,SB
2038,151,8524.97770370321,om11_3,CJM,tun47,SB
2039,151,6896.60351986043,om11_3,CJM,tun47,SB
2040,151,5229.805238915,om11_3,CJM,tun47,SB
2041,151,3803.11437281876,om11_3,CJM,tun47,SB
2042,151,2569.41307026939,om11_3,CJM,tun47,SB
2043,151,1942.38369710835,om11_3,CJM,tun47,SB
2044,151,1513.51447007213,om11_3,CJM,tun47,SB
2045,151,1269.68334380242,om11_3,CJM,tun47,SB
2046,151,1073.09527739172,om11_3,CJM,tun47,SB
2047,151,989.260806245131,om11_3,CJM,tun47,SB
2048,151,897.76724576898,om11_3,CJM,tun47,SB
2049,151,780.466433407066,om11_3,CJM,tun47,SB
2050,151,709.464465151176,om11_3,CJM,tun47,SB
2025,158,7236.77187172129,om11_3,CJM,tun47,SB
2026,158,6731.75074633477,om11_3,CJM,tun47,SB
2027,158,6316.47456912542,om11_3,CJM,tun47,SB
2028,158,5853.30513386096,om11_3,CJM,tun47,SB
2029,158,5513.05671534925,om11_3,CJM,tun47,SB
2030,158,5282.7112058783,om11_3,CJM,tun47,SB
2031,158,5133.99981272994,om11_3,CJM,tun47,SB
2032,158,4696.48979863973,om11_3,CJM,tun47,SB
2033,158,3993.56825606932,om11_3,CJM,tun47,SB
2034,158,3441.79347975589,om11_3,CJM,tun47,SB
2035,158,2929.5688637923,om11_3,CJM,tun47,SB
2036,158,2388.58723760865,om11_3,CJM,tun47,SB
2037,158,1897.97038156344,om11_3,CJM,tun47,SB
2038,158,1932.84102849163,om11_3,CJM,tun47,SB
2039,158,2023.99887730054,om11_3,CJM,tun47,SB
2040,158,2312.23070767142,om11_3,CJM,tun47,SB
2041,158,2785.90547462346,om11_3,CJM,tun47,SB
2042,158,3307.06372559202,om11_3,CJM,tun47,SB
2043,158,4232.69942146782,om11_3,CJM,tun47,SB
2044,158,4996.55266280123,om11_3,CJM,tun47,SB
2045,158,5526.87770648998,om11_3,CJM,tun47,SB
2046,158,5891.64876963547,om11_3,CJM,tun47,SB
2047,158,6521.97577325187,om11_3,CJM,tun47,SB
2048,158,6966.47494158321,om11_3,CJM,tun47,SB
2049,158,7304.04336448069,om11_3,CJM,tun47,SB
2050,158,7865.79540282421,om11_3,CJM,tun47,SB
2025,165,7753.47260672735,om11_3,CJM,tun47,SB
2026,165,8030.21036119873,om11_3,CJM,tun47,SB
2027,165,8031.29514648822,om11_3,CJM,tun47,SB
2028,165,8317.45181970338,om11_3,CJM,tun47,SB
2029,165,8718.26553808801,om11_3,CJM,tun47,SB
2030,165,8667.76864410567,om11_3,CJM,tun47,SB
2031,165,8585.31899076953,om11_3,CJM,tun47,SB
2032,165,8708.03664312784,om11_3,CJM,tun47,SB
2033,165,8469.36398513599,om11_3,CJM,tun47,SB
2034,165,8482.15110551297,om11_3,CJM,tun47,SB
2035,165,8275.70627971095,om11_3,CJM,tun47,SB
2036,165,8185.16719035569,om11_3,CJM,tun47,SB
2037,165,7316.58747934241,om11_3,CJM,tun47,SB
2038,165,6057.85421717889,om11_3,CJM,tun47,SB
2039,165,4572.45889443314,om11_3,CJM,tun47,SB
2040,165,3216.81501830528,om11_3,CJM,tun47,SB
2041,165,2131.48782095486,om11_3,CJM,tun47,SB
2042,165,1586.46786594331,om11_3,CJM,tun47,SB
2043,165,1851.68320479597,om11_3,CJM,tun47,SB
2044,165,2245.54122871558,om11_3,CJM,tun47,SB
2045,165,2639.9857884663,om11_3,CJM,tun47,SB
2046,165,3013.32278989076,om11_3,CJM,tun47,SB
2047,165,3107.45781325981,om11_3,CJM,tun47,SB
2048,165,3062.71265825039,om11_3,CJM,tun47,SB
2049,165,2910.80713038202,om11_3,CJM,tun47,SB
2050,165,3126.6114019969,om11_3,CJM,tun47,SB
2025,177,8041.24231146839,om11_3,CJM,tun47,SB
2026,177,7631.63810549234,om11_3,CJM,tun47,SB
2027,177,7114.1524157143,om11_3,CJM,tun47,SB
2028,177,6946.55269791882,om11_3,CJM,tun47,SB
2029,177,6424.23395849731,om11_3,CJM,tun47,SB
2030,177,5429.15523424786,om11_3,CJM,tun47,SB
2031,177,4394.27469919985,om11_3,CJM,tun47,SB
2032,177,3593.70633604544,om11_3,CJM,tun47,SB
2033,177,3633.51481899177,om11_3,CJM,tun47,SB
2034,177,3998.418700845,om11_3,CJM,tun47,SB
2035,177,4072.32091210141,om11_3,CJM,tun47,SB
2036,177,4219.62903444605,om11_3,CJM,tun47,SB
2037,177,4094.6830679424,om11_3,CJM,tun47,SB
2038,177,3897.64394228539,om11_3,CJM,tun47,SB
2039,177,3620.40623586387,om11_3,CJM,tun47,SB
2040,177,3191.75155885374,om11_3,CJM,tun47,SB
2041,177,2778.27652020273,om11_3,CJM,tun47,SB
2042,177,2593.84103086589,om11_3,CJM,tun47,SB
2043,177,2648.3922053735,om11_3,CJM,tun47,SB
2044,177,2619.40051944313,om11_3,CJM,tun47,SB
2045,177,2686.65074871917,om11_3,CJM,tun47,SB
2046,177,2626.15237399394,om11_3,CJM,tun47,SB
2047,177,2287.2868778066,om11_3,CJM,tun47,SB
2048,177,1825.8735373314,om11_3,CJM,tun47,SB
2049,177,1506.05813572875,om11_3,CJM,tun47,SB
2050,177,1325.94912500778,om11_3,CJM,tun47,SB
2025,186,7859.93258500356,om11_3,CJM,tun47,SB
2026,186,8283.51880312581,om11_3,CJM,tun47,SB
2027,186,8651.42399009986,om11_3,CJM,tun47,SB
2028,186,8792.57230871836,om11_3,CJM,tun47,SB
2029,186,8799.03024835991,om11_3,CJM,tun47,SB
2030,186,9350.72253177422,om11_3,CJM,tun47,SB
2031,186,10767.6129724755,om11_3,CJM,tun47,SB
2032,186,11109.1312831429,om11_3,CJM,tun47,SB
2033,186,9831.14937040863,om11_3,CJM,tun47,SB
2034,186,8910.20127648645,om11_3,CJM,tun47,SB
2035,186,7996.64854561138,om11_3,CJM,tun47,SB
2036,186,7941.15929534398,om11_3,CJM,tun47,SB
2037,186,8228.87364411249,om11_3,CJM,tun47,SB
2038,186,9427.32973480461,om11_3,CJM,tun47,SB
2039,186,10455.4462823216,om11_3,CJM,tun47,SB
2040,186,10034.1702210645,om11_3,CJM,tun47,SB
2041,186,9715.24795271827,om11_3,CJM,tun47,SB
2042,186,11028.4785315915,om11_3,CJM,tun47,SB
2043,186,14124.0574077739,om11_3,CJM,tun47,SB
2044,186,16781.7140557621,om11_3,CJM,tun47,SB
2045,186,18674.3030621804,om11_3,CJM,tun47,SB
2046,186,19279.9746489268,om11_3,CJM,tun47,SB
2047,186,19285.778209453,om11_3,CJM,tun47,SB
2048,186,19578.1183562658,om11_3,CJM,tun47,SB
2049,186,20461.7525033561,om11_3,CJM,tun47,SB
2050,186,22465.2309699304,om11_3,CJM,tun47,SB
2025,246,8847.56725195435,om11_3,CJM,tun47,SB
2026,246,9168.6883750029,om11_3,CJM,tun47,SB
2027,246,8594.23740278846,om11_3,CJM,tun47,SB
2028,246,7937.34740661907,om11_3,CJM,tun47,SB
2029,246,7367.24075989575,om11_3,CJM,tun47,SB
2030,246,6570.88154705312,om11_3,CJM,tun47,SB
2031,246,6124.26698649205,om11_3,CJM,tun47,SB
2032,246,6389.85973293784,om11_3,CJM,tun47,SB
2033,246,6619.90817663072,om11_3,CJM,tun47,SB
2034,246,6761.05444253047,om11_3,CJM,tun47,SB
2035,246,6637.62209434598,om11_3,CJM,tun47,SB
2036,246,6498.71247607677,om11_3,CJM,tun47,SB
2037,246,5772.19234892101,om11_3,CJM,tun47,SB
2038,246,5121.67725825421,om11_3,CJM,tun47,SB
2039,246,4767.7084269684,om11_3,CJM,tun47,SB
2040,246,4464.32613391084,om11_3,CJM,tun47,SB
2041,246,4165.61620023973,om11_3,CJM,tun47,SB
2042,246,3959.77003599974,om11_3,CJM,tun47,SB
2043,246,4430.27695829707,om11_3,CJM,tun47,SB
2044,246,5957.42448690122,om11_3,CJM,tun47,SB
2045,246,7457.29011027324,om11_3,CJM,tun47,SB
2046,246,8511.21554953911,om11_3,CJM,tun47,SB
2047,246,10079.2720998912,om11_3,CJM,tun47,SB
2048,246,11428.9621733894,om11_3,CJM,tun47,SB
2049,246,11862.9271198815,om11_3,CJM,tun47,SB
2050,246,11821.7331227437,om11_3,CJM,tun47,SB
2025,327,6418.0774926786,om11_3,CJM,tun47,SB
2026,327,7031.65531375717,om11_3,CJM,tun47,SB
2027,327,7590.04618011123,om11_3,CJM,tun47,SB
2028,327,8568.14220495584,om11_3,CJM,tun47,SB
2029,327,9788.22522161448,om11_3,CJM,tun47,SB
2030,327,10852.885064186,om11_3,CJM,tun47,SB
2031,327,11583.9729355359,om11_3,CJM,tun47,SB
2032,327,12653.7167396528,om11_3,CJM,tun47,SB
2033,327,12881.9199779735,om11_3,CJM,tun47,SB
2034,327,12377.5361227256,om11_3,CJM,tun47,SB
2035,327,11340.4256366284,om11_3,CJM,tun47,SB
2036,327,10349.6281562937,om11_3,CJM,tun47,SB
2037,327,9270.37081734515,om11_3,CJM,tun47,SB
2038,327,7785.42749494643,om11_3,CJM,tun47,SB
2039,327,6218.26595492341,om11_3,CJM,tun47,SB
2040,327,4759.64994050005,om11_3,CJM,tun47,SB
2041,327,3469.09295450407,om11_3,CJM,tun47,SB
2042,327,2291.12102420516,om11_3,CJM,tun47,SB
2043,327,1746.28603559478,om11_3,CJM,tun47,SB
2044,327,1727.54345783294,om11_3,CJM,tun47,SB
2045,327,2359.12552046744,om11_3,CJM,tun47,SB
2046,327,2959.4682487743,om11_3,CJM,tun47,SB
2047,327,3337.04057144958,om11_3,CJM,tun47,SB
2048,327,4139.53241858674,om11_3,CJM,tun47,SB
2049,327,5067.7720137438,om11_3,CJM,tun47,SB
2050,327,6388.5185157563,om11_3,CJM,tun47,SB
2025,344,8341.1219780227,om11_3,CJM,tun47,SB
2026,344,8494.1267141047,om11_3,CJM,tun47,SB
2027,344,8843.18551923904,om11_3,CJM,tun47,SB
2028,344,9935.30043474512,om11_3,CJM,tun47,SB
2029,344,12783.5826405508,om11_3,CJM,tun47,SB
2030,344,15410.6560357637,om11_3,CJM,tun47,SB
2031,344,16107.7885332897,om11_3,CJM,tun47,SB
2032,344,15584.8224881402,om11_3,CJM,tun47,SB
2033,344,14886.9867115351,om11_3,CJM,tun47,SB
2034,344,15132.9556776936,om11_3,CJM,tun47,SB
2035,344,14730.3222158768,om11_3,CJM,tun47,SB
2036,344,13565.4220011701,om11_3,CJM,tun47,SB
2037,344,12241.1874593944,om11_3,CJM,tun47,SB
2038,344,11350.5094679556,om11_3,CJM,tun47,SB
2039,344,10463.797357677,om11_3,CJM,tun47,SB
2040,344,9952.53786933288,om11_3,CJM,tun47,SB
2041,344,10348.5172135619,om11_3,CJM,tun47,SB
2042,344,10504.2869858488,om11_3,CJM,tun47,SB
2043,344,10273.4848024855,om11_3,CJM,tun47,SB
2044,344,9898.59243900109,om11_3,CJM,tun47,SB
2045,344,10027.2592547561,om11_3,CJM,tun47,SB
2046,344,10144.2356548198,om11_3,CJM,tun47,SB
2047,344,10923.2911908439,om11_3,CJM,tun47,SB
2048,344,12707.0345318426,om11_3,CJM,tun47,SB
2049,344,13705.7910528821,om11_3,CJM,tun47,SB
2050,344,14121.9051235935,om11_3,CJM,tun47,SB
2025,348,6263.92727977176,om11_3,CJM,tun47,SB
2026,348,6597.40061067745,om11_3,CJM,tun47,SB
2027,348,6223.74909864158,om11_3,CJM,tun47,SB
2028,348,6102.68740510513,om11_3,CJM,tun47,SB
2029,348,6106.34412139074,om11_3,CJM,tun47,SB
2030,348,5775.73056746203,om11_3,CJM,tun47,SB
2031,348,4967.31170643399,om11_3,CJM,tun47,SB
2032,348,4534.13203098523,om11_3,CJM,tun47,SB
2033,348,4034.33693700718,om11_3,CJM,tun47,SB
2034,348,3502.2127328257,om11_3,CJM,tun47,SB
2035,348,2504.0227003122,om11_3,CJM,tun47,SB
2036,348,1620.74959419896,om11_3,CJM,tun47,SB
2037,348,924.375237884226,om11_3,CJM,tun47,SB
2038,348,623.257587347511,om11_3,CJM,tun47,SB
2039,348,414.978292941604,om11_3,CJM,tun47,SB
2040,348,222.585996594302,om11_3,CJM,tun47,SB
2041,348,56.5944311568797,om11_3,CJM,tun47,SB
2042,348,9.27478162295067e-23,om11_3,CJM,tun47,SB
2043,348,0,om11_3,CJM,tun47,SB
2044,348,0,om11_3,CJM,tun47,SB
2045,348,0,om11_3,CJM,tun47,SB
2046,348,0,om11_3,CJM,tun47,SB
2047,348,0,om11_3,CJM,tun47,SB
2048,348,0,om11_3,CJM,tun47,SB
2049,348,0,om11_3,CJM,tun47,SB
2050,348,0,om11_3,CJM,tun47,SB
2025,367,7127.3628316359,om11_3,CJM,tun47,SB
2026,367,6747.57578599355,om11_3,CJM,tun47,SB
2027,367,5708.35393109917,om11_3,CJM,tun47,SB
2028,367,4878.88325315549,om11_3,CJM,tun47,SB
2029,367,4219.79331958599,om11_3,CJM,tun47,SB
2030,367,3564.70559581999,om11_3,CJM,tun47,SB
2031,367,3235.69893943234,om11_3,CJM,tun47,SB
2032,367,3021.55255316457,om11_3,CJM,tun47,SB
2033,367,2992.47646262788,om11_3,CJM,tun47,SB
2034,367,3768.58918631464,om11_3,CJM,tun47,SB
2035,367,5554.0103454999,om11_3,CJM,tun47,SB
2036,367,7234.18822814392,om11_3,CJM,tun47,SB
2037,367,8321.41386186993,om11_3,CJM,tun47,SB
2038,367,9229.96939654353,om11_3,CJM,tun47,SB
2039,367,10078.40114199,om11_3,CJM,tun47,SB
2040,367,11580.5781146871,om11_3,CJM,tun47,SB
2041,367,13107.0873815938,om11_3,CJM,tun47,SB
2042,367,14777.6333038923,om11_3,CJM,tun47,SB
2043,367,15878.159872181,om11_3,CJM,tun47,SB
2044,367,16889.0948697593,om11_3,CJM,tun47,SB
2045,367,18764.5980685566,om11_3,CJM,tun47,SB
2046,367,19741.4481390462,om11_3,CJM,tun47,SB
2047,367,19398.8038123973,om11_3,CJM,tun47,SB
2048,367,18492.0327861172,om11_3,CJM,tun47,SB
2049,367,17689.3397541316,om11_3,CJM,tun47,SB
2050,367,17022.4775210785,om11_3,CJM,tun47,SB
2025,397,7216.38347223923,om11_3,CJM,tun47,SB
2026,397,7264.85863060463,om11_3,CJM,tun47,SB
2027,397,6770.26482038583,om11_3,CJM,tun47,SB
2028,397,6359.05937073662,om11_3,CJM,tun47,SB
2029,397,6300.97658632405,om11_3,CJM,tun47,SB
2030,397,6567.7424944045,om11_3,CJM,tun47,SB
2031,397,6707.58255636521,om11_3,CJM,tun47,SB
2032,397,7424.31182942501,om11_3,CJM,tun47,SB
2033,397,8310.08851752031,om11_3,CJM,tun47,SB
2034,397,9153.60584441895,om11_3,CJM,tun47,SB
2035,397,9706.87250479144,om11_3,CJM,tun47,SB
2036,397,9452.22593407347,om11_3,CJM,tun47,SB
2037,397,8689.1523914788,om11_3,CJM,tun47,SB
2038,397,7564.0413237833,om11_3,CJM,tun47,SB
2039,397,6191.74415499567,om11_3,CJM,tun47,SB
2040,397,4380.41012319189,om11_3,CJM,tun47,SB
2041,397,2739.19024233799,om11_3,CJM,tun47,SB
2042,397,851.888465229067,om11_3,CJM,tun47,SB
2043,397,0,om11_3,CJM,tun47,SB
2044,397,0,om11_3,CJM,tun47,SB
2045,397,0,om11_3,CJM,tun47,SB
2046,397,0,om11_3,CJM,tun47,SB
2047,397,0,om11_3,CJM,tun47,SB
2048,397,0,om11_3,CJM,tun47,SB
2049,397,0,om11_3,CJM,tun47,SB
2050,397,0,om11_3,CJM,tun47,SB
2025,498,6629.64153376063,om11_3,CJM,tun47,SB
2026,498,6039.79432235676,om11_3,CJM,tun47,SB
2027,498,5545.15361278436,om11_3,CJM,tun47,SB
2028,498,5282.25416303096,om11_3,CJM,tun47,SB
2029,498,5318.91287446276,om11_3,CJM,tun47,SB
2030,498,5485.95593902593,om11_3,CJM,tun47,SB
2031,498,5630.25910055606,om11_3,CJM,tun47,SB
2032,498,6259.33942966433,om11_3,CJM,tun47,SB
2033,498,6889.02612040632,om11_3,CJM,tun47,SB
2034,498,7496.94263339354,om11_3,CJM,tun47,SB
2035,498,8324.9260546932,om11_3,CJM,tun47,SB
2036,498,8495.4229470264,om11_3,CJM,tun47,SB
2037,498,7487.41547863388,om11_3,CJM,tun47,SB
2038,498,6585.12430556278,om11_3,CJM,tun47,SB
2039,498,5344.15308362046,om11_3,CJM,tun47,SB
2040,498,4252.10305294105,om11_3,CJM,tun47,SB
2041,498,3731.58459439387,om11_3,CJM,tun47,SB
2042,498,3094.42584973319,om11_3,CJM,tun47,SB
2043,498,2703.86403548699,om11_3,CJM,tun47,SB
2044,498,2997.14111690634,om11_3,CJM,tun47,SB
2045,498,4377.44945177378,om11_3,CJM,tun47,SB
2046,498,5842.08533313203,om11_3,CJM,tun47,SB
2047,498,6591.33347068947,om11_3,CJM,tun47,SB
2048,498,6982.10397024778,om11_3,CJM,tun47,SB
2049,498,7514.6805499702,om11_3,CJM,tun47,SB
2050,498,7694.39845414845,om11_3,CJM,tun47,SB
2025,37,1385.8907626811,om11_3,CJM,tun47,C
2026,37,1224.30275522018,om11_3,CJM,tun47,C
2027,37,1176.20420561644,om11_3,CJM,tun47,C
2028,37,1198.63612547232,om11_3,CJM,tun47,C
2029,37,1304.47687948562,om11_3,CJM,tun47,C
2030,37,1545.23774296138,om11_3,CJM,tun47,C
2031,37,1622.80852301787,om11_3,CJM,tun47,C
2032,37,1938.79895164273,om11_3,CJM,tun47,C
2033,37,1866.49262933988,om11_3,CJM,tun47,C
2034,37,2057.15056079075,om11_3,CJM,tun47,C
2035,37,1787.25372629113,om11_3,CJM,tun47,C
2036,37,1590.40788914877,om11_3,CJM,tun47,C
2037,37,1611.25373353448,om11_3,CJM,tun47,C
2038,37,1612.5282377286,om11_3,CJM,tun47,C
2039,37,1505.09301753911,om11_3,CJM,tun47,C
2040,37,1662.52184054963,om11_3,CJM,tun47,C
2041,37,1974.14150911937,om11_3,CJM,tun47,C
2042,37,1994.66319220269,om11_3,CJM,tun47,C
2043,37,2009.16922339439,om11_3,CJM,tun47,C
2044,37,1994.09303190837,om11_3,CJM,tun47,C
2045,37,1936.57756246895,om11_3,CJM,tun47,C
2046,37,1797.53826825826,om11_3,CJM,tun47,C
2047,37,1985.42104948135,om11_3,CJM,tun47,C
2048,37,2053.46222092679,om11_3,CJM,tun47,C
2049,37,2024.21859407753,om11_3,CJM,tun47,C
2050,37,2063.01939739275,om11_3,CJM,tun47,C
2025,65,1385.8907626811,om11_3,CJM,tun47,C
2026,65,1243.77208805082,om11_3,CJM,tun47,C
2027,65,1174.79822949005,om11_3,CJM,tun47,C
2028,65,1070.30975977505,om11_3,CJM,tun47,C
2029,65,1235.23130189416,om11_3,CJM,tun47,C
2030,65,1385.72330833739,om11_3,CJM,tun47,C
2031,65,1534.74945748737,om11_3,CJM,tun47,C
2032,65,1568.22005552145,om11_3,CJM,tun47,C
2033,65,1828.32600144436,om11_3,CJM,tun47,C
2034,65,2065.00636219532,om11_3,CJM,tun47,C
2035,65,2066.44824675799,om11_3,CJM,tun47,C
2036,65,2021.80585011555,om11_3,CJM,tun47,C
2037,65,1994.02937791075,om11_3,CJM,tun47,C
2038,65,2066.6593530321,om11_3,CJM,tun47,C
2039,65,2034.69351237764,om11_3,CJM,tun47,C
2040,65,2034.15796981318,om11_3,CJM,tun47,C
2041,65,2086.19438608768,om11_3,CJM,tun47,C
2042,65,2066.06527723963,om11_3,CJM,tun47,C
2043,65,2059.85840799876,om11_3,CJM,tun47,C
2044,65,2059.40631619775,om11_3,CJM,tun47,C
2045,65,2013.44203381916,om11_3,CJM,tun47,C
2046,65,2042.75665629992,om11_3,CJM,tun47,C
2047,65,2083.27710208052,om11_3,CJM,tun47,C
2048,65,2018.23254273293,om11_3,CJM,tun47,C
2049,65,2010.80444959684,om11_3,CJM,tun47,C
2050,65,2051.06750774191,om11_3,CJM,tun47,C
2025,110,1385.8907626811,om11_3,CJM,tun47,C
2026,110,1219.16655764373,om11_3,CJM,tun47,C
2027,110,1227.18316884754,om11_3,CJM,tun47,C
2028,110,1225.26973950228,om11_3,CJM,tun47,C
2029,110,1441.14028629903,om11_3,CJM,tun47,C
2030,110,1730.97290456011,om11_3,CJM,tun47,C
2031,110,1983.56753971129,om11_3,CJM,tun47,C
2032,110,2061.30808829987,om11_3,CJM,tun47,C
2033,110,2068.34350383394,om11_3,CJM,tun47,C
2034,110,2046.47939783184,om11_3,CJM,tun47,C
2035,110,1997.72059754418,om11_3,CJM,tun47,C
2036,110,2018.90832448289,om11_3,CJM,tun47,C
2037,110,1807.6510374924,om11_3,CJM,tun47,C
2038,110,1698.31972853481,om11_3,CJM,tun47,C
2039,110,1460.99620200411,om11_3,CJM,tun47,C
2040,110,1259.15301242919,om11_3,CJM,tun47,C
2041,110,875.662027889843,om11_3,CJM,tun47,C
2042,110,635.541884099697,om11_3,CJM,tun47,C
2043,110,447.210641364958,om11_3,CJM,tun47,C
2044,110,397.32351496775,om11_3,CJM,tun47,C
2045,110,355.859727966937,om11_3,CJM,tun47,C
2046,110,317.248524428566,om11_3,CJM,tun47,C
2047,110,264.445762861781,om11_3,CJM,tun47,C
2048,110,1.01307825174043e-05,om11_3,CJM,tun47,C
2049,110,1.01461112131106e-05,om11_3,CJM,tun47,C
2050,110,1.01374515232341e-05,om11_3,CJM,tun47,C
2025,151,1385.8907626811,om11_3,CJM,tun47,C
2026,151,1227.85770991154,om11_3,CJM,tun47,C
2027,151,1192.32729332799,om11_3,CJM,tun47,C
2028,151,1123.79992950287,om11_3,CJM,tun47,C
2029,151,1021.29202958382,om11_3,CJM,tun47,C
2030,151,1074.08025567716,om11_3,CJM,tun47,C
2031,151,1298.57407142611,om11_3,CJM,tun47,C
2032,151,1541.37376280195,om11_3,CJM,tun47,C
2033,151,1852.63001654055,om11_3,CJM,tun47,C
2034,151,2068.18337882089,om11_3,CJM,tun47,C
2035,151,2021.31950535006,om11_3,CJM,tun47,C
2036,151,2076.33691072589,om11_3,CJM,tun47,C
2037,151,2057.36299216405,om11_3,CJM,tun47,C
2038,151,1993.6663290357,om11_3,CJM,tun47,C
2039,151,2079.86463800663,om11_3,CJM,tun47,C
2040,151,2031.67264059577,om11_3,CJM,tun47,C
2041,151,2027.95099905817,om11_3,CJM,tun47,C
2042,151,1974.05414339325,om11_3,CJM,tun47,C
2043,151,1614.0454217674,om11_3,CJM,tun47,C
2044,151,1119.46165440575,om11_3,CJM,tun47,C
2045,151,821.65322189221,om11_3,CJM,tun47,C
2046,151,553.089613406508,om11_3,CJM,tun47,C
2047,151,453.885741188644,om11_3,CJM,tun47,C
2048,151,394.516743986277,om11_3,CJM,tun47,C
2049,151,395.332630586061,om11_3,CJM,tun47,C
2050,151,326.342034184839,om11_3,CJM,tun47,C
2025,158,1385.8907626811,om11_3,CJM,tun47,C
2026,158,1223.71100240216,om11_3,CJM,tun47,C
2027,158,1220.75658226493,om11_3,CJM,tun47,C
2028,158,1041.12499235478,om11_3,CJM,tun47,C
2029,158,1126.62901545534,om11_3,CJM,tun47,C
2030,158,1161.30656533712,om11_3,CJM,tun47,C
2031,158,1049.23442682856,om11_3,CJM,tun47,C
2032,158,1045.09022006397,om11_3,CJM,tun47,C
2033,158,1000.15678617961,om11_3,CJM,tun47,C
2034,158,1092.17957761398,om11_3,CJM,tun47,C
2035,158,1017.19873378367,om11_3,CJM,tun47,C
2036,158,1022.41631560049,om11_3,CJM,tun47,C
2037,158,813.788241335857,om11_3,CJM,tun47,C
2038,158,706.064203878075,om11_3,CJM,tun47,C
2039,158,574.912413075636,om11_3,CJM,tun47,C
2040,158,509.222209336335,om11_3,CJM,tun47,C
2041,158,563.292940716157,om11_3,CJM,tun47,C
2042,158,574.51787663745,om11_3,CJM,tun47,C
2043,158,552.856136047815,om11_3,CJM,tun47,C
2044,158,540.459414500406,om11_3,CJM,tun47,C
2045,158,622.444751389023,om11_3,CJM,tun47,C
2046,158,623.182530404085,om11_3,CJM,tun47,C
2047,158,648.307576478159,om11_3,CJM,tun47,C
2048,158,795.163625454922,om11_3,CJM,tun47,C
2049,158,947.167448680541,om11_3,CJM,tun47,C
2050,158,1075.52839985704,om11_3,CJM,tun47,C
2025,165,1385.8907626811,om11_3,CJM,tun47,C
2026,165,1238.123737282,om11_3,CJM,tun47,C
2027,165,1204.70904826382,om11_3,CJM,tun47,C
2028,165,1322.3140429158,om11_3,CJM,tun47,C
2029,165,1477.03719344705,om11_3,CJM,tun47,C
2030,165,1700.54362066747,om11_3,CJM,tun47,C
2031,165,1505.51218595332,om11_3,CJM,tun47,C
2032,165,1551.12261717647,om11_3,CJM,tun47,C
2033,165,1664.07058856255,om11_3,CJM,tun47,C
2034,165,1632.98072789005,om11_3,CJM,tun47,C
2035,165,1494.63966428059,om11_3,CJM,tun47,C
2036,165,1401.98704518117,om11_3,CJM,tun47,C
2037,165,1591.93532832945,om11_3,CJM,tun47,C
2038,165,1741.74934153687,om11_3,CJM,tun47,C
2039,165,1859.5173934795,om11_3,CJM,tun47,C
2040,165,1660.67571668435,om11_3,CJM,tun47,C
2041,165,1477.44107365516,om11_3,CJM,tun47,C
2042,165,1204.45326330262,om11_3,CJM,tun47,C
2043,165,891.619905455144,om11_3,CJM,tun47,C
2044,165,702.722511461766,om11_3,CJM,tun47,C
2045,165,555.153550726443,om11_3,CJM,tun47,C
2046,165,497.935552311024,om11_3,CJM,tun47,C
2047,165,479.554271391877,om11_3,CJM,tun47,C
2048,165,484.976439902037,om11_3,CJM,tun47,C
2049,165,584.254786694478,om11_3,CJM,tun47,C
2050,165,634.945504953044,om11_3,CJM,tun47,C
2025,177,1385.8907626811,om11_3,CJM,tun47,C
2026,177,1232.07598961381,om11_3,CJM,tun47,C
2027,177,1209.29255902582,om11_3,CJM,tun47,C
2028,177,1147.97720075126,om11_3,CJM,tun47,C
2029,177,1139.32510443111,om11_3,CJM,tun47,C
2030,177,1355.17156233439,om11_3,CJM,tun47,C
2031,177,1653.47467503024,om11_3,CJM,tun47,C
2032,177,1648.55842771734,om11_3,CJM,tun47,C
2033,177,1221.81318545186,om11_3,CJM,tun47,C
2034,177,1098.45969593348,om11_3,CJM,tun47,C
2035,177,913.783077760372,om11_3,CJM,tun47,C
2036,177,865.694569385443,om11_3,CJM,tun47,C
2037,177,928.050826964653,om11_3,CJM,tun47,C
2038,177,874.245327624239,om11_3,CJM,tun47,C
2039,177,932.753805940841,om11_3,CJM,tun47,C
2040,177,883.950889626597,om11_3,CJM,tun47,C
2041,177,822.086775202754,om11_3,CJM,tun47,C
2042,177,655.26824919904,om11_3,CJM,tun47,C
2043,177,661.425604170225,om11_3,CJM,tun47,C
2044,177,681.594192748025,om11_3,CJM,tun47,C
2045,177,634.166790695256,om11_3,CJM,tun47,C
2046,177,669.189786354585,om11_3,CJM,tun47,C
2047,177,662.360100310536,om11_3,CJM,tun47,C
2048,177,628.23038463606,om11_3,CJM,tun47,C
2049,177,503.02406592031,om11_3,CJM,tun47,C
2050,177,459.852734470469,om11_3,CJM,tun47,C
2025,186,1385.8907626811,om11_3,CJM,tun47,C
2026,186,1247.92089794714,om11_3,CJM,tun47,C
2027,186,1188.55147582401,om11_3,CJM,tun47,C
2028,186,1076.06046744195,om11_3,CJM,tun47,C
2029,186,1084.29349338289,om11_3,CJM,tun47,C
2030,186,1199.02888322789,om11_3,CJM,tun47,C
2031,186,1289.71624348928,om11_3,CJM,tun47,C
2032,186,1560.49058482808,om11_3,CJM,tun47,C
2033,186,1863.82848261033,om11_3,CJM,tun47,C
2034,186,2055.86008015317,om11_3,CJM,tun47,C
2035,186,2031.19344689772,om11_3,CJM,tun47,C
2036,186,2005.12284469036,om11_3,CJM,tun47,C
2037,186,2004.54474099569,om11_3,CJM,tun47,C
2038,186,2040.55101715716,om11_3,CJM,tun47,C
2039,186,1839.08017885394,om11_3,CJM,tun47,C
2040,186,1807.67008021683,om11_3,CJM,tun47,C
2041,186,1962.54432389642,om11_3,CJM,tun47,C
2042,186,1962.58484814217,om11_3,CJM,tun47,C
2043,186,2028.61754739158,om11_3,CJM,tun47,C
2044,186,2012.45151693154,om11_3,CJM,tun47,C
2045,186,2012.31146255428,om11_3,CJM,tun47,C
2046,186,2057.46013543758,om11_3,CJM,tun47,C
2047,186,2005.55088357852,om11_3,CJM,tun47,C
2048,186,2047.81738702708,om11_3,CJM,tun47,C
2049,186,2053.51506159913,om11_3,CJM,tun47,C
2050,186,2015.55256232438,om11_3,CJM,tun47,C
2025,246,1385.8907626811,om11_3,CJM,tun47,C
2026,246,1275.10491089123,om11_3,CJM,tun47,C
2027,246,1180.03117669146,om11_3,CJM,tun47,C
2028,246,1015.95086076057,om11_3,CJM,tun47,C
2029,246,1199.69436301623,om11_3,CJM,tun47,C
2030,246,1496.11881736727,om11_3,CJM,tun47,C
2031,246,1729.48970607318,om11_3,CJM,tun47,C
2032,246,1919.4157896752,om11_3,CJM,tun47,C
2033,246,1739.20562104164,om11_3,CJM,tun47,C
2034,246,1401.67341535737,om11_3,CJM,tun47,C
2035,246,1300.88995281776,om11_3,CJM,tun47,C
2036,246,1431.77220611331,om11_3,CJM,tun47,C
2037,246,1588.88022713197,om11_3,CJM,tun47,C
2038,246,1339.34621562714,om11_3,CJM,tun47,C
2039,246,1022.83932044695,om11_3,CJM,tun47,C
2040,246,1017.69676528641,om11_3,CJM,tun47,C
2041,246,1032.03985981012,om11_3,CJM,tun47,C
2042,246,1045.9106737414,om11_3,CJM,tun47,C
2043,246,1017.8311516487,om11_3,CJM,tun47,C
2044,246,886.215275567446,om11_3,CJM,tun47,C
2045,246,882.431860443048,om11_3,CJM,tun47,C
2046,246,915.280017642864,om11_3,CJM,tun47,C
2047,246,984.620561094914,om11_3,CJM,tun47,C
2048,246,1054.70059038347,om11_3,CJM,tun47,C
2049,246,1287.40059309223,om11_3,CJM,tun47,C
2050,246,1573.84923206815,om11_3,CJM,tun47,C
2025,327,1385.8907626811,om11_3,CJM,tun47,C
2026,327,1262.22311131228,om11_3,CJM,tun47,C
2027,327,1191.18321311757,om11_3,CJM,tun47,C
2028,327,1183.70701463305,om11_3,CJM,tun47,C
2029,327,1415.52696858404,om11_3,CJM,tun47,C
2030,327,1699.63499996915,om11_3,CJM,tun47,C
2031,327,2052.12107094521,om11_3,CJM,tun47,C
2032,327,2038.27144447925,om11_3,CJM,tun47,C
2033,327,1991.49352876571,om11_3,CJM,tun47,C
2034,327,2043.02500028742,om11_3,CJM,tun47,C
2035,327,1996.11688888292,om11_3,CJM,tun47,C
2036,327,2037.01365428171,om11_3,CJM,tun47,C
2037,327,2015.01186670394,om11_3,CJM,tun47,C
2038,327,2019.85236148926,om11_3,CJM,tun47,C
2039,327,2013.06089410628,om11_3,CJM,tun47,C
2040,327,2042.6590906574,om11_3,CJM,tun47,C
2041,327,2061.73207996073,om11_3,CJM,tun47,C
2042,327,2007.51271602324,om11_3,CJM,tun47,C
2043,327,1481.07655189774,om11_3,CJM,tun47,C
2044,327,1024.52347106144,om11_3,CJM,tun47,C
2045,327,724.016367647727,om11_3,CJM,tun47,C
2046,327,508.792245864258,om11_3,CJM,tun47,C
2047,327,347.789670277581,om11_3,CJM,tun47,C
2048,327,386.921068118264,om11_3,CJM,tun47,C
2049,327,435.274865201027,om11_3,CJM,tun47,C
2050,327,510.398628621502,om11_3,CJM,tun47,C
2025,344,1385.8907626811,om11_3,CJM,tun47,C
2026,344,1270.86189597796,om11_3,CJM,tun47,C
2027,344,1203.04234423445,om11_3,CJM,tun47,C
2028,344,1465.04793750028,om11_3,CJM,tun47,C
2029,344,1745.16496615248,om11_3,CJM,tun47,C
2030,344,2033.61124346944,om11_3,CJM,tun47,C
2031,344,2073.79827109291,om11_3,CJM,tun47,C
2032,344,2011.58273945212,om11_3,CJM,tun47,C
2033,344,2042.19723034293,om11_3,CJM,tun47,C
2034,344,2034.51003609223,om11_3,CJM,tun47,C
2035,344,2019.85065774035,om11_3,CJM,tun47,C
2036,344,1997.87737812904,om11_3,CJM,tun47,C
2037,344,2024.64064630805,om11_3,CJM,tun47,C
2038,344,2089.36962428162,om11_3,CJM,tun47,C
2039,344,1994.46726072234,om11_3,CJM,tun47,C
2040,344,1992.78836719351,om11_3,CJM,tun47,C
2041,344,2068.85597889634,om11_3,CJM,tun47,C
2042,344,2089.11965170414,om11_3,CJM,tun47,C
2043,344,2072.88605643053,om11_3,CJM,tun47,C
2044,344,1998.33517415519,om11_3,CJM,tun47,C
2045,344,2083.21161587819,om11_3,CJM,tun47,C
2046,344,2029.68747311812,om11_3,CJM,tun47,C
2047,344,2015.21428936243,om11_3,CJM,tun47,C
2048,344,1992.93684080353,om11_3,CJM,tun47,C
2049,344,2076.19857782108,om11_3,CJM,tun47,C
2050,344,2034.045383158,om11_3,CJM,tun47,C
2025,348,1385.8907626811,om11_3,CJM,tun47,C
2026,348,1264.50313632989,om11_3,CJM,tun47,C
2027,348,1215.69095999601,om11_3,CJM,tun47,C
2028,348,1021.87391317128,om11_3,CJM,tun47,C
2029,348,1139.55975618979,om11_3,CJM,tun47,C
2030,348,1285.2386624794,om11_3,CJM,tun47,C
2031,348,1422.74940209931,om11_3,CJM,tun47,C
2032,348,1106.74807604414,om11_3,CJM,tun47,C
2033,348,1099.10570753585,om11_3,CJM,tun47,C
2034,348,1294.60286970276,om11_3,CJM,tun47,C
2035,348,1469.34824011479,om11_3,CJM,tun47,C
2036,348,1375.1248895732,om11_3,CJM,tun47,C
2037,348,1130.90334123383,om11_3,CJM,tun47,C
2038,348,791.087468253379,om11_3,CJM,tun47,C
2039,348,606.658494129046,om11_3,CJM,tun47,C
2040,348,457.720172509997,om11_3,CJM,tun47,C
2041,348,339.102537102768,om11_3,CJM,tun47,C
2042,348,127.513349414279,om11_3,CJM,tun47,C
2043,348,1.01626118872119e-05,om11_3,CJM,tun47,C
2044,348,1.01910035742232e-05,om11_3,CJM,tun47,C
2045,348,1.01664944654293e-05,om11_3,CJM,tun47,C
2046,348,1.01693239377118e-05,om11_3,CJM,tun47,C
2047,348,1.01094069333119e-05,om11_3,CJM,tun47,C
2048,348,1.01131781133026e-05,om11_3,CJM,tun47,C
2049,348,1.01043593484681e-05,om11_3,CJM,tun47,C
2050,348,1.00854851367079e-05,om11_3,CJM,tun47,C
2025,367,1385.8907626811,om11_3,CJM,tun47,C
2026,367,1275.20602346854,om11_3,CJM,tun47,C
2027,367,1195.51194316157,om11_3,CJM,tun47,C
2028,367,1269.61222740706,om11_3,CJM,tun47,C
2029,367,1540.39049966427,om11_3,CJM,tun47,C
2030,367,1701.2103827173,om11_3,CJM,tun47,C
2031,367,1534.21218190125,om11_3,CJM,tun47,C
2032,367,1300.09729677775,om11_3,CJM,tun47,C
2033,367,1015.89708113431,om11_3,CJM,tun47,C
2034,367,782.748718947874,om11_3,CJM,tun47,C
2035,367,698.972491762697,om11_3,CJM,tun47,C
2036,367,769.929893251236,om11_3,CJM,tun47,C
2037,367,804.424061018637,om11_3,CJM,tun47,C
2038,367,954.955212823005,om11_3,CJM,tun47,C
2039,367,1001.22105167408,om11_3,CJM,tun47,C
2040,367,1153.69230617124,om11_3,CJM,tun47,C
2041,367,1351.72272702392,om11_3,CJM,tun47,C
2042,367,1662.63600527357,om11_3,CJM,tun47,C
2043,367,1979.07084367059,om11_3,CJM,tun47,C
2044,367,2040.14683237201,om11_3,CJM,tun47,C
2045,367,2008.91556936029,om11_3,CJM,tun47,C
2046,367,2047.04560345431,om11_3,CJM,tun47,C
2047,367,2040.59239726704,om11_3,CJM,tun47,C
2048,367,2082.67071086887,om11_3,CJM,tun47,C
2049,367,2071.2144472989,om11_3,CJM,tun47,C
2050,367,2038.68661692624,om11_3,CJM,tun47,C
2025,397,1385.8907626811,om11_3,CJM,tun47,C
2026,397,1266.13355660689,om11_3,CJM,tun47,C
2027,397,1197.51813044191,om11_3,CJM,tun47,C
2028,397,1157.91316907946,om11_3,CJM,tun47,C
2029,397,1431.57894366998,om11_3,CJM,tun47,C
2030,397,1680.31499780005,om11_3,CJM,tun47,C
2031,397,1757.52943990427,om11_3,CJM,tun47,C
2032,397,1232.5240525995,om11_3,CJM,tun47,C
2033,397,1018.03186539949,om11_3,CJM,tun47,C
2034,397,1263.84157498448,om11_3,CJM,tun47,C
2035,397,1489.36739364109,om11_3,CJM,tun47,C
2036,397,1736.15260330287,om11_3,CJM,tun47,C
2037,397,1708.74587905879,om11_3,CJM,tun47,C
2038,397,1700.54646315449,om11_3,CJM,tun47,C
2039,397,1599.61940037074,om11_3,CJM,tun47,C
2040,397,1925.43050756673,om11_3,CJM,tun47,C
2041,397,1968.32413041696,om11_3,CJM,tun47,C
2042,397,2033.7258401713,om11_3,CJM,tun47,C
2043,397,1404.18322388702,om11_3,CJM,tun47,C
2044,397,1.0277857756477e-05,om11_3,CJM,tun47,C
2045,397,1.02630598544581e-05,om11_3,CJM,tun47,C
2046,397,1.03074374159293e-05,om11_3,CJM,tun47,C
2047,397,1.01737395760215e-05,om11_3,CJM,tun47,C
2048,397,1.01643690361591e-05,om11_3,CJM,tun47,C
2049,397,1.01726364333075e-05,om11_3,CJM,tun47,C
2050,397,1.01760360913371e-05,om11_3,CJM,tun47,C
2025,498,1385.8907626811,om11_3,CJM,tun47,C
2026,498,1257.98250046479,om11_3,CJM,tun47,C
2027,498,1191.38414695629,om11_3,CJM,tun47,C
2028,498,1065.17398597314,om11_3,CJM,tun47,C
2029,498,1086.64228340119,om11_3,CJM,tun47,C
2030,498,1115.97678059946,om11_3,CJM,tun47,C
2031,498,980.382509406946,om11_3,CJM,tun47,C
2032,498,839.309696158085,om11_3,CJM,tun47,C
2033,498,966.471682928995,om11_3,CJM,tun47,C
2034,498,1047.6567804547,om11_3,CJM,tun47,C
2035,498,1256.95010187143,om11_3,CJM,tun47,C
2036,498,1186.62180762638,om11_3,CJM,tun47,C
2037,498,1462.51439467531,om11_3,CJM,tun47,C
2038,498,1747.39042575354,om11_3,CJM,tun47,C
2039,498,1936.74973259347,om11_3,CJM,tun47,C
2040,498,1779.57669667031,om11_3,CJM,tun47,C
2041,498,1442.09075271201,om11_3,CJM,tun47,C
2042,498,1291.2752768366,om11_3,CJM,tun47,C
2043,498,1189.19385079467,om11_3,CJM,tun47,C
2044,498,989.468945990576,om11_3,CJM,tun47,C
2045,498,839.594994197046,om11_3,CJM,tun47,C
2046,498,660.544560079587,om11_3,CJM,tun47,C
2047,498,590.944481397546,om11_3,CJM,tun47,C
2048,498,651.851882426321,om11_3,CJM,tun47,C
2049,498,784.32561941253,om11_3,CJM,tun47,C
2050,498,926.923145300389,om11_3,CJM,tun47,C
2025,37,8593.12324912998,om11_3,CJM,tun44,SB
2026,37,9914.30137362587,om11_3,CJM,tun44,SB
2027,37,11195.9804428714,om11_3,CJM,tun44,SB
2028,37,12267.4552567849,om11_3,CJM,tun44,SB
2029,37,12831.847904668,om11_3,CJM,tun44,SB
2030,37,12726.9076191347,om11_3,CJM,tun44,SB
2031,37,12847.2834866012,om11_3,CJM,tun44,SB
2032,37,12933.5042025524,om11_3,CJM,tun44,SB
2033,37,12291.1973216549,om11_3,CJM,tun44,SB
2034,37,11858.1284744865,om11_3,CJM,tun44,SB
2035,37,11355.6905496632,om11_3,CJM,tun44,SB
2036,37,12174.5909424408,om11_3,CJM,tun44,SB
2037,37,14027.4382931591,om11_3,CJM,tun44,SB
2038,37,15051.7666859086,om11_3,CJM,tun44,SB
2039,37,15010.9063501982,om11_3,CJM,tun44,SB
2040,37,14161.5749554384,om11_3,CJM,tun44,SB
2041,37,14066.0830682778,om11_3,CJM,tun44,SB
2042,37,13952.0169318978,om11_3,CJM,tun44,SB
2043,37,14371.9941094628,om11_3,CJM,tun44,SB
2044,37,15068.3906357774,om11_3,CJM,tun44,SB
2045,37,14949.8433856512,om11_3,CJM,tun44,SB
2046,37,14057.962700185,om11_3,CJM,tun44,SB
2047,37,13276.3928763242,om11_3,CJM,tun44,SB
2048,37,13013.73127635,om11_3,CJM,tun44,SB
2049,37,13095.3586892362,om11_3,CJM,tun44,SB
2050,37,13021.0064016016,om11_3,CJM,tun44,SB
2025,65,7734.49472637435,om11_3,CJM,tun44,SB
2026,65,8317.32659755487,om11_3,CJM,tun44,SB
2027,65,8576.90536515757,om11_3,CJM,tun44,SB
2028,65,8728.06438150632,om11_3,CJM,tun44,SB
2029,65,9749.12225073762,om11_3,CJM,tun44,SB
2030,65,11771.773693092,om11_3,CJM,tun44,SB
2031,65,13215.1939255297,om11_3,CJM,tun44,SB
2032,65,13876.0648386497,om11_3,CJM,tun44,SB
2033,65,14164.6743929466,om11_3,CJM,tun44,SB
2034,65,15017.8142947304,om11_3,CJM,tun44,SB
2035,65,15440.8487994856,om11_3,CJM,tun44,SB
2036,65,15692.0132641086,om11_3,CJM,tun44,SB
2037,65,15843.6945588026,om11_3,CJM,tun44,SB
2038,65,15629.9059409404,om11_3,CJM,tun44,SB
2039,65,15022.5296350902,om11_3,CJM,tun44,SB
2040,65,14449.7483398448,om11_3,CJM,tun44,SB
2041,65,13786.9646824789,om11_3,CJM,tun44,SB
2042,65,12262.2018011774,om11_3,CJM,tun44,SB
2043,65,11190.4032250586,om11_3,CJM,tun44,SB
2044,65,10082.350118652,om11_3,CJM,tun44,SB
2045,65,9669.91139712548,om11_3,CJM,tun44,SB
2046,65,9655.76511788119,om11_3,CJM,tun44,SB
2047,65,8792.75584195061,om11_3,CJM,tun44,SB
2048,65,8227.2765418453,om11_3,CJM,tun44,SB
2049,65,8964.17552769698,om11_3,CJM,tun44,SB
2050,65,10285.0257259321,om11_3,CJM,tun44,SB
2025,110,9634.882166157,om11_3,CJM,tun44,SB
2026,110,10192.543522751,om11_3,CJM,tun44,SB
2027,110,10471.4698407754,om11_3,CJM,tun44,SB
2028,110,11602.7259656949,om11_3,CJM,tun44,SB
2029,110,12661.4092010156,om11_3,CJM,tun44,SB
2030,110,13558.5922627633,om11_3,CJM,tun44,SB
2031,110,13953.647842804,om11_3,CJM,tun44,SB
2032,110,13458.8579955248,om11_3,CJM,tun44,SB
2033,110,12267.9346019108,om11_3,CJM,tun44,SB
2034,110,11202.7030566684,om11_3,CJM,tun44,SB
2035,110,9984.73843353353,om11_3,CJM,tun44,SB
2036,110,8308.26397945647,om11_3,CJM,tun44,SB
2037,110,6730.93003624256,om11_3,CJM,tun44,SB
2038,110,5389.75520505729,om11_3,CJM,tun44,SB
2039,110,3992.82165391248,om11_3,CJM,tun44,SB
2040,110,2481.70588474792,om11_3,CJM,tun44,SB
2041,110,1440.87745126039,om11_3,CJM,tun44,SB
2042,110,574.335731101605,om11_3,CJM,tun44,SB
2043,110,41.2097207259472,om11_3,CJM,tun44,SB
2044,110,0,om11_3,CJM,tun44,SB
2045,110,0,om11_3,CJM,tun44,SB
2046,110,0,om11_3,CJM,tun44,SB
2047,110,0,om11_3,CJM,tun44,SB
2048,110,0,om11_3,CJM,tun44,SB
2049,110,0,om11_3,CJM,tun44,SB
2050,110,0,om11_3,CJM,tun44,SB
2025,151,6742.27315938003,om11_3,CJM,tun44,SB
2026,151,6807.65843112252,om11_3,CJM,tun44,SB
2027,151,6713.75209464473,om11_3,CJM,tun44,SB
2028,151,7990.88256297594,om11_3,CJM,tun44,SB
2029,151,10433.4040104222,om11_3,CJM,tun44,SB
2030,151,12783.5582195176,om11_3,CJM,tun44,SB
2031,151,14821.9590662779,om11_3,CJM,tun44,SB
2032,151,15627.9953998948,om11_3,CJM,tun44,SB
2033,151,15570.7167541289,om11_3,CJM,tun44,SB
2034,151,15799.5805550095,om11_3,CJM,tun44,SB
2035,151,15701.4765389112,om11_3,CJM,tun44,SB
2036,151,15351.1427623483,om11_3,CJM,tun44,SB
2037,151,14450.41559836,om11_3,CJM,tun44,SB
2038,151,12859.2317065499,om11_3,CJM,tun44,SB
2039,151,10633.8067547859,om11_3,CJM,tun44,SB
2040,151,8111.85724380968,om11_3,CJM,tun44,SB
2041,151,5943.41716793044,om11_3,CJM,tun44,SB
2042,151,4232.63380244409,om11_3,CJM,tun44,SB
2043,151,3227.37751269393,om11_3,CJM,tun44,SB
2044,151,2350.15338105096,om11_3,CJM,tun44,SB
2045,151,1743.12969895787,om11_3,CJM,tun44,SB
2046,151,1157.88829661649,om11_3,CJM,tun44,SB
2047,151,752.008848172739,om11_3,CJM,tun44,SB
2048,151,367.030891960977,om11_3,CJM,tun44,SB
2049,151,0,om11_3,CJM,tun44,SB
2050,151,0,om11_3,CJM,tun44,SB
2025,158,7236.77187172129,om11_3,CJM,tun44,SB
2026,158,6820.71551209332,om11_3,CJM,tun44,SB
2027,158,6659.03025976799,om11_3,CJM,tun44,SB
2028,158,6471.02627393126,om11_3,CJM,tun44,SB
2029,158,6498.28230118015,om11_3,CJM,tun44,SB
2030,158,6602.41028067005,om11_3,CJM,tun44,SB
2031,158,6712.31504140549,om11_3,CJM,tun44,SB
2032,158,6363.38393992074,om11_3,CJM,tun44,SB
2033,158,5598.12485301333,om11_3,CJM,tun44,SB
2034,158,4959.67993293274,om11_3,CJM,tun44,SB
2035,158,4210.6228020694,om11_3,CJM,tun44,SB
2036,158,3251.17579251444,om11_3,CJM,tun44,SB
2037,158,2413.71561206846,om11_3,CJM,tun44,SB
2038,158,2309.78177631235,om11_3,CJM,tun44,SB
2039,158,2323.03899335655,om11_3,CJM,tun44,SB
2040,158,2598.78570303916,om11_3,CJM,tun44,SB
2041,158,3186.97542095532,om11_3,CJM,tun44,SB
2042,158,3928.95517632341,om11_3,CJM,tun44,SB
2043,158,5158.64616871024,om11_3,CJM,tun44,SB
2044,158,6221.64289745007,om11_3,CJM,tun44,SB
2045,158,7057.49163873251,om11_3,CJM,tun44,SB
2046,158,7678.13527293639,om11_3,CJM,tun44,SB
2047,158,8572.62595804009,om11_3,CJM,tun44,SB
2048,158,9325.87452753993,om11_3,CJM,tun44,SB
2049,158,10022.1407082155,om11_3,CJM,tun44,SB
2050,158,10945.1181719088,om11_3,CJM,tun44,SB
2025,165,7753.47260672735,om11_3,CJM,tun44,SB
2026,165,8120.90004169413,om11_3,CJM,tun44,SB
2027,165,8375.12119967901,om11_3,CJM,tun44,SB
2028,165,9035.54436941824,om11_3,CJM,tun44,SB
2029,165,9863.59849107991,om11_3,CJM,tun44,SB
2030,165,10277.4221863485,om11_3,CJM,tun44,SB
2031,165,10370.0082922686,om11_3,CJM,tun44,SB
2032,165,10495.7876803769,om11_3,CJM,tun44,SB
2033,165,10153.1365967837,om11_3,CJM,tun44,SB
2034,165,10014.5249884184,om11_3,CJM,tun44,SB
2035,165,9591.14739357544,om11_3,CJM,tun44,SB
2036,165,9265.00251817984,om11_3,CJM,tun44,SB
2037,165,8202.62973532669,om11_3,CJM,tun44,SB
2038,165,6814.38096487236,om11_3,CJM,tun44,SB
2039,165,5289.99740859491,om11_3,CJM,tun44,SB
2040,165,3888.67821898797,om11_3,CJM,tun44,SB
2041,165,2733.34643478137,om11_3,CJM,tun44,SB
2042,165,2159.62129391867,om11_3,CJM,tun44,SB
2043,165,2481.53608258819,om11_3,CJM,tun44,SB
2044,165,2986.66592772855,om11_3,CJM,tun44,SB
2045,165,3466.49675315567,om11_3,CJM,tun44,SB
2046,165,3943.06277497239,om11_3,CJM,tun44,SB
2047,165,4174.20862573423,om11_3,CJM,tun44,SB
2048,165,4295.32867143776,om11_3,CJM,tun44,SB
2049,165,4382.85105341285,om11_3,CJM,tun44,SB
2050,165,4961.48414021387,om11_3,CJM,tun44,SB
2025,177,8041.24231146839,om11_3,CJM,tun44,SB
2026,177,7720.21756785978,om11_3,CJM,tun44,SB
2027,177,7460.02180621104,om11_3,CJM,tun44,SB
2028,177,7638.66550443106,om11_3,CJM,tun44,SB
2029,177,7538.15489271437,om11_3,CJM,tun44,SB
2030,177,7020.96788424508,om11_3,CJM,tun44,SB
2031,177,6525.33219398723,om11_3,CJM,tun44,SB
2032,177,6234.71537597321,om11_3,CJM,tun44,SB
2033,177,6485.80906100962,om11_3,CJM,tun44,SB
2034,177,6767.17238662325,om11_3,CJM,tun44,SB
2035,177,6334.52487306698,om11_3,CJM,tun44,SB
2036,177,5877.15139190962,om11_3,CJM,tun44,SB
2037,177,5217.05497684268,om11_3,CJM,tun44,SB
2038,177,4642.94157739233,om11_3,CJM,tun44,SB
2039,177,4191.93647715875,om11_3,CJM,tun44,SB
2040,177,3731.79989103133,om11_3,CJM,tun44,SB
2041,177,3401.80562820883,om11_3,CJM,tun44,SB
2042,177,3331.4369131109,om11_3,CJM,tun44,SB
2043,177,3610.33372899842,om11_3,CJM,tun44,SB
2044,177,3870.50524435793,om11_3,CJM,tun44,SB
2045,177,4226.86268927538,om11_3,CJM,tun44,SB
2046,177,4427.17350422375,om11_3,CJM,tun44,SB
2047,177,4205.35884121083,om11_3,CJM,tun44,SB
2048,177,3744.48650893133,om11_3,CJM,tun44,SB
2049,177,3453.81015325055,om11_3,CJM,tun44,SB
2050,177,3364.1541870239,om11_3,CJM,tun44,SB
2025,186,7859.93258500356,om11_3,CJM,tun44,SB
2026,186,8373.01659972545,om11_3,CJM,tun44,SB
2027,186,8966.35292799053,om11_3,CJM,tun44,SB
2028,186,9422.1420509391,om11_3,CJM,tun44,SB
2029,186,9829.70082161863,om11_3,CJM,tun44,SB
2030,186,10822.5960520623,om11_3,CJM,tun44,SB
2031,186,12643.3928997622,om11_3,CJM,tun44,SB
2032,186,13416.0513554524,om11_3,CJM,tun44,SB
2033,186,12691.3758831253,om11_3,CJM,tun44,SB
2034,186,12134.4750501443,om11_3,CJM,tun44,SB
2035,186,11629.6487854224,om11_3,CJM,tun44,SB
2036,186,11833.504419193,om11_3,CJM,tun44,SB
2037,186,12160.3643974724,om11_3,CJM,tun44,SB
2038,186,13178.9732520148,om11_3,CJM,tun44,SB
2039,186,13800.8867341461,om11_3,CJM,tun44,SB
2040,186,12847.1577479857,om11_3,CJM,tun44,SB
2041,186,12145.3198975175,om11_3,CJM,tun44,SB
2042,186,13290.1696315099,om11_3,CJM,tun44,SB
2043,186,16347.2556757076,om11_3,CJM,tun44,SB
2044,186,18706.5503582689,om11_3,CJM,tun44,SB
2045,186,20028.8150051701,om11_3,CJM,tun44,SB
2046,186,19929.1253719614,om11_3,CJM,tun44,SB
2047,186,19485.8853570272,om11_3,CJM,tun44,SB
2048,186,19360.3739144298,om11_3,CJM,tun44,SB
2049,186,19539.0257757434,om11_3,CJM,tun44,SB
2050,186,20744.6013936925,om11_3,CJM,tun44,SB
2025,246,8847.56725195435,om11_3,CJM,tun44,SB
2026,246,9263.23417529202,om11_3,CJM,tun44,SB
2027,246,8921.91632221729,om11_3,CJM,tun44,SB
2028,246,8523.34822524913,om11_3,CJM,tun44,SB
2029,246,8268.32388282588,om11_3,CJM,tun44,SB
2030,246,7936.83806278652,om11_3,CJM,tun44,SB
2031,246,8031.85143375467,om11_3,CJM,tun44,SB
2032,246,8882.15887184817,om11_3,CJM,tun44,SB
2033,246,9392.56620742796,om11_3,CJM,tun44,SB
2034,246,9217.33062190327,om11_3,CJM,tun44,SB
2035,246,8664.60099009812,om11_3,CJM,tun44,SB
2036,246,8182.13232062396,om11_3,CJM,tun44,SB
2037,246,7159.98325361974,om11_3,CJM,tun44,SB
2038,246,6206.93628670107,om11_3,CJM,tun44,SB
2039,246,5546.31421944506,om11_3,CJM,tun44,SB
2040,246,5157.88398230328,om11_3,CJM,tun44,SB
2041,246,4982.92765088734,om11_3,CJM,tun44,SB
2042,246,4985.47764061756,om11_3,CJM,tun44,SB
2043,246,5749.6835820222,om11_3,CJM,tun44,SB
2044,246,7666.23410247737,om11_3,CJM,tun44,SB
2045,246,9514.18825070075,om11_3,CJM,tun44,SB
2046,246,10766.3883296082,om11_3,CJM,tun44,SB
2047,246,12459.3654433082,om11_3,CJM,tun44,SB
2048,246,13907.6876307976,om11_3,CJM,tun44,SB
2049,246,14435.7257612375,om11_3,CJM,tun44,SB
2050,246,14502.4345529967,om11_3,CJM,tun44,SB
2025,327,6418.0774926786,om11_3,CJM,tun44,SB
2026,327,7119.42029661898,om11_3,CJM,tun44,SB
2027,327,7924.2077426248,om11_3,CJM,tun44,SB
2028,327,9283.14771732534,om11_3,CJM,tun44,SB
2029,327,11029.7643729584,om11_3,CJM,tun44,SB
2030,327,12786.5538889928,om11_3,CJM,tun44,SB
2031,327,14342.855065203,om11_3,CJM,tun44,SB
2032,327,16138.6136187935,om11_3,CJM,tun44,SB
2033,327,16881.4875507553,om11_3,CJM,tun44,SB
2034,327,16534.2915852469,om11_3,CJM,tun44,SB
2035,327,15424.8819242791,om11_3,CJM,tun44,SB
2036,327,14110.6476354706,om11_3,CJM,tun44,SB
2037,327,12400.5808462995,om11_3,CJM,tun44,SB
2038,327,9933.04532157859,om11_3,CJM,tun44,SB
2039,327,7038.9203630296,om11_3,CJM,tun44,SB
2040,327,3803.57004274894,om11_3,CJM,tun44,SB
2041,327,1232.38963159245,om11_3,CJM,tun44,SB
2042,327,0.000125896896337334,om11_3,CJM,tun44,SB
2043,327,0,om11_3,CJM,tun44,SB
2044,327,0,om11_3,CJM,tun44,SB
2045,327,0,om11_3,CJM,tun44,SB
2046,327,0,om11_3,CJM,tun44,SB
2047,327,0,om11_3,CJM,tun44,SB
2048,327,0,om11_3,CJM,tun44,SB
2049,327,0,om11_3,CJM,tun44,SB
2050,327,0,om11_3,CJM,tun44,SB
2025,344,8341.1219780227,om11_3,CJM,tun44,SB
2026,344,8583.24384950413,om11_3,CJM,tun44,SB
2027,344,9187.19400845136,om11_3,CJM,tun44,SB
2028,344,10617.9565331761,om11_3,CJM,tun44,SB
2029,344,13971.8854066285,om11_3,CJM,tun44,SB
2030,344,17184.6459685904,om11_3,CJM,tun44,SB
2031,344,18232.6229197928,om11_3,CJM,tun44,SB
2032,344,17834.6899682441,om11_3,CJM,tun44,SB
2033,344,17165.2620254702,om11_3,CJM,tun44,SB
2034,344,17355.3993303137,om11_3,CJM,tun44,SB
2035,344,16648.2507188234,om11_3,CJM,tun44,SB
2036,344,15174.1329891642,om11_3,CJM,tun44,SB
2037,344,13615.646557591,om11_3,CJM,tun44,SB
2038,344,12343.5235768055,om11_3,CJM,tun44,SB
2039,344,10786.3235521128,om11_3,CJM,tun44,SB
2040,344,9623.24853703963,om11_3,CJM,tun44,SB
2041,344,9546.31357724218,om11_3,CJM,tun44,SB
2042,344,9466.70104319554,om11_3,CJM,tun44,SB
2043,344,9014.83813068254,om11_3,CJM,tun44,SB
2044,344,8491.34483479572,om11_3,CJM,tun44,SB
2045,344,8529.25095530445,om11_3,CJM,tun44,SB
2046,344,8842.47029845639,om11_3,CJM,tun44,SB
2047,344,9850.29325173621,om11_3,CJM,tun44,SB
2048,344,11969.6112485709,om11_3,CJM,tun44,SB
2049,344,13376.2870662712,om11_3,CJM,tun44,SB
2050,344,14170.6268860616,om11_3,CJM,tun44,SB
2025,348,6263.92727977176,om11_3,CJM,tun44,SB
2026,348,6690.15300142651,om11_3,CJM,tun44,SB
2027,348,6578.46307805519,om11_3,CJM,tun44,SB
2028,348,6694.41976108367,om11_3,CJM,tun44,SB
2029,348,7094.36882836978,om11_3,CJM,tun44,SB
2030,348,7247.89246695179,om11_3,CJM,tun44,SB
2031,348,6864.4994358739,om11_3,CJM,tun44,SB
2032,348,6567.31975146172,om11_3,CJM,tun44,SB
2033,348,6084.95568810358,om11_3,CJM,tun44,SB
2034,348,5577.66461912289,om11_3,CJM,tun44,SB
2035,348,4623.33669196689,om11_3,CJM,tun44,SB
2036,348,3567.06679272326,om11_3,CJM,tun44,SB
2037,348,2397.85840140324,om11_3,CJM,tun44,SB
2038,348,1795.42120662065,om11_3,CJM,tun44,SB
2039,348,1424.39766105279,om11_3,CJM,tun44,SB
2040,348,1156.23255482163,om11_3,CJM,tun44,SB
2041,348,1020.47230011539,om11_3,CJM,tun44,SB
2042,348,1007.53952537946,om11_3,CJM,tun44,SB
2043,348,968.58141171937,om11_3,CJM,tun44,SB
2044,348,942.157200491269,om11_3,CJM,tun44,SB
2045,348,1142.21965711559,om11_3,CJM,tun44,SB
2046,348,1679.18552500917,om11_3,CJM,tun44,SB
2047,348,2830.8441627424,om11_3,CJM,tun44,SB
2048,348,4433.45676900029,om11_3,CJM,tun44,SB
2049,348,6211.62848631803,om11_3,CJM,tun44,SB
2050,348,7926.77281615437,om11_3,CJM,tun44,SB
2025,367,7127.3628316359,om11_3,CJM,tun44,SB
2026,367,6836.12722106203,om11_3,CJM,tun44,SB
2027,367,6048.65398776107,om11_3,CJM,tun44,SB
2028,367,5578.30326550708,om11_3,CJM,tun44,SB
2029,367,5381.96215928004,om11_3,CJM,tun44,SB
2030,367,5273.64589259499,om11_3,CJM,tun44,SB
2031,367,5232.29524939858,om11_3,CJM,tun44,SB
2032,367,4888.78207164089,om11_3,CJM,tun44,SB
2033,367,4749.49963905636,om11_3,CJM,tun44,SB
2034,367,5666.44910116808,om11_3,CJM,tun44,SB
2035,367,7821.37683735065,om11_3,CJM,tun44,SB
2036,367,9834.38644421167,om11_3,CJM,tun44,SB
2037,367,11087.5893031679,om11_3,CJM,tun44,SB
2038,367,12113.8254995412,om11_3,CJM,tun44,SB
2039,367,13037.3939278805,om11_3,CJM,tun44,SB
2040,367,14605.3077373911,om11_3,CJM,tun44,SB
2041,367,16169.1665027768,om11_3,CJM,tun44,SB
2042,367,17895.7614663801,om11_3,CJM,tun44,SB
2043,367,19085.1982273398,om11_3,CJM,tun44,SB
2044,367,19990.0968756797,om11_3,CJM,tun44,SB
2045,367,21549.0138151299,om11_3,CJM,tun44,SB
2046,367,21880.4725102616,om11_3,CJM,tun44,SB
2047,367,20548.4301096795,om11_3,CJM,tun44,SB
2048,367,18507.3939350362,om11_3,CJM,tun44,SB
2049,367,16653.4561048097,om11_3,CJM,tun44,SB
2050,367,15071.1741809242,om11_3,CJM,tun44,SB
2025,397,7216.38347223923,om11_3,CJM,tun44,SB
2026,397,7355.28906490109,om11_3,CJM,tun44,SB
2027,397,7112.28837077745,om11_3,CJM,tun44,SB
2028,397,7044.89186179645,om11_3,CJM,tun44,SB
2029,397,7522.82356176059,om11_3,CJM,tun44,SB
2030,397,8472.4424503022,om11_3,CJM,tun44,SB
2031,397,9179.07268098943,om11_3,CJM,tun44,SB
2032,397,9977.5218768161,om11_3,CJM,tun44,SB
2033,397,10716.6623038583,om11_3,CJM,tun44,SB
2034,397,11445.3599058754,om11_3,CJM,tun44,SB
2035,397,11887.4273145011,om11_3,CJM,tun44,SB
2036,397,11567.5807065377,om11_3,CJM,tun44,SB
2037,397,10504.1855919767,om11_3,CJM,tun44,SB
2038,397,9093.93076709761,om11_3,CJM,tun44,SB
2039,397,7437.10879198589,om11_3,CJM,tun44,SB
2040,397,5421.60780850386,om11_3,CJM,tun44,SB
2041,397,3741.71062813581,om11_3,CJM,tun44,SB
2042,397,1765.00300989263,om11_3,CJM,tun44,SB
2043,397,605.405599853691,om11_3,CJM,tun44,SB
2044,397,0,om11_3,CJM,tun44,SB
2045,397,0,om11_3,CJM,tun44,SB
2046,397,0,om11_3,CJM,tun44,SB
2047,397,0,om11_3,CJM,tun44,SB
2048,397,0,om11_3,CJM,tun44,SB
2049,397,0,om11_3,CJM,tun44,SB
2050,397,0,om11_3,CJM,tun44,SB
2025,498,6629.64153376063,om11_3,CJM,tun44,SB
2026,498,6130.44312232649,om11_3,CJM,tun44,SB
2027,498,5878.34643545333,om11_3,CJM,tun44,SB
2028,498,5909.58099385335,om11_3,CJM,tun44,SB
2029,498,6355.14743056118,om11_3,CJM,tun44,SB
2030,498,6929.27814204949,om11_3,CJM,tun44,SB
2031,498,7412.60076185217,om11_3,CJM,tun44,SB
2032,498,8316.86267231674,om11_3,CJM,tun44,SB
2033,498,9255.09503597249,om11_3,CJM,tun44,SB
2034,498,10110.4152053197,om11_3,CJM,tun44,SB
2035,498,11349.6467498298,om11_3,CJM,tun44,SB
2036,498,11725.8680589869,om11_3,CJM,tun44,SB
2037,498,10881.1389181035,om11_3,CJM,tun44,SB
2038,498,10228.1039199542,om11_3,CJM,tun44,SB
2039,498,9247.22825220211,om11_3,CJM,tun44,SB
2040,498,8161.99986401051,om11_3,CJM,tun44,SB
2041,498,7213.54709054028,om11_3,CJM,tun44,SB
2042,498,5851.42028206624,om11_3,CJM,tun44,SB
2043,498,4755.1695297773,om11_3,CJM,tun44,SB
2044,498,4503.816152659,om11_3,CJM,tun44,SB
2045,498,5647.22388369263,om11_3,CJM,tun44,SB
2046,498,6866.53929760498,om11_3,CJM,tun44,SB
2047,498,7276.17514447445,om11_3,CJM,tun44,SB
2048,498,7471.26037896319,om11_3,CJM,tun44,SB
2049,498,8067.81745714819,om11_3,CJM,tun44,SB
2050,498,8387.67169825718,om11_3,CJM,tun44,SB
2025,37,1385.8907626811,om11_3,CJM,tun44,C
2026,37,1109.42100412639,om11_3,CJM,tun44,C
2027,37,886.999728674693,om11_3,CJM,tun44,C
2028,37,727.621154242075,om11_3,CJM,tun44,C
2029,37,827.237926895238,om11_3,CJM,tun44,C
2030,37,949.876297282892,om11_3,CJM,tun44,C
2031,37,1105.2247135565,om11_3,CJM,tun44,C
2032,37,1298.81438087885,om11_3,CJM,tun44,C
2033,37,1450.57793350018,om11_3,CJM,tun44,C
2034,37,1699.98157354253,om11_3,CJM,tun44,C
2035,37,1849.23849931257,om11_3,CJM,tun44,C
2036,37,1801.94245202599,om11_3,CJM,tun44,C
2037,37,1832.46477532124,om11_3,CJM,tun44,C
2038,37,1880.5627170318,om11_3,CJM,tun44,C
2039,37,1789.86992628361,om11_3,CJM,tun44,C
2040,37,1840.81160600983,om11_3,CJM,tun44,C
2041,37,2017.92577417838,om11_3,CJM,tun44,C
2042,37,2121.05904644859,om11_3,CJM,tun44,C
2043,37,2050.68066364186,om11_3,CJM,tun44,C
2044,37,1895.63588898667,om11_3,CJM,tun44,C
2045,37,1800.73107432856,om11_3,CJM,tun44,C
2046,37,1713.81707289137,om11_3,CJM,tun44,C
2047,37,1808.90418156205,om11_3,CJM,tun44,C
2048,37,2102.63971610701,om11_3,CJM,tun44,C
2049,37,2245.4304797022,om11_3,CJM,tun44,C
2050,37,2220.75329121962,om11_3,CJM,tun44,C
2025,65,1385.8907626811,om11_3,CJM,tun44,C
2026,65,1127.06363177901,om11_3,CJM,tun44,C
2027,65,885.938489380593,om11_3,CJM,tun44,C
2028,65,735.847673129021,om11_3,CJM,tun44,C
2029,65,785.087858622677,om11_3,CJM,tun44,C
2030,65,902.468388890055,om11_3,CJM,tun44,C
2031,65,996.781259611661,om11_3,CJM,tun44,C
2032,65,1143.88563281119,om11_3,CJM,tun44,C
2033,65,1362.77013224567,om11_3,CJM,tun44,C
2034,65,1569.20473979333,om11_3,CJM,tun44,C
2035,65,1814.56580547732,om11_3,CJM,tun44,C
2036,65,2031.85803256864,om11_3,CJM,tun44,C
2037,65,2071.36186009102,om11_3,CJM,tun44,C
2038,65,2217.80028300349,om11_3,CJM,tun44,C
2039,65,2213.07694658758,om11_3,CJM,tun44,C
2040,65,2382.86991268542,om11_3,CJM,tun44,C
2041,65,2531.17888681491,om11_3,CJM,tun44,C
2042,65,2661.91435450117,om11_3,CJM,tun44,C
2043,65,2458.82234468115,om11_3,CJM,tun44,C
2044,65,2268.40232433857,om11_3,CJM,tun44,C
2045,65,2034.4081571031,om11_3,CJM,tun44,C
2046,65,2172.99056436574,om11_3,CJM,tun44,C
2047,65,2219.94466785486,om11_3,CJM,tun44,C
2048,65,2133.59556981524,om11_3,CJM,tun44,C
2049,65,1746.95516593534,om11_3,CJM,tun44,C
2050,65,1842.9061290912,om11_3,CJM,tun44,C
2025,110,1385.8907626811,om11_3,CJM,tun44,C
2026,110,1104.7665252028,om11_3,CJM,tun44,C
2027,110,925.443307686847,om11_3,CJM,tun44,C
2028,110,742.412754306761,om11_3,CJM,tun44,C
2029,110,836.828706551941,om11_3,CJM,tun44,C
2030,110,963.245910570827,om11_3,CJM,tun44,C
2031,110,1090.10501601896,om11_3,CJM,tun44,C
2032,110,1281.52152470886,om11_3,CJM,tun44,C
2033,110,1478.7797574728,om11_3,CJM,tun44,C
2034,110,1682.61994989378,om11_3,CJM,tun44,C
2035,110,1888.90998929363,om11_3,CJM,tun44,C
2036,110,2195.28522420333,om11_3,CJM,tun44,C
2037,110,2198.45154246827,om11_3,CJM,tun44,C
2038,110,2216.7585254707,om11_3,CJM,tun44,C
2039,110,2084.00800380858,om11_3,CJM,tun44,C
2040,110,1915.66829421668,om11_3,CJM,tun44,C
2041,110,1538.14011689751,om11_3,CJM,tun44,C
2042,110,1275.83792040301,om11_3,CJM,tun44,C
2043,110,991.690792333802,om11_3,CJM,tun44,C
2044,110,87.5442061950376,om11_3,CJM,tun44,C
2045,110,1.01200700686538e-05,om11_3,CJM,tun44,C
2046,110,1.01213572923808e-05,om11_3,CJM,tun44,C
2047,110,1.01484802744375e-05,om11_3,CJM,tun44,C
2048,110,1.01307825174043e-05,om11_3,CJM,tun44,C
2049,110,1.01461112131106e-05,om11_3,CJM,tun44,C
2050,110,1.01374515232341e-05,om11_3,CJM,tun44,C
2025,151,1385.8907626811,om11_3,CJM,tun44,C
2026,151,1112.64314075619,om11_3,CJM,tun44,C
2027,151,899.1590433008,om11_3,CJM,tun44,C
2028,151,718.591617530503,om11_3,CJM,tun44,C
2029,151,586.729237511564,om11_3,CJM,tun44,C
2030,151,654.056704352124,om11_3,CJM,tun44,C
2031,151,757.812893693412,om11_3,CJM,tun44,C
2032,151,862.02491810558,om11_3,CJM,tun44,C
2033,151,992.926606912757,om11_3,CJM,tun44,C
2034,151,1154.963055914,om11_3,CJM,tun44,C
2035,151,1298.11107251252,om11_3,CJM,tun44,C
2036,151,1533.4603516534,om11_3,CJM,tun44,C
2037,151,1747.36442111171,om11_3,CJM,tun44,C
2038,151,1947.2551753085,om11_3,CJM,tun44,C
2039,151,2336.16396266965,om11_3,CJM,tun44,C
2040,151,2624.33831976298,om11_3,CJM,tun44,C
2041,151,2632.06760631026,om11_3,CJM,tun44,C
2042,151,2415.9039134578,om11_3,CJM,tun44,C
2043,151,2131.76796159296,om11_3,CJM,tun44,C
2044,151,1720.79354870245,om11_3,CJM,tun44,C
2045,151,1443.44438902033,om11_3,CJM,tun44,C
2046,151,1110.44983462792,om11_3,CJM,tun44,C
2047,151,914.654674817724,om11_3,CJM,tun44,C
2048,151,738.720045797075,om11_3,CJM,tun44,C
2049,151,601.281261671226,om11_3,CJM,tun44,C
2050,151,1.0098201808468e-05,om11_3,CJM,tun44,C
2025,158,1385.8907626811,om11_3,CJM,tun44,C
2026,158,1108.88527140104,om11_3,CJM,tun44,C
2027,158,920.598208383726,om11_3,CJM,tun44,C
2028,158,728.343304798113,om11_3,CJM,tun44,C
2029,158,673.470052087973,om11_3,CJM,tun44,C
2030,158,767.686657490394,om11_3,CJM,tun44,C
2031,158,737.263669737479,om11_3,CJM,tun44,C
2032,158,863.166748924195,om11_3,CJM,tun44,C
2033,158,975.72499014226,om11_3,CJM,tun44,C
2034,158,1138.52339759285,om11_3,CJM,tun44,C
2035,158,1294.08743235989,om11_3,CJM,tun44,C
2036,158,1482.68921499987,om11_3,CJM,tun44,C
2037,158,1175.32980203999,om11_3,CJM,tun44,C
2038,158,956.068963485717,om11_3,CJM,tun44,C
2039,158,749.459041966586,om11_3,CJM,tun44,C
2040,158,594.876923958121,om11_3,CJM,tun44,C
2041,158,487.103454017585,om11_3,CJM,tun44,C
2042,158,393.842969723086,om11_3,CJM,tun44,C
2043,158,311.060021186016,om11_3,CJM,tun44,C
2044,158,307.707445702047,om11_3,CJM,tun44,C
2045,158,343.548268647163,om11_3,CJM,tun44,C
2046,158,357.94215889839,om11_3,CJM,tun44,C
2047,158,390.188283656462,om11_3,CJM,tun44,C
2048,158,458.63397864513,om11_3,CJM,tun44,C
2049,158,523.543871780455,om11_3,CJM,tun44,C
2050,158,617.145322001778,om11_3,CJM,tun44,C
2025,165,1385.8907626811,om11_3,CJM,tun44,C
2026,165,1121.94506267448,om11_3,CJM,tun44,C
2027,165,908.495067222443,om11_3,CJM,tun44,C
2028,165,880.840939659793,om11_3,CJM,tun44,C
2029,165,1017.77751726562,om11_3,CJM,tun44,C
2030,165,1136.2084312143,om11_3,CJM,tun44,C
2031,165,1312.00835426508,om11_3,CJM,tun44,C
2032,165,1522.70965651622,om11_3,CJM,tun44,C
2033,165,1733.98158117119,om11_3,CJM,tun44,C
2034,165,1786.97408073548,om11_3,CJM,tun44,C
2035,165,1690.09440805452,om11_3,CJM,tun44,C
2036,165,1638.24032613062,om11_3,CJM,tun44,C
2037,165,1742.48432975677,om11_3,CJM,tun44,C
2038,165,1826.37073570383,om11_3,CJM,tun44,C
2039,165,1852.22784005065,om11_3,CJM,tun44,C
2040,165,1686.67982495776,om11_3,CJM,tun44,C
2041,165,1552.8796720644,om11_3,CJM,tun44,C
2042,165,1275.62449845016,om11_3,CJM,tun44,C
2043,165,1023.54963792869,om11_3,CJM,tun44,C
2044,165,800.18894484143,om11_3,CJM,tun44,C
2045,165,651.179326550383,om11_3,CJM,tun44,C
2046,165,522.34051559916,om11_3,CJM,tun44,C
2047,165,403.962218635598,om11_3,CJM,tun44,C
2048,165,331.770505439224,om11_3,CJM,tun44,C
2049,165,358.607119515372,om11_3,CJM,tun44,C
2050,165,386.033956435302,om11_3,CJM,tun44,C
2025,177,1385.8907626811,om11_3,CJM,tun44,C
2026,177,1116.46584996457,om11_3,CJM,tun44,C
2027,177,911.952904699487,om11_3,CJM,tun44,C
2028,177,718.757683502785,om11_3,CJM,tun44,C
2029,177,677.775921230334,om11_3,CJM,tun44,C
2030,177,772.590485896175,om11_3,CJM,tun44,C
2031,177,910.663567315891,om11_3,CJM,tun44,C
2032,177,1026.01800951252,om11_3,CJM,tun44,C
2033,177,1182.15667535742,om11_3,CJM,tun44,C
2034,177,1370.97639548945,om11_3,CJM,tun44,C
2035,177,1540.19720169584,om11_3,CJM,tun44,C
2036,177,1616.57896785634,om11_3,CJM,tun44,C
2037,177,1621.38568725868,om11_3,CJM,tun44,C
2038,177,1332.24132046577,om11_3,CJM,tun44,C
2039,177,1126.88282378641,om11_3,CJM,tun44,C
2040,177,916.229414449178,om11_3,CJM,tun44,C
2041,177,721.601062088577,om11_3,CJM,tun44,C
2042,177,564.950976463666,om11_3,CJM,tun44,C
2043,177,453.754222096413,om11_3,CJM,tun44,C
2044,177,389.203144581271,om11_3,CJM,tun44,C
2045,177,385.660051087656,om11_3,CJM,tun44,C
2046,177,434.667038793843,om11_3,CJM,tun44,C
2047,177,504.795676347655,om11_3,CJM,tun44,C
2048,177,566.289445303021,om11_3,CJM,tun44,C
2049,177,450.663258126846,om11_3,CJM,tun44,C
2050,177,420.559210881828,om11_3,CJM,tun44,C
2025,186,1385.8907626811,om11_3,CJM,tun44,C
2026,186,1130.82325303258,om11_3,CJM,tun44,C
2027,186,896.311370550322,om11_3,CJM,tun44,C
2028,186,714.9653492121,om11_3,CJM,tun44,C
2029,186,624.96381541505,om11_3,CJM,tun44,C
2030,186,750.629261857425,om11_3,CJM,tun44,C
2031,186,841.565204750516,om11_3,CJM,tun44,C
2032,186,975.823668970704,om11_3,CJM,tun44,C
2033,186,1116.94742704125,om11_3,CJM,tun44,C
2034,186,1296.28164439206,om11_3,CJM,tun44,C
2035,186,1472.83786241263,om11_3,CJM,tun44,C
2036,186,1672.02392401251,om11_3,CJM,tun44,C
2037,186,1922.2731357546,om11_3,CJM,tun44,C
2038,186,2250.32187234734,om11_3,CJM,tun44,C
2039,186,2250.02744725312,om11_3,CJM,tun44,C
2040,186,2197.46735776273,om11_3,CJM,tun44,C
2041,186,2299.97458885504,om11_3,CJM,tun44,C
2042,186,2192.38298470745,om11_3,CJM,tun44,C
2043,186,2216.21751323511,om11_3,CJM,tun44,C
2044,186,2398.75092582454,om11_3,CJM,tun44,C
2045,186,2592.42346626241,om11_3,CJM,tun44,C
2046,186,2776.24594041545,om11_3,CJM,tun44,C
2047,186,2460.52693748307,om11_3,CJM,tun44,C
2048,186,2491.92501911162,om11_3,CJM,tun44,C
2049,186,2851.27914028359,om11_3,CJM,tun44,C
2050,186,2915.3737310763,om11_3,CJM,tun44,C
2025,246,1385.8907626811,om11_3,CJM,tun44,C
2026,246,1155.45633658536,om11_3,CJM,tun44,C
2027,246,889.885057584421,om11_3,CJM,tun44,C
2028,246,718.746613993486,om11_3,CJM,tun44,C
2029,246,813.374067895945,om11_3,CJM,tun44,C
2030,246,972.080820170913,om11_3,CJM,tun44,C
2031,246,1076.88883932346,om11_3,CJM,tun44,C
2032,246,1246.64418140328,om11_3,CJM,tun44,C
2033,246,1430.05399075322,om11_3,CJM,tun44,C
2034,246,1653.16036565053,om11_3,CJM,tun44,C
2035,246,1690.45727483342,om11_3,CJM,tun44,C
2036,246,1807.09743081556,om11_3,CJM,tun44,C
2037,246,1874.237383656,om11_3,CJM,tun44,C
2038,246,1634.40254540178,om11_3,CJM,tun44,C
2039,246,1340.21897535337,om11_3,CJM,tun44,C
2040,246,1067.31405365075,om11_3,CJM,tun44,C
2041,246,864.485787066117,om11_3,CJM,tun44,C
2042,246,823.158419153847,om11_3,CJM,tun44,C
2043,246,740.758192093596,om11_3,CJM,tun44,C
2044,246,591.877951280044,om11_3,CJM,tun44,C
2045,246,631.181485382014,om11_3,CJM,tun44,C
2046,246,733.716410589694,om11_3,CJM,tun44,C
2047,246,866.426636291072,om11_3,CJM,tun44,C
2048,246,963.903011911324,om11_3,CJM,tun44,C
2049,246,1127.54646407252,om11_3,CJM,tun44,C
2050,246,1320.99283842503,om11_3,CJM,tun44,C
2025,327,1385.8907626811,om11_3,CJM,tun44,C
2026,327,1143.78284283125,om11_3,CJM,tun44,C
2027,327,898.295054406099,om11_3,CJM,tun44,C
2028,327,720.05892170157,om11_3,CJM,tun44,C
2029,327,825.198738151041,om11_3,CJM,tun44,C
2030,327,949.538692700356,om11_3,CJM,tun44,C
2031,327,1106.58871772455,om11_3,CJM,tun44,C
2032,327,1263.98848946307,om11_3,CJM,tun44,C
2033,327,1420.22724009935,om11_3,CJM,tun44,C
2034,327,1675.52325141394,om11_3,CJM,tun44,C
2035,327,1882.6109644665,om11_3,CJM,tun44,C
2036,327,2209.35956622246,om11_3,CJM,tun44,C
2037,327,2513.32071071588,om11_3,CJM,tun44,C
2038,327,2897.26198892087,om11_3,CJM,tun44,C
2039,327,3320.64840938004,om11_3,CJM,tun44,C
2040,327,3874.89303397161,om11_3,CJM,tun44,C
2041,327,3516.15315031524,om11_3,CJM,tun44,C
2042,327,2078.64843287113,om11_3,CJM,tun44,C
2043,327,0.00035927571345811,om11_3,CJM,tun44,C
2044,327,1.00149648957783e-05,om11_3,CJM,tun44,C
2045,327,1.00485473333782e-05,om11_3,CJM,tun44,C
2046,327,1.00277955576862e-05,om11_3,CJM,tun44,C
2047,327,1.01011399653797e-05,om11_3,CJM,tun44,C
2048,327,1.00895287191042e-05,om11_3,CJM,tun44,C
2049,327,1.00984868856642e-05,om11_3,CJM,tun44,C
2050,327,1.00875247965207e-05,om11_3,CJM,tun44,C
2025,344,1385.8907626811,om11_3,CJM,tun44,C
2026,344,1151.61165100129,om11_3,CJM,tun44,C
2027,344,907.238982053606,om11_3,CJM,tun44,C
2028,344,1058.7885075402,om11_3,CJM,tun44,C
2029,344,1208.6775724989,om11_3,CJM,tun44,C
2030,344,1370.75933176098,om11_3,CJM,tun44,C
2031,344,1607.52457592717,om11_3,CJM,tun44,C
2032,344,1793.19225270216,om11_3,CJM,tun44,C
2033,344,1937.60698006619,om11_3,CJM,tun44,C
2034,344,2026.79726256169,om11_3,CJM,tun44,C
2035,344,2290.54102043271,om11_3,CJM,tun44,C
2036,344,2146.69982884721,om11_3,CJM,tun44,C
2037,344,2130.85726376307,om11_3,CJM,tun44,C
2038,344,2423.60393628417,om11_3,CJM,tun44,C
2039,344,2660.5481600062,om11_3,CJM,tun44,C
2040,344,2664.45101088134,om11_3,CJM,tun44,C
2041,344,2606.83229446112,om11_3,CJM,tun44,C
2042,344,2376.53677307033,om11_3,CJM,tun44,C
2043,344,2370.76613686355,om11_3,CJM,tun44,C
2044,344,2198.94227308986,om11_3,CJM,tun44,C
2045,344,2149.94524419658,om11_3,CJM,tun44,C
2046,344,1736.5178833409,om11_3,CJM,tun44,C
2047,344,1704.91403353492,om11_3,CJM,tun44,C
2048,344,1532.28608097031,om11_3,CJM,tun44,C
2049,344,1595.01276026789,om11_3,CJM,tun44,C
2050,344,1626.74057692171,om11_3,CJM,tun44,C
2025,348,1385.8907626811,om11_3,CJM,tun44,C
2026,348,1145.85007103061,om11_3,CJM,tun44,C
2027,348,916.777505228095,om11_3,CJM,tun44,C
2028,348,712.703626383065,om11_3,CJM,tun44,C
2029,348,679.724293489578,om11_3,CJM,tun44,C
2030,348,770.393962642531,om11_3,CJM,tun44,C
2031,348,896.01601480034,om11_3,CJM,tun44,C
2032,348,905.87123209697,om11_3,CJM,tun44,C
2033,348,1026.13501116677,om11_3,CJM,tun44,C
2034,348,1158.29238779655,om11_3,CJM,tun44,C
2035,348,1315.75326220535,om11_3,CJM,tun44,C
2036,348,1506.0866847186,om11_3,CJM,tun44,C
2037,348,1659.42171325392,om11_3,CJM,tun44,C
2038,348,1326.62364330266,om11_3,CJM,tun44,C
2039,348,1084.99791015675,om11_3,CJM,tun44,C
2040,348,870.056697008584,om11_3,CJM,tun44,C
2041,348,687.39313036286,om11_3,CJM,tun44,C
2042,348,540.923578102995,om11_3,CJM,tun44,C
2043,348,427.086492395795,om11_3,CJM,tun44,C
2044,348,342.01840042547,om11_3,CJM,tun44,C
2045,348,284.459845051461,om11_3,CJM,tun44,C
2046,348,275.715392980217,om11_3,CJM,tun44,C
2047,348,274.200883374297,om11_3,CJM,tun44,C
2048,348,278.981325699946,om11_3,CJM,tun44,C
2049,348,288.694880820965,om11_3,CJM,tun44,C
2050,348,336.123538758186,om11_3,CJM,tun44,C
2025,367,1385.8907626811,om11_3,CJM,tun44,C
2026,367,1155.54784053757,om11_3,CJM,tun44,C
2027,367,901.559766356474,om11_3,CJM,tun44,C
2028,367,843.997253699763,om11_3,CJM,tun44,C
2029,367,1010.29932986062,om11_3,CJM,tun44,C
2030,367,1120.75308822353,om11_3,CJM,tun44,C
2031,367,1301.43530848961,om11_3,CJM,tun44,C
2032,367,1543.20484560678,om11_3,CJM,tun44,C
2033,367,1238.32996227058,om11_3,CJM,tun44,C
2034,367,985.223317888573,om11_3,CJM,tun44,C
2035,367,815.050550382846,om11_3,CJM,tun44,C
2036,367,766.951524509399,om11_3,CJM,tun44,C
2037,367,751.879411076248,om11_3,CJM,tun44,C
2038,367,894.03698767051,om11_3,CJM,tun44,C
2039,367,991.978651521551,om11_3,CJM,tun44,C
2040,367,1159.43080755331,om11_3,CJM,tun44,C
2041,367,1301.84431352235,om11_3,CJM,tun44,C
2042,367,1534.56472958894,om11_3,CJM,tun44,C
2043,367,1750.51554876982,om11_3,CJM,tun44,C
2044,367,1995.78204417131,om11_3,CJM,tun44,C
2045,367,2260.01438458651,om11_3,CJM,tun44,C
2046,367,2648.3469006315,om11_3,CJM,tun44,C
2047,367,3035.99779305373,om11_3,CJM,tun44,C
2048,367,3266.35186851822,om11_3,CJM,tun44,C
2049,367,3154.83332364915,om11_3,CJM,tun44,C
2050,367,2982.83269151254,om11_3,CJM,tun44,C
2025,397,1385.8907626811,om11_3,CJM,tun44,C
2026,397,1147.32733645958,om11_3,CJM,tun44,C
2027,397,903.073711692679,om11_3,CJM,tun44,C
2028,397,708.586154189606,om11_3,CJM,tun44,C
2029,397,839.553864355411,om11_3,CJM,tun44,C
2030,397,944.366474614907,om11_3,CJM,tun44,C
2031,397,1086.27605331006,om11_3,CJM,tun44,C
2032,397,1207.13458774057,om11_3,CJM,tun44,C
2033,397,1159.1144257577,om11_3,CJM,tun44,C
2034,397,1379.03145021856,om11_3,CJM,tun44,C
2035,397,1557.39925782664,om11_3,CJM,tun44,C
2036,397,1739.81318415356,om11_3,CJM,tun44,C
2037,397,1985.19398452352,om11_3,CJM,tun44,C
2038,397,1903.4392539006,om11_3,CJM,tun44,C
2039,397,1798.73581090407,om11_3,CJM,tun44,C
2040,397,2042.02234420096,om11_3,CJM,tun44,C
2041,397,1937.58655407625,om11_3,CJM,tun44,C
2042,397,2049.09091732387,om11_3,CJM,tun44,C
2043,397,1695.60713354242,om11_3,CJM,tun44,C
2044,397,1244.43144565364,om11_3,CJM,tun44,C
2045,397,1.00998719444542e-05,om11_3,CJM,tun44,C
2046,397,1.01737789326882e-05,om11_3,CJM,tun44,C
2047,397,1.01737395760215e-05,om11_3,CJM,tun44,C
2048,397,1.01643690361591e-05,om11_3,CJM,tun44,C
2049,397,1.01726364333075e-05,om11_3,CJM,tun44,C
2050,397,1.01760360913371e-05,om11_3,CJM,tun44,C
2025,498,1385.8907626811,om11_3,CJM,tun44,C
2026,498,1139.94114627906,om11_3,CJM,tun44,C
2027,498,898.447104332051,om11_3,CJM,tun44,C
2028,498,726.902920052185,om11_3,CJM,tun44,C
2029,498,624.830775068941,om11_3,CJM,tun44,C
2030,498,696.573911155269,om11_3,CJM,tun44,C
2031,498,627.669414381615,om11_3,CJM,tun44,C
2032,498,547.169925700698,om11_3,CJM,tun44,C
2033,498,634.566521110834,om11_3,CJM,tun44,C
2034,498,712.891624290031,om11_3,CJM,tun44,C
2035,498,821.345371537174,om11_3,CJM,tun44,C
2036,498,932.209826015899,om11_3,CJM,tun44,C
2037,498,1101.07802222672,om11_3,CJM,tun44,C
2038,498,1260.73696013298,om11_3,CJM,tun44,C
2039,498,1473.52605213119,om11_3,CJM,tun44,C
2040,498,1668.24028800858,om11_3,CJM,tun44,C
2041,498,1877.50048742446,om11_3,CJM,tun44,C
2042,498,1930.19101402422,om11_3,CJM,tun44,C
2043,498,1966.60521147176,om11_3,CJM,tun44,C
2044,498,1848.67982015776,om11_3,CJM,tun44,C
2045,498,1672.71267110674,om11_3,CJM,tun44,C
2046,498,1351.36422352851,om11_3,CJM,tun44,C
2047,498,1100.69915495915,om11_3,CJM,tun44,C
2048,498,864.270514278322,om11_3,CJM,tun44,C
2049,498,711.140489629818,om11_3,CJM,tun44,C
2050,498,805.414282304357,om11_3,CJM,tun44,C
