mp,statistic,metric,raw_value,preferred_direction,include,weight,years,summary,om_code,om_label,component,n_iter
HS+20 (MP29),SBMSY,SB / SB[MSY],1.51678317188188,higher is better,FALSE,1,2041-2050,Median across iteration-specific 2041-2050 means,om11,Reference (om11),CJM,500
HS-20 (MP43),SBMSY,SB / SB[MSY],1.47262518182246,higher is better,FALSE,1,2041-2050,Median across iteration-specific 2041-2050 means,om11,Reference (om11),CJM,500
HSsym (MP45),SBMSY,SB / SB[MSY],1.49020376631955,higher is better,FALSE,1,2041-2050,Median across iteration-specific 2041-2050 means,om11,Reference (om11),CJM,500
HS-30 (MP47),SBMSY,SB / SB[MSY],1.49237307485411,higher is better,FALSE,1,2041-2050,Median across iteration-specific 2041-2050 means,om11,Reference (om11),CJM,500
PR+20 (MP32),SBMSY,SB / SB[MSY],1.45313761182676,higher is better,FALSE,1,2041-2050,Median across iteration-specific 2041-2050 means,om11,Reference (om11),CJM,500
PR-20 (MP44),SBMSY,SB / SB[MSY],1.47147369503474,higher is better,FALSE,1,2041-2050,Median across iteration-specific 2041-2050 means,om11,Reference (om11),CJM,500
PRsym (MP46),SBMSY,SB / SB[MSY],1.4629970092257,higher is better,FALSE,1,2041-2050,Median across iteration-specific 2041-2050 means,om11,Reference (om11),CJM,500
PR-30 (MP48),SBMSY,SB / SB[MSY],1.45060361138065,higher is better,FALSE,1,2041-2050,Median across iteration-specific 2041-2050 means,om11,Reference (om11),CJM,500
HS+20 (MP29),FMSY,F / F[MSY],0.852995166476652,lower is better,FALSE,1,2041-2050,Median across iteration-specific 2041-2050 means,om11,Reference (om11),CJM,500
HS-20 (MP43),FMSY,F / F[MSY],0.899896924605787,lower is better,FALSE,1,2041-2050,Median across iteration-specific 2041-2050 means,om11,Reference (om11),CJM,500
HSsym (MP45),FMSY,F / F[MSY],0.864687974210474,lower is better,FALSE,1,2041-2050,Median across iteration-specific 2041-2050 means,om11,Reference (om11),CJM,500
HS-30 (MP47),FMSY,F / F[MSY],0.885917457677776,lower is better,FALSE,1,2041-2050,Median across iteration-specific 2041-2050 means,om11,Reference (om11),CJM,500
PR+20 (MP32),FMSY,F / F[MSY],0.899905410986797,lower is better,FALSE,1,2041-2050,Median across iteration-specific 2041-2050 means,om11,Reference (om11),CJM,500
PR-20 (MP44),FMSY,F / F[MSY],0.902072836237866,lower is better,FALSE,1,2041-2050,Median across iteration-specific 2041-2050 means,om11,Reference (om11),CJM,500
PRsym (MP46),FMSY,F / F[MSY],0.895171012584641,lower is better,FALSE,1,2041-2050,Median across iteration-specific 2041-2050 means,om11,Reference (om11),CJM,500
PR-30 (MP48),FMSY,F / F[MSY],0.886511060324188,lower is better,FALSE,1,2041-2050,Median across iteration-specific 2041-2050 means,om11,Reference (om11),CJM,500
HS+20 (MP29),C,Catch,1894.66571853511,higher is better,TRUE,1,2041-2050,Median across iteration-specific 2041-2050 means,om11,Reference (om11),CJM,500
HS-20 (MP43),C,Catch,1904.77982369591,higher is better,TRUE,1,2041-2050,Median across iteration-specific 2041-2050 means,om11,Reference (om11),CJM,500
HSsym (MP45),C,Catch,1902.54937963254,higher is better,TRUE,1,2041-2050,Median across iteration-specific 2041-2050 means,om11,Reference (om11),CJM,500
HS-30 (MP47),C,Catch,1904.41501969218,higher is better,TRUE,1,2041-2050,Median across iteration-specific 2041-2050 means,om11,Reference (om11),CJM,500
PR+20 (MP32),C,Catch,1898.80508827676,higher is better,TRUE,1,2041-2050,Median across iteration-specific 2041-2050 means,om11,Reference (om11),CJM,500
PR-20 (MP44),C,Catch,1963.72768570653,higher is better,TRUE,1,2041-2050,Median across iteration-specific 2041-2050 means,om11,Reference (om11),CJM,500
PRsym (MP46),C,Catch,1940.82546125544,higher is better,TRUE,1,2041-2050,Median across iteration-specific 2041-2050 means,om11,Reference (om11),CJM,500
PR-30 (MP48),C,Catch,1877.72825605893,higher is better,TRUE,1,2041-2050,Median across iteration-specific 2041-2050 means,om11,Reference (om11),CJM,500
HS+20 (MP29),IACC,IACC,3.48211570840829,lower is better,TRUE,1,2041-2050,Median across iteration-specific 2041-2050 means,om11,Reference (om11),CJM,500
HS-20 (MP43),IACC,IACC,3.49955563884474,lower is better,TRUE,1,2041-2050,Median across iteration-specific 2041-2050 means,om11,Reference (om11),CJM,500
HSsym (MP45),IACC,IACC,3.26995301199252,lower is better,TRUE,1,2041-2050,Median across iteration-specific 2041-2050 means,om11,Reference (om11),CJM,500
HS-30 (MP47),IACC,IACC,3.93423935716901,lower is better,TRUE,1,2041-2050,Median across iteration-specific 2041-2050 means,om11,Reference (om11),CJM,500
PR+20 (MP32),IACC,IACC,9.68833918307611,lower is better,TRUE,1,2041-2050,Median across iteration-specific 2041-2050 means,om11,Reference (om11),CJM,500
PR-20 (MP44),IACC,IACC,10.1863220301742,lower is better,TRUE,1,2041-2050,Median across iteration-specific 2041-2050 means,om11,Reference (om11),CJM,500
PRsym (MP46),IACC,IACC,9.66955451790976,lower is better,TRUE,1,2041-2050,Median across iteration-specific 2041-2050 means,om11,Reference (om11),CJM,500
PR-30 (MP48),IACC,IACC,10.4712614188724,lower is better,TRUE,1,2041-2050,Median across iteration-specific 2041-2050 means,om11,Reference (om11),CJM,500
HS+20 (MP29),VB2025,VB / VB[2025],4.78859506768834,higher is better,FALSE,1,2041-2050,Median across iteration-specific 2041-2050 means,om11,Reference (om11),CJM,500
HS-20 (MP43),VB2025,VB / VB[2025],4.6280451318954,higher is better,FALSE,1,2041-2050,Median across iteration-specific 2041-2050 means,om11,Reference (om11),CJM,500
HSsym (MP45),VB2025,VB / VB[2025],4.8137255090581,higher is better,FALSE,1,2041-2050,Median across iteration-specific 2041-2050 means,om11,Reference (om11),CJM,500
HS-30 (MP47),VB2025,VB / VB[2025],4.68641110295119,higher is better,FALSE,1,2041-2050,Median across iteration-specific 2041-2050 means,om11,Reference (om11),CJM,500
PR+20 (MP32),VB2025,VB / VB[2025],4.76976770780754,higher is better,FALSE,1,2041-2050,Median across iteration-specific 2041-2050 means,om11,Reference (om11),CJM,500
PR-20 (MP44),VB2025,VB / VB[2025],4.88840245746072,higher is better,FALSE,1,2041-2050,Median across iteration-specific 2041-2050 means,om11,Reference (om11),CJM,500
PRsym (MP46),VB2025,VB / VB[2025],4.95395182332869,higher is better,FALSE,1,2041-2050,Median across iteration-specific 2041-2050 means,om11,Reference (om11),CJM,500
PR-30 (MP48),VB2025,VB / VB[2025],4.69162238748271,higher is better,FALSE,1,2041-2050,Median across iteration-specific 2041-2050 means,om11,Reference (om11),CJM,500
HS+20 (MP29),VBMSY,VB / VB[MSY],0.802133759196333,higher is better,FALSE,1,2041-2050,Median across iteration-specific 2041-2050 means,om11,Reference (om11),CJM,500
HS-20 (MP43),VBMSY,VB / VB[MSY],0.75965763874634,higher is better,FALSE,1,2041-2050,Median across iteration-specific 2041-2050 means,om11,Reference (om11),CJM,500
HSsym (MP45),VBMSY,VB / VB[MSY],0.793304632742685,higher is better,FALSE,1,2041-2050,Median across iteration-specific 2041-2050 means,om11,Reference (om11),CJM,500
HS-30 (MP47),VBMSY,VB / VB[MSY],0.776272354491232,higher is better,FALSE,1,2041-2050,Median across iteration-specific 2041-2050 means,om11,Reference (om11),CJM,500
PR+20 (MP32),VBMSY,VB / VB[MSY],0.785442851395198,higher is better,FALSE,1,2041-2050,Median across iteration-specific 2041-2050 means,om11,Reference (om11),CJM,500
PR-20 (MP44),VBMSY,VB / VB[MSY],0.815213380535892,higher is better,FALSE,1,2041-2050,Median across iteration-specific 2041-2050 means,om11,Reference (om11),CJM,500
PRsym (MP46),VBMSY,VB / VB[MSY],0.800348962847574,higher is better,FALSE,1,2041-2050,Median across iteration-specific 2041-2050 means,om11,Reference (om11),CJM,500
PR-30 (MP48),VBMSY,VB / VB[MSY],0.787373105831448,higher is better,FALSE,1,2041-2050,Median across iteration-specific 2041-2050 means,om11,Reference (om11),CJM,500
HS+20 (MP29),SB0red,P(Kobe red),0.2818,lower is better,FALSE,1,2041-2050,Proportion across all 2041-2050 iteration-years,om11,Reference (om11),CJM,500
PR+20 (MP32),SB0red,P(Kobe red),0.272,lower is better,FALSE,1,2041-2050,Proportion across all 2041-2050 iteration-years,om11,Reference (om11),CJM,500
HS-20 (MP43),SB0red,P(Kobe red),0.2998,lower is better,FALSE,1,2041-2050,Proportion across all 2041-2050 iteration-years,om11,Reference (om11),CJM,500
PR-20 (MP44),SB0red,P(Kobe red),0.2592,lower is better,FALSE,1,2041-2050,Proportion across all 2041-2050 iteration-years,om11,Reference (om11),CJM,500
HSsym (MP45),SB0red,P(Kobe red),0.2874,lower is better,FALSE,1,2041-2050,Proportion across all 2041-2050 iteration-years,om11,Reference (om11),CJM,500
PRsym (MP46),SB0red,P(Kobe red),0.275,lower is better,FALSE,1,2041-2050,Proportion across all 2041-2050 iteration-years,om11,Reference (om11),CJM,500
HS-30 (MP47),SB0red,P(Kobe red),0.285,lower is better,FALSE,1,2041-2050,Proportion across all 2041-2050 iteration-years,om11,Reference (om11),CJM,500
PR-30 (MP48),SB0red,P(Kobe red),0.238,lower is better,FALSE,1,2041-2050,Proportion across all 2041-2050 iteration-years,om11,Reference (om11),CJM,500
HS+20 (MP29),PC270,P(catch < 270 kt),0.0412,lower is better,TRUE,1,2041-2050,Proportion of 2041-2050 iteration-years with catch below 270 kt,om11,Reference (om11),CJM,500
HS-20 (MP43),PC270,P(catch < 270 kt),0.0468,lower is better,TRUE,1,2041-2050,Proportion of 2041-2050 iteration-years with catch below 270 kt,om11,Reference (om11),CJM,500
HSsym (MP45),PC270,P(catch < 270 kt),0.0522,lower is better,TRUE,1,2041-2050,Proportion of 2041-2050 iteration-years with catch below 270 kt,om11,Reference (om11),CJM,500
HS-30 (MP47),PC270,P(catch < 270 kt),0.0348,lower is better,TRUE,1,2041-2050,Proportion of 2041-2050 iteration-years with catch below 270 kt,om11,Reference (om11),CJM,500
PR+20 (MP32),PC270,P(catch < 270 kt),0.0434,lower is better,TRUE,1,2041-2050,Proportion of 2041-2050 iteration-years with catch below 270 kt,om11,Reference (om11),CJM,500
PR-20 (MP44),PC270,P(catch < 270 kt),0.0388,lower is better,TRUE,1,2041-2050,Proportion of 2041-2050 iteration-years with catch below 270 kt,om11,Reference (om11),CJM,500
PRsym (MP46),PC270,P(catch < 270 kt),0.0444,lower is better,TRUE,1,2041-2050,Proportion of 2041-2050 iteration-years with catch below 270 kt,om11,Reference (om11),CJM,500
PR-30 (MP48),PC270,P(catch < 270 kt),0.0294,lower is better,TRUE,1,2041-2050,Proportion of 2041-2050 iteration-years with catch below 270 kt,om11,Reference (om11),CJM,500
HS+20 (MP29),Creduction,Mean catch reduction,2.25699315259484,lower is better,FALSE,1,2041-2050,Median across iteration-specific 2026-2050 mean reductions,om11,Reference (om11),CJM,500
PR+20 (MP32),Creduction,Mean catch reduction,4.69480480408109,lower is better,FALSE,1,2041-2050,Median across iteration-specific 2026-2050 mean reductions,om11,Reference (om11),CJM,500
HS-20 (MP43),Creduction,Mean catch reduction,2.21435130338251,lower is better,FALSE,1,2041-2050,Median across iteration-specific 2026-2050 mean reductions,om11,Reference (om11),CJM,500
PR-20 (MP44),Creduction,Mean catch reduction,4.68069679547602,lower is better,FALSE,1,2041-2050,Median across iteration-specific 2026-2050 mean reductions,om11,Reference (om11),CJM,500
HSsym (MP45),Creduction,Mean catch reduction,2.09767507138905,lower is better,FALSE,1,2041-2050,Median across iteration-specific 2026-2050 mean reductions,om11,Reference (om11),CJM,500
PRsym (MP46),Creduction,Mean catch reduction,4.46960823403602,lower is better,FALSE,1,2041-2050,Median across iteration-specific 2026-2050 mean reductions,om11,Reference (om11),CJM,500
HS-30 (MP47),Creduction,Mean catch reduction,2.33450309713878,lower is better,FALSE,1,2041-2050,Median across iteration-specific 2026-2050 mean reductions,om11,Reference (om11),CJM,500
PR-30 (MP48),Creduction,Mean catch reduction,4.90461896654535,lower is better,FALSE,1,2041-2050,Median across iteration-specific 2026-2050 mean reductions,om11,Reference (om11),CJM,500
HS+20 (MP29),CatchDrop20,Advice reductions >19% (%),0,lower is better,TRUE,1,2027-2050 (advice comparisons 2026-2049),Proportion across all valid consecutive saved HCR-advice comparisons and all iterations; advice falls strictly more than 19%; no biomass or near-20% exclusions; first saved advice has no predecessor,om11,Reference (om11),CJM,500
HS-20 (MP43),CatchDrop20,Advice reductions >19% (%),0.0634166666666667,lower is better,TRUE,1,2027-2050 (advice comparisons 2026-2049),Proportion across all valid consecutive saved HCR-advice comparisons and all iterations; advice falls strictly more than 19%; no biomass or near-20% exclusions; first saved advice has no predecessor,om11,Reference (om11),CJM,500
HSsym (MP45),CatchDrop20,Advice reductions >19% (%),0,lower is better,TRUE,1,2027-2050 (advice comparisons 2026-2049),Proportion across all valid consecutive saved HCR-advice comparisons and all iterations; advice falls strictly more than 19%; no biomass or near-20% exclusions; first saved advice has no predecessor,om11,Reference (om11),CJM,500
HS-30 (MP47),CatchDrop20,Advice reductions >19% (%),0.0480833333333333,lower is better,TRUE,1,2027-2050 (advice comparisons 2026-2049),Proportion across all valid consecutive saved HCR-advice comparisons and all iterations; advice falls strictly more than 19%; no biomass or near-20% exclusions; first saved advice has no predecessor,om11,Reference (om11),CJM,500
PR+20 (MP32),CatchDrop20,Advice reductions >19% (%),0,lower is better,TRUE,1,2027-2050 (advice comparisons 2026-2049),Proportion across all valid consecutive saved HCR-advice comparisons and all iterations; advice falls strictly more than 19%; no biomass or near-20% exclusions; first saved advice has no predecessor,om11,Reference (om11),CJM,500
PR-20 (MP44),CatchDrop20,Advice reductions >19% (%),0.172916666666667,lower is better,TRUE,1,2027-2050 (advice comparisons 2026-2049),Proportion across all valid consecutive saved HCR-advice comparisons and all iterations; advice falls strictly more than 19%; no biomass or near-20% exclusions; first saved advice has no predecessor,om11,Reference (om11),CJM,500
PRsym (MP46),CatchDrop20,Advice reductions >19% (%),0,lower is better,TRUE,1,2027-2050 (advice comparisons 2026-2049),Proportion across all valid consecutive saved HCR-advice comparisons and all iterations; advice falls strictly more than 19%; no biomass or near-20% exclusions; first saved advice has no predecessor,om11,Reference (om11),CJM,500
PR-30 (MP48),CatchDrop20,Advice reductions >19% (%),0.132666666666667,lower is better,TRUE,1,2027-2050 (advice comparisons 2026-2049),Proportion across all valid consecutive saved HCR-advice comparisons and all iterations; advice falls strictly more than 19%; no biomass or near-20% exclusions; first saved advice has no predecessor,om11,Reference (om11),CJM,500
HS+20 (MP29),SSBbelow8dB0,SSB <8% dynamic B0 (%),0.0644,lower is better,TRUE,1,2041-2050,Proportion of valid 2041-2050 iteration-years with SSB strictly below 8% of dynamic unfished SSB (previous Blim),om11,Reference (om11),CJM,500
HS-20 (MP43),SSBbelow8dB0,SSB <8% dynamic B0 (%),0.0704,lower is better,TRUE,1,2041-2050,Proportion of valid 2041-2050 iteration-years with SSB strictly below 8% of dynamic unfished SSB (previous Blim),om11,Reference (om11),CJM,500
HSsym (MP45),SSBbelow8dB0,SSB <8% dynamic B0 (%),0.076,lower is better,TRUE,1,2041-2050,Proportion of valid 2041-2050 iteration-years with SSB strictly below 8% of dynamic unfished SSB (previous Blim),om11,Reference (om11),CJM,500
HS-30 (MP47),SSBbelow8dB0,SSB <8% dynamic B0 (%),0.0452,lower is better,TRUE,1,2041-2050,Proportion of valid 2041-2050 iteration-years with SSB strictly below 8% of dynamic unfished SSB (previous Blim),om11,Reference (om11),CJM,500
PR+20 (MP32),SSBbelow8dB0,SSB <8% dynamic B0 (%),0.0624,lower is better,TRUE,1,2041-2050,Proportion of valid 2041-2050 iteration-years with SSB strictly below 8% of dynamic unfished SSB (previous Blim),om11,Reference (om11),CJM,500
PR-20 (MP44),SSBbelow8dB0,SSB <8% dynamic B0 (%),0.0578,lower is better,TRUE,1,2041-2050,Proportion of valid 2041-2050 iteration-years with SSB strictly below 8% of dynamic unfished SSB (previous Blim),om11,Reference (om11),CJM,500
PRsym (MP46),SSBbelow8dB0,SSB <8% dynamic B0 (%),0.0658,lower is better,TRUE,1,2041-2050,Proportion of valid 2041-2050 iteration-years with SSB strictly below 8% of dynamic unfished SSB (previous Blim),om11,Reference (om11),CJM,500
PR-30 (MP48),SSBbelow8dB0,SSB <8% dynamic B0 (%),0.0456,lower is better,TRUE,1,2041-2050,Proportion of valid 2041-2050 iteration-years with SSB strictly below 8% of dynamic unfished SSB (previous Blim),om11,Reference (om11),CJM,500
HS+20 (MP29),C,Catch,1492.88207436979,higher is better,TRUE,1,2041-2050,Median across iteration-specific 2041-2050 means,om11_2,Recruitment crash (om11_2),CJM,500
HS-20 (MP43),C,Catch,1429.42784096699,higher is better,TRUE,1,2041-2050,Median across iteration-specific 2041-2050 means,om11_2,Recruitment crash (om11_2),CJM,500
HSsym (MP45),C,Catch,1455.52104136795,higher is better,TRUE,1,2041-2050,Median across iteration-specific 2041-2050 means,om11_2,Recruitment crash (om11_2),CJM,500
HS-30 (MP47),C,Catch,1458.32591051179,higher is better,TRUE,1,2041-2050,Median across iteration-specific 2041-2050 means,om11_2,Recruitment crash (om11_2),CJM,500
PR+20 (MP32),C,Catch,1414.58748097687,higher is better,TRUE,1,2041-2050,Median across iteration-specific 2041-2050 means,om11_2,Recruitment crash (om11_2),CJM,500
PR-20 (MP44),C,Catch,1417.98426503494,higher is better,TRUE,1,2041-2050,Median across iteration-specific 2041-2050 means,om11_2,Recruitment crash (om11_2),CJM,500
PRsym (MP46),C,Catch,1459.31244685957,higher is better,TRUE,1,2041-2050,Median across iteration-specific 2041-2050 means,om11_2,Recruitment crash (om11_2),CJM,500
PR-30 (MP48),C,Catch,1306.61567806087,higher is better,TRUE,1,2041-2050,Median across iteration-specific 2041-2050 means,om11_2,Recruitment crash (om11_2),CJM,500
HS+20 (MP29),CatchDrop20,Advice reductions >19% (%),0,lower is better,TRUE,1,2027-2050 (advice comparisons 2026-2049),Proportion across all valid consecutive saved HCR-advice comparisons and all iterations; advice falls strictly more than 19%; no biomass or near-20% exclusions; first saved advice has no predecessor,om11_2,Recruitment crash (om11_2),CJM,500
HS-20 (MP43),CatchDrop20,Advice reductions >19% (%),0.0814166666666667,lower is better,TRUE,1,2027-2050 (advice comparisons 2026-2049),Proportion across all valid consecutive saved HCR-advice comparisons and all iterations; advice falls strictly more than 19%; no biomass or near-20% exclusions; first saved advice has no predecessor,om11_2,Recruitment crash (om11_2),CJM,500
HSsym (MP45),CatchDrop20,Advice reductions >19% (%),0,lower is better,TRUE,1,2027-2050 (advice comparisons 2026-2049),Proportion across all valid consecutive saved HCR-advice comparisons and all iterations; advice falls strictly more than 19%; no biomass or near-20% exclusions; first saved advice has no predecessor,om11_2,Recruitment crash (om11_2),CJM,500
HS-30 (MP47),CatchDrop20,Advice reductions >19% (%),0.0585,lower is better,TRUE,1,2027-2050 (advice comparisons 2026-2049),Proportion across all valid consecutive saved HCR-advice comparisons and all iterations; advice falls strictly more than 19%; no biomass or near-20% exclusions; first saved advice has no predecessor,om11_2,Recruitment crash (om11_2),CJM,500
PR+20 (MP32),CatchDrop20,Advice reductions >19% (%),0,lower is better,TRUE,1,2027-2050 (advice comparisons 2026-2049),Proportion across all valid consecutive saved HCR-advice comparisons and all iterations; advice falls strictly more than 19%; no biomass or near-20% exclusions; first saved advice has no predecessor,om11_2,Recruitment crash (om11_2),CJM,500
PR-20 (MP44),CatchDrop20,Advice reductions >19% (%),0.203916666666667,lower is better,TRUE,1,2027-2050 (advice comparisons 2026-2049),Proportion across all valid consecutive saved HCR-advice comparisons and all iterations; advice falls strictly more than 19%; no biomass or near-20% exclusions; first saved advice has no predecessor,om11_2,Recruitment crash (om11_2),CJM,500
PRsym (MP46),CatchDrop20,Advice reductions >19% (%),0,lower is better,TRUE,1,2027-2050 (advice comparisons 2026-2049),Proportion across all valid consecutive saved HCR-advice comparisons and all iterations; advice falls strictly more than 19%; no biomass or near-20% exclusions; first saved advice has no predecessor,om11_2,Recruitment crash (om11_2),CJM,500
PR-30 (MP48),CatchDrop20,Advice reductions >19% (%),0.156083333333333,lower is better,TRUE,1,2027-2050 (advice comparisons 2026-2049),Proportion across all valid consecutive saved HCR-advice comparisons and all iterations; advice falls strictly more than 19%; no biomass or near-20% exclusions; first saved advice has no predecessor,om11_2,Recruitment crash (om11_2),CJM,500
HS+20 (MP29),Creduction,Mean catch reduction,3.7615925522402,lower is better,FALSE,1,2041-2050,Median across iteration-specific 2026-2050 mean reductions,om11_2,Recruitment crash (om11_2),CJM,500
PR+20 (MP32),Creduction,Mean catch reduction,5.57349194167624,lower is better,FALSE,1,2041-2050,Median across iteration-specific 2026-2050 mean reductions,om11_2,Recruitment crash (om11_2),CJM,500
HS-20 (MP43),Creduction,Mean catch reduction,3.83834411891147,lower is better,FALSE,1,2041-2050,Median across iteration-specific 2026-2050 mean reductions,om11_2,Recruitment crash (om11_2),CJM,500
PR-20 (MP44),Creduction,Mean catch reduction,5.68143981479545,lower is better,FALSE,1,2041-2050,Median across iteration-specific 2026-2050 mean reductions,om11_2,Recruitment crash (om11_2),CJM,500
HSsym (MP45),Creduction,Mean catch reduction,3.63108469602168,lower is better,FALSE,1,2041-2050,Median across iteration-specific 2026-2050 mean reductions,om11_2,Recruitment crash (om11_2),CJM,500
PRsym (MP46),Creduction,Mean catch reduction,5.33323071560507,lower is better,FALSE,1,2041-2050,Median across iteration-specific 2026-2050 mean reductions,om11_2,Recruitment crash (om11_2),CJM,500
HS-30 (MP47),Creduction,Mean catch reduction,3.93843111475111,lower is better,FALSE,1,2041-2050,Median across iteration-specific 2026-2050 mean reductions,om11_2,Recruitment crash (om11_2),CJM,500
PR-30 (MP48),Creduction,Mean catch reduction,6.21903496576054,lower is better,FALSE,1,2041-2050,Median across iteration-specific 2026-2050 mean reductions,om11_2,Recruitment crash (om11_2),CJM,500
HS+20 (MP29),FMSY,F / F[MSY],1.14557858509647,lower is better,FALSE,1,2041-2050,Median across iteration-specific 2041-2050 means,om11_2,Recruitment crash (om11_2),CJM,500
HS-20 (MP43),FMSY,F / F[MSY],1.18741389891028,lower is better,FALSE,1,2041-2050,Median across iteration-specific 2041-2050 means,om11_2,Recruitment crash (om11_2),CJM,500
HSsym (MP45),FMSY,F / F[MSY],1.1602401827061,lower is better,FALSE,1,2041-2050,Median across iteration-specific 2041-2050 means,om11_2,Recruitment crash (om11_2),CJM,500
HS-30 (MP47),FMSY,F / F[MSY],1.14853462454009,lower is better,FALSE,1,2041-2050,Median across iteration-specific 2041-2050 means,om11_2,Recruitment crash (om11_2),CJM,500
PR+20 (MP32),FMSY,F / F[MSY],0.916343332113742,lower is better,FALSE,1,2041-2050,Median across iteration-specific 2041-2050 means,om11_2,Recruitment crash (om11_2),CJM,500
PR-20 (MP44),FMSY,F / F[MSY],0.910753341228941,lower is better,FALSE,1,2041-2050,Median across iteration-specific 2041-2050 means,om11_2,Recruitment crash (om11_2),CJM,500
PRsym (MP46),FMSY,F / F[MSY],0.93314753948813,lower is better,FALSE,1,2041-2050,Median across iteration-specific 2041-2050 means,om11_2,Recruitment crash (om11_2),CJM,500
PR-30 (MP48),FMSY,F / F[MSY],0.847675296951873,lower is better,FALSE,1,2041-2050,Median across iteration-specific 2041-2050 means,om11_2,Recruitment crash (om11_2),CJM,500
HS+20 (MP29),IACC,IACC,8.87782336056823,lower is better,TRUE,1,2041-2050,Median across iteration-specific 2041-2050 means,om11_2,Recruitment crash (om11_2),CJM,500
HS-20 (MP43),IACC,IACC,8.94732256588016,lower is better,TRUE,1,2041-2050,Median across iteration-specific 2041-2050 means,om11_2,Recruitment crash (om11_2),CJM,500
HSsym (MP45),IACC,IACC,8.71991510680601,lower is better,TRUE,1,2041-2050,Median across iteration-specific 2041-2050 means,om11_2,Recruitment crash (om11_2),CJM,500
HS-30 (MP47),IACC,IACC,9.33575317894182,lower is better,TRUE,1,2041-2050,Median across iteration-specific 2041-2050 means,om11_2,Recruitment crash (om11_2),CJM,500
PR+20 (MP32),IACC,IACC,12.3925387184373,lower is better,TRUE,1,2041-2050,Median across iteration-specific 2041-2050 means,om11_2,Recruitment crash (om11_2),CJM,500
PR-20 (MP44),IACC,IACC,12.5949359662136,lower is better,TRUE,1,2041-2050,Median across iteration-specific 2041-2050 means,om11_2,Recruitment crash (om11_2),CJM,500
PRsym (MP46),IACC,IACC,11.5792552161862,lower is better,TRUE,1,2041-2050,Median across iteration-specific 2041-2050 means,om11_2,Recruitment crash (om11_2),CJM,500
PR-30 (MP48),IACC,IACC,14.3754660326408,lower is better,TRUE,1,2041-2050,Median across iteration-specific 2041-2050 means,om11_2,Recruitment crash (om11_2),CJM,500
HS+20 (MP29),PC270,P(catch < 270 kt),0.0692,lower is better,TRUE,1,2041-2050,Proportion of 2041-2050 iteration-years with catch below 270 kt,om11_2,Recruitment crash (om11_2),CJM,500
PR+20 (MP32),PC270,P(catch < 270 kt),0.0426,lower is better,TRUE,1,2041-2050,Proportion of 2041-2050 iteration-years with catch below 270 kt,om11_2,Recruitment crash (om11_2),CJM,500
HS-20 (MP43),PC270,P(catch < 270 kt),0.0646,lower is better,TRUE,1,2041-2050,Proportion of 2041-2050 iteration-years with catch below 270 kt,om11_2,Recruitment crash (om11_2),CJM,500
PR-20 (MP44),PC270,P(catch < 270 kt),0.029,lower is better,TRUE,1,2041-2050,Proportion of 2041-2050 iteration-years with catch below 270 kt,om11_2,Recruitment crash (om11_2),CJM,500
HSsym (MP45),PC270,P(catch < 270 kt),0.076,lower is better,TRUE,1,2041-2050,Proportion of 2041-2050 iteration-years with catch below 270 kt,om11_2,Recruitment crash (om11_2),CJM,500
PRsym (MP46),PC270,P(catch < 270 kt),0.0384,lower is better,TRUE,1,2041-2050,Proportion of 2041-2050 iteration-years with catch below 270 kt,om11_2,Recruitment crash (om11_2),CJM,500
HS-30 (MP47),PC270,P(catch < 270 kt),0.036,lower is better,TRUE,1,2041-2050,Proportion of 2041-2050 iteration-years with catch below 270 kt,om11_2,Recruitment crash (om11_2),CJM,500
PR-30 (MP48),PC270,P(catch < 270 kt),0.0144,lower is better,TRUE,1,2041-2050,Proportion of 2041-2050 iteration-years with catch below 270 kt,om11_2,Recruitment crash (om11_2),CJM,500
HS+20 (MP29),SB0red,P(Kobe red),0.3986,lower is better,FALSE,1,2041-2050,Proportion across all 2041-2050 iteration-years,om11_2,Recruitment crash (om11_2),CJM,500
PR+20 (MP32),SB0red,P(Kobe red),0.2996,lower is better,FALSE,1,2041-2050,Proportion across all 2041-2050 iteration-years,om11_2,Recruitment crash (om11_2),CJM,500
HS-20 (MP43),SB0red,P(Kobe red),0.4218,lower is better,FALSE,1,2041-2050,Proportion across all 2041-2050 iteration-years,om11_2,Recruitment crash (om11_2),CJM,500
PR-20 (MP44),SB0red,P(Kobe red),0.2702,lower is better,FALSE,1,2041-2050,Proportion across all 2041-2050 iteration-years,om11_2,Recruitment crash (om11_2),CJM,500
HSsym (MP45),SB0red,P(Kobe red),0.4064,lower is better,FALSE,1,2041-2050,Proportion across all 2041-2050 iteration-years,om11_2,Recruitment crash (om11_2),CJM,500
PRsym (MP46),SB0red,P(Kobe red),0.2992,lower is better,FALSE,1,2041-2050,Proportion across all 2041-2050 iteration-years,om11_2,Recruitment crash (om11_2),CJM,500
HS-30 (MP47),SB0red,P(Kobe red),0.3948,lower is better,FALSE,1,2041-2050,Proportion across all 2041-2050 iteration-years,om11_2,Recruitment crash (om11_2),CJM,500
PR-30 (MP48),SB0red,P(Kobe red),0.2264,lower is better,FALSE,1,2041-2050,Proportion across all 2041-2050 iteration-years,om11_2,Recruitment crash (om11_2),CJM,500
HS+20 (MP29),SBMSY,SB / SB[MSY],1.12610664711449,higher is better,FALSE,1,2041-2050,Median across iteration-specific 2041-2050 means,om11_2,Recruitment crash (om11_2),CJM,500
HS-20 (MP43),SBMSY,SB / SB[MSY],1.1063615279469,higher is better,FALSE,1,2041-2050,Median across iteration-specific 2041-2050 means,om11_2,Recruitment crash (om11_2),CJM,500
HSsym (MP45),SBMSY,SB / SB[MSY],1.12201056764393,higher is better,FALSE,1,2041-2050,Median across iteration-specific 2041-2050 means,om11_2,Recruitment crash (om11_2),CJM,500
HS-30 (MP47),SBMSY,SB / SB[MSY],1.13660986908918,higher is better,FALSE,1,2041-2050,Median across iteration-specific 2041-2050 means,om11_2,Recruitment crash (om11_2),CJM,500
PR+20 (MP32),SBMSY,SB / SB[MSY],1.20066469306168,higher is better,FALSE,1,2041-2050,Median across iteration-specific 2041-2050 means,om11_2,Recruitment crash (om11_2),CJM,500
PR-20 (MP44),SBMSY,SB / SB[MSY],1.2447817849895,higher is better,FALSE,1,2041-2050,Median across iteration-specific 2041-2050 means,om11_2,Recruitment crash (om11_2),CJM,500
PRsym (MP46),SBMSY,SB / SB[MSY],1.18958865999037,higher is better,FALSE,1,2041-2050,Median across iteration-specific 2041-2050 means,om11_2,Recruitment crash (om11_2),CJM,500
PR-30 (MP48),SBMSY,SB / SB[MSY],1.26636211493382,higher is better,FALSE,1,2041-2050,Median across iteration-specific 2041-2050 means,om11_2,Recruitment crash (om11_2),CJM,500
HS+20 (MP29),SSBbelow8dB0,SSB <8% dynamic B0 (%),0.1006,lower is better,TRUE,1,2041-2050,Proportion of valid 2041-2050 iteration-years with SSB strictly below 8% of dynamic unfished SSB (previous Blim),om11_2,Recruitment crash (om11_2),CJM,500
PR+20 (MP32),SSBbelow8dB0,SSB <8% dynamic B0 (%),0.0708,lower is better,TRUE,1,2041-2050,Proportion of valid 2041-2050 iteration-years with SSB strictly below 8% of dynamic unfished SSB (previous Blim),om11_2,Recruitment crash (om11_2),CJM,500
HS-20 (MP43),SSBbelow8dB0,SSB <8% dynamic B0 (%),0.0962,lower is better,TRUE,1,2041-2050,Proportion of valid 2041-2050 iteration-years with SSB strictly below 8% of dynamic unfished SSB (previous Blim),om11_2,Recruitment crash (om11_2),CJM,500
PR-20 (MP44),SSBbelow8dB0,SSB <8% dynamic B0 (%),0.0502,lower is better,TRUE,1,2041-2050,Proportion of valid 2041-2050 iteration-years with SSB strictly below 8% of dynamic unfished SSB (previous Blim),om11_2,Recruitment crash (om11_2),CJM,500
HSsym (MP45),SSBbelow8dB0,SSB <8% dynamic B0 (%),0.1026,lower is better,TRUE,1,2041-2050,Proportion of valid 2041-2050 iteration-years with SSB strictly below 8% of dynamic unfished SSB (previous Blim),om11_2,Recruitment crash (om11_2),CJM,500
PRsym (MP46),SSBbelow8dB0,SSB <8% dynamic B0 (%),0.0658,lower is better,TRUE,1,2041-2050,Proportion of valid 2041-2050 iteration-years with SSB strictly below 8% of dynamic unfished SSB (previous Blim),om11_2,Recruitment crash (om11_2),CJM,500
HS-30 (MP47),SSBbelow8dB0,SSB <8% dynamic B0 (%),0.0604,lower is better,TRUE,1,2041-2050,Proportion of valid 2041-2050 iteration-years with SSB strictly below 8% of dynamic unfished SSB (previous Blim),om11_2,Recruitment crash (om11_2),CJM,500
PR-30 (MP48),SSBbelow8dB0,SSB <8% dynamic B0 (%),0.0274,lower is better,TRUE,1,2041-2050,Proportion of valid 2041-2050 iteration-years with SSB strictly below 8% of dynamic unfished SSB (previous Blim),om11_2,Recruitment crash (om11_2),CJM,500
HS+20 (MP29),VB2025,VB / VB[2025],2.84130129029797,higher is better,FALSE,1,2041-2050,Median across iteration-specific 2041-2050 means,om11_2,Recruitment crash (om11_2),CJM,500
HS-20 (MP43),VB2025,VB / VB[2025],2.64372282066586,higher is better,FALSE,1,2041-2050,Median across iteration-specific 2041-2050 means,om11_2,Recruitment crash (om11_2),CJM,500
HSsym (MP45),VB2025,VB / VB[2025],2.7831083112962,higher is better,FALSE,1,2041-2050,Median across iteration-specific 2041-2050 means,om11_2,Recruitment crash (om11_2),CJM,500
HS-30 (MP47),VB2025,VB / VB[2025],2.73609662302488,higher is better,FALSE,1,2041-2050,Median across iteration-specific 2041-2050 means,om11_2,Recruitment crash (om11_2),CJM,500
PR+20 (MP32),VB2025,VB / VB[2025],3.22880645327338,higher is better,FALSE,1,2041-2050,Median across iteration-specific 2041-2050 means,om11_2,Recruitment crash (om11_2),CJM,500
PR-20 (MP44),VB2025,VB / VB[2025],3.40281934851777,higher is better,FALSE,1,2041-2050,Median across iteration-specific 2041-2050 means,om11_2,Recruitment crash (om11_2),CJM,500
PRsym (MP46),VB2025,VB / VB[2025],3.31485259837117,higher is better,FALSE,1,2041-2050,Median across iteration-specific 2041-2050 means,om11_2,Recruitment crash (om11_2),CJM,500
PR-30 (MP48),VB2025,VB / VB[2025],3.49230423140179,higher is better,FALSE,1,2041-2050,Median across iteration-specific 2041-2050 means,om11_2,Recruitment crash (om11_2),CJM,500
HS+20 (MP29),VBMSY,VB / VB[MSY],0.488080172007629,higher is better,FALSE,1,2041-2050,Median across iteration-specific 2041-2050 means,om11_2,Recruitment crash (om11_2),CJM,500
HS-20 (MP43),VBMSY,VB / VB[MSY],0.47198317307066,higher is better,FALSE,1,2041-2050,Median across iteration-specific 2041-2050 means,om11_2,Recruitment crash (om11_2),CJM,500
HSsym (MP45),VBMSY,VB / VB[MSY],0.479548540771799,higher is better,FALSE,1,2041-2050,Median across iteration-specific 2041-2050 means,om11_2,Recruitment crash (om11_2),CJM,500
HS-30 (MP47),VBMSY,VB / VB[MSY],0.490206219923842,higher is better,FALSE,1,2041-2050,Median across iteration-specific 2041-2050 means,om11_2,Recruitment crash (om11_2),CJM,500
PR+20 (MP32),VBMSY,VB / VB[MSY],0.567603448474237,higher is better,FALSE,1,2041-2050,Median across iteration-specific 2041-2050 means,om11_2,Recruitment crash (om11_2),CJM,500
PR-20 (MP44),VBMSY,VB / VB[MSY],0.576042714684774,higher is better,FALSE,1,2041-2050,Median across iteration-specific 2041-2050 means,om11_2,Recruitment crash (om11_2),CJM,500
PRsym (MP46),VBMSY,VB / VB[MSY],0.571927549982426,higher is better,FALSE,1,2041-2050,Median across iteration-specific 2041-2050 means,om11_2,Recruitment crash (om11_2),CJM,500
PR-30 (MP48),VBMSY,VB / VB[MSY],0.579896404969522,higher is better,FALSE,1,2041-2050,Median across iteration-specific 2041-2050 means,om11_2,Recruitment crash (om11_2),CJM,500
HS+20 (MP29),C,Catch,1040.94971680626,higher is better,TRUE,1,2041-2050,Median across iteration-specific 2041-2050 means,om21,Two stocks (om21),Southern,500
HS-20 (MP43),C,Catch,1029.29291992736,higher is better,TRUE,1,2041-2050,Median across iteration-specific 2041-2050 means,om21,Two stocks (om21),Southern,500
HSsym (MP45),C,Catch,1037.77439755519,higher is better,TRUE,1,2041-2050,Median across iteration-specific 2041-2050 means,om21,Two stocks (om21),Southern,500
HS-30 (MP47),C,Catch,1034.27354180647,higher is better,TRUE,1,2041-2050,Median across iteration-specific 2041-2050 means,om21,Two stocks (om21),Southern,500
PR+20 (MP32),C,Catch,998.674813264253,higher is better,TRUE,1,2041-2050,Median across iteration-specific 2041-2050 means,om21,Two stocks (om21),Southern,500
PR-20 (MP44),C,Catch,1000.00239006079,higher is better,TRUE,1,2041-2050,Median across iteration-specific 2041-2050 means,om21,Two stocks (om21),Southern,500
PRsym (MP46),C,Catch,1005.42677959314,higher is better,TRUE,1,2041-2050,Median across iteration-specific 2041-2050 means,om21,Two stocks (om21),Southern,500
PR-30 (MP48),C,Catch,1006.9184070192,higher is better,TRUE,1,2041-2050,Median across iteration-specific 2041-2050 means,om21,Two stocks (om21),Southern,500
HS+20 (MP29),CatchDrop20,Advice reductions >19% (%),0,lower is better,TRUE,1,2027-2050 (advice comparisons 2026-2049),Proportion across all valid consecutive saved HCR-advice comparisons and all iterations; advice falls strictly more than 19%; no biomass or near-20% exclusions; first saved advice has no predecessor,om21,Two stocks (om21),Southern,500
HS-20 (MP43),CatchDrop20,Advice reductions >19% (%),0.002,lower is better,TRUE,1,2027-2050 (advice comparisons 2026-2049),Proportion across all valid consecutive saved HCR-advice comparisons and all iterations; advice falls strictly more than 19%; no biomass or near-20% exclusions; first saved advice has no predecessor,om21,Two stocks (om21),Southern,500
HSsym (MP45),CatchDrop20,Advice reductions >19% (%),0,lower is better,TRUE,1,2027-2050 (advice comparisons 2026-2049),Proportion across all valid consecutive saved HCR-advice comparisons and all iterations; advice falls strictly more than 19%; no biomass or near-20% exclusions; first saved advice has no predecessor,om21,Two stocks (om21),Southern,500
HS-30 (MP47),CatchDrop20,Advice reductions >19% (%),0.00158333333333333,lower is better,TRUE,1,2027-2050 (advice comparisons 2026-2049),Proportion across all valid consecutive saved HCR-advice comparisons and all iterations; advice falls strictly more than 19%; no biomass or near-20% exclusions; first saved advice has no predecessor,om21,Two stocks (om21),Southern,500
PR+20 (MP32),CatchDrop20,Advice reductions >19% (%),0,lower is better,TRUE,1,2027-2050 (advice comparisons 2026-2049),Proportion across all valid consecutive saved HCR-advice comparisons and all iterations; advice falls strictly more than 19%; no biomass or near-20% exclusions; first saved advice has no predecessor,om21,Two stocks (om21),Southern,500
PR-20 (MP44),CatchDrop20,Advice reductions >19% (%),0.1165,lower is better,TRUE,1,2027-2050 (advice comparisons 2026-2049),Proportion across all valid consecutive saved HCR-advice comparisons and all iterations; advice falls strictly more than 19%; no biomass or near-20% exclusions; first saved advice has no predecessor,om21,Two stocks (om21),Southern,500
PRsym (MP46),CatchDrop20,Advice reductions >19% (%),0,lower is better,TRUE,1,2027-2050 (advice comparisons 2026-2049),Proportion across all valid consecutive saved HCR-advice comparisons and all iterations; advice falls strictly more than 19%; no biomass or near-20% exclusions; first saved advice has no predecessor,om21,Two stocks (om21),Southern,500
PR-30 (MP48),CatchDrop20,Advice reductions >19% (%),0.082,lower is better,TRUE,1,2027-2050 (advice comparisons 2026-2049),Proportion across all valid consecutive saved HCR-advice comparisons and all iterations; advice falls strictly more than 19%; no biomass or near-20% exclusions; first saved advice has no predecessor,om21,Two stocks (om21),Southern,500
HS+20 (MP29),Creduction,Mean catch reduction,2.64319106255302,lower is better,FALSE,1,2041-2050,Median across iteration-specific 2026-2050 mean reductions,om21,Two stocks (om21),Southern,500
PR+20 (MP32),Creduction,Mean catch reduction,4.78152219364295,lower is better,FALSE,1,2041-2050,Median across iteration-specific 2026-2050 mean reductions,om21,Two stocks (om21),Southern,500
HS-20 (MP43),Creduction,Mean catch reduction,2.70474532256171,lower is better,FALSE,1,2041-2050,Median across iteration-specific 2026-2050 mean reductions,om21,Two stocks (om21),Southern,500
PR-20 (MP44),Creduction,Mean catch reduction,4.64666799353333,lower is better,FALSE,1,2041-2050,Median across iteration-specific 2026-2050 mean reductions,om21,Two stocks (om21),Southern,500
HSsym (MP45),Creduction,Mean catch reduction,2.6307738695173,lower is better,FALSE,1,2041-2050,Median across iteration-specific 2026-2050 mean reductions,om21,Two stocks (om21),Southern,500
PRsym (MP46),Creduction,Mean catch reduction,4.53515312230974,lower is better,FALSE,1,2041-2050,Median across iteration-specific 2026-2050 mean reductions,om21,Two stocks (om21),Southern,500
HS-30 (MP47),Creduction,Mean catch reduction,2.65583134749689,lower is better,FALSE,1,2041-2050,Median across iteration-specific 2026-2050 mean reductions,om21,Two stocks (om21),Southern,500
PR-30 (MP48),Creduction,Mean catch reduction,4.64603990808312,lower is better,FALSE,1,2041-2050,Median across iteration-specific 2026-2050 mean reductions,om21,Two stocks (om21),Southern,500
HS+20 (MP29),FMSY,F / F[MSY],0.870725372227453,lower is better,FALSE,1,2041-2050,Median across iteration-specific 2041-2050 means,om21,Two stocks (om21),Southern,500
HS-20 (MP43),FMSY,F / F[MSY],0.977576659958326,lower is better,FALSE,1,2041-2050,Median across iteration-specific 2041-2050 means,om21,Two stocks (om21),Southern,500
HSsym (MP45),FMSY,F / F[MSY],0.902145507985262,lower is better,FALSE,1,2041-2050,Median across iteration-specific 2041-2050 means,om21,Two stocks (om21),Southern,500
HS-30 (MP47),FMSY,F / F[MSY],0.940304610497707,lower is better,FALSE,1,2041-2050,Median across iteration-specific 2041-2050 means,om21,Two stocks (om21),Southern,500
PR+20 (MP32),FMSY,F / F[MSY],0.645732041116512,lower is better,FALSE,1,2041-2050,Median across iteration-specific 2041-2050 means,om21,Two stocks (om21),Southern,500
PR-20 (MP44),FMSY,F / F[MSY],0.640935538482114,lower is better,FALSE,1,2041-2050,Median across iteration-specific 2041-2050 means,om21,Two stocks (om21),Southern,500
PRsym (MP46),FMSY,F / F[MSY],0.647611303395927,lower is better,FALSE,1,2041-2050,Median across iteration-specific 2041-2050 means,om21,Two stocks (om21),Southern,500
PR-30 (MP48),FMSY,F / F[MSY],0.664095646838085,lower is better,FALSE,1,2041-2050,Median across iteration-specific 2041-2050 means,om21,Two stocks (om21),Southern,500
HS+20 (MP29),IACC,IACC,4.8746102985855,lower is better,TRUE,1,2041-2050,Median across iteration-specific 2041-2050 means,om21,Two stocks (om21),Southern,500
HS-20 (MP43),IACC,IACC,4.86750475966119,lower is better,TRUE,1,2041-2050,Median across iteration-specific 2041-2050 means,om21,Two stocks (om21),Southern,500
HSsym (MP45),IACC,IACC,4.87486328550863,lower is better,TRUE,1,2041-2050,Median across iteration-specific 2041-2050 means,om21,Two stocks (om21),Southern,500
HS-30 (MP47),IACC,IACC,4.90298886210743,lower is better,TRUE,1,2041-2050,Median across iteration-specific 2041-2050 means,om21,Two stocks (om21),Southern,500
PR+20 (MP32),IACC,IACC,9.75372228883398,lower is better,TRUE,1,2041-2050,Median across iteration-specific 2041-2050 means,om21,Two stocks (om21),Southern,500
PR-20 (MP44),IACC,IACC,9.48983740551957,lower is better,TRUE,1,2041-2050,Median across iteration-specific 2041-2050 means,om21,Two stocks (om21),Southern,500
PRsym (MP46),IACC,IACC,9.2349988771029,lower is better,TRUE,1,2041-2050,Median across iteration-specific 2041-2050 means,om21,Two stocks (om21),Southern,500
PR-30 (MP48),IACC,IACC,10.3760496558158,lower is better,TRUE,1,2041-2050,Median across iteration-specific 2041-2050 means,om21,Two stocks (om21),Southern,500
HS+20 (MP29),SB0red,P(Kobe red),0.1438,lower is better,FALSE,1,2041-2050,Proportion across all 2041-2050 iteration-years,om21,Two stocks (om21),Southern,500
PR+20 (MP32),SB0red,P(Kobe red),0.0062,lower is better,FALSE,1,2041-2050,Proportion across all 2041-2050 iteration-years,om21,Two stocks (om21),Southern,500
HS-20 (MP43),SB0red,P(Kobe red),0.2916,lower is better,FALSE,1,2041-2050,Proportion across all 2041-2050 iteration-years,om21,Two stocks (om21),Southern,500
PR-20 (MP44),SB0red,P(Kobe red),0.0086,lower is better,FALSE,1,2041-2050,Proportion across all 2041-2050 iteration-years,om21,Two stocks (om21),Southern,500
HSsym (MP45),SB0red,P(Kobe red),0.1836,lower is better,FALSE,1,2041-2050,Proportion across all 2041-2050 iteration-years,om21,Two stocks (om21),Southern,500
PRsym (MP46),SB0red,P(Kobe red),0.0096,lower is better,FALSE,1,2041-2050,Proportion across all 2041-2050 iteration-years,om21,Two stocks (om21),Southern,500
HS-30 (MP47),SB0red,P(Kobe red),0.2304,lower is better,FALSE,1,2041-2050,Proportion across all 2041-2050 iteration-years,om21,Two stocks (om21),Southern,500
PR-30 (MP48),SB0red,P(Kobe red),0.0106,lower is better,FALSE,1,2041-2050,Proportion across all 2041-2050 iteration-years,om21,Two stocks (om21),Southern,500
HS+20 (MP29),SBMSY,SB / SB[MSY],1.10149922865349,higher is better,FALSE,1,2041-2050,Median across iteration-specific 2041-2050 means,om21,Two stocks (om21),Southern,500
HS-20 (MP43),SBMSY,SB / SB[MSY],1.01853748631003,higher is better,FALSE,1,2041-2050,Median across iteration-specific 2041-2050 means,om21,Two stocks (om21),Southern,500
HSsym (MP45),SBMSY,SB / SB[MSY],1.07324685267789,higher is better,FALSE,1,2041-2050,Median across iteration-specific 2041-2050 means,om21,Two stocks (om21),Southern,500
HS-30 (MP47),SBMSY,SB / SB[MSY],1.04539507657613,higher is better,FALSE,1,2041-2050,Median across iteration-specific 2041-2050 means,om21,Two stocks (om21),Southern,500
PR+20 (MP32),SBMSY,SB / SB[MSY],1.31550732356999,higher is better,FALSE,1,2041-2050,Median across iteration-specific 2041-2050 means,om21,Two stocks (om21),Southern,500
PR-20 (MP44),SBMSY,SB / SB[MSY],1.31121024575334,higher is better,FALSE,1,2041-2050,Median across iteration-specific 2041-2050 means,om21,Two stocks (om21),Southern,500
PRsym (MP46),SBMSY,SB / SB[MSY],1.30964787500057,higher is better,FALSE,1,2041-2050,Median across iteration-specific 2041-2050 means,om21,Two stocks (om21),Southern,500
PR-30 (MP48),SBMSY,SB / SB[MSY],1.2994719626902,higher is better,FALSE,1,2041-2050,Median across iteration-specific 2041-2050 means,om21,Two stocks (om21),Southern,500
HS+20 (MP29),SSBbelow8dB0,SSB <8% dynamic B0 (%),0,lower is better,TRUE,1,2041-2050,Proportion of valid 2041-2050 iteration-years with SSB strictly below 8% of dynamic unfished SSB (previous Blim),om21,Two stocks (om21),Southern,500
PR+20 (MP32),SSBbelow8dB0,SSB <8% dynamic B0 (%),0,lower is better,TRUE,1,2041-2050,Proportion of valid 2041-2050 iteration-years with SSB strictly below 8% of dynamic unfished SSB (previous Blim),om21,Two stocks (om21),Southern,500
HS-20 (MP43),SSBbelow8dB0,SSB <8% dynamic B0 (%),0,lower is better,TRUE,1,2041-2050,Proportion of valid 2041-2050 iteration-years with SSB strictly below 8% of dynamic unfished SSB (previous Blim),om21,Two stocks (om21),Southern,500
PR-20 (MP44),SSBbelow8dB0,SSB <8% dynamic B0 (%),0,lower is better,TRUE,1,2041-2050,Proportion of valid 2041-2050 iteration-years with SSB strictly below 8% of dynamic unfished SSB (previous Blim),om21,Two stocks (om21),Southern,500
HSsym (MP45),SSBbelow8dB0,SSB <8% dynamic B0 (%),0,lower is better,TRUE,1,2041-2050,Proportion of valid 2041-2050 iteration-years with SSB strictly below 8% of dynamic unfished SSB (previous Blim),om21,Two stocks (om21),Southern,500
PRsym (MP46),SSBbelow8dB0,SSB <8% dynamic B0 (%),0,lower is better,TRUE,1,2041-2050,Proportion of valid 2041-2050 iteration-years with SSB strictly below 8% of dynamic unfished SSB (previous Blim),om21,Two stocks (om21),Southern,500
HS-30 (MP47),SSBbelow8dB0,SSB <8% dynamic B0 (%),0,lower is better,TRUE,1,2041-2050,Proportion of valid 2041-2050 iteration-years with SSB strictly below 8% of dynamic unfished SSB (previous Blim),om21,Two stocks (om21),Southern,500
PR-30 (MP48),SSBbelow8dB0,SSB <8% dynamic B0 (%),0,lower is better,TRUE,1,2041-2050,Proportion of valid 2041-2050 iteration-years with SSB strictly below 8% of dynamic unfished SSB (previous Blim),om21,Two stocks (om21),Southern,500
HS+20 (MP29),VB2025,VB / VB[2025],1.40747316055104,higher is better,FALSE,1,2041-2050,Median across iteration-specific 2041-2050 means,om21,Two stocks (om21),Southern,500
HS-20 (MP43),VB2025,VB / VB[2025],1.23986976089764,higher is better,FALSE,1,2041-2050,Median across iteration-specific 2041-2050 means,om21,Two stocks (om21),Southern,500
HSsym (MP45),VB2025,VB / VB[2025],1.35247163642968,higher is better,FALSE,1,2041-2050,Median across iteration-specific 2041-2050 means,om21,Two stocks (om21),Southern,500
HS-30 (MP47),VB2025,VB / VB[2025],1.29541896768069,higher is better,FALSE,1,2041-2050,Median across iteration-specific 2041-2050 means,om21,Two stocks (om21),Southern,500
PR+20 (MP32),VB2025,VB / VB[2025],1.80910898241183,higher is better,FALSE,1,2041-2050,Median across iteration-specific 2041-2050 means,om21,Two stocks (om21),Southern,500
PR-20 (MP44),VB2025,VB / VB[2025],1.80717425297009,higher is better,FALSE,1,2041-2050,Median across iteration-specific 2041-2050 means,om21,Two stocks (om21),Southern,500
PRsym (MP46),VB2025,VB / VB[2025],1.80383806016283,higher is better,FALSE,1,2041-2050,Median across iteration-specific 2041-2050 means,om21,Two stocks (om21),Southern,500
PR-30 (MP48),VB2025,VB / VB[2025],1.79374500242725,higher is better,FALSE,1,2041-2050,Median across iteration-specific 2041-2050 means,om21,Two stocks (om21),Southern,500
HS+20 (MP29),VBMSY,VB / VB[MSY],0.441600858595089,higher is better,FALSE,1,2041-2050,Median across iteration-specific 2041-2050 means,om21,Two stocks (om21),Southern,500
HS-20 (MP43),VBMSY,VB / VB[MSY],0.390315509175658,higher is better,FALSE,1,2041-2050,Median across iteration-specific 2041-2050 means,om21,Two stocks (om21),Southern,500
HSsym (MP45),VBMSY,VB / VB[MSY],0.424749829547093,higher is better,FALSE,1,2041-2050,Median across iteration-specific 2041-2050 means,om21,Two stocks (om21),Southern,500
HS-30 (MP47),VBMSY,VB / VB[MSY],0.40770545044876,higher is better,FALSE,1,2041-2050,Median across iteration-specific 2041-2050 means,om21,Two stocks (om21),Southern,500
PR+20 (MP32),VBMSY,VB / VB[MSY],0.572969219876418,higher is better,FALSE,1,2041-2050,Median across iteration-specific 2041-2050 means,om21,Two stocks (om21),Southern,500
PR-20 (MP44),VBMSY,VB / VB[MSY],0.570120890134176,higher is better,FALSE,1,2041-2050,Median across iteration-specific 2041-2050 means,om21,Two stocks (om21),Southern,500
PRsym (MP46),VBMSY,VB / VB[MSY],0.570113610286898,higher is better,FALSE,1,2041-2050,Median across iteration-specific 2041-2050 means,om21,Two stocks (om21),Southern,500
PR-30 (MP48),VBMSY,VB / VB[MSY],0.56235707650265,higher is better,FALSE,1,2041-2050,Median across iteration-specific 2041-2050 means,om21,Two stocks (om21),Southern,500
HS+20 (MP29),C,Catch,224.296816695535,higher is better,TRUE,1,2041-2050,Median across iteration-specific 2041-2050 means,om21,Two stocks (om21),North,500
HS-20 (MP43),C,Catch,220.540622617028,higher is better,TRUE,1,2041-2050,Median across iteration-specific 2041-2050 means,om21,Two stocks (om21),North,500
HSsym (MP45),C,Catch,222.677861617346,higher is better,TRUE,1,2041-2050,Median across iteration-specific 2041-2050 means,om21,Two stocks (om21),North,500
HS-30 (MP47),C,Catch,221.712523282494,higher is better,TRUE,1,2041-2050,Median across iteration-specific 2041-2050 means,om21,Two stocks (om21),North,500
PR+20 (MP32),C,Catch,216.731070539688,higher is better,TRUE,1,2041-2050,Median across iteration-specific 2041-2050 means,om21,Two stocks (om21),North,500
PR-20 (MP44),C,Catch,214.187993845283,higher is better,TRUE,1,2041-2050,Median across iteration-specific 2041-2050 means,om21,Two stocks (om21),North,500
PRsym (MP46),C,Catch,216.349377961864,higher is better,TRUE,1,2041-2050,Median across iteration-specific 2041-2050 means,om21,Two stocks (om21),North,500
PR-30 (MP48),C,Catch,219.541637042594,higher is better,TRUE,1,2041-2050,Median across iteration-specific 2041-2050 means,om21,Two stocks (om21),North,500
HS+20 (MP29),CatchDrop20,Advice reductions >19% (%),0,lower is better,TRUE,1,2027-2050 (advice comparisons 2026-2049),Proportion across all valid consecutive saved HCR-advice comparisons and all iterations; advice falls strictly more than 19%; no biomass or near-20% exclusions; first saved advice has no predecessor,om21,Two stocks (om21),North,500
HS-20 (MP43),CatchDrop20,Advice reductions >19% (%),0.002,lower is better,TRUE,1,2027-2050 (advice comparisons 2026-2049),Proportion across all valid consecutive saved HCR-advice comparisons and all iterations; advice falls strictly more than 19%; no biomass or near-20% exclusions; first saved advice has no predecessor,om21,Two stocks (om21),North,500
HSsym (MP45),CatchDrop20,Advice reductions >19% (%),0,lower is better,TRUE,1,2027-2050 (advice comparisons 2026-2049),Proportion across all valid consecutive saved HCR-advice comparisons and all iterations; advice falls strictly more than 19%; no biomass or near-20% exclusions; first saved advice has no predecessor,om21,Two stocks (om21),North,500
HS-30 (MP47),CatchDrop20,Advice reductions >19% (%),0.00158333333333333,lower is better,TRUE,1,2027-2050 (advice comparisons 2026-2049),Proportion across all valid consecutive saved HCR-advice comparisons and all iterations; advice falls strictly more than 19%; no biomass or near-20% exclusions; first saved advice has no predecessor,om21,Two stocks (om21),North,500
PR+20 (MP32),CatchDrop20,Advice reductions >19% (%),0,lower is better,TRUE,1,2027-2050 (advice comparisons 2026-2049),Proportion across all valid consecutive saved HCR-advice comparisons and all iterations; advice falls strictly more than 19%; no biomass or near-20% exclusions; first saved advice has no predecessor,om21,Two stocks (om21),North,500
PR-20 (MP44),CatchDrop20,Advice reductions >19% (%),0.1165,lower is better,TRUE,1,2027-2050 (advice comparisons 2026-2049),Proportion across all valid consecutive saved HCR-advice comparisons and all iterations; advice falls strictly more than 19%; no biomass or near-20% exclusions; first saved advice has no predecessor,om21,Two stocks (om21),North,500
PRsym (MP46),CatchDrop20,Advice reductions >19% (%),0,lower is better,TRUE,1,2027-2050 (advice comparisons 2026-2049),Proportion across all valid consecutive saved HCR-advice comparisons and all iterations; advice falls strictly more than 19%; no biomass or near-20% exclusions; first saved advice has no predecessor,om21,Two stocks (om21),North,500
PR-30 (MP48),CatchDrop20,Advice reductions >19% (%),0.082,lower is better,TRUE,1,2027-2050 (advice comparisons 2026-2049),Proportion across all valid consecutive saved HCR-advice comparisons and all iterations; advice falls strictly more than 19%; no biomass or near-20% exclusions; first saved advice has no predecessor,om21,Two stocks (om21),North,500
HS+20 (MP29),Creduction,Mean catch reduction,5.46049383199843,lower is better,FALSE,1,2041-2050,Median across iteration-specific 2026-2050 mean reductions,om21,Two stocks (om21),North,500
PR+20 (MP32),Creduction,Mean catch reduction,6.60066425982588,lower is better,FALSE,1,2041-2050,Median across iteration-specific 2026-2050 mean reductions,om21,Two stocks (om21),North,500
HS-20 (MP43),Creduction,Mean catch reduction,5.54528614478886,lower is better,FALSE,1,2041-2050,Median across iteration-specific 2026-2050 mean reductions,om21,Two stocks (om21),North,500
PR-20 (MP44),Creduction,Mean catch reduction,6.46368359111832,lower is better,FALSE,1,2041-2050,Median across iteration-specific 2026-2050 mean reductions,om21,Two stocks (om21),North,500
HSsym (MP45),Creduction,Mean catch reduction,5.4600142609776,lower is better,FALSE,1,2041-2050,Median across iteration-specific 2026-2050 mean reductions,om21,Two stocks (om21),North,500
PRsym (MP46),Creduction,Mean catch reduction,6.4379421549813,lower is better,FALSE,1,2041-2050,Median across iteration-specific 2026-2050 mean reductions,om21,Two stocks (om21),North,500
HS-30 (MP47),Creduction,Mean catch reduction,5.49130586826023,lower is better,FALSE,1,2041-2050,Median across iteration-specific 2026-2050 mean reductions,om21,Two stocks (om21),North,500
PR-30 (MP48),Creduction,Mean catch reduction,6.59429340540575,lower is better,FALSE,1,2041-2050,Median across iteration-specific 2026-2050 mean reductions,om21,Two stocks (om21),North,500
HS+20 (MP29),FMSY,F / F[MSY],88.6342397447105,lower is better,FALSE,1,2041-2050,Median across iteration-specific 2041-2050 means,om21,Two stocks (om21),North,500
HS-20 (MP43),FMSY,F / F[MSY],88.1585204227731,lower is better,FALSE,1,2041-2050,Median across iteration-specific 2041-2050 means,om21,Two stocks (om21),North,500
HSsym (MP45),FMSY,F / F[MSY],88.5951186073776,lower is better,FALSE,1,2041-2050,Median across iteration-specific 2041-2050 means,om21,Two stocks (om21),North,500
HS-30 (MP47),FMSY,F / F[MSY],88.397129460987,lower is better,FALSE,1,2041-2050,Median across iteration-specific 2041-2050 means,om21,Two stocks (om21),North,500
PR+20 (MP32),FMSY,F / F[MSY],85.9093980228168,lower is better,FALSE,1,2041-2050,Median across iteration-specific 2041-2050 means,om21,Two stocks (om21),North,500
PR-20 (MP44),FMSY,F / F[MSY],87.6002012457213,lower is better,FALSE,1,2041-2050,Median across iteration-specific 2041-2050 means,om21,Two stocks (om21),North,500
PRsym (MP46),FMSY,F / F[MSY],86.9397369552799,lower is better,FALSE,1,2041-2050,Median across iteration-specific 2041-2050 means,om21,Two stocks (om21),North,500
PR-30 (MP48),FMSY,F / F[MSY],88.0530722859782,lower is better,FALSE,1,2041-2050,Median across iteration-specific 2041-2050 means,om21,Two stocks (om21),North,500
HS+20 (MP29),IACC,IACC,11.6771259457673,lower is better,TRUE,1,2041-2050,Median across iteration-specific 2041-2050 means,om21,Two stocks (om21),North,500
HS-20 (MP43),IACC,IACC,11.5558605697056,lower is better,TRUE,1,2041-2050,Median across iteration-specific 2041-2050 means,om21,Two stocks (om21),North,500
HSsym (MP45),IACC,IACC,11.6669099233713,lower is better,TRUE,1,2041-2050,Median across iteration-specific 2041-2050 means,om21,Two stocks (om21),North,500
HS-30 (MP47),IACC,IACC,11.644533558533,lower is better,TRUE,1,2041-2050,Median across iteration-specific 2041-2050 means,om21,Two stocks (om21),North,500
PR+20 (MP32),IACC,IACC,14.4189423594505,lower is better,TRUE,1,2041-2050,Median across iteration-specific 2041-2050 means,om21,Two stocks (om21),North,500
PR-20 (MP44),IACC,IACC,14.322090886483,lower is better,TRUE,1,2041-2050,Median across iteration-specific 2041-2050 means,om21,Two stocks (om21),North,500
PRsym (MP46),IACC,IACC,14.0212491804092,lower is better,TRUE,1,2041-2050,Median across iteration-specific 2041-2050 means,om21,Two stocks (om21),North,500
PR-30 (MP48),IACC,IACC,15.3560308169078,lower is better,TRUE,1,2041-2050,Median across iteration-specific 2041-2050 means,om21,Two stocks (om21),North,500
HS+20 (MP29),SB0red,P(Kobe red),1,lower is better,FALSE,1,2041-2050,Proportion across all 2041-2050 iteration-years,om21,Two stocks (om21),North,500
PR+20 (MP32),SB0red,P(Kobe red),1,lower is better,FALSE,1,2041-2050,Proportion across all 2041-2050 iteration-years,om21,Two stocks (om21),North,500
HS-20 (MP43),SB0red,P(Kobe red),1,lower is better,FALSE,1,2041-2050,Proportion across all 2041-2050 iteration-years,om21,Two stocks (om21),North,500
PR-20 (MP44),SB0red,P(Kobe red),1,lower is better,FALSE,1,2041-2050,Proportion across all 2041-2050 iteration-years,om21,Two stocks (om21),North,500
HSsym (MP45),SB0red,P(Kobe red),1,lower is better,FALSE,1,2041-2050,Proportion across all 2041-2050 iteration-years,om21,Two stocks (om21),North,500
PRsym (MP46),SB0red,P(Kobe red),1,lower is better,FALSE,1,2041-2050,Proportion across all 2041-2050 iteration-years,om21,Two stocks (om21),North,500
HS-30 (MP47),SB0red,P(Kobe red),1,lower is better,FALSE,1,2041-2050,Proportion across all 2041-2050 iteration-years,om21,Two stocks (om21),North,500
PR-30 (MP48),SB0red,P(Kobe red),1,lower is better,FALSE,1,2041-2050,Proportion across all 2041-2050 iteration-years,om21,Two stocks (om21),North,500
HS+20 (MP29),SBMSY,SB / SB[MSY],0.396212812259372,higher is better,FALSE,1,2041-2050,Median across iteration-specific 2041-2050 means,om21,Two stocks (om21),North,500
HS-20 (MP43),SBMSY,SB / SB[MSY],0.393694146801852,higher is better,FALSE,1,2041-2050,Median across iteration-specific 2041-2050 means,om21,Two stocks (om21),North,500
HSsym (MP45),SBMSY,SB / SB[MSY],0.392849474297838,higher is better,FALSE,1,2041-2050,Median across iteration-specific 2041-2050 means,om21,Two stocks (om21),North,500
HS-30 (MP47),SBMSY,SB / SB[MSY],0.393775691858402,higher is better,FALSE,1,2041-2050,Median across iteration-specific 2041-2050 means,om21,Two stocks (om21),North,500
PR+20 (MP32),SBMSY,SB / SB[MSY],0.39935202166022,higher is better,FALSE,1,2041-2050,Median across iteration-specific 2041-2050 means,om21,Two stocks (om21),North,500
PR-20 (MP44),SBMSY,SB / SB[MSY],0.39190813756885,higher is better,FALSE,1,2041-2050,Median across iteration-specific 2041-2050 means,om21,Two stocks (om21),North,500
PRsym (MP46),SBMSY,SB / SB[MSY],0.394657634107142,higher is better,FALSE,1,2041-2050,Median across iteration-specific 2041-2050 means,om21,Two stocks (om21),North,500
PR-30 (MP48),SBMSY,SB / SB[MSY],0.394693472691142,higher is better,FALSE,1,2041-2050,Median across iteration-specific 2041-2050 means,om21,Two stocks (om21),North,500
HS+20 (MP29),SSBbelow8dB0,SSB <8% dynamic B0 (%),0.144,lower is better,TRUE,1,2041-2050,Proportion of valid 2041-2050 iteration-years with SSB strictly below 8% of dynamic unfished SSB (previous Blim),om21,Two stocks (om21),North,500
PR+20 (MP32),SSBbelow8dB0,SSB <8% dynamic B0 (%),0.1302,lower is better,TRUE,1,2041-2050,Proportion of valid 2041-2050 iteration-years with SSB strictly below 8% of dynamic unfished SSB (previous Blim),om21,Two stocks (om21),North,500
HS-20 (MP43),SSBbelow8dB0,SSB <8% dynamic B0 (%),0.1548,lower is better,TRUE,1,2041-2050,Proportion of valid 2041-2050 iteration-years with SSB strictly below 8% of dynamic unfished SSB (previous Blim),om21,Two stocks (om21),North,500
PR-20 (MP44),SSBbelow8dB0,SSB <8% dynamic B0 (%),0.1372,lower is better,TRUE,1,2041-2050,Proportion of valid 2041-2050 iteration-years with SSB strictly below 8% of dynamic unfished SSB (previous Blim),om21,Two stocks (om21),North,500
HSsym (MP45),SSBbelow8dB0,SSB <8% dynamic B0 (%),0.1484,lower is better,TRUE,1,2041-2050,Proportion of valid 2041-2050 iteration-years with SSB strictly below 8% of dynamic unfished SSB (previous Blim),om21,Two stocks (om21),North,500
PRsym (MP46),SSBbelow8dB0,SSB <8% dynamic B0 (%),0.1322,lower is better,TRUE,1,2041-2050,Proportion of valid 2041-2050 iteration-years with SSB strictly below 8% of dynamic unfished SSB (previous Blim),om21,Two stocks (om21),North,500
HS-30 (MP47),SSBbelow8dB0,SSB <8% dynamic B0 (%),0.1516,lower is better,TRUE,1,2041-2050,Proportion of valid 2041-2050 iteration-years with SSB strictly below 8% of dynamic unfished SSB (previous Blim),om21,Two stocks (om21),North,500
PR-30 (MP48),SSBbelow8dB0,SSB <8% dynamic B0 (%),0.1394,lower is better,TRUE,1,2041-2050,Proportion of valid 2041-2050 iteration-years with SSB strictly below 8% of dynamic unfished SSB (previous Blim),om21,Two stocks (om21),North,500
HS+20 (MP29),VB2025,VB / VB[2025],0.752928489943983,higher is better,FALSE,1,2041-2050,Median across iteration-specific 2041-2050 means,om21,Two stocks (om21),North,500
HS-20 (MP43),VB2025,VB / VB[2025],0.749489141494925,higher is better,FALSE,1,2041-2050,Median across iteration-specific 2041-2050 means,om21,Two stocks (om21),North,500
HSsym (MP45),VB2025,VB / VB[2025],0.751240697329333,higher is better,FALSE,1,2041-2050,Median across iteration-specific 2041-2050 means,om21,Two stocks (om21),North,500
HS-30 (MP47),VB2025,VB / VB[2025],0.751329784921557,higher is better,FALSE,1,2041-2050,Median across iteration-specific 2041-2050 means,om21,Two stocks (om21),North,500
PR+20 (MP32),VB2025,VB / VB[2025],0.759784952455103,higher is better,FALSE,1,2041-2050,Median across iteration-specific 2041-2050 means,om21,Two stocks (om21),North,500
PR-20 (MP44),VB2025,VB / VB[2025],0.747226780378901,higher is better,FALSE,1,2041-2050,Median across iteration-specific 2041-2050 means,om21,Two stocks (om21),North,500
PRsym (MP46),VB2025,VB / VB[2025],0.756121072920395,higher is better,FALSE,1,2041-2050,Median across iteration-specific 2041-2050 means,om21,Two stocks (om21),North,500
PR-30 (MP48),VB2025,VB / VB[2025],0.753002694595772,higher is better,FALSE,1,2041-2050,Median across iteration-specific 2041-2050 means,om21,Two stocks (om21),North,500
HS+20 (MP29),VBMSY,VB / VB[MSY],0.344682918239392,higher is better,FALSE,1,2041-2050,Median across iteration-specific 2041-2050 means,om21,Two stocks (om21),North,500
HS-20 (MP43),VBMSY,VB / VB[MSY],0.342005000538826,higher is better,FALSE,1,2041-2050,Median across iteration-specific 2041-2050 means,om21,Two stocks (om21),North,500
HSsym (MP45),VBMSY,VB / VB[MSY],0.343923334973421,higher is better,FALSE,1,2041-2050,Median across iteration-specific 2041-2050 means,om21,Two stocks (om21),North,500
HS-30 (MP47),VBMSY,VB / VB[MSY],0.342445583286972,higher is better,FALSE,1,2041-2050,Median across iteration-specific 2041-2050 means,om21,Two stocks (om21),North,500
PR+20 (MP32),VBMSY,VB / VB[MSY],0.346944428026528,higher is better,FALSE,1,2041-2050,Median across iteration-specific 2041-2050 means,om21,Two stocks (om21),North,500
PR-20 (MP44),VBMSY,VB / VB[MSY],0.343881114852275,higher is better,FALSE,1,2041-2050,Median across iteration-specific 2041-2050 means,om21,Two stocks (om21),North,500
PRsym (MP46),VBMSY,VB / VB[MSY],0.34475118609109,higher is better,FALSE,1,2041-2050,Median across iteration-specific 2041-2050 means,om21,Two stocks (om21),North,500
PR-30 (MP48),VBMSY,VB / VB[MSY],0.3466953273037,higher is better,FALSE,1,2041-2050,Median across iteration-specific 2041-2050 means,om21,Two stocks (om21),North,500
HS+20 (MP29),C,Catch,1941.08832594168,higher is better,TRUE,1,2041-2050,Median across iteration-specific 2041-2050 means,om11_1,Alternative selectivity (om11_1),CJM,500
HS-20 (MP43),C,Catch,1948.45941583619,higher is better,TRUE,1,2041-2050,Median across iteration-specific 2041-2050 means,om11_1,Alternative selectivity (om11_1),CJM,500
HSsym (MP45),C,Catch,1952.30341243969,higher is better,TRUE,1,2041-2050,Median across iteration-specific 2041-2050 means,om11_1,Alternative selectivity (om11_1),CJM,500
HS-30 (MP47),C,Catch,1951.27383336785,higher is better,TRUE,1,2041-2050,Median across iteration-specific 2041-2050 means,om11_1,Alternative selectivity (om11_1),CJM,500
PR+20 (MP32),C,Catch,1878.86197029691,higher is better,TRUE,1,2041-2050,Median across iteration-specific 2041-2050 means,om11_1,Alternative selectivity (om11_1),CJM,500
PR-20 (MP44),C,Catch,1990.40762758949,higher is better,TRUE,1,2041-2050,Median across iteration-specific 2041-2050 means,om11_1,Alternative selectivity (om11_1),CJM,500
PRsym (MP46),C,Catch,1947.43519974576,higher is better,TRUE,1,2041-2050,Median across iteration-specific 2041-2050 means,om11_1,Alternative selectivity (om11_1),CJM,500
PR-30 (MP48),C,Catch,1875.42633871927,higher is better,TRUE,1,2041-2050,Median across iteration-specific 2041-2050 means,om11_1,Alternative selectivity (om11_1),CJM,500
HS+20 (MP29),CatchDrop20,Advice reductions >19% (%),0,lower is better,TRUE,1,2027-2050 (advice comparisons 2026-2049),Proportion across all valid consecutive saved HCR-advice comparisons and all iterations; advice falls strictly more than 19%; no biomass or near-20% exclusions; first saved advice has no predecessor,om11_1,Alternative selectivity (om11_1),CJM,500
HS-20 (MP43),CatchDrop20,Advice reductions >19% (%),0.0970833333333333,lower is better,TRUE,1,2027-2050 (advice comparisons 2026-2049),Proportion across all valid consecutive saved HCR-advice comparisons and all iterations; advice falls strictly more than 19%; no biomass or near-20% exclusions; first saved advice has no predecessor,om11_1,Alternative selectivity (om11_1),CJM,500
HSsym (MP45),CatchDrop20,Advice reductions >19% (%),0,lower is better,TRUE,1,2027-2050 (advice comparisons 2026-2049),Proportion across all valid consecutive saved HCR-advice comparisons and all iterations; advice falls strictly more than 19%; no biomass or near-20% exclusions; first saved advice has no predecessor,om11_1,Alternative selectivity (om11_1),CJM,500
HS-30 (MP47),CatchDrop20,Advice reductions >19% (%),0.068,lower is better,TRUE,1,2027-2050 (advice comparisons 2026-2049),Proportion across all valid consecutive saved HCR-advice comparisons and all iterations; advice falls strictly more than 19%; no biomass or near-20% exclusions; first saved advice has no predecessor,om11_1,Alternative selectivity (om11_1),CJM,500
PR+20 (MP32),CatchDrop20,Advice reductions >19% (%),0,lower is better,TRUE,1,2027-2050 (advice comparisons 2026-2049),Proportion across all valid consecutive saved HCR-advice comparisons and all iterations; advice falls strictly more than 19%; no biomass or near-20% exclusions; first saved advice has no predecessor,om11_1,Alternative selectivity (om11_1),CJM,500
PR-20 (MP44),CatchDrop20,Advice reductions >19% (%),0.191333333333333,lower is better,TRUE,1,2027-2050 (advice comparisons 2026-2049),Proportion across all valid consecutive saved HCR-advice comparisons and all iterations; advice falls strictly more than 19%; no biomass or near-20% exclusions; first saved advice has no predecessor,om11_1,Alternative selectivity (om11_1),CJM,500
PRsym (MP46),CatchDrop20,Advice reductions >19% (%),0,lower is better,TRUE,1,2027-2050 (advice comparisons 2026-2049),Proportion across all valid consecutive saved HCR-advice comparisons and all iterations; advice falls strictly more than 19%; no biomass or near-20% exclusions; first saved advice has no predecessor,om11_1,Alternative selectivity (om11_1),CJM,500
PR-30 (MP48),CatchDrop20,Advice reductions >19% (%),0.14925,lower is better,TRUE,1,2027-2050 (advice comparisons 2026-2049),Proportion across all valid consecutive saved HCR-advice comparisons and all iterations; advice falls strictly more than 19%; no biomass or near-20% exclusions; first saved advice has no predecessor,om11_1,Alternative selectivity (om11_1),CJM,500
HS+20 (MP29),Creduction,Mean catch reduction,2.34517480954634,lower is better,FALSE,1,2041-2050,Median across iteration-specific 2026-2050 mean reductions,om11_1,Alternative selectivity (om11_1),CJM,500
PR+20 (MP32),Creduction,Mean catch reduction,5.3070112857509,lower is better,FALSE,1,2041-2050,Median across iteration-specific 2026-2050 mean reductions,om11_1,Alternative selectivity (om11_1),CJM,500
HS-20 (MP43),Creduction,Mean catch reduction,2.43798856679746,lower is better,FALSE,1,2041-2050,Median across iteration-specific 2026-2050 mean reductions,om11_1,Alternative selectivity (om11_1),CJM,500
PR-20 (MP44),Creduction,Mean catch reduction,5.20040082883125,lower is better,FALSE,1,2041-2050,Median across iteration-specific 2026-2050 mean reductions,om11_1,Alternative selectivity (om11_1),CJM,500
HSsym (MP45),Creduction,Mean catch reduction,2.2756025723749,lower is better,FALSE,1,2041-2050,Median across iteration-specific 2026-2050 mean reductions,om11_1,Alternative selectivity (om11_1),CJM,500
PRsym (MP46),Creduction,Mean catch reduction,4.89822298636883,lower is better,FALSE,1,2041-2050,Median across iteration-specific 2026-2050 mean reductions,om11_1,Alternative selectivity (om11_1),CJM,500
HS-30 (MP47),Creduction,Mean catch reduction,2.58638287481783,lower is better,FALSE,1,2041-2050,Median across iteration-specific 2026-2050 mean reductions,om11_1,Alternative selectivity (om11_1),CJM,500
PR-30 (MP48),Creduction,Mean catch reduction,5.75453812912574,lower is better,FALSE,1,2041-2050,Median across iteration-specific 2026-2050 mean reductions,om11_1,Alternative selectivity (om11_1),CJM,500
HS+20 (MP29),FMSY,F / F[MSY],1.3495021306408,lower is better,FALSE,1,2041-2050,Median across iteration-specific 2041-2050 means,om11_1,Alternative selectivity (om11_1),CJM,500
HS-20 (MP43),FMSY,F / F[MSY],1.43427932246106,lower is better,FALSE,1,2041-2050,Median across iteration-specific 2041-2050 means,om11_1,Alternative selectivity (om11_1),CJM,500
HSsym (MP45),FMSY,F / F[MSY],1.36465026109536,lower is better,FALSE,1,2041-2050,Median across iteration-specific 2041-2050 means,om11_1,Alternative selectivity (om11_1),CJM,500
HS-30 (MP47),FMSY,F / F[MSY],1.39981986058633,lower is better,FALSE,1,2041-2050,Median across iteration-specific 2041-2050 means,om11_1,Alternative selectivity (om11_1),CJM,500
PR+20 (MP32),FMSY,F / F[MSY],1.58575774723291,lower is better,FALSE,1,2041-2050,Median across iteration-specific 2041-2050 means,om11_1,Alternative selectivity (om11_1),CJM,500
PR-20 (MP44),FMSY,F / F[MSY],1.58394090922998,lower is better,FALSE,1,2041-2050,Median across iteration-specific 2041-2050 means,om11_1,Alternative selectivity (om11_1),CJM,500
PRsym (MP46),FMSY,F / F[MSY],1.59507268985572,lower is better,FALSE,1,2041-2050,Median across iteration-specific 2041-2050 means,om11_1,Alternative selectivity (om11_1),CJM,500
PR-30 (MP48),FMSY,F / F[MSY],1.61607466319812,lower is better,FALSE,1,2041-2050,Median across iteration-specific 2041-2050 means,om11_1,Alternative selectivity (om11_1),CJM,500
HS+20 (MP29),IACC,IACC,2.57211764060184,lower is better,TRUE,1,2041-2050,Median across iteration-specific 2041-2050 means,om11_1,Alternative selectivity (om11_1),CJM,500
HS-20 (MP43),IACC,IACC,2.30018099731053,lower is better,TRUE,1,2041-2050,Median across iteration-specific 2041-2050 means,om11_1,Alternative selectivity (om11_1),CJM,500
HSsym (MP45),IACC,IACC,2.32939075501328,lower is better,TRUE,1,2041-2050,Median across iteration-specific 2041-2050 means,om11_1,Alternative selectivity (om11_1),CJM,500
HS-30 (MP47),IACC,IACC,2.47854010341855,lower is better,TRUE,1,2041-2050,Median across iteration-specific 2041-2050 means,om11_1,Alternative selectivity (om11_1),CJM,500
PR+20 (MP32),IACC,IACC,10.0505541927049,lower is better,TRUE,1,2041-2050,Median across iteration-specific 2041-2050 means,om11_1,Alternative selectivity (om11_1),CJM,500
PR-20 (MP44),IACC,IACC,10.4370136558304,lower is better,TRUE,1,2041-2050,Median across iteration-specific 2041-2050 means,om11_1,Alternative selectivity (om11_1),CJM,500
PRsym (MP46),IACC,IACC,10.1076722069609,lower is better,TRUE,1,2041-2050,Median across iteration-specific 2041-2050 means,om11_1,Alternative selectivity (om11_1),CJM,500
PR-30 (MP48),IACC,IACC,10.639004979684,lower is better,TRUE,1,2041-2050,Median across iteration-specific 2041-2050 means,om11_1,Alternative selectivity (om11_1),CJM,500
HS+20 (MP29),PC270,P(catch < 270 kt),0.2002,lower is better,TRUE,1,2041-2050,Proportion of 2041-2050 iteration-years with catch below 270 kt,om11_1,Alternative selectivity (om11_1),CJM,500
PR+20 (MP32),PC270,P(catch < 270 kt),0.1704,lower is better,TRUE,1,2041-2050,Proportion of 2041-2050 iteration-years with catch below 270 kt,om11_1,Alternative selectivity (om11_1),CJM,500
HS-20 (MP43),PC270,P(catch < 270 kt),0.2088,lower is better,TRUE,1,2041-2050,Proportion of 2041-2050 iteration-years with catch below 270 kt,om11_1,Alternative selectivity (om11_1),CJM,500
PR-20 (MP44),PC270,P(catch < 270 kt),0.148,lower is better,TRUE,1,2041-2050,Proportion of 2041-2050 iteration-years with catch below 270 kt,om11_1,Alternative selectivity (om11_1),CJM,500
HSsym (MP45),PC270,P(catch < 270 kt),0.2068,lower is better,TRUE,1,2041-2050,Proportion of 2041-2050 iteration-years with catch below 270 kt,om11_1,Alternative selectivity (om11_1),CJM,500
PRsym (MP46),PC270,P(catch < 270 kt),0.1604,lower is better,TRUE,1,2041-2050,Proportion of 2041-2050 iteration-years with catch below 270 kt,om11_1,Alternative selectivity (om11_1),CJM,500
HS-30 (MP47),PC270,P(catch < 270 kt),0.188,lower is better,TRUE,1,2041-2050,Proportion of 2041-2050 iteration-years with catch below 270 kt,om11_1,Alternative selectivity (om11_1),CJM,500
PR-30 (MP48),PC270,P(catch < 270 kt),0.1436,lower is better,TRUE,1,2041-2050,Proportion of 2041-2050 iteration-years with catch below 270 kt,om11_1,Alternative selectivity (om11_1),CJM,500
HS+20 (MP29),SB0red,P(Kobe red),0.4966,lower is better,FALSE,1,2041-2050,Proportion across all 2041-2050 iteration-years,om11_1,Alternative selectivity (om11_1),CJM,500
PR+20 (MP32),SB0red,P(Kobe red),0.5768,lower is better,FALSE,1,2041-2050,Proportion across all 2041-2050 iteration-years,om11_1,Alternative selectivity (om11_1),CJM,500
HS-20 (MP43),SB0red,P(Kobe red),0.5082,lower is better,FALSE,1,2041-2050,Proportion across all 2041-2050 iteration-years,om11_1,Alternative selectivity (om11_1),CJM,500
PR-20 (MP44),SB0red,P(Kobe red),0.5458,lower is better,FALSE,1,2041-2050,Proportion across all 2041-2050 iteration-years,om11_1,Alternative selectivity (om11_1),CJM,500
HSsym (MP45),SB0red,P(Kobe red),0.4968,lower is better,FALSE,1,2041-2050,Proportion across all 2041-2050 iteration-years,om11_1,Alternative selectivity (om11_1),CJM,500
PRsym (MP46),SB0red,P(Kobe red),0.5626,lower is better,FALSE,1,2041-2050,Proportion across all 2041-2050 iteration-years,om11_1,Alternative selectivity (om11_1),CJM,500
HS-30 (MP47),SB0red,P(Kobe red),0.5038,lower is better,FALSE,1,2041-2050,Proportion across all 2041-2050 iteration-years,om11_1,Alternative selectivity (om11_1),CJM,500
PR-30 (MP48),SB0red,P(Kobe red),0.5548,lower is better,FALSE,1,2041-2050,Proportion across all 2041-2050 iteration-years,om11_1,Alternative selectivity (om11_1),CJM,500
HS+20 (MP29),SBMSY,SB / SB[MSY],1.10885303105028,higher is better,FALSE,1,2041-2050,Median across iteration-specific 2041-2050 means,om11_1,Alternative selectivity (om11_1),CJM,500
HS-20 (MP43),SBMSY,SB / SB[MSY],1.0753766797731,higher is better,FALSE,1,2041-2050,Median across iteration-specific 2041-2050 means,om11_1,Alternative selectivity (om11_1),CJM,500
HSsym (MP45),SBMSY,SB / SB[MSY],1.12387241641953,higher is better,FALSE,1,2041-2050,Median across iteration-specific 2041-2050 means,om11_1,Alternative selectivity (om11_1),CJM,500
HS-30 (MP47),SBMSY,SB / SB[MSY],1.09521883137653,higher is better,FALSE,1,2041-2050,Median across iteration-specific 2041-2050 means,om11_1,Alternative selectivity (om11_1),CJM,500
PR+20 (MP32),SBMSY,SB / SB[MSY],1.0038101617718,higher is better,FALSE,1,2041-2050,Median across iteration-specific 2041-2050 means,om11_1,Alternative selectivity (om11_1),CJM,500
PR-20 (MP44),SBMSY,SB / SB[MSY],1.06125404866982,higher is better,FALSE,1,2041-2050,Median across iteration-specific 2041-2050 means,om11_1,Alternative selectivity (om11_1),CJM,500
PRsym (MP46),SBMSY,SB / SB[MSY],1.03708639295635,higher is better,FALSE,1,2041-2050,Median across iteration-specific 2041-2050 means,om11_1,Alternative selectivity (om11_1),CJM,500
PR-30 (MP48),SBMSY,SB / SB[MSY],0.997312491385502,higher is better,FALSE,1,2041-2050,Median across iteration-specific 2041-2050 means,om11_1,Alternative selectivity (om11_1),CJM,500
HS+20 (MP29),SSBbelow8dB0,SSB <8% dynamic B0 (%),0.246,lower is better,TRUE,1,2041-2050,Proportion of valid 2041-2050 iteration-years with SSB strictly below 8% of dynamic unfished SSB (previous Blim),om11_1,Alternative selectivity (om11_1),CJM,500
PR+20 (MP32),SSBbelow8dB0,SSB <8% dynamic B0 (%),0.2298,lower is better,TRUE,1,2041-2050,Proportion of valid 2041-2050 iteration-years with SSB strictly below 8% of dynamic unfished SSB (previous Blim),om11_1,Alternative selectivity (om11_1),CJM,500
HS-20 (MP43),SSBbelow8dB0,SSB <8% dynamic B0 (%),0.2612,lower is better,TRUE,1,2041-2050,Proportion of valid 2041-2050 iteration-years with SSB strictly below 8% of dynamic unfished SSB (previous Blim),om11_1,Alternative selectivity (om11_1),CJM,500
PR-20 (MP44),SSBbelow8dB0,SSB <8% dynamic B0 (%),0.2096,lower is better,TRUE,1,2041-2050,Proportion of valid 2041-2050 iteration-years with SSB strictly below 8% of dynamic unfished SSB (previous Blim),om11_1,Alternative selectivity (om11_1),CJM,500
HSsym (MP45),SSBbelow8dB0,SSB <8% dynamic B0 (%),0.2564,lower is better,TRUE,1,2041-2050,Proportion of valid 2041-2050 iteration-years with SSB strictly below 8% of dynamic unfished SSB (previous Blim),om11_1,Alternative selectivity (om11_1),CJM,500
PRsym (MP46),SSBbelow8dB0,SSB <8% dynamic B0 (%),0.2216,lower is better,TRUE,1,2041-2050,Proportion of valid 2041-2050 iteration-years with SSB strictly below 8% of dynamic unfished SSB (previous Blim),om11_1,Alternative selectivity (om11_1),CJM,500
HS-30 (MP47),SSBbelow8dB0,SSB <8% dynamic B0 (%),0.2392,lower is better,TRUE,1,2041-2050,Proportion of valid 2041-2050 iteration-years with SSB strictly below 8% of dynamic unfished SSB (previous Blim),om11_1,Alternative selectivity (om11_1),CJM,500
PR-30 (MP48),SSBbelow8dB0,SSB <8% dynamic B0 (%),0.2064,lower is better,TRUE,1,2041-2050,Proportion of valid 2041-2050 iteration-years with SSB strictly below 8% of dynamic unfished SSB (previous Blim),om11_1,Alternative selectivity (om11_1),CJM,500
HS+20 (MP29),VB2025,VB / VB[2025],7.89455769334904,higher is better,FALSE,1,2041-2050,Median across iteration-specific 2041-2050 means,om11_1,Alternative selectivity (om11_1),CJM,500
HS-20 (MP43),VB2025,VB / VB[2025],7.6065743515215,higher is better,FALSE,1,2041-2050,Median across iteration-specific 2041-2050 means,om11_1,Alternative selectivity (om11_1),CJM,500
HSsym (MP45),VB2025,VB / VB[2025],7.95883986296551,higher is better,FALSE,1,2041-2050,Median across iteration-specific 2041-2050 means,om11_1,Alternative selectivity (om11_1),CJM,500
HS-30 (MP47),VB2025,VB / VB[2025],7.78380562723561,higher is better,FALSE,1,2041-2050,Median across iteration-specific 2041-2050 means,om11_1,Alternative selectivity (om11_1),CJM,500
PR+20 (MP32),VB2025,VB / VB[2025],7.04211208953486,higher is better,FALSE,1,2041-2050,Median across iteration-specific 2041-2050 means,om11_1,Alternative selectivity (om11_1),CJM,500
PR-20 (MP44),VB2025,VB / VB[2025],7.67296019431634,higher is better,FALSE,1,2041-2050,Median across iteration-specific 2041-2050 means,om11_1,Alternative selectivity (om11_1),CJM,500
PRsym (MP46),VB2025,VB / VB[2025],7.40567843138607,higher is better,FALSE,1,2041-2050,Median across iteration-specific 2041-2050 means,om11_1,Alternative selectivity (om11_1),CJM,500
PR-30 (MP48),VB2025,VB / VB[2025],6.95275893064621,higher is better,FALSE,1,2041-2050,Median across iteration-specific 2041-2050 means,om11_1,Alternative selectivity (om11_1),CJM,500
HS+20 (MP29),VBMSY,VB / VB[MSY],0.790110878580957,higher is better,FALSE,1,2041-2050,Median across iteration-specific 2041-2050 means,om11_1,Alternative selectivity (om11_1),CJM,500
HS-20 (MP43),VBMSY,VB / VB[MSY],0.779306999219247,higher is better,FALSE,1,2041-2050,Median across iteration-specific 2041-2050 means,om11_1,Alternative selectivity (om11_1),CJM,500
HSsym (MP45),VBMSY,VB / VB[MSY],0.806515125276551,higher is better,FALSE,1,2041-2050,Median across iteration-specific 2041-2050 means,om11_1,Alternative selectivity (om11_1),CJM,500
HS-30 (MP47),VBMSY,VB / VB[MSY],0.777384460342713,higher is better,FALSE,1,2041-2050,Median across iteration-specific 2041-2050 means,om11_1,Alternative selectivity (om11_1),CJM,500
PR+20 (MP32),VBMSY,VB / VB[MSY],0.697109496710603,higher is better,FALSE,1,2041-2050,Median across iteration-specific 2041-2050 means,om11_1,Alternative selectivity (om11_1),CJM,500
PR-20 (MP44),VBMSY,VB / VB[MSY],0.759452472949645,higher is better,FALSE,1,2041-2050,Median across iteration-specific 2041-2050 means,om11_1,Alternative selectivity (om11_1),CJM,500
PRsym (MP46),VBMSY,VB / VB[MSY],0.727916351503636,higher is better,FALSE,1,2041-2050,Median across iteration-specific 2041-2050 means,om11_1,Alternative selectivity (om11_1),CJM,500
PR-30 (MP48),VBMSY,VB / VB[MSY],0.683621063846368,higher is better,FALSE,1,2041-2050,Median across iteration-specific 2041-2050 means,om11_1,Alternative selectivity (om11_1),CJM,500
HS+20 (MP29),C,Catch,1612.89052969801,higher is better,TRUE,1,2041-2050,Median across iteration-specific 2041-2050 means,om11_3,Recruitment cycle (om11_3),CJM,500
HS-20 (MP43),C,Catch,1581.47373690225,higher is better,TRUE,1,2041-2050,Median across iteration-specific 2041-2050 means,om11_3,Recruitment cycle (om11_3),CJM,500
HSsym (MP45),C,Catch,1600.22884173205,higher is better,TRUE,1,2041-2050,Median across iteration-specific 2041-2050 means,om11_3,Recruitment cycle (om11_3),CJM,500
HS-30 (MP47),C,Catch,1602.59041163484,higher is better,TRUE,1,2041-2050,Median across iteration-specific 2041-2050 means,om11_3,Recruitment cycle (om11_3),CJM,500
PR+20 (MP32),C,Catch,1564.01156242945,higher is better,TRUE,1,2041-2050,Median across iteration-specific 2041-2050 means,om11_3,Recruitment cycle (om11_3),CJM,500
PR-20 (MP44),C,Catch,1591.22953121541,higher is better,TRUE,1,2041-2050,Median across iteration-specific 2041-2050 means,om11_3,Recruitment cycle (om11_3),CJM,500
PRsym (MP46),C,Catch,1630.11662036093,higher is better,TRUE,1,2041-2050,Median across iteration-specific 2041-2050 means,om11_3,Recruitment cycle (om11_3),CJM,500
PR-30 (MP48),C,Catch,1504.5997354411,higher is better,TRUE,1,2041-2050,Median across iteration-specific 2041-2050 means,om11_3,Recruitment cycle (om11_3),CJM,500
HS+20 (MP29),CatchDrop20,Advice reductions >19% (%),0,lower is better,TRUE,1,2027-2050 (advice comparisons 2026-2049),Proportion across all valid consecutive saved HCR-advice comparisons and all iterations; advice falls strictly more than 19%; no biomass or near-20% exclusions; first saved advice has no predecessor,om11_3,Recruitment cycle (om11_3),CJM,500
HS-20 (MP43),CatchDrop20,Advice reductions >19% (%),0.08225,lower is better,TRUE,1,2027-2050 (advice comparisons 2026-2049),Proportion across all valid consecutive saved HCR-advice comparisons and all iterations; advice falls strictly more than 19%; no biomass or near-20% exclusions; first saved advice has no predecessor,om11_3,Recruitment cycle (om11_3),CJM,500
HSsym (MP45),CatchDrop20,Advice reductions >19% (%),0,lower is better,TRUE,1,2027-2050 (advice comparisons 2026-2049),Proportion across all valid consecutive saved HCR-advice comparisons and all iterations; advice falls strictly more than 19%; no biomass or near-20% exclusions; first saved advice has no predecessor,om11_3,Recruitment cycle (om11_3),CJM,500
HS-30 (MP47),CatchDrop20,Advice reductions >19% (%),0.0629166666666667,lower is better,TRUE,1,2027-2050 (advice comparisons 2026-2049),Proportion across all valid consecutive saved HCR-advice comparisons and all iterations; advice falls strictly more than 19%; no biomass or near-20% exclusions; first saved advice has no predecessor,om11_3,Recruitment cycle (om11_3),CJM,500
PR+20 (MP32),CatchDrop20,Advice reductions >19% (%),0,lower is better,TRUE,1,2027-2050 (advice comparisons 2026-2049),Proportion across all valid consecutive saved HCR-advice comparisons and all iterations; advice falls strictly more than 19%; no biomass or near-20% exclusions; first saved advice has no predecessor,om11_3,Recruitment cycle (om11_3),CJM,500
PR-20 (MP44),CatchDrop20,Advice reductions >19% (%),0.19925,lower is better,TRUE,1,2027-2050 (advice comparisons 2026-2049),Proportion across all valid consecutive saved HCR-advice comparisons and all iterations; advice falls strictly more than 19%; no biomass or near-20% exclusions; first saved advice has no predecessor,om11_3,Recruitment cycle (om11_3),CJM,500
PRsym (MP46),CatchDrop20,Advice reductions >19% (%),0,lower is better,TRUE,1,2027-2050 (advice comparisons 2026-2049),Proportion across all valid consecutive saved HCR-advice comparisons and all iterations; advice falls strictly more than 19%; no biomass or near-20% exclusions; first saved advice has no predecessor,om11_3,Recruitment cycle (om11_3),CJM,500
PR-30 (MP48),CatchDrop20,Advice reductions >19% (%),0.149083333333333,lower is better,TRUE,1,2027-2050 (advice comparisons 2026-2049),Proportion across all valid consecutive saved HCR-advice comparisons and all iterations; advice falls strictly more than 19%; no biomass or near-20% exclusions; first saved advice has no predecessor,om11_3,Recruitment cycle (om11_3),CJM,500
HS+20 (MP29),Creduction,Mean catch reduction,3.59191792959442,lower is better,FALSE,1,2041-2050,Median across iteration-specific 2026-2050 mean reductions,om11_3,Recruitment cycle (om11_3),CJM,500
PR+20 (MP32),Creduction,Mean catch reduction,5.49653249536316,lower is better,FALSE,1,2041-2050,Median across iteration-specific 2026-2050 mean reductions,om11_3,Recruitment cycle (om11_3),CJM,500
HS-20 (MP43),Creduction,Mean catch reduction,3.69720793163561,lower is better,FALSE,1,2041-2050,Median across iteration-specific 2026-2050 mean reductions,om11_3,Recruitment cycle (om11_3),CJM,500
PR-20 (MP44),Creduction,Mean catch reduction,5.63985281729081,lower is better,FALSE,1,2041-2050,Median across iteration-specific 2026-2050 mean reductions,om11_3,Recruitment cycle (om11_3),CJM,500
HSsym (MP45),Creduction,Mean catch reduction,3.43899065020993,lower is better,FALSE,1,2041-2050,Median across iteration-specific 2026-2050 mean reductions,om11_3,Recruitment cycle (om11_3),CJM,500
PRsym (MP46),Creduction,Mean catch reduction,5.24179715788373,lower is better,FALSE,1,2041-2050,Median across iteration-specific 2026-2050 mean reductions,om11_3,Recruitment cycle (om11_3),CJM,500
HS-30 (MP47),Creduction,Mean catch reduction,3.76997778247588,lower is better,FALSE,1,2041-2050,Median across iteration-specific 2026-2050 mean reductions,om11_3,Recruitment cycle (om11_3),CJM,500
PR-30 (MP48),Creduction,Mean catch reduction,6.16343277917631,lower is better,FALSE,1,2041-2050,Median across iteration-specific 2026-2050 mean reductions,om11_3,Recruitment cycle (om11_3),CJM,500
HS+20 (MP29),FMSY,F / F[MSY],1.1483927427316,lower is better,FALSE,1,2041-2050,Median across iteration-specific 2041-2050 means,om11_3,Recruitment cycle (om11_3),CJM,500
HS-20 (MP43),FMSY,F / F[MSY],1.24368873465593,lower is better,FALSE,1,2041-2050,Median across iteration-specific 2041-2050 means,om11_3,Recruitment cycle (om11_3),CJM,500
HSsym (MP45),FMSY,F / F[MSY],1.17682991414437,lower is better,FALSE,1,2041-2050,Median across iteration-specific 2041-2050 means,om11_3,Recruitment cycle (om11_3),CJM,500
HS-30 (MP47),FMSY,F / F[MSY],1.21279705245228,lower is better,FALSE,1,2041-2050,Median across iteration-specific 2041-2050 means,om11_3,Recruitment cycle (om11_3),CJM,500
PR+20 (MP32),FMSY,F / F[MSY],0.969741657139078,lower is better,FALSE,1,2041-2050,Median across iteration-specific 2041-2050 means,om11_3,Recruitment cycle (om11_3),CJM,500
PR-20 (MP44),FMSY,F / F[MSY],0.968174287356348,lower is better,FALSE,1,2041-2050,Median across iteration-specific 2041-2050 means,om11_3,Recruitment cycle (om11_3),CJM,500
PRsym (MP46),FMSY,F / F[MSY],0.995089911059052,lower is better,FALSE,1,2041-2050,Median across iteration-specific 2041-2050 means,om11_3,Recruitment cycle (om11_3),CJM,500
PR-30 (MP48),FMSY,F / F[MSY],0.922509243608038,lower is better,FALSE,1,2041-2050,Median across iteration-specific 2041-2050 means,om11_3,Recruitment cycle (om11_3),CJM,500
HS+20 (MP29),IACC,IACC,7.31587147924047,lower is better,TRUE,1,2041-2050,Median across iteration-specific 2041-2050 means,om11_3,Recruitment cycle (om11_3),CJM,500
HS-20 (MP43),IACC,IACC,7.18704340400241,lower is better,TRUE,1,2041-2050,Median across iteration-specific 2041-2050 means,om11_3,Recruitment cycle (om11_3),CJM,500
HSsym (MP45),IACC,IACC,7.04966497350257,lower is better,TRUE,1,2041-2050,Median across iteration-specific 2041-2050 means,om11_3,Recruitment cycle (om11_3),CJM,500
HS-30 (MP47),IACC,IACC,7.66238222507597,lower is better,TRUE,1,2041-2050,Median across iteration-specific 2041-2050 means,om11_3,Recruitment cycle (om11_3),CJM,500
PR+20 (MP32),IACC,IACC,11.1362247967941,lower is better,TRUE,1,2041-2050,Median across iteration-specific 2041-2050 means,om11_3,Recruitment cycle (om11_3),CJM,500
PR-20 (MP44),IACC,IACC,11.480268733505,lower is better,TRUE,1,2041-2050,Median across iteration-specific 2041-2050 means,om11_3,Recruitment cycle (om11_3),CJM,500
PRsym (MP46),IACC,IACC,10.9240217618978,lower is better,TRUE,1,2041-2050,Median across iteration-specific 2041-2050 means,om11_3,Recruitment cycle (om11_3),CJM,500
PR-30 (MP48),IACC,IACC,12.5024882088401,lower is better,TRUE,1,2041-2050,Median across iteration-specific 2041-2050 means,om11_3,Recruitment cycle (om11_3),CJM,500
HS+20 (MP29),PC270,P(catch < 270 kt),0.0908,lower is better,TRUE,1,2041-2050,Proportion of 2041-2050 iteration-years with catch below 270 kt,om11_3,Recruitment cycle (om11_3),CJM,500
PR+20 (MP32),PC270,P(catch < 270 kt),0.0604,lower is better,TRUE,1,2041-2050,Proportion of 2041-2050 iteration-years with catch below 270 kt,om11_3,Recruitment cycle (om11_3),CJM,500
HS-20 (MP43),PC270,P(catch < 270 kt),0.0968,lower is better,TRUE,1,2041-2050,Proportion of 2041-2050 iteration-years with catch below 270 kt,om11_3,Recruitment cycle (om11_3),CJM,500
PR-20 (MP44),PC270,P(catch < 270 kt),0.054,lower is better,TRUE,1,2041-2050,Proportion of 2041-2050 iteration-years with catch below 270 kt,om11_3,Recruitment cycle (om11_3),CJM,500
HSsym (MP45),PC270,P(catch < 270 kt),0.0978,lower is better,TRUE,1,2041-2050,Proportion of 2041-2050 iteration-years with catch below 270 kt,om11_3,Recruitment cycle (om11_3),CJM,500
PRsym (MP46),PC270,P(catch < 270 kt),0.066,lower is better,TRUE,1,2041-2050,Proportion of 2041-2050 iteration-years with catch below 270 kt,om11_3,Recruitment cycle (om11_3),CJM,500
HS-30 (MP47),PC270,P(catch < 270 kt),0.0686,lower is better,TRUE,1,2041-2050,Proportion of 2041-2050 iteration-years with catch below 270 kt,om11_3,Recruitment cycle (om11_3),CJM,500
PR-30 (MP48),PC270,P(catch < 270 kt),0.0436,lower is better,TRUE,1,2041-2050,Proportion of 2041-2050 iteration-years with catch below 270 kt,om11_3,Recruitment cycle (om11_3),CJM,500
HS+20 (MP29),SB0red,P(Kobe red),0.4228,lower is better,FALSE,1,2041-2050,Proportion across all 2041-2050 iteration-years,om11_3,Recruitment cycle (om11_3),CJM,500
PR+20 (MP32),SB0red,P(Kobe red),0.3474,lower is better,FALSE,1,2041-2050,Proportion across all 2041-2050 iteration-years,om11_3,Recruitment cycle (om11_3),CJM,500
HS-20 (MP43),SB0red,P(Kobe red),0.4454,lower is better,FALSE,1,2041-2050,Proportion across all 2041-2050 iteration-years,om11_3,Recruitment cycle (om11_3),CJM,500
PR-20 (MP44),SB0red,P(Kobe red),0.3298,lower is better,FALSE,1,2041-2050,Proportion across all 2041-2050 iteration-years,om11_3,Recruitment cycle (om11_3),CJM,500
HSsym (MP45),SB0red,P(Kobe red),0.4302,lower is better,FALSE,1,2041-2050,Proportion across all 2041-2050 iteration-years,om11_3,Recruitment cycle (om11_3),CJM,500
PRsym (MP46),SB0red,P(Kobe red),0.3526,lower is better,FALSE,1,2041-2050,Proportion across all 2041-2050 iteration-years,om11_3,Recruitment cycle (om11_3),CJM,500
HS-30 (MP47),SB0red,P(Kobe red),0.4336,lower is better,FALSE,1,2041-2050,Proportion across all 2041-2050 iteration-years,om11_3,Recruitment cycle (om11_3),CJM,500
PR-30 (MP48),SB0red,P(Kobe red),0.2876,lower is better,FALSE,1,2041-2050,Proportion across all 2041-2050 iteration-years,om11_3,Recruitment cycle (om11_3),CJM,500
HS+20 (MP29),SBMSY,SB / SB[MSY],1.04421437018315,higher is better,FALSE,1,2041-2050,Median across iteration-specific 2041-2050 means,om11_3,Recruitment cycle (om11_3),CJM,500
HS-20 (MP43),SBMSY,SB / SB[MSY],1.01612959049799,higher is better,FALSE,1,2041-2050,Median across iteration-specific 2041-2050 means,om11_3,Recruitment cycle (om11_3),CJM,500
HSsym (MP45),SBMSY,SB / SB[MSY],1.04576783287073,higher is better,FALSE,1,2041-2050,Median across iteration-specific 2041-2050 means,om11_3,Recruitment cycle (om11_3),CJM,500
HS-30 (MP47),SBMSY,SB / SB[MSY],1.02407464847882,higher is better,FALSE,1,2041-2050,Median across iteration-specific 2041-2050 means,om11_3,Recruitment cycle (om11_3),CJM,500
PR+20 (MP32),SBMSY,SB / SB[MSY],1.10839577971137,higher is better,FALSE,1,2041-2050,Median across iteration-specific 2041-2050 means,om11_3,Recruitment cycle (om11_3),CJM,500
PR-20 (MP44),SBMSY,SB / SB[MSY],1.11104219521513,higher is better,FALSE,1,2041-2050,Median across iteration-specific 2041-2050 means,om11_3,Recruitment cycle (om11_3),CJM,500
PRsym (MP46),SBMSY,SB / SB[MSY],1.11230163447363,higher is better,FALSE,1,2041-2050,Median across iteration-specific 2041-2050 means,om11_3,Recruitment cycle (om11_3),CJM,500
PR-30 (MP48),SBMSY,SB / SB[MSY],1.12379483011214,higher is better,FALSE,1,2041-2050,Median across iteration-specific 2041-2050 means,om11_3,Recruitment cycle (om11_3),CJM,500
HS+20 (MP29),SSBbelow8dB0,SSB <8% dynamic B0 (%),0.1258,lower is better,TRUE,1,2041-2050,Proportion of valid 2041-2050 iteration-years with SSB strictly below 8% of dynamic unfished SSB (previous Blim),om11_3,Recruitment cycle (om11_3),CJM,500
PR+20 (MP32),SSBbelow8dB0,SSB <8% dynamic B0 (%),0.0954,lower is better,TRUE,1,2041-2050,Proportion of valid 2041-2050 iteration-years with SSB strictly below 8% of dynamic unfished SSB (previous Blim),om11_3,Recruitment cycle (om11_3),CJM,500
HS-20 (MP43),SSBbelow8dB0,SSB <8% dynamic B0 (%),0.1316,lower is better,TRUE,1,2041-2050,Proportion of valid 2041-2050 iteration-years with SSB strictly below 8% of dynamic unfished SSB (previous Blim),om11_3,Recruitment cycle (om11_3),CJM,500
PR-20 (MP44),SSBbelow8dB0,SSB <8% dynamic B0 (%),0.0768,lower is better,TRUE,1,2041-2050,Proportion of valid 2041-2050 iteration-years with SSB strictly below 8% of dynamic unfished SSB (previous Blim),om11_3,Recruitment cycle (om11_3),CJM,500
HSsym (MP45),SSBbelow8dB0,SSB <8% dynamic B0 (%),0.1312,lower is better,TRUE,1,2041-2050,Proportion of valid 2041-2050 iteration-years with SSB strictly below 8% of dynamic unfished SSB (previous Blim),om11_3,Recruitment cycle (om11_3),CJM,500
PRsym (MP46),SSBbelow8dB0,SSB <8% dynamic B0 (%),0.096,lower is better,TRUE,1,2041-2050,Proportion of valid 2041-2050 iteration-years with SSB strictly below 8% of dynamic unfished SSB (previous Blim),om11_3,Recruitment cycle (om11_3),CJM,500
HS-30 (MP47),SSBbelow8dB0,SSB <8% dynamic B0 (%),0.1056,lower is better,TRUE,1,2041-2050,Proportion of valid 2041-2050 iteration-years with SSB strictly below 8% of dynamic unfished SSB (previous Blim),om11_3,Recruitment cycle (om11_3),CJM,500
PR-30 (MP48),SSBbelow8dB0,SSB <8% dynamic B0 (%),0.064,lower is better,TRUE,1,2041-2050,Proportion of valid 2041-2050 iteration-years with SSB strictly below 8% of dynamic unfished SSB (previous Blim),om11_3,Recruitment cycle (om11_3),CJM,500
HS+20 (MP29),VB2025,VB / VB[2025],3.04137592831864,higher is better,FALSE,1,2041-2050,Median across iteration-specific 2041-2050 means,om11_3,Recruitment cycle (om11_3),CJM,500
HS-20 (MP43),VB2025,VB / VB[2025],2.90860568293859,higher is better,FALSE,1,2041-2050,Median across iteration-specific 2041-2050 means,om11_3,Recruitment cycle (om11_3),CJM,500
HSsym (MP45),VB2025,VB / VB[2025],3.05396234172006,higher is better,FALSE,1,2041-2050,Median across iteration-specific 2041-2050 means,om11_3,Recruitment cycle (om11_3),CJM,500
HS-30 (MP47),VB2025,VB / VB[2025],2.90848808482545,higher is better,FALSE,1,2041-2050,Median across iteration-specific 2041-2050 means,om11_3,Recruitment cycle (om11_3),CJM,500
PR+20 (MP32),VB2025,VB / VB[2025],3.57827623425171,higher is better,FALSE,1,2041-2050,Median across iteration-specific 2041-2050 means,om11_3,Recruitment cycle (om11_3),CJM,500
PR-20 (MP44),VB2025,VB / VB[2025],3.68555270782095,higher is better,FALSE,1,2041-2050,Median across iteration-specific 2041-2050 means,om11_3,Recruitment cycle (om11_3),CJM,500
PRsym (MP46),VB2025,VB / VB[2025],3.68821722698962,higher is better,FALSE,1,2041-2050,Median across iteration-specific 2041-2050 means,om11_3,Recruitment cycle (om11_3),CJM,500
PR-30 (MP48),VB2025,VB / VB[2025],3.62022640650489,higher is better,FALSE,1,2041-2050,Median across iteration-specific 2041-2050 means,om11_3,Recruitment cycle (om11_3),CJM,500
HS+20 (MP29),VBMSY,VB / VB[MSY],0.539349005319316,higher is better,FALSE,1,2041-2050,Median across iteration-specific 2041-2050 means,om11_3,Recruitment cycle (om11_3),CJM,500
HS-20 (MP43),VBMSY,VB / VB[MSY],0.507916384863087,higher is better,FALSE,1,2041-2050,Median across iteration-specific 2041-2050 means,om11_3,Recruitment cycle (om11_3),CJM,500
HSsym (MP45),VBMSY,VB / VB[MSY],0.532811381440567,higher is better,FALSE,1,2041-2050,Median across iteration-specific 2041-2050 means,om11_3,Recruitment cycle (om11_3),CJM,500
HS-30 (MP47),VBMSY,VB / VB[MSY],0.517582448088361,higher is better,FALSE,1,2041-2050,Median across iteration-specific 2041-2050 means,om11_3,Recruitment cycle (om11_3),CJM,500
PR+20 (MP32),VBMSY,VB / VB[MSY],0.605303683857733,higher is better,FALSE,1,2041-2050,Median across iteration-specific 2041-2050 means,om11_3,Recruitment cycle (om11_3),CJM,500
PR-20 (MP44),VBMSY,VB / VB[MSY],0.600309408860499,higher is better,FALSE,1,2041-2050,Median across iteration-specific 2041-2050 means,om11_3,Recruitment cycle (om11_3),CJM,500
PRsym (MP46),VBMSY,VB / VB[MSY],0.599831465772774,higher is better,FALSE,1,2041-2050,Median across iteration-specific 2041-2050 means,om11_3,Recruitment cycle (om11_3),CJM,500
PR-30 (MP48),VBMSY,VB / VB[MSY],0.600124963817245,higher is better,FALSE,1,2041-2050,Median across iteration-specific 2041-2050 means,om11_3,Recruitment cycle (om11_3),CJM,500
HS+20 (MP29),C,Catch,1476.42081663142,higher is better,TRUE,1,2041-2050,Median across iteration-specific 2041-2050 means,om12,Higher steepness (om12),CJM,500
HS-20 (MP43),C,Catch,1459.71679210392,higher is better,TRUE,1,2041-2050,Median across iteration-specific 2041-2050 means,om12,Higher steepness (om12),CJM,500
HSsym (MP45),C,Catch,1460.30603709483,higher is better,TRUE,1,2041-2050,Median across iteration-specific 2041-2050 means,om12,Higher steepness (om12),CJM,500
HS-30 (MP47),C,Catch,1474.44135441703,higher is better,TRUE,1,2041-2050,Median across iteration-specific 2041-2050 means,om12,Higher steepness (om12),CJM,500
PR+20 (MP32),C,Catch,1369.38665153359,higher is better,TRUE,1,2041-2050,Median across iteration-specific 2041-2050 means,om12,Higher steepness (om12),CJM,500
PR-20 (MP44),C,Catch,1339.6547757342,higher is better,TRUE,1,2041-2050,Median across iteration-specific 2041-2050 means,om12,Higher steepness (om12),CJM,500
PRsym (MP46),C,Catch,1409.22346959452,higher is better,TRUE,1,2041-2050,Median across iteration-specific 2041-2050 means,om12,Higher steepness (om12),CJM,500
PR-30 (MP48),C,Catch,1283.06014835677,higher is better,TRUE,1,2041-2050,Median across iteration-specific 2041-2050 means,om12,Higher steepness (om12),CJM,500
HS+20 (MP29),CatchDrop20,Advice reductions >19% (%),0,lower is better,TRUE,1,2027-2050 (advice comparisons 2026-2049),Proportion across all valid consecutive saved HCR-advice comparisons and all iterations; advice falls strictly more than 19%; no biomass or near-20% exclusions; first saved advice has no predecessor,om12,Higher steepness (om12),CJM,500
HS-20 (MP43),CatchDrop20,Advice reductions >19% (%),0.092,lower is better,TRUE,1,2027-2050 (advice comparisons 2026-2049),Proportion across all valid consecutive saved HCR-advice comparisons and all iterations; advice falls strictly more than 19%; no biomass or near-20% exclusions; first saved advice has no predecessor,om12,Higher steepness (om12),CJM,500
HSsym (MP45),CatchDrop20,Advice reductions >19% (%),0,lower is better,TRUE,1,2027-2050 (advice comparisons 2026-2049),Proportion across all valid consecutive saved HCR-advice comparisons and all iterations; advice falls strictly more than 19%; no biomass or near-20% exclusions; first saved advice has no predecessor,om12,Higher steepness (om12),CJM,500
HS-30 (MP47),CatchDrop20,Advice reductions >19% (%),0.0700833333333333,lower is better,TRUE,1,2027-2050 (advice comparisons 2026-2049),Proportion across all valid consecutive saved HCR-advice comparisons and all iterations; advice falls strictly more than 19%; no biomass or near-20% exclusions; first saved advice has no predecessor,om12,Higher steepness (om12),CJM,500
PR+20 (MP32),CatchDrop20,Advice reductions >19% (%),0,lower is better,TRUE,1,2027-2050 (advice comparisons 2026-2049),Proportion across all valid consecutive saved HCR-advice comparisons and all iterations; advice falls strictly more than 19%; no biomass or near-20% exclusions; first saved advice has no predecessor,om12,Higher steepness (om12),CJM,500
PR-20 (MP44),CatchDrop20,Advice reductions >19% (%),0.221,lower is better,TRUE,1,2027-2050 (advice comparisons 2026-2049),Proportion across all valid consecutive saved HCR-advice comparisons and all iterations; advice falls strictly more than 19%; no biomass or near-20% exclusions; first saved advice has no predecessor,om12,Higher steepness (om12),CJM,500
PRsym (MP46),CatchDrop20,Advice reductions >19% (%),0,lower is better,TRUE,1,2027-2050 (advice comparisons 2026-2049),Proportion across all valid consecutive saved HCR-advice comparisons and all iterations; advice falls strictly more than 19%; no biomass or near-20% exclusions; first saved advice has no predecessor,om12,Higher steepness (om12),CJM,500
PR-30 (MP48),CatchDrop20,Advice reductions >19% (%),0.16775,lower is better,TRUE,1,2027-2050 (advice comparisons 2026-2049),Proportion across all valid consecutive saved HCR-advice comparisons and all iterations; advice falls strictly more than 19%; no biomass or near-20% exclusions; first saved advice has no predecessor,om12,Higher steepness (om12),CJM,500
HS+20 (MP29),Creduction,Mean catch reduction,4.1198797432602,lower is better,FALSE,1,2041-2050,Median across iteration-specific 2026-2050 mean reductions,om12,Higher steepness (om12),CJM,500
PR+20 (MP32),Creduction,Mean catch reduction,5.93563842108474,lower is better,FALSE,1,2041-2050,Median across iteration-specific 2026-2050 mean reductions,om12,Higher steepness (om12),CJM,500
HS-20 (MP43),Creduction,Mean catch reduction,4.18371277278657,lower is better,FALSE,1,2041-2050,Median across iteration-specific 2026-2050 mean reductions,om12,Higher steepness (om12),CJM,500
PR-20 (MP44),Creduction,Mean catch reduction,6.14958782773766,lower is better,FALSE,1,2041-2050,Median across iteration-specific 2026-2050 mean reductions,om12,Higher steepness (om12),CJM,500
HSsym (MP45),Creduction,Mean catch reduction,4.00578912119468,lower is better,FALSE,1,2041-2050,Median across iteration-specific 2026-2050 mean reductions,om12,Higher steepness (om12),CJM,500
PRsym (MP46),Creduction,Mean catch reduction,5.59624708229251,lower is better,FALSE,1,2041-2050,Median across iteration-specific 2026-2050 mean reductions,om12,Higher steepness (om12),CJM,500
HS-30 (MP47),Creduction,Mean catch reduction,4.30926279047252,lower is better,FALSE,1,2041-2050,Median across iteration-specific 2026-2050 mean reductions,om12,Higher steepness (om12),CJM,500
PR-30 (MP48),Creduction,Mean catch reduction,6.69062184656746,lower is better,FALSE,1,2041-2050,Median across iteration-specific 2026-2050 mean reductions,om12,Higher steepness (om12),CJM,500
HS+20 (MP29),FMSY,F / F[MSY],0.720605717037167,lower is better,FALSE,1,2041-2050,Median across iteration-specific 2041-2050 means,om12,Higher steepness (om12),CJM,500
HS-20 (MP43),FMSY,F / F[MSY],0.741813849821637,lower is better,FALSE,1,2041-2050,Median across iteration-specific 2041-2050 means,om12,Higher steepness (om12),CJM,500
HSsym (MP45),FMSY,F / F[MSY],0.72259327109882,lower is better,FALSE,1,2041-2050,Median across iteration-specific 2041-2050 means,om12,Higher steepness (om12),CJM,500
HS-30 (MP47),FMSY,F / F[MSY],0.721934303591516,lower is better,FALSE,1,2041-2050,Median across iteration-specific 2041-2050 means,om12,Higher steepness (om12),CJM,500
PR+20 (MP32),FMSY,F / F[MSY],0.628382251256325,lower is better,FALSE,1,2041-2050,Median across iteration-specific 2041-2050 means,om12,Higher steepness (om12),CJM,500
PR-20 (MP44),FMSY,F / F[MSY],0.60265472605738,lower is better,FALSE,1,2041-2050,Median across iteration-specific 2041-2050 means,om12,Higher steepness (om12),CJM,500
PRsym (MP46),FMSY,F / F[MSY],0.634714352493392,lower is better,FALSE,1,2041-2050,Median across iteration-specific 2041-2050 means,om12,Higher steepness (om12),CJM,500
PR-30 (MP48),FMSY,F / F[MSY],0.56217601794618,lower is better,FALSE,1,2041-2050,Median across iteration-specific 2041-2050 means,om12,Higher steepness (om12),CJM,500
HS+20 (MP29),IACC,IACC,8.99327494641798,lower is better,TRUE,1,2041-2050,Median across iteration-specific 2041-2050 means,om12,Higher steepness (om12),CJM,500
HS-20 (MP43),IACC,IACC,9.2830699533232,lower is better,TRUE,1,2041-2050,Median across iteration-specific 2041-2050 means,om12,Higher steepness (om12),CJM,500
HSsym (MP45),IACC,IACC,8.93970891963978,lower is better,TRUE,1,2041-2050,Median across iteration-specific 2041-2050 means,om12,Higher steepness (om12),CJM,500
HS-30 (MP47),IACC,IACC,9.71989342312488,lower is better,TRUE,1,2041-2050,Median across iteration-specific 2041-2050 means,om12,Higher steepness (om12),CJM,500
PR+20 (MP32),IACC,IACC,12.3003531269359,lower is better,TRUE,1,2041-2050,Median across iteration-specific 2041-2050 means,om12,Higher steepness (om12),CJM,500
PR-20 (MP44),IACC,IACC,12.9605492594494,lower is better,TRUE,1,2041-2050,Median across iteration-specific 2041-2050 means,om12,Higher steepness (om12),CJM,500
PRsym (MP46),IACC,IACC,11.9359712353763,lower is better,TRUE,1,2041-2050,Median across iteration-specific 2041-2050 means,om12,Higher steepness (om12),CJM,500
PR-30 (MP48),IACC,IACC,14.689199694504,lower is better,TRUE,1,2041-2050,Median across iteration-specific 2041-2050 means,om12,Higher steepness (om12),CJM,500
HS+20 (MP29),PC270,P(catch < 270 kt),0.0484,lower is better,TRUE,1,2041-2050,Proportion of 2041-2050 iteration-years with catch below 270 kt,om12,Higher steepness (om12),CJM,500
PR+20 (MP32),PC270,P(catch < 270 kt),0.0482,lower is better,TRUE,1,2041-2050,Proportion of 2041-2050 iteration-years with catch below 270 kt,om12,Higher steepness (om12),CJM,500
HS-20 (MP43),PC270,P(catch < 270 kt),0.045,lower is better,TRUE,1,2041-2050,Proportion of 2041-2050 iteration-years with catch below 270 kt,om12,Higher steepness (om12),CJM,500
PR-20 (MP44),PC270,P(catch < 270 kt),0.0468,lower is better,TRUE,1,2041-2050,Proportion of 2041-2050 iteration-years with catch below 270 kt,om12,Higher steepness (om12),CJM,500
HSsym (MP45),PC270,P(catch < 270 kt),0.051,lower is better,TRUE,1,2041-2050,Proportion of 2041-2050 iteration-years with catch below 270 kt,om12,Higher steepness (om12),CJM,500
PRsym (MP46),PC270,P(catch < 270 kt),0.0514,lower is better,TRUE,1,2041-2050,Proportion of 2041-2050 iteration-years with catch below 270 kt,om12,Higher steepness (om12),CJM,500
HS-30 (MP47),PC270,P(catch < 270 kt),0.026,lower is better,TRUE,1,2041-2050,Proportion of 2041-2050 iteration-years with catch below 270 kt,om12,Higher steepness (om12),CJM,500
PR-30 (MP48),PC270,P(catch < 270 kt),0.0328,lower is better,TRUE,1,2041-2050,Proportion of 2041-2050 iteration-years with catch below 270 kt,om12,Higher steepness (om12),CJM,500
HS+20 (MP29),SB0red,P(Kobe red),0.2134,lower is better,FALSE,1,2041-2050,Proportion across all 2041-2050 iteration-years,om12,Higher steepness (om12),CJM,500
PR+20 (MP32),SB0red,P(Kobe red),0.1924,lower is better,FALSE,1,2041-2050,Proportion across all 2041-2050 iteration-years,om12,Higher steepness (om12),CJM,500
HS-20 (MP43),SB0red,P(Kobe red),0.2184,lower is better,FALSE,1,2041-2050,Proportion across all 2041-2050 iteration-years,om12,Higher steepness (om12),CJM,500
PR-20 (MP44),SB0red,P(Kobe red),0.1804,lower is better,FALSE,1,2041-2050,Proportion across all 2041-2050 iteration-years,om12,Higher steepness (om12),CJM,500
HSsym (MP45),SB0red,P(Kobe red),0.2206,lower is better,FALSE,1,2041-2050,Proportion across all 2041-2050 iteration-years,om12,Higher steepness (om12),CJM,500
PRsym (MP46),SB0red,P(Kobe red),0.199,lower is better,FALSE,1,2041-2050,Proportion across all 2041-2050 iteration-years,om12,Higher steepness (om12),CJM,500
HS-30 (MP47),SB0red,P(Kobe red),0.1904,lower is better,FALSE,1,2041-2050,Proportion across all 2041-2050 iteration-years,om12,Higher steepness (om12),CJM,500
PR-30 (MP48),SB0red,P(Kobe red),0.144,lower is better,FALSE,1,2041-2050,Proportion across all 2041-2050 iteration-years,om12,Higher steepness (om12),CJM,500
HS+20 (MP29),SBMSY,SB / SB[MSY],1.64344788106466,higher is better,FALSE,1,2041-2050,Median across iteration-specific 2041-2050 means,om12,Higher steepness (om12),CJM,500
HS-20 (MP43),SBMSY,SB / SB[MSY],1.63341008067617,higher is better,FALSE,1,2041-2050,Median across iteration-specific 2041-2050 means,om12,Higher steepness (om12),CJM,500
HSsym (MP45),SBMSY,SB / SB[MSY],1.64161204147551,higher is better,FALSE,1,2041-2050,Median across iteration-specific 2041-2050 means,om12,Higher steepness (om12),CJM,500
HS-30 (MP47),SBMSY,SB / SB[MSY],1.63667072918043,higher is better,FALSE,1,2041-2050,Median across iteration-specific 2041-2050 means,om12,Higher steepness (om12),CJM,500
PR+20 (MP32),SBMSY,SB / SB[MSY],1.74017842238399,higher is better,FALSE,1,2041-2050,Median across iteration-specific 2041-2050 means,om12,Higher steepness (om12),CJM,500
PR-20 (MP44),SBMSY,SB / SB[MSY],1.75806922933796,higher is better,FALSE,1,2041-2050,Median across iteration-specific 2041-2050 means,om12,Higher steepness (om12),CJM,500
PRsym (MP46),SBMSY,SB / SB[MSY],1.75694626933029,higher is better,FALSE,1,2041-2050,Median across iteration-specific 2041-2050 means,om12,Higher steepness (om12),CJM,500
PR-30 (MP48),SBMSY,SB / SB[MSY],1.77043919716343,higher is better,FALSE,1,2041-2050,Median across iteration-specific 2041-2050 means,om12,Higher steepness (om12),CJM,500
HS+20 (MP29),SSBbelow8dB0,SSB <8% dynamic B0 (%),0.0626,lower is better,TRUE,1,2041-2050,Proportion of valid 2041-2050 iteration-years with SSB strictly below 8% of dynamic unfished SSB (previous Blim),om12,Higher steepness (om12),CJM,500
PR+20 (MP32),SSBbelow8dB0,SSB <8% dynamic B0 (%),0.0668,lower is better,TRUE,1,2041-2050,Proportion of valid 2041-2050 iteration-years with SSB strictly below 8% of dynamic unfished SSB (previous Blim),om12,Higher steepness (om12),CJM,500
HS-20 (MP43),SSBbelow8dB0,SSB <8% dynamic B0 (%),0.0576,lower is better,TRUE,1,2041-2050,Proportion of valid 2041-2050 iteration-years with SSB strictly below 8% of dynamic unfished SSB (previous Blim),om12,Higher steepness (om12),CJM,500
PR-20 (MP44),SSBbelow8dB0,SSB <8% dynamic B0 (%),0.0622,lower is better,TRUE,1,2041-2050,Proportion of valid 2041-2050 iteration-years with SSB strictly below 8% of dynamic unfished SSB (previous Blim),om12,Higher steepness (om12),CJM,500
HSsym (MP45),SSBbelow8dB0,SSB <8% dynamic B0 (%),0.0654,lower is better,TRUE,1,2041-2050,Proportion of valid 2041-2050 iteration-years with SSB strictly below 8% of dynamic unfished SSB (previous Blim),om12,Higher steepness (om12),CJM,500
PRsym (MP46),SSBbelow8dB0,SSB <8% dynamic B0 (%),0.0698,lower is better,TRUE,1,2041-2050,Proportion of valid 2041-2050 iteration-years with SSB strictly below 8% of dynamic unfished SSB (previous Blim),om12,Higher steepness (om12),CJM,500
HS-30 (MP47),SSBbelow8dB0,SSB <8% dynamic B0 (%),0.0372,lower is better,TRUE,1,2041-2050,Proportion of valid 2041-2050 iteration-years with SSB strictly below 8% of dynamic unfished SSB (previous Blim),om12,Higher steepness (om12),CJM,500
PR-30 (MP48),SSBbelow8dB0,SSB <8% dynamic B0 (%),0.0484,lower is better,TRUE,1,2041-2050,Proportion of valid 2041-2050 iteration-years with SSB strictly below 8% of dynamic unfished SSB (previous Blim),om12,Higher steepness (om12),CJM,500
HS+20 (MP29),VB2025,VB / VB[2025],2.93447375642595,higher is better,FALSE,1,2041-2050,Median across iteration-specific 2041-2050 means,om12,Higher steepness (om12),CJM,500
HS-20 (MP43),VB2025,VB / VB[2025],2.76808580925491,higher is better,FALSE,1,2041-2050,Median across iteration-specific 2041-2050 means,om12,Higher steepness (om12),CJM,500
HSsym (MP45),VB2025,VB / VB[2025],2.89469449038613,higher is better,FALSE,1,2041-2050,Median across iteration-specific 2041-2050 means,om12,Higher steepness (om12),CJM,500
HS-30 (MP47),VB2025,VB / VB[2025],2.84643501220745,higher is better,FALSE,1,2041-2050,Median across iteration-specific 2041-2050 means,om12,Higher steepness (om12),CJM,500
PR+20 (MP32),VB2025,VB / VB[2025],3.36479175310156,higher is better,FALSE,1,2041-2050,Median across iteration-specific 2041-2050 means,om12,Higher steepness (om12),CJM,500
PR-20 (MP44),VB2025,VB / VB[2025],3.49038572602916,higher is better,FALSE,1,2041-2050,Median across iteration-specific 2041-2050 means,om12,Higher steepness (om12),CJM,500
PRsym (MP46),VB2025,VB / VB[2025],3.44721051227696,higher is better,FALSE,1,2041-2050,Median across iteration-specific 2041-2050 means,om12,Higher steepness (om12),CJM,500
PR-30 (MP48),VB2025,VB / VB[2025],3.42229224942224,higher is better,FALSE,1,2041-2050,Median across iteration-specific 2041-2050 means,om12,Higher steepness (om12),CJM,500
HS+20 (MP29),VBMSY,VB / VB[MSY],0.989906149750141,higher is better,FALSE,1,2041-2050,Median across iteration-specific 2041-2050 means,om12,Higher steepness (om12),CJM,500
HS-20 (MP43),VBMSY,VB / VB[MSY],0.973129537336978,higher is better,FALSE,1,2041-2050,Median across iteration-specific 2041-2050 means,om12,Higher steepness (om12),CJM,500
HSsym (MP45),VBMSY,VB / VB[MSY],0.984283702096041,higher is better,FALSE,1,2041-2050,Median across iteration-specific 2041-2050 means,om12,Higher steepness (om12),CJM,500
HS-30 (MP47),VBMSY,VB / VB[MSY],0.989271446438967,higher is better,FALSE,1,2041-2050,Median across iteration-specific 2041-2050 means,om12,Higher steepness (om12),CJM,500
PR+20 (MP32),VBMSY,VB / VB[MSY],1.1317507343403,higher is better,FALSE,1,2041-2050,Median across iteration-specific 2041-2050 means,om12,Higher steepness (om12),CJM,500
PR-20 (MP44),VBMSY,VB / VB[MSY],1.13752228073917,higher is better,FALSE,1,2041-2050,Median across iteration-specific 2041-2050 means,om12,Higher steepness (om12),CJM,500
PRsym (MP46),VBMSY,VB / VB[MSY],1.12616914576943,higher is better,FALSE,1,2041-2050,Median across iteration-specific 2041-2050 means,om12,Higher steepness (om12),CJM,500
PR-30 (MP48),VBMSY,VB / VB[MSY],1.15932018075193,higher is better,FALSE,1,2041-2050,Median across iteration-specific 2041-2050 means,om12,Higher steepness (om12),CJM,500
HS+20 (MP29),C,Catch,1837.79197520951,higher is better,TRUE,1,2041-2050,Median across iteration-specific 2041-2050 means,om13,Alternative assessment (om13),CJM,500
HS-20 (MP43),C,Catch,1863.17751391185,higher is better,TRUE,1,2041-2050,Median across iteration-specific 2041-2050 means,om13,Alternative assessment (om13),CJM,500
HSsym (MP45),C,Catch,1853.75271768558,higher is better,TRUE,1,2041-2050,Median across iteration-specific 2041-2050 means,om13,Alternative assessment (om13),CJM,500
HS-30 (MP47),C,Catch,1854.94023257992,higher is better,TRUE,1,2041-2050,Median across iteration-specific 2041-2050 means,om13,Alternative assessment (om13),CJM,500
PR+20 (MP32),C,Catch,1773.0038108402,higher is better,TRUE,1,2041-2050,Median across iteration-specific 2041-2050 means,om13,Alternative assessment (om13),CJM,500
PR-20 (MP44),C,Catch,1778.24272470068,higher is better,TRUE,1,2041-2050,Median across iteration-specific 2041-2050 means,om13,Alternative assessment (om13),CJM,500
PRsym (MP46),C,Catch,1779.40493065639,higher is better,TRUE,1,2041-2050,Median across iteration-specific 2041-2050 means,om13,Alternative assessment (om13),CJM,500
PR-30 (MP48),C,Catch,1784.27323101098,higher is better,TRUE,1,2041-2050,Median across iteration-specific 2041-2050 means,om13,Alternative assessment (om13),CJM,500
HS+20 (MP29),CatchDrop20,Advice reductions >19% (%),0,lower is better,TRUE,1,2027-2050 (advice comparisons 2026-2049),Proportion across all valid consecutive saved HCR-advice comparisons and all iterations; advice falls strictly more than 19%; no biomass or near-20% exclusions; first saved advice has no predecessor,om13,Alternative assessment (om13),CJM,500
HS-20 (MP43),CatchDrop20,Advice reductions >19% (%),0.04125,lower is better,TRUE,1,2027-2050 (advice comparisons 2026-2049),Proportion across all valid consecutive saved HCR-advice comparisons and all iterations; advice falls strictly more than 19%; no biomass or near-20% exclusions; first saved advice has no predecessor,om13,Alternative assessment (om13),CJM,500
HSsym (MP45),CatchDrop20,Advice reductions >19% (%),0,lower is better,TRUE,1,2027-2050 (advice comparisons 2026-2049),Proportion across all valid consecutive saved HCR-advice comparisons and all iterations; advice falls strictly more than 19%; no biomass or near-20% exclusions; first saved advice has no predecessor,om13,Alternative assessment (om13),CJM,500
HS-30 (MP47),CatchDrop20,Advice reductions >19% (%),0.0338333333333333,lower is better,TRUE,1,2027-2050 (advice comparisons 2026-2049),Proportion across all valid consecutive saved HCR-advice comparisons and all iterations; advice falls strictly more than 19%; no biomass or near-20% exclusions; first saved advice has no predecessor,om13,Alternative assessment (om13),CJM,500
PR+20 (MP32),CatchDrop20,Advice reductions >19% (%),0,lower is better,TRUE,1,2027-2050 (advice comparisons 2026-2049),Proportion across all valid consecutive saved HCR-advice comparisons and all iterations; advice falls strictly more than 19%; no biomass or near-20% exclusions; first saved advice has no predecessor,om13,Alternative assessment (om13),CJM,500
PR-20 (MP44),CatchDrop20,Advice reductions >19% (%),0.140416666666667,lower is better,TRUE,1,2027-2050 (advice comparisons 2026-2049),Proportion across all valid consecutive saved HCR-advice comparisons and all iterations; advice falls strictly more than 19%; no biomass or near-20% exclusions; first saved advice has no predecessor,om13,Alternative assessment (om13),CJM,500
PRsym (MP46),CatchDrop20,Advice reductions >19% (%),0,lower is better,TRUE,1,2027-2050 (advice comparisons 2026-2049),Proportion across all valid consecutive saved HCR-advice comparisons and all iterations; advice falls strictly more than 19%; no biomass or near-20% exclusions; first saved advice has no predecessor,om13,Alternative assessment (om13),CJM,500
PR-30 (MP48),CatchDrop20,Advice reductions >19% (%),0.113416666666667,lower is better,TRUE,1,2027-2050 (advice comparisons 2026-2049),Proportion across all valid consecutive saved HCR-advice comparisons and all iterations; advice falls strictly more than 19%; no biomass or near-20% exclusions; first saved advice has no predecessor,om13,Alternative assessment (om13),CJM,500
HS+20 (MP29),Creduction,Mean catch reduction,2.85703795252382,lower is better,FALSE,1,2041-2050,Median across iteration-specific 2026-2050 mean reductions,om13,Alternative assessment (om13),CJM,500
PR+20 (MP32),Creduction,Mean catch reduction,4.61301552255336,lower is better,FALSE,1,2041-2050,Median across iteration-specific 2026-2050 mean reductions,om13,Alternative assessment (om13),CJM,500
HS-20 (MP43),Creduction,Mean catch reduction,2.75627905749062,lower is better,FALSE,1,2041-2050,Median across iteration-specific 2026-2050 mean reductions,om13,Alternative assessment (om13),CJM,500
PR-20 (MP44),Creduction,Mean catch reduction,4.44181045561315,lower is better,FALSE,1,2041-2050,Median across iteration-specific 2026-2050 mean reductions,om13,Alternative assessment (om13),CJM,500
HSsym (MP45),Creduction,Mean catch reduction,2.75130610759018,lower is better,FALSE,1,2041-2050,Median across iteration-specific 2026-2050 mean reductions,om13,Alternative assessment (om13),CJM,500
PRsym (MP46),Creduction,Mean catch reduction,4.21019431385061,lower is better,FALSE,1,2041-2050,Median across iteration-specific 2026-2050 mean reductions,om13,Alternative assessment (om13),CJM,500
HS-30 (MP47),Creduction,Mean catch reduction,2.87809148976255,lower is better,FALSE,1,2041-2050,Median across iteration-specific 2026-2050 mean reductions,om13,Alternative assessment (om13),CJM,500
PR-30 (MP48),Creduction,Mean catch reduction,4.59335196766201,lower is better,FALSE,1,2041-2050,Median across iteration-specific 2026-2050 mean reductions,om13,Alternative assessment (om13),CJM,500
HS+20 (MP29),FMSY,F / F[MSY],0.41567668726051,lower is better,FALSE,1,2041-2050,Median across iteration-specific 2041-2050 means,om13,Alternative assessment (om13),CJM,500
HS-20 (MP43),FMSY,F / F[MSY],0.432864613962954,lower is better,FALSE,1,2041-2050,Median across iteration-specific 2041-2050 means,om13,Alternative assessment (om13),CJM,500
HSsym (MP45),FMSY,F / F[MSY],0.420163680520988,lower is better,FALSE,1,2041-2050,Median across iteration-specific 2041-2050 means,om13,Alternative assessment (om13),CJM,500
HS-30 (MP47),FMSY,F / F[MSY],0.424420009541055,lower is better,FALSE,1,2041-2050,Median across iteration-specific 2041-2050 means,om13,Alternative assessment (om13),CJM,500
PR+20 (MP32),FMSY,F / F[MSY],0.364219510912187,lower is better,FALSE,1,2041-2050,Median across iteration-specific 2041-2050 means,om13,Alternative assessment (om13),CJM,500
PR-20 (MP44),FMSY,F / F[MSY],0.358510614640695,lower is better,FALSE,1,2041-2050,Median across iteration-specific 2041-2050 means,om13,Alternative assessment (om13),CJM,500
PRsym (MP46),FMSY,F / F[MSY],0.365438532310716,lower is better,FALSE,1,2041-2050,Median across iteration-specific 2041-2050 means,om13,Alternative assessment (om13),CJM,500
PR-30 (MP48),FMSY,F / F[MSY],0.364795176408533,lower is better,FALSE,1,2041-2050,Median across iteration-specific 2041-2050 means,om13,Alternative assessment (om13),CJM,500
HS+20 (MP29),IACC,IACC,5.99163816570774,lower is better,TRUE,1,2041-2050,Median across iteration-specific 2041-2050 means,om13,Alternative assessment (om13),CJM,500
HS-20 (MP43),IACC,IACC,5.56350433876303,lower is better,TRUE,1,2041-2050,Median across iteration-specific 2041-2050 means,om13,Alternative assessment (om13),CJM,500
HSsym (MP45),IACC,IACC,5.76297742724763,lower is better,TRUE,1,2041-2050,Median across iteration-specific 2041-2050 means,om13,Alternative assessment (om13),CJM,500
HS-30 (MP47),IACC,IACC,5.7841156720916,lower is better,TRUE,1,2041-2050,Median across iteration-specific 2041-2050 means,om13,Alternative assessment (om13),CJM,500
PR+20 (MP32),IACC,IACC,10.0702114324509,lower is better,TRUE,1,2041-2050,Median across iteration-specific 2041-2050 means,om13,Alternative assessment (om13),CJM,500
PR-20 (MP44),IACC,IACC,9.73218380965438,lower is better,TRUE,1,2041-2050,Median across iteration-specific 2041-2050 means,om13,Alternative assessment (om13),CJM,500
PRsym (MP46),IACC,IACC,9.56128397100506,lower is better,TRUE,1,2041-2050,Median across iteration-specific 2041-2050 means,om13,Alternative assessment (om13),CJM,500
PR-30 (MP48),IACC,IACC,10.194644629337,lower is better,TRUE,1,2041-2050,Median across iteration-specific 2041-2050 means,om13,Alternative assessment (om13),CJM,500
HS+20 (MP29),PC270,P(catch < 270 kt),0.0086,lower is better,TRUE,1,2041-2050,Proportion of 2041-2050 iteration-years with catch below 270 kt,om13,Alternative assessment (om13),CJM,500
PR+20 (MP32),PC270,P(catch < 270 kt),0.0038,lower is better,TRUE,1,2041-2050,Proportion of 2041-2050 iteration-years with catch below 270 kt,om13,Alternative assessment (om13),CJM,500
HS-20 (MP43),PC270,P(catch < 270 kt),0.0072,lower is better,TRUE,1,2041-2050,Proportion of 2041-2050 iteration-years with catch below 270 kt,om13,Alternative assessment (om13),CJM,500
PR-20 (MP44),PC270,P(catch < 270 kt),4e-04,lower is better,TRUE,1,2041-2050,Proportion of 2041-2050 iteration-years with catch below 270 kt,om13,Alternative assessment (om13),CJM,500
HSsym (MP45),PC270,P(catch < 270 kt),0.009,lower is better,TRUE,1,2041-2050,Proportion of 2041-2050 iteration-years with catch below 270 kt,om13,Alternative assessment (om13),CJM,500
PRsym (MP46),PC270,P(catch < 270 kt),0.0042,lower is better,TRUE,1,2041-2050,Proportion of 2041-2050 iteration-years with catch below 270 kt,om13,Alternative assessment (om13),CJM,500
HS-30 (MP47),PC270,P(catch < 270 kt),0.0044,lower is better,TRUE,1,2041-2050,Proportion of 2041-2050 iteration-years with catch below 270 kt,om13,Alternative assessment (om13),CJM,500
PR-30 (MP48),PC270,P(catch < 270 kt),6e-04,lower is better,TRUE,1,2041-2050,Proportion of 2041-2050 iteration-years with catch below 270 kt,om13,Alternative assessment (om13),CJM,500
HS+20 (MP29),SB0red,P(Kobe red),0.0524,lower is better,FALSE,1,2041-2050,Proportion across all 2041-2050 iteration-years,om13,Alternative assessment (om13),CJM,500
PR+20 (MP32),SB0red,P(Kobe red),0.0332,lower is better,FALSE,1,2041-2050,Proportion across all 2041-2050 iteration-years,om13,Alternative assessment (om13),CJM,500
HS-20 (MP43),SB0red,P(Kobe red),0.0552,lower is better,FALSE,1,2041-2050,Proportion across all 2041-2050 iteration-years,om13,Alternative assessment (om13),CJM,500
PR-20 (MP44),SB0red,P(Kobe red),0.0248,lower is better,FALSE,1,2041-2050,Proportion across all 2041-2050 iteration-years,om13,Alternative assessment (om13),CJM,500
HSsym (MP45),SB0red,P(Kobe red),0.0568,lower is better,FALSE,1,2041-2050,Proportion across all 2041-2050 iteration-years,om13,Alternative assessment (om13),CJM,500
PRsym (MP46),SB0red,P(Kobe red),0.0322,lower is better,FALSE,1,2041-2050,Proportion across all 2041-2050 iteration-years,om13,Alternative assessment (om13),CJM,500
HS-30 (MP47),SB0red,P(Kobe red),0.0456,lower is better,FALSE,1,2041-2050,Proportion across all 2041-2050 iteration-years,om13,Alternative assessment (om13),CJM,500
PR-30 (MP48),SB0red,P(Kobe red),0.0172,lower is better,FALSE,1,2041-2050,Proportion across all 2041-2050 iteration-years,om13,Alternative assessment (om13),CJM,500
HS+20 (MP29),SBMSY,SB / SB[MSY],2.11636471830838,higher is better,FALSE,1,2041-2050,Median across iteration-specific 2041-2050 means,om13,Alternative assessment (om13),CJM,500
HS-20 (MP43),SBMSY,SB / SB[MSY],2.10386121081279,higher is better,FALSE,1,2041-2050,Median across iteration-specific 2041-2050 means,om13,Alternative assessment (om13),CJM,500
HSsym (MP45),SBMSY,SB / SB[MSY],2.11865183099313,higher is better,FALSE,1,2041-2050,Median across iteration-specific 2041-2050 means,om13,Alternative assessment (om13),CJM,500
HS-30 (MP47),SBMSY,SB / SB[MSY],2.09956037448564,higher is better,FALSE,1,2041-2050,Median across iteration-specific 2041-2050 means,om13,Alternative assessment (om13),CJM,500
PR+20 (MP32),SBMSY,SB / SB[MSY],2.12172997648432,higher is better,FALSE,1,2041-2050,Median across iteration-specific 2041-2050 means,om13,Alternative assessment (om13),CJM,500
PR-20 (MP44),SBMSY,SB / SB[MSY],2.1532668913639,higher is better,FALSE,1,2041-2050,Median across iteration-specific 2041-2050 means,om13,Alternative assessment (om13),CJM,500
PRsym (MP46),SBMSY,SB / SB[MSY],2.1440534666709,higher is better,FALSE,1,2041-2050,Median across iteration-specific 2041-2050 means,om13,Alternative assessment (om13),CJM,500
PR-30 (MP48),SBMSY,SB / SB[MSY],2.12618288885042,higher is better,FALSE,1,2041-2050,Median across iteration-specific 2041-2050 means,om13,Alternative assessment (om13),CJM,500
HS+20 (MP29),SSBbelow8dB0,SSB <8% dynamic B0 (%),0.0104,lower is better,TRUE,1,2041-2050,Proportion of valid 2041-2050 iteration-years with SSB strictly below 8% of dynamic unfished SSB (previous Blim),om13,Alternative assessment (om13),CJM,500
PR+20 (MP32),SSBbelow8dB0,SSB <8% dynamic B0 (%),0.0064,lower is better,TRUE,1,2041-2050,Proportion of valid 2041-2050 iteration-years with SSB strictly below 8% of dynamic unfished SSB (previous Blim),om13,Alternative assessment (om13),CJM,500
HS-20 (MP43),SSBbelow8dB0,SSB <8% dynamic B0 (%),0.0112,lower is better,TRUE,1,2041-2050,Proportion of valid 2041-2050 iteration-years with SSB strictly below 8% of dynamic unfished SSB (previous Blim),om13,Alternative assessment (om13),CJM,500
PR-20 (MP44),SSBbelow8dB0,SSB <8% dynamic B0 (%),0.0022,lower is better,TRUE,1,2041-2050,Proportion of valid 2041-2050 iteration-years with SSB strictly below 8% of dynamic unfished SSB (previous Blim),om13,Alternative assessment (om13),CJM,500
HSsym (MP45),SSBbelow8dB0,SSB <8% dynamic B0 (%),0.0106,lower is better,TRUE,1,2041-2050,Proportion of valid 2041-2050 iteration-years with SSB strictly below 8% of dynamic unfished SSB (previous Blim),om13,Alternative assessment (om13),CJM,500
PRsym (MP46),SSBbelow8dB0,SSB <8% dynamic B0 (%),0.0056,lower is better,TRUE,1,2041-2050,Proportion of valid 2041-2050 iteration-years with SSB strictly below 8% of dynamic unfished SSB (previous Blim),om13,Alternative assessment (om13),CJM,500
HS-30 (MP47),SSBbelow8dB0,SSB <8% dynamic B0 (%),0.0084,lower is better,TRUE,1,2041-2050,Proportion of valid 2041-2050 iteration-years with SSB strictly below 8% of dynamic unfished SSB (previous Blim),om13,Alternative assessment (om13),CJM,500
PR-30 (MP48),SSBbelow8dB0,SSB <8% dynamic B0 (%),8e-04,lower is better,TRUE,1,2041-2050,Proportion of valid 2041-2050 iteration-years with SSB strictly below 8% of dynamic unfished SSB (previous Blim),om13,Alternative assessment (om13),CJM,500
HS+20 (MP29),VB2025,VB / VB[2025],2.84769721856764,higher is better,FALSE,1,2041-2050,Median across iteration-specific 2041-2050 means,om13,Alternative assessment (om13),CJM,500
HS-20 (MP43),VB2025,VB / VB[2025],2.76441376129998,higher is better,FALSE,1,2041-2050,Median across iteration-specific 2041-2050 means,om13,Alternative assessment (om13),CJM,500
HSsym (MP45),VB2025,VB / VB[2025],2.82617296537544,higher is better,FALSE,1,2041-2050,Median across iteration-specific 2041-2050 means,om13,Alternative assessment (om13),CJM,500
HS-30 (MP47),VB2025,VB / VB[2025],2.77144526970846,higher is better,FALSE,1,2041-2050,Median across iteration-specific 2041-2050 means,om13,Alternative assessment (om13),CJM,500
PR+20 (MP32),VB2025,VB / VB[2025],3.04639723513976,higher is better,FALSE,1,2041-2050,Median across iteration-specific 2041-2050 means,om13,Alternative assessment (om13),CJM,500
PR-20 (MP44),VB2025,VB / VB[2025],3.0744401968057,higher is better,FALSE,1,2041-2050,Median across iteration-specific 2041-2050 means,om13,Alternative assessment (om13),CJM,500
PRsym (MP46),VB2025,VB / VB[2025],3.07704093623829,higher is better,FALSE,1,2041-2050,Median across iteration-specific 2041-2050 means,om13,Alternative assessment (om13),CJM,500
PR-30 (MP48),VB2025,VB / VB[2025],3.05917544990007,higher is better,FALSE,1,2041-2050,Median across iteration-specific 2041-2050 means,om13,Alternative assessment (om13),CJM,500
HS+20 (MP29),VBMSY,VB / VB[MSY],1.46058106641328,higher is better,FALSE,1,2041-2050,Median across iteration-specific 2041-2050 means,om13,Alternative assessment (om13),CJM,500
HS-20 (MP43),VBMSY,VB / VB[MSY],1.43599252463671,higher is better,FALSE,1,2041-2050,Median across iteration-specific 2041-2050 means,om13,Alternative assessment (om13),CJM,500
HSsym (MP45),VBMSY,VB / VB[MSY],1.44771064621191,higher is better,FALSE,1,2041-2050,Median across iteration-specific 2041-2050 means,om13,Alternative assessment (om13),CJM,500
HS-30 (MP47),VBMSY,VB / VB[MSY],1.43470490601204,higher is better,FALSE,1,2041-2050,Median across iteration-specific 2041-2050 means,om13,Alternative assessment (om13),CJM,500
PR+20 (MP32),VBMSY,VB / VB[MSY],1.51690082721979,higher is better,FALSE,1,2041-2050,Median across iteration-specific 2041-2050 means,om13,Alternative assessment (om13),CJM,500
PR-20 (MP44),VBMSY,VB / VB[MSY],1.51313528537402,higher is better,FALSE,1,2041-2050,Median across iteration-specific 2041-2050 means,om13,Alternative assessment (om13),CJM,500
PRsym (MP46),VBMSY,VB / VB[MSY],1.52014675757909,higher is better,FALSE,1,2041-2050,Median across iteration-specific 2041-2050 means,om13,Alternative assessment (om13),CJM,500
PR-30 (MP48),VBMSY,VB / VB[MSY],1.49866616847342,higher is better,FALSE,1,2041-2050,Median across iteration-specific 2041-2050 means,om13,Alternative assessment (om13),CJM,500
HS+20 (MP29),C,Catch,961.681224242985,higher is better,TRUE,1,2041-2050,Median across iteration-specific 2041-2050 means,om21_1,Movement (om21_1),Southern,500
HS-20 (MP43),C,Catch,956.060991003048,higher is better,TRUE,1,2041-2050,Median across iteration-specific 2041-2050 means,om21_1,Movement (om21_1),Southern,500
HSsym (MP45),C,Catch,958.909827866717,higher is better,TRUE,1,2041-2050,Median across iteration-specific 2041-2050 means,om21_1,Movement (om21_1),Southern,500
HS-30 (MP47),C,Catch,958.227536825069,higher is better,TRUE,1,2041-2050,Median across iteration-specific 2041-2050 means,om21_1,Movement (om21_1),Southern,500
PR+20 (MP32),C,Catch,910.207870137884,higher is better,TRUE,1,2041-2050,Median across iteration-specific 2041-2050 means,om21_1,Movement (om21_1),Southern,500
PR-20 (MP44),C,Catch,908.245988700205,higher is better,TRUE,1,2041-2050,Median across iteration-specific 2041-2050 means,om21_1,Movement (om21_1),Southern,500
PRsym (MP46),C,Catch,901.410848190276,higher is better,TRUE,1,2041-2050,Median across iteration-specific 2041-2050 means,om21_1,Movement (om21_1),Southern,500
PR-30 (MP48),C,Catch,932.402311103104,higher is better,TRUE,1,2041-2050,Median across iteration-specific 2041-2050 means,om21_1,Movement (om21_1),Southern,500
HS+20 (MP29),CatchDrop20,Advice reductions >19% (%),0,lower is better,TRUE,1,2027-2050 (advice comparisons 2026-2049),Proportion across all valid consecutive saved HCR-advice comparisons and all iterations; advice falls strictly more than 19%; no biomass or near-20% exclusions; first saved advice has no predecessor,om21_1,Movement (om21_1),Southern,500
HS-20 (MP43),CatchDrop20,Advice reductions >19% (%),0.00183333333333333,lower is better,TRUE,1,2027-2050 (advice comparisons 2026-2049),Proportion across all valid consecutive saved HCR-advice comparisons and all iterations; advice falls strictly more than 19%; no biomass or near-20% exclusions; first saved advice has no predecessor,om21_1,Movement (om21_1),Southern,500
HSsym (MP45),CatchDrop20,Advice reductions >19% (%),0,lower is better,TRUE,1,2027-2050 (advice comparisons 2026-2049),Proportion across all valid consecutive saved HCR-advice comparisons and all iterations; advice falls strictly more than 19%; no biomass or near-20% exclusions; first saved advice has no predecessor,om21_1,Movement (om21_1),Southern,500
HS-30 (MP47),CatchDrop20,Advice reductions >19% (%),0.00141666666666667,lower is better,TRUE,1,2027-2050 (advice comparisons 2026-2049),Proportion across all valid consecutive saved HCR-advice comparisons and all iterations; advice falls strictly more than 19%; no biomass or near-20% exclusions; first saved advice has no predecessor,om21_1,Movement (om21_1),Southern,500
PR+20 (MP32),CatchDrop20,Advice reductions >19% (%),0,lower is better,TRUE,1,2027-2050 (advice comparisons 2026-2049),Proportion across all valid consecutive saved HCR-advice comparisons and all iterations; advice falls strictly more than 19%; no biomass or near-20% exclusions; first saved advice has no predecessor,om21_1,Movement (om21_1),Southern,500
PR-20 (MP44),CatchDrop20,Advice reductions >19% (%),0.127333333333333,lower is better,TRUE,1,2027-2050 (advice comparisons 2026-2049),Proportion across all valid consecutive saved HCR-advice comparisons and all iterations; advice falls strictly more than 19%; no biomass or near-20% exclusions; first saved advice has no predecessor,om21_1,Movement (om21_1),Southern,500
PRsym (MP46),CatchDrop20,Advice reductions >19% (%),0,lower is better,TRUE,1,2027-2050 (advice comparisons 2026-2049),Proportion across all valid consecutive saved HCR-advice comparisons and all iterations; advice falls strictly more than 19%; no biomass or near-20% exclusions; first saved advice has no predecessor,om21_1,Movement (om21_1),Southern,500
PR-30 (MP48),CatchDrop20,Advice reductions >19% (%),0.0935833333333333,lower is better,TRUE,1,2027-2050 (advice comparisons 2026-2049),Proportion across all valid consecutive saved HCR-advice comparisons and all iterations; advice falls strictly more than 19%; no biomass or near-20% exclusions; first saved advice has no predecessor,om21_1,Movement (om21_1),Southern,500
HS+20 (MP29),Creduction,Mean catch reduction,2.7241537828949,lower is better,FALSE,1,2041-2050,Median across iteration-specific 2026-2050 mean reductions,om21_1,Movement (om21_1),Southern,500
PR+20 (MP32),Creduction,Mean catch reduction,5.11794329792894,lower is better,FALSE,1,2041-2050,Median across iteration-specific 2026-2050 mean reductions,om21_1,Movement (om21_1),Southern,500
HS-20 (MP43),Creduction,Mean catch reduction,2.79458591517121,lower is better,FALSE,1,2041-2050,Median across iteration-specific 2026-2050 mean reductions,om21_1,Movement (om21_1),Southern,500
PR-20 (MP44),Creduction,Mean catch reduction,4.96117389681231,lower is better,FALSE,1,2041-2050,Median across iteration-specific 2026-2050 mean reductions,om21_1,Movement (om21_1),Southern,500
HSsym (MP45),Creduction,Mean catch reduction,2.69846966208876,lower is better,FALSE,1,2041-2050,Median across iteration-specific 2026-2050 mean reductions,om21_1,Movement (om21_1),Southern,500
PRsym (MP46),Creduction,Mean catch reduction,4.86513003208543,lower is better,FALSE,1,2041-2050,Median across iteration-specific 2026-2050 mean reductions,om21_1,Movement (om21_1),Southern,500
HS-30 (MP47),Creduction,Mean catch reduction,2.74972673079917,lower is better,FALSE,1,2041-2050,Median across iteration-specific 2026-2050 mean reductions,om21_1,Movement (om21_1),Southern,500
PR-30 (MP48),Creduction,Mean catch reduction,5.05295400011404,lower is better,FALSE,1,2041-2050,Median across iteration-specific 2026-2050 mean reductions,om21_1,Movement (om21_1),Southern,500
HS+20 (MP29),FMSY,F / F[MSY],0.905928811194024,lower is better,FALSE,1,2041-2050,Median across iteration-specific 2041-2050 means,om21_1,Movement (om21_1),Southern,500
HS-20 (MP43),FMSY,F / F[MSY],1.01276913838298,lower is better,FALSE,1,2041-2050,Median across iteration-specific 2041-2050 means,om21_1,Movement (om21_1),Southern,500
HSsym (MP45),FMSY,F / F[MSY],0.938221742029933,lower is better,FALSE,1,2041-2050,Median across iteration-specific 2041-2050 means,om21_1,Movement (om21_1),Southern,500
HS-30 (MP47),FMSY,F / F[MSY],0.975355169040561,lower is better,FALSE,1,2041-2050,Median across iteration-specific 2041-2050 means,om21_1,Movement (om21_1),Southern,500
PR+20 (MP32),FMSY,F / F[MSY],0.633729367513724,lower is better,FALSE,1,2041-2050,Median across iteration-specific 2041-2050 means,om21_1,Movement (om21_1),Southern,500
PR-20 (MP44),FMSY,F / F[MSY],0.630965042248394,lower is better,FALSE,1,2041-2050,Median across iteration-specific 2041-2050 means,om21_1,Movement (om21_1),Southern,500
PRsym (MP46),FMSY,F / F[MSY],0.638306225362523,lower is better,FALSE,1,2041-2050,Median across iteration-specific 2041-2050 means,om21_1,Movement (om21_1),Southern,500
PR-30 (MP48),FMSY,F / F[MSY],0.657276327056752,lower is better,FALSE,1,2041-2050,Median across iteration-specific 2041-2050 means,om21_1,Movement (om21_1),Southern,500
HS+20 (MP29),IACC,IACC,4.86975546095263,lower is better,TRUE,1,2041-2050,Median across iteration-specific 2041-2050 means,om21_1,Movement (om21_1),Southern,500
HS-20 (MP43),IACC,IACC,4.88901869042266,lower is better,TRUE,1,2041-2050,Median across iteration-specific 2041-2050 means,om21_1,Movement (om21_1),Southern,500
HSsym (MP45),IACC,IACC,4.8616528564783,lower is better,TRUE,1,2041-2050,Median across iteration-specific 2041-2050 means,om21_1,Movement (om21_1),Southern,500
HS-30 (MP47),IACC,IACC,4.87297262186599,lower is better,TRUE,1,2041-2050,Median across iteration-specific 2041-2050 means,om21_1,Movement (om21_1),Southern,500
PR+20 (MP32),IACC,IACC,10.9420891621009,lower is better,TRUE,1,2041-2050,Median across iteration-specific 2041-2050 means,om21_1,Movement (om21_1),Southern,500
PR-20 (MP44),IACC,IACC,10.599995052557,lower is better,TRUE,1,2041-2050,Median across iteration-specific 2041-2050 means,om21_1,Movement (om21_1),Southern,500
PRsym (MP46),IACC,IACC,10.2207797080024,lower is better,TRUE,1,2041-2050,Median across iteration-specific 2041-2050 means,om21_1,Movement (om21_1),Southern,500
PR-30 (MP48),IACC,IACC,11.4872402807712,lower is better,TRUE,1,2041-2050,Median across iteration-specific 2041-2050 means,om21_1,Movement (om21_1),Southern,500
HS+20 (MP29),SB0red,P(Kobe red),0.2644,lower is better,FALSE,1,2041-2050,Proportion across all 2041-2050 iteration-years,om21_1,Movement (om21_1),Southern,500
PR+20 (MP32),SB0red,P(Kobe red),0.0206,lower is better,FALSE,1,2041-2050,Proportion across all 2041-2050 iteration-years,om21_1,Movement (om21_1),Southern,500
HS-20 (MP43),SB0red,P(Kobe red),0.4374,lower is better,FALSE,1,2041-2050,Proportion across all 2041-2050 iteration-years,om21_1,Movement (om21_1),Southern,500
PR-20 (MP44),SB0red,P(Kobe red),0.0232,lower is better,FALSE,1,2041-2050,Proportion across all 2041-2050 iteration-years,om21_1,Movement (om21_1),Southern,500
HSsym (MP45),SB0red,P(Kobe red),0.3182,lower is better,FALSE,1,2041-2050,Proportion across all 2041-2050 iteration-years,om21_1,Movement (om21_1),Southern,500
PRsym (MP46),SB0red,P(Kobe red),0.024,lower is better,FALSE,1,2041-2050,Proportion across all 2041-2050 iteration-years,om21_1,Movement (om21_1),Southern,500
HS-30 (MP47),SB0red,P(Kobe red),0.3766,lower is better,FALSE,1,2041-2050,Proportion across all 2041-2050 iteration-years,om21_1,Movement (om21_1),Southern,500
PR-30 (MP48),SB0red,P(Kobe red),0.0266,lower is better,FALSE,1,2041-2050,Proportion across all 2041-2050 iteration-years,om21_1,Movement (om21_1),Southern,500
HS+20 (MP29),SBMSY,SB / SB[MSY],0.997800361316875,higher is better,FALSE,1,2041-2050,Median across iteration-specific 2041-2050 means,om21_1,Movement (om21_1),Southern,500
HS-20 (MP43),SBMSY,SB / SB[MSY],0.924935484290207,higher is better,FALSE,1,2041-2050,Median across iteration-specific 2041-2050 means,om21_1,Movement (om21_1),Southern,500
HSsym (MP45),SBMSY,SB / SB[MSY],0.974665665708649,higher is better,FALSE,1,2041-2050,Median across iteration-specific 2041-2050 means,om21_1,Movement (om21_1),Southern,500
HS-30 (MP47),SBMSY,SB / SB[MSY],0.950132307513078,higher is better,FALSE,1,2041-2050,Median across iteration-specific 2041-2050 means,om21_1,Movement (om21_1),Southern,500
PR+20 (MP32),SBMSY,SB / SB[MSY],1.21678749321949,higher is better,FALSE,1,2041-2050,Median across iteration-specific 2041-2050 means,om21_1,Movement (om21_1),Southern,500
PR-20 (MP44),SBMSY,SB / SB[MSY],1.21914484942047,higher is better,FALSE,1,2041-2050,Median across iteration-specific 2041-2050 means,om21_1,Movement (om21_1),Southern,500
PRsym (MP46),SBMSY,SB / SB[MSY],1.20997491986254,higher is better,FALSE,1,2041-2050,Median across iteration-specific 2041-2050 means,om21_1,Movement (om21_1),Southern,500
PR-30 (MP48),SBMSY,SB / SB[MSY],1.20545284261111,higher is better,FALSE,1,2041-2050,Median across iteration-specific 2041-2050 means,om21_1,Movement (om21_1),Southern,500
HS+20 (MP29),SSBbelow8dB0,SSB <8% dynamic B0 (%),0,lower is better,TRUE,1,2041-2050,Proportion of valid 2041-2050 iteration-years with SSB strictly below 8% of dynamic unfished SSB (previous Blim),om21_1,Movement (om21_1),Southern,500
PR+20 (MP32),SSBbelow8dB0,SSB <8% dynamic B0 (%),0,lower is better,TRUE,1,2041-2050,Proportion of valid 2041-2050 iteration-years with SSB strictly below 8% of dynamic unfished SSB (previous Blim),om21_1,Movement (om21_1),Southern,500
HS-20 (MP43),SSBbelow8dB0,SSB <8% dynamic B0 (%),0,lower is better,TRUE,1,2041-2050,Proportion of valid 2041-2050 iteration-years with SSB strictly below 8% of dynamic unfished SSB (previous Blim),om21_1,Movement (om21_1),Southern,500
PR-20 (MP44),SSBbelow8dB0,SSB <8% dynamic B0 (%),0,lower is better,TRUE,1,2041-2050,Proportion of valid 2041-2050 iteration-years with SSB strictly below 8% of dynamic unfished SSB (previous Blim),om21_1,Movement (om21_1),Southern,500
HSsym (MP45),SSBbelow8dB0,SSB <8% dynamic B0 (%),0,lower is better,TRUE,1,2041-2050,Proportion of valid 2041-2050 iteration-years with SSB strictly below 8% of dynamic unfished SSB (previous Blim),om21_1,Movement (om21_1),Southern,500
PRsym (MP46),SSBbelow8dB0,SSB <8% dynamic B0 (%),0,lower is better,TRUE,1,2041-2050,Proportion of valid 2041-2050 iteration-years with SSB strictly below 8% of dynamic unfished SSB (previous Blim),om21_1,Movement (om21_1),Southern,500
HS-30 (MP47),SSBbelow8dB0,SSB <8% dynamic B0 (%),0,lower is better,TRUE,1,2041-2050,Proportion of valid 2041-2050 iteration-years with SSB strictly below 8% of dynamic unfished SSB (previous Blim),om21_1,Movement (om21_1),Southern,500
PR-30 (MP48),SSBbelow8dB0,SSB <8% dynamic B0 (%),0,lower is better,TRUE,1,2041-2050,Proportion of valid 2041-2050 iteration-years with SSB strictly below 8% of dynamic unfished SSB (previous Blim),om21_1,Movement (om21_1),Southern,500
HS+20 (MP29),VB2025,VB / VB[2025],1.19595946655054,higher is better,FALSE,1,2041-2050,Median across iteration-specific 2041-2050 means,om21_1,Movement (om21_1),Southern,500
HS-20 (MP43),VB2025,VB / VB[2025],1.06437172749462,higher is better,FALSE,1,2041-2050,Median across iteration-specific 2041-2050 means,om21_1,Movement (om21_1),Southern,500
HSsym (MP45),VB2025,VB / VB[2025],1.15398982851242,higher is better,FALSE,1,2041-2050,Median across iteration-specific 2041-2050 means,om21_1,Movement (om21_1),Southern,500
HS-30 (MP47),VB2025,VB / VB[2025],1.10918354996634,higher is better,FALSE,1,2041-2050,Median across iteration-specific 2041-2050 means,om21_1,Movement (om21_1),Southern,500
PR+20 (MP32),VB2025,VB / VB[2025],1.602462804474,higher is better,FALSE,1,2041-2050,Median across iteration-specific 2041-2050 means,om21_1,Movement (om21_1),Southern,500
PR-20 (MP44),VB2025,VB / VB[2025],1.58757265249925,higher is better,FALSE,1,2041-2050,Median across iteration-specific 2041-2050 means,om21_1,Movement (om21_1),Southern,500
PRsym (MP46),VB2025,VB / VB[2025],1.5815856928541,higher is better,FALSE,1,2041-2050,Median across iteration-specific 2041-2050 means,om21_1,Movement (om21_1),Southern,500
PR-30 (MP48),VB2025,VB / VB[2025],1.56852891777291,higher is better,FALSE,1,2041-2050,Median across iteration-specific 2041-2050 means,om21_1,Movement (om21_1),Southern,500
HS+20 (MP29),VBMSY,VB / VB[MSY],0.408239019928736,higher is better,FALSE,1,2041-2050,Median across iteration-specific 2041-2050 means,om21_1,Movement (om21_1),Southern,500
HS-20 (MP43),VBMSY,VB / VB[MSY],0.365431378641226,higher is better,FALSE,1,2041-2050,Median across iteration-specific 2041-2050 means,om21_1,Movement (om21_1),Southern,500
HSsym (MP45),VBMSY,VB / VB[MSY],0.393725167664751,higher is better,FALSE,1,2041-2050,Median across iteration-specific 2041-2050 means,om21_1,Movement (om21_1),Southern,500
HS-30 (MP47),VBMSY,VB / VB[MSY],0.379732668399477,higher is better,FALSE,1,2041-2050,Median across iteration-specific 2041-2050 means,om21_1,Movement (om21_1),Southern,500
PR+20 (MP32),VBMSY,VB / VB[MSY],0.54125899977487,higher is better,FALSE,1,2041-2050,Median across iteration-specific 2041-2050 means,om21_1,Movement (om21_1),Southern,500
PR-20 (MP44),VBMSY,VB / VB[MSY],0.539332368238755,higher is better,FALSE,1,2041-2050,Median across iteration-specific 2041-2050 means,om21_1,Movement (om21_1),Southern,500
PRsym (MP46),VBMSY,VB / VB[MSY],0.535308965562221,higher is better,FALSE,1,2041-2050,Median across iteration-specific 2041-2050 means,om21_1,Movement (om21_1),Southern,500
PR-30 (MP48),VBMSY,VB / VB[MSY],0.535598344169491,higher is better,FALSE,1,2041-2050,Median across iteration-specific 2041-2050 means,om21_1,Movement (om21_1),Southern,500
HS+20 (MP29),C,Catch,224.22832337455,higher is better,TRUE,1,2041-2050,Median across iteration-specific 2041-2050 means,om21_1,Movement (om21_1),North,500
HS-20 (MP43),C,Catch,222.114976815006,higher is better,TRUE,1,2041-2050,Median across iteration-specific 2041-2050 means,om21_1,Movement (om21_1),North,500
HSsym (MP45),C,Catch,223.213815751493,higher is better,TRUE,1,2041-2050,Median across iteration-specific 2041-2050 means,om21_1,Movement (om21_1),North,500
HS-30 (MP47),C,Catch,222.58098460406,higher is better,TRUE,1,2041-2050,Median across iteration-specific 2041-2050 means,om21_1,Movement (om21_1),North,500
PR+20 (MP32),C,Catch,211.850571977422,higher is better,TRUE,1,2041-2050,Median across iteration-specific 2041-2050 means,om21_1,Movement (om21_1),North,500
PR-20 (MP44),C,Catch,211.938086181362,higher is better,TRUE,1,2041-2050,Median across iteration-specific 2041-2050 means,om21_1,Movement (om21_1),North,500
PRsym (MP46),C,Catch,211.144334305839,higher is better,TRUE,1,2041-2050,Median across iteration-specific 2041-2050 means,om21_1,Movement (om21_1),North,500
PR-30 (MP48),C,Catch,216.568268423796,higher is better,TRUE,1,2041-2050,Median across iteration-specific 2041-2050 means,om21_1,Movement (om21_1),North,500
HS+20 (MP29),CatchDrop20,Advice reductions >19% (%),0,lower is better,TRUE,1,2027-2050 (advice comparisons 2026-2049),Proportion across all valid consecutive saved HCR-advice comparisons and all iterations; advice falls strictly more than 19%; no biomass or near-20% exclusions; first saved advice has no predecessor,om21_1,Movement (om21_1),North,500
HS-20 (MP43),CatchDrop20,Advice reductions >19% (%),0.00183333333333333,lower is better,TRUE,1,2027-2050 (advice comparisons 2026-2049),Proportion across all valid consecutive saved HCR-advice comparisons and all iterations; advice falls strictly more than 19%; no biomass or near-20% exclusions; first saved advice has no predecessor,om21_1,Movement (om21_1),North,500
HSsym (MP45),CatchDrop20,Advice reductions >19% (%),0,lower is better,TRUE,1,2027-2050 (advice comparisons 2026-2049),Proportion across all valid consecutive saved HCR-advice comparisons and all iterations; advice falls strictly more than 19%; no biomass or near-20% exclusions; first saved advice has no predecessor,om21_1,Movement (om21_1),North,500
HS-30 (MP47),CatchDrop20,Advice reductions >19% (%),0.00141666666666667,lower is better,TRUE,1,2027-2050 (advice comparisons 2026-2049),Proportion across all valid consecutive saved HCR-advice comparisons and all iterations; advice falls strictly more than 19%; no biomass or near-20% exclusions; first saved advice has no predecessor,om21_1,Movement (om21_1),North,500
PR+20 (MP32),CatchDrop20,Advice reductions >19% (%),0,lower is better,TRUE,1,2027-2050 (advice comparisons 2026-2049),Proportion across all valid consecutive saved HCR-advice comparisons and all iterations; advice falls strictly more than 19%; no biomass or near-20% exclusions; first saved advice has no predecessor,om21_1,Movement (om21_1),North,500
PR-20 (MP44),CatchDrop20,Advice reductions >19% (%),0.127333333333333,lower is better,TRUE,1,2027-2050 (advice comparisons 2026-2049),Proportion across all valid consecutive saved HCR-advice comparisons and all iterations; advice falls strictly more than 19%; no biomass or near-20% exclusions; first saved advice has no predecessor,om21_1,Movement (om21_1),North,500
PRsym (MP46),CatchDrop20,Advice reductions >19% (%),0,lower is better,TRUE,1,2027-2050 (advice comparisons 2026-2049),Proportion across all valid consecutive saved HCR-advice comparisons and all iterations; advice falls strictly more than 19%; no biomass or near-20% exclusions; first saved advice has no predecessor,om21_1,Movement (om21_1),North,500
PR-30 (MP48),CatchDrop20,Advice reductions >19% (%),0.0935833333333333,lower is better,TRUE,1,2027-2050 (advice comparisons 2026-2049),Proportion across all valid consecutive saved HCR-advice comparisons and all iterations; advice falls strictly more than 19%; no biomass or near-20% exclusions; first saved advice has no predecessor,om21_1,Movement (om21_1),North,500
HS+20 (MP29),Creduction,Mean catch reduction,5.26722399178435,lower is better,FALSE,1,2041-2050,Median across iteration-specific 2026-2050 mean reductions,om21_1,Movement (om21_1),North,500
PR+20 (MP32),Creduction,Mean catch reduction,6.43897761261867,lower is better,FALSE,1,2041-2050,Median across iteration-specific 2026-2050 mean reductions,om21_1,Movement (om21_1),North,500
HS-20 (MP43),Creduction,Mean catch reduction,5.3313114525692,lower is better,FALSE,1,2041-2050,Median across iteration-specific 2026-2050 mean reductions,om21_1,Movement (om21_1),North,500
PR-20 (MP44),Creduction,Mean catch reduction,6.37873023011959,lower is better,FALSE,1,2041-2050,Median across iteration-specific 2026-2050 mean reductions,om21_1,Movement (om21_1),North,500
HSsym (MP45),Creduction,Mean catch reduction,5.27745533403578,lower is better,FALSE,1,2041-2050,Median across iteration-specific 2026-2050 mean reductions,om21_1,Movement (om21_1),North,500
PRsym (MP46),Creduction,Mean catch reduction,6.32626045736334,lower is better,FALSE,1,2041-2050,Median across iteration-specific 2026-2050 mean reductions,om21_1,Movement (om21_1),North,500
HS-30 (MP47),Creduction,Mean catch reduction,5.314999907997,lower is better,FALSE,1,2041-2050,Median across iteration-specific 2026-2050 mean reductions,om21_1,Movement (om21_1),North,500
PR-30 (MP48),Creduction,Mean catch reduction,6.49376869151997,lower is better,FALSE,1,2041-2050,Median across iteration-specific 2026-2050 mean reductions,om21_1,Movement (om21_1),North,500
HS+20 (MP29),FMSY,F / F[MSY],51.0514461382362,lower is better,FALSE,1,2041-2050,Median across iteration-specific 2041-2050 means,om21_1,Movement (om21_1),North,500
HS-20 (MP43),FMSY,F / F[MSY],51.7129287748991,lower is better,FALSE,1,2041-2050,Median across iteration-specific 2041-2050 means,om21_1,Movement (om21_1),North,500
HSsym (MP45),FMSY,F / F[MSY],51.2412818308392,lower is better,FALSE,1,2041-2050,Median across iteration-specific 2041-2050 means,om21_1,Movement (om21_1),North,500
HS-30 (MP47),FMSY,F / F[MSY],51.4860112164356,lower is better,FALSE,1,2041-2050,Median across iteration-specific 2041-2050 means,om21_1,Movement (om21_1),North,500
PR+20 (MP32),FMSY,F / F[MSY],45.5868491310235,lower is better,FALSE,1,2041-2050,Median across iteration-specific 2041-2050 means,om21_1,Movement (om21_1),North,500
PR-20 (MP44),FMSY,F / F[MSY],45.7233584253501,lower is better,FALSE,1,2041-2050,Median across iteration-specific 2041-2050 means,om21_1,Movement (om21_1),North,500
PRsym (MP46),FMSY,F / F[MSY],45.675029361793,lower is better,FALSE,1,2041-2050,Median across iteration-specific 2041-2050 means,om21_1,Movement (om21_1),North,500
PR-30 (MP48),FMSY,F / F[MSY],47.1604082917626,lower is better,FALSE,1,2041-2050,Median across iteration-specific 2041-2050 means,om21_1,Movement (om21_1),North,500
HS+20 (MP29),IACC,IACC,11.009565723341,lower is better,TRUE,1,2041-2050,Median across iteration-specific 2041-2050 means,om21_1,Movement (om21_1),North,500
HS-20 (MP43),IACC,IACC,11.0387851300515,lower is better,TRUE,1,2041-2050,Median across iteration-specific 2041-2050 means,om21_1,Movement (om21_1),North,500
HSsym (MP45),IACC,IACC,11.0121499868329,lower is better,TRUE,1,2041-2050,Median across iteration-specific 2041-2050 means,om21_1,Movement (om21_1),North,500
HS-30 (MP47),IACC,IACC,11.0271541382181,lower is better,TRUE,1,2041-2050,Median across iteration-specific 2041-2050 means,om21_1,Movement (om21_1),North,500
PR+20 (MP32),IACC,IACC,14.0420432724461,lower is better,TRUE,1,2041-2050,Median across iteration-specific 2041-2050 means,om21_1,Movement (om21_1),North,500
PR-20 (MP44),IACC,IACC,14.055159352754,lower is better,TRUE,1,2041-2050,Median across iteration-specific 2041-2050 means,om21_1,Movement (om21_1),North,500
PRsym (MP46),IACC,IACC,13.5278424507333,lower is better,TRUE,1,2041-2050,Median across iteration-specific 2041-2050 means,om21_1,Movement (om21_1),North,500
PR-30 (MP48),IACC,IACC,14.983947572529,lower is better,TRUE,1,2041-2050,Median across iteration-specific 2041-2050 means,om21_1,Movement (om21_1),North,500
HS+20 (MP29),SB0red,P(Kobe red),0.9982,lower is better,FALSE,1,2041-2050,Proportion across all 2041-2050 iteration-years,om21_1,Movement (om21_1),North,500
PR+20 (MP32),SB0red,P(Kobe red),0.9976,lower is better,FALSE,1,2041-2050,Proportion across all 2041-2050 iteration-years,om21_1,Movement (om21_1),North,500
HS-20 (MP43),SB0red,P(Kobe red),0.9986,lower is better,FALSE,1,2041-2050,Proportion across all 2041-2050 iteration-years,om21_1,Movement (om21_1),North,500
PR-20 (MP44),SB0red,P(Kobe red),0.997,lower is better,FALSE,1,2041-2050,Proportion across all 2041-2050 iteration-years,om21_1,Movement (om21_1),North,500
HSsym (MP45),SB0red,P(Kobe red),0.9982,lower is better,FALSE,1,2041-2050,Proportion across all 2041-2050 iteration-years,om21_1,Movement (om21_1),North,500
PRsym (MP46),SB0red,P(Kobe red),0.9964,lower is better,FALSE,1,2041-2050,Proportion across all 2041-2050 iteration-years,om21_1,Movement (om21_1),North,500
HS-30 (MP47),SB0red,P(Kobe red),0.9984,lower is better,FALSE,1,2041-2050,Proportion across all 2041-2050 iteration-years,om21_1,Movement (om21_1),North,500
PR-30 (MP48),SB0red,P(Kobe red),0.998,lower is better,FALSE,1,2041-2050,Proportion across all 2041-2050 iteration-years,om21_1,Movement (om21_1),North,500
HS+20 (MP29),SBMSY,SB / SB[MSY],0.615423205629431,higher is better,FALSE,1,2041-2050,Median across iteration-specific 2041-2050 means,om21_1,Movement (om21_1),North,500
HS-20 (MP43),SBMSY,SB / SB[MSY],0.592374591073931,higher is better,FALSE,1,2041-2050,Median across iteration-specific 2041-2050 means,om21_1,Movement (om21_1),North,500
HSsym (MP45),SBMSY,SB / SB[MSY],0.607658201248486,higher is better,FALSE,1,2041-2050,Median across iteration-specific 2041-2050 means,om21_1,Movement (om21_1),North,500
HS-30 (MP47),SBMSY,SB / SB[MSY],0.600381083442736,higher is better,FALSE,1,2041-2050,Median across iteration-specific 2041-2050 means,om21_1,Movement (om21_1),North,500
PR+20 (MP32),SBMSY,SB / SB[MSY],0.687055194559618,higher is better,FALSE,1,2041-2050,Median across iteration-specific 2041-2050 means,om21_1,Movement (om21_1),North,500
PR-20 (MP44),SBMSY,SB / SB[MSY],0.683398471428241,higher is better,FALSE,1,2041-2050,Median across iteration-specific 2041-2050 means,om21_1,Movement (om21_1),North,500
PRsym (MP46),SBMSY,SB / SB[MSY],0.683334801865273,higher is better,FALSE,1,2041-2050,Median across iteration-specific 2041-2050 means,om21_1,Movement (om21_1),North,500
PR-30 (MP48),SBMSY,SB / SB[MSY],0.681135427191582,higher is better,FALSE,1,2041-2050,Median across iteration-specific 2041-2050 means,om21_1,Movement (om21_1),North,500
HS+20 (MP29),SSBbelow8dB0,SSB <8% dynamic B0 (%),0,lower is better,TRUE,1,2041-2050,Proportion of valid 2041-2050 iteration-years with SSB strictly below 8% of dynamic unfished SSB (previous Blim),om21_1,Movement (om21_1),North,500
PR+20 (MP32),SSBbelow8dB0,SSB <8% dynamic B0 (%),0,lower is better,TRUE,1,2041-2050,Proportion of valid 2041-2050 iteration-years with SSB strictly below 8% of dynamic unfished SSB (previous Blim),om21_1,Movement (om21_1),North,500
HS-20 (MP43),SSBbelow8dB0,SSB <8% dynamic B0 (%),0,lower is better,TRUE,1,2041-2050,Proportion of valid 2041-2050 iteration-years with SSB strictly below 8% of dynamic unfished SSB (previous Blim),om21_1,Movement (om21_1),North,500
PR-20 (MP44),SSBbelow8dB0,SSB <8% dynamic B0 (%),0,lower is better,TRUE,1,2041-2050,Proportion of valid 2041-2050 iteration-years with SSB strictly below 8% of dynamic unfished SSB (previous Blim),om21_1,Movement (om21_1),North,500
HSsym (MP45),SSBbelow8dB0,SSB <8% dynamic B0 (%),0,lower is better,TRUE,1,2041-2050,Proportion of valid 2041-2050 iteration-years with SSB strictly below 8% of dynamic unfished SSB (previous Blim),om21_1,Movement (om21_1),North,500
PRsym (MP46),SSBbelow8dB0,SSB <8% dynamic B0 (%),0,lower is better,TRUE,1,2041-2050,Proportion of valid 2041-2050 iteration-years with SSB strictly below 8% of dynamic unfished SSB (previous Blim),om21_1,Movement (om21_1),North,500
HS-30 (MP47),SSBbelow8dB0,SSB <8% dynamic B0 (%),0,lower is better,TRUE,1,2041-2050,Proportion of valid 2041-2050 iteration-years with SSB strictly below 8% of dynamic unfished SSB (previous Blim),om21_1,Movement (om21_1),North,500
PR-30 (MP48),SSBbelow8dB0,SSB <8% dynamic B0 (%),0,lower is better,TRUE,1,2041-2050,Proportion of valid 2041-2050 iteration-years with SSB strictly below 8% of dynamic unfished SSB (previous Blim),om21_1,Movement (om21_1),North,500
HS+20 (MP29),VB2025,VB / VB[2025],1.14088084139782,higher is better,FALSE,1,2041-2050,Median across iteration-specific 2041-2050 means,om21_1,Movement (om21_1),North,500
HS-20 (MP43),VB2025,VB / VB[2025],1.1124747197639,higher is better,FALSE,1,2041-2050,Median across iteration-specific 2041-2050 means,om21_1,Movement (om21_1),North,500
HSsym (MP45),VB2025,VB / VB[2025],1.13254628439536,higher is better,FALSE,1,2041-2050,Median across iteration-specific 2041-2050 means,om21_1,Movement (om21_1),North,500
HS-30 (MP47),VB2025,VB / VB[2025],1.12242562113074,higher is better,FALSE,1,2041-2050,Median across iteration-specific 2041-2050 means,om21_1,Movement (om21_1),North,500
PR+20 (MP32),VB2025,VB / VB[2025],1.21059403022587,higher is better,FALSE,1,2041-2050,Median across iteration-specific 2041-2050 means,om21_1,Movement (om21_1),North,500
PR-20 (MP44),VB2025,VB / VB[2025],1.21062426878859,higher is better,FALSE,1,2041-2050,Median across iteration-specific 2041-2050 means,om21_1,Movement (om21_1),North,500
PRsym (MP46),VB2025,VB / VB[2025],1.20827187335461,higher is better,FALSE,1,2041-2050,Median across iteration-specific 2041-2050 means,om21_1,Movement (om21_1),North,500
PR-30 (MP48),VB2025,VB / VB[2025],1.20457857424576,higher is better,FALSE,1,2041-2050,Median across iteration-specific 2041-2050 means,om21_1,Movement (om21_1),North,500
HS+20 (MP29),VBMSY,VB / VB[MSY],0.528272552956785,higher is better,FALSE,1,2041-2050,Median across iteration-specific 2041-2050 means,om21_1,Movement (om21_1),North,500
HS-20 (MP43),VBMSY,VB / VB[MSY],0.516790114054954,higher is better,FALSE,1,2041-2050,Median across iteration-specific 2041-2050 means,om21_1,Movement (om21_1),North,500
HSsym (MP45),VBMSY,VB / VB[MSY],0.524596075313365,higher is better,FALSE,1,2041-2050,Median across iteration-specific 2041-2050 means,om21_1,Movement (om21_1),North,500
HS-30 (MP47),VBMSY,VB / VB[MSY],0.520778025698355,higher is better,FALSE,1,2041-2050,Median across iteration-specific 2041-2050 means,om21_1,Movement (om21_1),North,500
PR+20 (MP32),VBMSY,VB / VB[MSY],0.565579031413622,higher is better,FALSE,1,2041-2050,Median across iteration-specific 2041-2050 means,om21_1,Movement (om21_1),North,500
PR-20 (MP44),VBMSY,VB / VB[MSY],0.566270580180278,higher is better,FALSE,1,2041-2050,Median across iteration-specific 2041-2050 means,om21_1,Movement (om21_1),North,500
PRsym (MP46),VBMSY,VB / VB[MSY],0.563162172268974,higher is better,FALSE,1,2041-2050,Median across iteration-specific 2041-2050 means,om21_1,Movement (om21_1),North,500
PR-30 (MP48),VBMSY,VB / VB[MSY],0.566374517061944,higher is better,FALSE,1,2041-2050,Median across iteration-specific 2041-2050 means,om21_1,Movement (om21_1),North,500
HS+20 (MP29),C,Catch,947.468969549607,higher is better,TRUE,1,2041-2050,Median across iteration-specific 2041-2050 means,om22,"Two stocks, higher steepness (om22)",Southern,500
HS-20 (MP43),C,Catch,956.793873521824,higher is better,TRUE,1,2041-2050,Median across iteration-specific 2041-2050 means,om22,"Two stocks, higher steepness (om22)",Southern,500
HSsym (MP45),C,Catch,950.235859214284,higher is better,TRUE,1,2041-2050,Median across iteration-specific 2041-2050 means,om22,"Two stocks, higher steepness (om22)",Southern,500
HS-30 (MP47),C,Catch,953.84444928286,higher is better,TRUE,1,2041-2050,Median across iteration-specific 2041-2050 means,om22,"Two stocks, higher steepness (om22)",Southern,500
PR+20 (MP32),C,Catch,889.256974620731,higher is better,TRUE,1,2041-2050,Median across iteration-specific 2041-2050 means,om22,"Two stocks, higher steepness (om22)",Southern,500
PR-20 (MP44),C,Catch,885.098779367618,higher is better,TRUE,1,2041-2050,Median across iteration-specific 2041-2050 means,om22,"Two stocks, higher steepness (om22)",Southern,500
PRsym (MP46),C,Catch,869.609773673894,higher is better,TRUE,1,2041-2050,Median across iteration-specific 2041-2050 means,om22,"Two stocks, higher steepness (om22)",Southern,500
PR-30 (MP48),C,Catch,917.053086504692,higher is better,TRUE,1,2041-2050,Median across iteration-specific 2041-2050 means,om22,"Two stocks, higher steepness (om22)",Southern,500
HS+20 (MP29),CatchDrop20,Advice reductions >19% (%),0,lower is better,TRUE,1,2027-2050 (advice comparisons 2026-2049),Proportion across all valid consecutive saved HCR-advice comparisons and all iterations; advice falls strictly more than 19%; no biomass or near-20% exclusions; first saved advice has no predecessor,om22,"Two stocks, higher steepness (om22)",Southern,500
HS-20 (MP43),CatchDrop20,Advice reductions >19% (%),0.00275,lower is better,TRUE,1,2027-2050 (advice comparisons 2026-2049),Proportion across all valid consecutive saved HCR-advice comparisons and all iterations; advice falls strictly more than 19%; no biomass or near-20% exclusions; first saved advice has no predecessor,om22,"Two stocks, higher steepness (om22)",Southern,500
HSsym (MP45),CatchDrop20,Advice reductions >19% (%),0,lower is better,TRUE,1,2027-2050 (advice comparisons 2026-2049),Proportion across all valid consecutive saved HCR-advice comparisons and all iterations; advice falls strictly more than 19%; no biomass or near-20% exclusions; first saved advice has no predecessor,om22,"Two stocks, higher steepness (om22)",Southern,500
HS-30 (MP47),CatchDrop20,Advice reductions >19% (%),0.002,lower is better,TRUE,1,2027-2050 (advice comparisons 2026-2049),Proportion across all valid consecutive saved HCR-advice comparisons and all iterations; advice falls strictly more than 19%; no biomass or near-20% exclusions; first saved advice has no predecessor,om22,"Two stocks, higher steepness (om22)",Southern,500
PR+20 (MP32),CatchDrop20,Advice reductions >19% (%),0,lower is better,TRUE,1,2027-2050 (advice comparisons 2026-2049),Proportion across all valid consecutive saved HCR-advice comparisons and all iterations; advice falls strictly more than 19%; no biomass or near-20% exclusions; first saved advice has no predecessor,om22,"Two stocks, higher steepness (om22)",Southern,500
PR-20 (MP44),CatchDrop20,Advice reductions >19% (%),0.144166666666667,lower is better,TRUE,1,2027-2050 (advice comparisons 2026-2049),Proportion across all valid consecutive saved HCR-advice comparisons and all iterations; advice falls strictly more than 19%; no biomass or near-20% exclusions; first saved advice has no predecessor,om22,"Two stocks, higher steepness (om22)",Southern,500
PRsym (MP46),CatchDrop20,Advice reductions >19% (%),0,lower is better,TRUE,1,2027-2050 (advice comparisons 2026-2049),Proportion across all valid consecutive saved HCR-advice comparisons and all iterations; advice falls strictly more than 19%; no biomass or near-20% exclusions; first saved advice has no predecessor,om22,"Two stocks, higher steepness (om22)",Southern,500
PR-30 (MP48),CatchDrop20,Advice reductions >19% (%),0.106333333333333,lower is better,TRUE,1,2027-2050 (advice comparisons 2026-2049),Proportion across all valid consecutive saved HCR-advice comparisons and all iterations; advice falls strictly more than 19%; no biomass or near-20% exclusions; first saved advice has no predecessor,om22,"Two stocks, higher steepness (om22)",Southern,500
HS+20 (MP29),Creduction,Mean catch reduction,2.7365253769923,lower is better,FALSE,1,2041-2050,Median across iteration-specific 2026-2050 mean reductions,om22,"Two stocks, higher steepness (om22)",Southern,500
PR+20 (MP32),Creduction,Mean catch reduction,5.28860107139481,lower is better,FALSE,1,2041-2050,Median across iteration-specific 2026-2050 mean reductions,om22,"Two stocks, higher steepness (om22)",Southern,500
HS-20 (MP43),Creduction,Mean catch reduction,2.78492514215319,lower is better,FALSE,1,2041-2050,Median across iteration-specific 2026-2050 mean reductions,om22,"Two stocks, higher steepness (om22)",Southern,500
PR-20 (MP44),Creduction,Mean catch reduction,5.2445728331154,lower is better,FALSE,1,2041-2050,Median across iteration-specific 2026-2050 mean reductions,om22,"Two stocks, higher steepness (om22)",Southern,500
HSsym (MP45),Creduction,Mean catch reduction,2.72246824880352,lower is better,FALSE,1,2041-2050,Median across iteration-specific 2026-2050 mean reductions,om22,"Two stocks, higher steepness (om22)",Southern,500
PRsym (MP46),Creduction,Mean catch reduction,5.08177357225624,lower is better,FALSE,1,2041-2050,Median across iteration-specific 2026-2050 mean reductions,om22,"Two stocks, higher steepness (om22)",Southern,500
HS-30 (MP47),Creduction,Mean catch reduction,2.74758464050701,lower is better,FALSE,1,2041-2050,Median across iteration-specific 2026-2050 mean reductions,om22,"Two stocks, higher steepness (om22)",Southern,500
PR-30 (MP48),Creduction,Mean catch reduction,5.37458693806065,lower is better,FALSE,1,2041-2050,Median across iteration-specific 2026-2050 mean reductions,om22,"Two stocks, higher steepness (om22)",Southern,500
HS+20 (MP29),FMSY,F / F[MSY],0.212053795097342,lower is better,FALSE,1,2041-2050,Median across iteration-specific 2041-2050 means,om22,"Two stocks, higher steepness (om22)",Southern,500
HS-20 (MP43),FMSY,F / F[MSY],0.235741842418327,lower is better,FALSE,1,2041-2050,Median across iteration-specific 2041-2050 means,om22,"Two stocks, higher steepness (om22)",Southern,500
HSsym (MP45),FMSY,F / F[MSY],0.219103864197016,lower is better,FALSE,1,2041-2050,Median across iteration-specific 2041-2050 means,om22,"Two stocks, higher steepness (om22)",Southern,500
HS-30 (MP47),FMSY,F / F[MSY],0.227319538728019,lower is better,FALSE,1,2041-2050,Median across iteration-specific 2041-2050 means,om22,"Two stocks, higher steepness (om22)",Southern,500
PR+20 (MP32),FMSY,F / F[MSY],0.143867386918065,lower is better,FALSE,1,2041-2050,Median across iteration-specific 2041-2050 means,om22,"Two stocks, higher steepness (om22)",Southern,500
PR-20 (MP44),FMSY,F / F[MSY],0.143247563697426,lower is better,FALSE,1,2041-2050,Median across iteration-specific 2041-2050 means,om22,"Two stocks, higher steepness (om22)",Southern,500
PRsym (MP46),FMSY,F / F[MSY],0.144352987565864,lower is better,FALSE,1,2041-2050,Median across iteration-specific 2041-2050 means,om22,"Two stocks, higher steepness (om22)",Southern,500
PR-30 (MP48),FMSY,F / F[MSY],0.154069663383865,lower is better,FALSE,1,2041-2050,Median across iteration-specific 2041-2050 means,om22,"Two stocks, higher steepness (om22)",Southern,500
HS+20 (MP29),IACC,IACC,4.98358870037176,lower is better,TRUE,1,2041-2050,Median across iteration-specific 2041-2050 means,om22,"Two stocks, higher steepness (om22)",Southern,500
HS-20 (MP43),IACC,IACC,5.04819940843489,lower is better,TRUE,1,2041-2050,Median across iteration-specific 2041-2050 means,om22,"Two stocks, higher steepness (om22)",Southern,500
HSsym (MP45),IACC,IACC,4.9943350306516,lower is better,TRUE,1,2041-2050,Median across iteration-specific 2041-2050 means,om22,"Two stocks, higher steepness (om22)",Southern,500
HS-30 (MP47),IACC,IACC,5.03034684837988,lower is better,TRUE,1,2041-2050,Median across iteration-specific 2041-2050 means,om22,"Two stocks, higher steepness (om22)",Southern,500
PR+20 (MP32),IACC,IACC,11.304612482288,lower is better,TRUE,1,2041-2050,Median across iteration-specific 2041-2050 means,om22,"Two stocks, higher steepness (om22)",Southern,500
PR-20 (MP44),IACC,IACC,11.254557448176,lower is better,TRUE,1,2041-2050,Median across iteration-specific 2041-2050 means,om22,"Two stocks, higher steepness (om22)",Southern,500
PRsym (MP46),IACC,IACC,10.6879015170561,lower is better,TRUE,1,2041-2050,Median across iteration-specific 2041-2050 means,om22,"Two stocks, higher steepness (om22)",Southern,500
PR-30 (MP48),IACC,IACC,12.0259505278132,lower is better,TRUE,1,2041-2050,Median across iteration-specific 2041-2050 means,om22,"Two stocks, higher steepness (om22)",Southern,500
HS+20 (MP29),SB0red,P(Kobe red),0,lower is better,FALSE,1,2041-2050,Proportion across all 2041-2050 iteration-years,om22,"Two stocks, higher steepness (om22)",Southern,500
PR+20 (MP32),SB0red,P(Kobe red),0,lower is better,FALSE,1,2041-2050,Proportion across all 2041-2050 iteration-years,om22,"Two stocks, higher steepness (om22)",Southern,500
HS-20 (MP43),SB0red,P(Kobe red),0,lower is better,FALSE,1,2041-2050,Proportion across all 2041-2050 iteration-years,om22,"Two stocks, higher steepness (om22)",Southern,500
PR-20 (MP44),SB0red,P(Kobe red),0,lower is better,FALSE,1,2041-2050,Proportion across all 2041-2050 iteration-years,om22,"Two stocks, higher steepness (om22)",Southern,500
HSsym (MP45),SB0red,P(Kobe red),0,lower is better,FALSE,1,2041-2050,Proportion across all 2041-2050 iteration-years,om22,"Two stocks, higher steepness (om22)",Southern,500
PRsym (MP46),SB0red,P(Kobe red),0,lower is better,FALSE,1,2041-2050,Proportion across all 2041-2050 iteration-years,om22,"Two stocks, higher steepness (om22)",Southern,500
HS-30 (MP47),SB0red,P(Kobe red),0,lower is better,FALSE,1,2041-2050,Proportion across all 2041-2050 iteration-years,om22,"Two stocks, higher steepness (om22)",Southern,500
PR-30 (MP48),SB0red,P(Kobe red),0,lower is better,FALSE,1,2041-2050,Proportion across all 2041-2050 iteration-years,om22,"Two stocks, higher steepness (om22)",Southern,500
HS+20 (MP29),SBMSY,SB / SB[MSY],1.44993103057733,higher is better,FALSE,1,2041-2050,Median across iteration-specific 2041-2050 means,om22,"Two stocks, higher steepness (om22)",Southern,500
HS-20 (MP43),SBMSY,SB / SB[MSY],1.37146242022607,higher is better,FALSE,1,2041-2050,Median across iteration-specific 2041-2050 means,om22,"Two stocks, higher steepness (om22)",Southern,500
HSsym (MP45),SBMSY,SB / SB[MSY],1.42390691695008,higher is better,FALSE,1,2041-2050,Median across iteration-specific 2041-2050 means,om22,"Two stocks, higher steepness (om22)",Southern,500
HS-30 (MP47),SBMSY,SB / SB[MSY],1.39779499297117,higher is better,FALSE,1,2041-2050,Median across iteration-specific 2041-2050 means,om22,"Two stocks, higher steepness (om22)",Southern,500
PR+20 (MP32),SBMSY,SB / SB[MSY],1.72607463435341,higher is better,FALSE,1,2041-2050,Median across iteration-specific 2041-2050 means,om22,"Two stocks, higher steepness (om22)",Southern,500
PR-20 (MP44),SBMSY,SB / SB[MSY],1.73492560569627,higher is better,FALSE,1,2041-2050,Median across iteration-specific 2041-2050 means,om22,"Two stocks, higher steepness (om22)",Southern,500
PRsym (MP46),SBMSY,SB / SB[MSY],1.7285623270572,higher is better,FALSE,1,2041-2050,Median across iteration-specific 2041-2050 means,om22,"Two stocks, higher steepness (om22)",Southern,500
PR-30 (MP48),SBMSY,SB / SB[MSY],1.70611024612355,higher is better,FALSE,1,2041-2050,Median across iteration-specific 2041-2050 means,om22,"Two stocks, higher steepness (om22)",Southern,500
HS+20 (MP29),SSBbelow8dB0,SSB <8% dynamic B0 (%),0,lower is better,TRUE,1,2041-2050,Proportion of valid 2041-2050 iteration-years with SSB strictly below 8% of dynamic unfished SSB (previous Blim),om22,"Two stocks, higher steepness (om22)",Southern,500
PR+20 (MP32),SSBbelow8dB0,SSB <8% dynamic B0 (%),0,lower is better,TRUE,1,2041-2050,Proportion of valid 2041-2050 iteration-years with SSB strictly below 8% of dynamic unfished SSB (previous Blim),om22,"Two stocks, higher steepness (om22)",Southern,500
HS-20 (MP43),SSBbelow8dB0,SSB <8% dynamic B0 (%),0,lower is better,TRUE,1,2041-2050,Proportion of valid 2041-2050 iteration-years with SSB strictly below 8% of dynamic unfished SSB (previous Blim),om22,"Two stocks, higher steepness (om22)",Southern,500
PR-20 (MP44),SSBbelow8dB0,SSB <8% dynamic B0 (%),0,lower is better,TRUE,1,2041-2050,Proportion of valid 2041-2050 iteration-years with SSB strictly below 8% of dynamic unfished SSB (previous Blim),om22,"Two stocks, higher steepness (om22)",Southern,500
HSsym (MP45),SSBbelow8dB0,SSB <8% dynamic B0 (%),0,lower is better,TRUE,1,2041-2050,Proportion of valid 2041-2050 iteration-years with SSB strictly below 8% of dynamic unfished SSB (previous Blim),om22,"Two stocks, higher steepness (om22)",Southern,500
PRsym (MP46),SSBbelow8dB0,SSB <8% dynamic B0 (%),0,lower is better,TRUE,1,2041-2050,Proportion of valid 2041-2050 iteration-years with SSB strictly below 8% of dynamic unfished SSB (previous Blim),om22,"Two stocks, higher steepness (om22)",Southern,500
HS-30 (MP47),SSBbelow8dB0,SSB <8% dynamic B0 (%),0,lower is better,TRUE,1,2041-2050,Proportion of valid 2041-2050 iteration-years with SSB strictly below 8% of dynamic unfished SSB (previous Blim),om22,"Two stocks, higher steepness (om22)",Southern,500
PR-30 (MP48),SSBbelow8dB0,SSB <8% dynamic B0 (%),0,lower is better,TRUE,1,2041-2050,Proportion of valid 2041-2050 iteration-years with SSB strictly below 8% of dynamic unfished SSB (previous Blim),om22,"Two stocks, higher steepness (om22)",Southern,500
HS+20 (MP29),VB2025,VB / VB[2025],1.21712774301857,higher is better,FALSE,1,2041-2050,Median across iteration-specific 2041-2050 means,om22,"Two stocks, higher steepness (om22)",Southern,500
HS-20 (MP43),VB2025,VB / VB[2025],1.1048078112321,higher is better,FALSE,1,2041-2050,Median across iteration-specific 2041-2050 means,om22,"Two stocks, higher steepness (om22)",Southern,500
HSsym (MP45),VB2025,VB / VB[2025],1.18071083347582,higher is better,FALSE,1,2041-2050,Median across iteration-specific 2041-2050 means,om22,"Two stocks, higher steepness (om22)",Southern,500
HS-30 (MP47),VB2025,VB / VB[2025],1.14298438862655,higher is better,FALSE,1,2041-2050,Median across iteration-specific 2041-2050 means,om22,"Two stocks, higher steepness (om22)",Southern,500
PR+20 (MP32),VB2025,VB / VB[2025],1.63969154061942,higher is better,FALSE,1,2041-2050,Median across iteration-specific 2041-2050 means,om22,"Two stocks, higher steepness (om22)",Southern,500
PR-20 (MP44),VB2025,VB / VB[2025],1.63639286629948,higher is better,FALSE,1,2041-2050,Median across iteration-specific 2041-2050 means,om22,"Two stocks, higher steepness (om22)",Southern,500
PRsym (MP46),VB2025,VB / VB[2025],1.63673686238278,higher is better,FALSE,1,2041-2050,Median across iteration-specific 2041-2050 means,om22,"Two stocks, higher steepness (om22)",Southern,500
PR-30 (MP48),VB2025,VB / VB[2025],1.61649110473795,higher is better,FALSE,1,2041-2050,Median across iteration-specific 2041-2050 means,om22,"Two stocks, higher steepness (om22)",Southern,500
HS+20 (MP29),VBMSY,VB / VB[MSY],0.832517118946418,higher is better,FALSE,1,2041-2050,Median across iteration-specific 2041-2050 means,om22,"Two stocks, higher steepness (om22)",Southern,500
HS-20 (MP43),VBMSY,VB / VB[MSY],0.760752650839641,higher is better,FALSE,1,2041-2050,Median across iteration-specific 2041-2050 means,om22,"Two stocks, higher steepness (om22)",Southern,500
HSsym (MP45),VBMSY,VB / VB[MSY],0.80900662844428,higher is better,FALSE,1,2041-2050,Median across iteration-specific 2041-2050 means,om22,"Two stocks, higher steepness (om22)",Southern,500
HS-30 (MP47),VBMSY,VB / VB[MSY],0.785660351177113,higher is better,FALSE,1,2041-2050,Median across iteration-specific 2041-2050 means,om22,"Two stocks, higher steepness (om22)",Southern,500
PR+20 (MP32),VBMSY,VB / VB[MSY],1.10187384377541,higher is better,FALSE,1,2041-2050,Median across iteration-specific 2041-2050 means,om22,"Two stocks, higher steepness (om22)",Southern,500
PR-20 (MP44),VBMSY,VB / VB[MSY],1.10254406082521,higher is better,FALSE,1,2041-2050,Median across iteration-specific 2041-2050 means,om22,"Two stocks, higher steepness (om22)",Southern,500
PRsym (MP46),VBMSY,VB / VB[MSY],1.09105967678956,higher is better,FALSE,1,2041-2050,Median across iteration-specific 2041-2050 means,om22,"Two stocks, higher steepness (om22)",Southern,500
PR-30 (MP48),VBMSY,VB / VB[MSY],1.09547978694608,higher is better,FALSE,1,2041-2050,Median across iteration-specific 2041-2050 means,om22,"Two stocks, higher steepness (om22)",Southern,500
HS+20 (MP29),C,Catch,217.095014704726,higher is better,TRUE,1,2041-2050,Median across iteration-specific 2041-2050 means,om22,"Two stocks, higher steepness (om22)",North,500
HS-20 (MP43),C,Catch,218.904464075658,higher is better,TRUE,1,2041-2050,Median across iteration-specific 2041-2050 means,om22,"Two stocks, higher steepness (om22)",North,500
HSsym (MP45),C,Catch,217.598423415605,higher is better,TRUE,1,2041-2050,Median across iteration-specific 2041-2050 means,om22,"Two stocks, higher steepness (om22)",North,500
HS-30 (MP47),C,Catch,218.135212862945,higher is better,TRUE,1,2041-2050,Median across iteration-specific 2041-2050 means,om22,"Two stocks, higher steepness (om22)",North,500
PR+20 (MP32),C,Catch,202.176596848411,higher is better,TRUE,1,2041-2050,Median across iteration-specific 2041-2050 means,om22,"Two stocks, higher steepness (om22)",North,500
PR-20 (MP44),C,Catch,201.424996843827,higher is better,TRUE,1,2041-2050,Median across iteration-specific 2041-2050 means,om22,"Two stocks, higher steepness (om22)",North,500
PRsym (MP46),C,Catch,199.889911434082,higher is better,TRUE,1,2041-2050,Median across iteration-specific 2041-2050 means,om22,"Two stocks, higher steepness (om22)",North,500
PR-30 (MP48),C,Catch,209.535457948232,higher is better,TRUE,1,2041-2050,Median across iteration-specific 2041-2050 means,om22,"Two stocks, higher steepness (om22)",North,500
HS+20 (MP29),CatchDrop20,Advice reductions >19% (%),0,lower is better,TRUE,1,2027-2050 (advice comparisons 2026-2049),Proportion across all valid consecutive saved HCR-advice comparisons and all iterations; advice falls strictly more than 19%; no biomass or near-20% exclusions; first saved advice has no predecessor,om22,"Two stocks, higher steepness (om22)",North,500
HS-20 (MP43),CatchDrop20,Advice reductions >19% (%),0.00275,lower is better,TRUE,1,2027-2050 (advice comparisons 2026-2049),Proportion across all valid consecutive saved HCR-advice comparisons and all iterations; advice falls strictly more than 19%; no biomass or near-20% exclusions; first saved advice has no predecessor,om22,"Two stocks, higher steepness (om22)",North,500
HSsym (MP45),CatchDrop20,Advice reductions >19% (%),0,lower is better,TRUE,1,2027-2050 (advice comparisons 2026-2049),Proportion across all valid consecutive saved HCR-advice comparisons and all iterations; advice falls strictly more than 19%; no biomass or near-20% exclusions; first saved advice has no predecessor,om22,"Two stocks, higher steepness (om22)",North,500
HS-30 (MP47),CatchDrop20,Advice reductions >19% (%),0.002,lower is better,TRUE,1,2027-2050 (advice comparisons 2026-2049),Proportion across all valid consecutive saved HCR-advice comparisons and all iterations; advice falls strictly more than 19%; no biomass or near-20% exclusions; first saved advice has no predecessor,om22,"Two stocks, higher steepness (om22)",North,500
PR+20 (MP32),CatchDrop20,Advice reductions >19% (%),0,lower is better,TRUE,1,2027-2050 (advice comparisons 2026-2049),Proportion across all valid consecutive saved HCR-advice comparisons and all iterations; advice falls strictly more than 19%; no biomass or near-20% exclusions; first saved advice has no predecessor,om22,"Two stocks, higher steepness (om22)",North,500
PR-20 (MP44),CatchDrop20,Advice reductions >19% (%),0.144166666666667,lower is better,TRUE,1,2027-2050 (advice comparisons 2026-2049),Proportion across all valid consecutive saved HCR-advice comparisons and all iterations; advice falls strictly more than 19%; no biomass or near-20% exclusions; first saved advice has no predecessor,om22,"Two stocks, higher steepness (om22)",North,500
PRsym (MP46),CatchDrop20,Advice reductions >19% (%),0,lower is better,TRUE,1,2027-2050 (advice comparisons 2026-2049),Proportion across all valid consecutive saved HCR-advice comparisons and all iterations; advice falls strictly more than 19%; no biomass or near-20% exclusions; first saved advice has no predecessor,om22,"Two stocks, higher steepness (om22)",North,500
PR-30 (MP48),CatchDrop20,Advice reductions >19% (%),0.106333333333333,lower is better,TRUE,1,2027-2050 (advice comparisons 2026-2049),Proportion across all valid consecutive saved HCR-advice comparisons and all iterations; advice falls strictly more than 19%; no biomass or near-20% exclusions; first saved advice has no predecessor,om22,"Two stocks, higher steepness (om22)",North,500
HS+20 (MP29),Creduction,Mean catch reduction,5.31016946411463,lower is better,FALSE,1,2041-2050,Median across iteration-specific 2026-2050 mean reductions,om22,"Two stocks, higher steepness (om22)",North,500
PR+20 (MP32),Creduction,Mean catch reduction,6.58839174211626,lower is better,FALSE,1,2041-2050,Median across iteration-specific 2026-2050 mean reductions,om22,"Two stocks, higher steepness (om22)",North,500
HS-20 (MP43),Creduction,Mean catch reduction,5.40724857235298,lower is better,FALSE,1,2041-2050,Median across iteration-specific 2026-2050 mean reductions,om22,"Two stocks, higher steepness (om22)",North,500
PR-20 (MP44),Creduction,Mean catch reduction,6.55467669596116,lower is better,FALSE,1,2041-2050,Median across iteration-specific 2026-2050 mean reductions,om22,"Two stocks, higher steepness (om22)",North,500
HSsym (MP45),Creduction,Mean catch reduction,5.32020679827558,lower is better,FALSE,1,2041-2050,Median across iteration-specific 2026-2050 mean reductions,om22,"Two stocks, higher steepness (om22)",North,500
PRsym (MP46),Creduction,Mean catch reduction,6.39752471634458,lower is better,FALSE,1,2041-2050,Median across iteration-specific 2026-2050 mean reductions,om22,"Two stocks, higher steepness (om22)",North,500
HS-30 (MP47),Creduction,Mean catch reduction,5.36528830579815,lower is better,FALSE,1,2041-2050,Median across iteration-specific 2026-2050 mean reductions,om22,"Two stocks, higher steepness (om22)",North,500
PR-30 (MP48),Creduction,Mean catch reduction,6.71610407620885,lower is better,FALSE,1,2041-2050,Median across iteration-specific 2026-2050 mean reductions,om22,"Two stocks, higher steepness (om22)",North,500
HS+20 (MP29),FMSY,F / F[MSY],59.4039685045019,lower is better,FALSE,1,2041-2050,Median across iteration-specific 2041-2050 means,om22,"Two stocks, higher steepness (om22)",North,500
HS-20 (MP43),FMSY,F / F[MSY],60.7522847473623,lower is better,FALSE,1,2041-2050,Median across iteration-specific 2041-2050 means,om22,"Two stocks, higher steepness (om22)",North,500
HSsym (MP45),FMSY,F / F[MSY],59.6813949032745,lower is better,FALSE,1,2041-2050,Median across iteration-specific 2041-2050 means,om22,"Two stocks, higher steepness (om22)",North,500
HS-30 (MP47),FMSY,F / F[MSY],60.3540853355111,lower is better,FALSE,1,2041-2050,Median across iteration-specific 2041-2050 means,om22,"Two stocks, higher steepness (om22)",North,500
PR+20 (MP32),FMSY,F / F[MSY],53.4481933477741,lower is better,FALSE,1,2041-2050,Median across iteration-specific 2041-2050 means,om22,"Two stocks, higher steepness (om22)",North,500
PR-20 (MP44),FMSY,F / F[MSY],53.0149257669568,lower is better,FALSE,1,2041-2050,Median across iteration-specific 2041-2050 means,om22,"Two stocks, higher steepness (om22)",North,500
PRsym (MP46),FMSY,F / F[MSY],53.2711919168813,lower is better,FALSE,1,2041-2050,Median across iteration-specific 2041-2050 means,om22,"Two stocks, higher steepness (om22)",North,500
PR-30 (MP48),FMSY,F / F[MSY],56.2169958421031,lower is better,FALSE,1,2041-2050,Median across iteration-specific 2041-2050 means,om22,"Two stocks, higher steepness (om22)",North,500
HS+20 (MP29),IACC,IACC,11.0988775881696,lower is better,TRUE,1,2041-2050,Median across iteration-specific 2041-2050 means,om22,"Two stocks, higher steepness (om22)",North,500
HS-20 (MP43),IACC,IACC,11.0611363960462,lower is better,TRUE,1,2041-2050,Median across iteration-specific 2041-2050 means,om22,"Two stocks, higher steepness (om22)",North,500
HSsym (MP45),IACC,IACC,11.0864732079091,lower is better,TRUE,1,2041-2050,Median across iteration-specific 2041-2050 means,om22,"Two stocks, higher steepness (om22)",North,500
HS-30 (MP47),IACC,IACC,11.120717674893,lower is better,TRUE,1,2041-2050,Median across iteration-specific 2041-2050 means,om22,"Two stocks, higher steepness (om22)",North,500
PR+20 (MP32),IACC,IACC,14.5749948542317,lower is better,TRUE,1,2041-2050,Median across iteration-specific 2041-2050 means,om22,"Two stocks, higher steepness (om22)",North,500
PR-20 (MP44),IACC,IACC,14.5873503772117,lower is better,TRUE,1,2041-2050,Median across iteration-specific 2041-2050 means,om22,"Two stocks, higher steepness (om22)",North,500
PRsym (MP46),IACC,IACC,13.9783360957734,lower is better,TRUE,1,2041-2050,Median across iteration-specific 2041-2050 means,om22,"Two stocks, higher steepness (om22)",North,500
PR-30 (MP48),IACC,IACC,15.522242113685,lower is better,TRUE,1,2041-2050,Median across iteration-specific 2041-2050 means,om22,"Two stocks, higher steepness (om22)",North,500
HS+20 (MP29),SB0red,P(Kobe red),0.8238,lower is better,FALSE,1,2041-2050,Proportion across all 2041-2050 iteration-years,om22,"Two stocks, higher steepness (om22)",North,500
PR+20 (MP32),SB0red,P(Kobe red),0.8188,lower is better,FALSE,1,2041-2050,Proportion across all 2041-2050 iteration-years,om22,"Two stocks, higher steepness (om22)",North,500
HS-20 (MP43),SB0red,P(Kobe red),0.828,lower is better,FALSE,1,2041-2050,Proportion across all 2041-2050 iteration-years,om22,"Two stocks, higher steepness (om22)",North,500
PR-20 (MP44),SB0red,P(Kobe red),0.8202,lower is better,FALSE,1,2041-2050,Proportion across all 2041-2050 iteration-years,om22,"Two stocks, higher steepness (om22)",North,500
HSsym (MP45),SB0red,P(Kobe red),0.8256,lower is better,FALSE,1,2041-2050,Proportion across all 2041-2050 iteration-years,om22,"Two stocks, higher steepness (om22)",North,500
PRsym (MP46),SB0red,P(Kobe red),0.8202,lower is better,FALSE,1,2041-2050,Proportion across all 2041-2050 iteration-years,om22,"Two stocks, higher steepness (om22)",North,500
HS-30 (MP47),SB0red,P(Kobe red),0.8266,lower is better,FALSE,1,2041-2050,Proportion across all 2041-2050 iteration-years,om22,"Two stocks, higher steepness (om22)",North,500
PR-30 (MP48),SB0red,P(Kobe red),0.8192,lower is better,FALSE,1,2041-2050,Proportion across all 2041-2050 iteration-years,om22,"Two stocks, higher steepness (om22)",North,500
HS+20 (MP29),SBMSY,SB / SB[MSY],0.543598650165591,higher is better,FALSE,1,2041-2050,Median across iteration-specific 2041-2050 means,om22,"Two stocks, higher steepness (om22)",North,500
HS-20 (MP43),SBMSY,SB / SB[MSY],0.532121315151046,higher is better,FALSE,1,2041-2050,Median across iteration-specific 2041-2050 means,om22,"Two stocks, higher steepness (om22)",North,500
HSsym (MP45),SBMSY,SB / SB[MSY],0.537632454244315,higher is better,FALSE,1,2041-2050,Median across iteration-specific 2041-2050 means,om22,"Two stocks, higher steepness (om22)",North,500
HS-30 (MP47),SBMSY,SB / SB[MSY],0.534699786038467,higher is better,FALSE,1,2041-2050,Median across iteration-specific 2041-2050 means,om22,"Two stocks, higher steepness (om22)",North,500
PR+20 (MP32),SBMSY,SB / SB[MSY],0.57436795533841,higher is better,FALSE,1,2041-2050,Median across iteration-specific 2041-2050 means,om22,"Two stocks, higher steepness (om22)",North,500
PR-20 (MP44),SBMSY,SB / SB[MSY],0.574500438927772,higher is better,FALSE,1,2041-2050,Median across iteration-specific 2041-2050 means,om22,"Two stocks, higher steepness (om22)",North,500
PRsym (MP46),SBMSY,SB / SB[MSY],0.570943020043304,higher is better,FALSE,1,2041-2050,Median across iteration-specific 2041-2050 means,om22,"Two stocks, higher steepness (om22)",North,500
PR-30 (MP48),SBMSY,SB / SB[MSY],0.572804548059996,higher is better,FALSE,1,2041-2050,Median across iteration-specific 2041-2050 means,om22,"Two stocks, higher steepness (om22)",North,500
HS+20 (MP29),SSBbelow8dB0,SSB <8% dynamic B0 (%),0.04,lower is better,TRUE,1,2041-2050,Proportion of valid 2041-2050 iteration-years with SSB strictly below 8% of dynamic unfished SSB (previous Blim),om22,"Two stocks, higher steepness (om22)",North,500
PR+20 (MP32),SSBbelow8dB0,SSB <8% dynamic B0 (%),0.0304,lower is better,TRUE,1,2041-2050,Proportion of valid 2041-2050 iteration-years with SSB strictly below 8% of dynamic unfished SSB (previous Blim),om22,"Two stocks, higher steepness (om22)",North,500
HS-20 (MP43),SSBbelow8dB0,SSB <8% dynamic B0 (%),0.0452,lower is better,TRUE,1,2041-2050,Proportion of valid 2041-2050 iteration-years with SSB strictly below 8% of dynamic unfished SSB (previous Blim),om22,"Two stocks, higher steepness (om22)",North,500
PR-20 (MP44),SSBbelow8dB0,SSB <8% dynamic B0 (%),0.0318,lower is better,TRUE,1,2041-2050,Proportion of valid 2041-2050 iteration-years with SSB strictly below 8% of dynamic unfished SSB (previous Blim),om22,"Two stocks, higher steepness (om22)",North,500
HSsym (MP45),SSBbelow8dB0,SSB <8% dynamic B0 (%),0.0414,lower is better,TRUE,1,2041-2050,Proportion of valid 2041-2050 iteration-years with SSB strictly below 8% of dynamic unfished SSB (previous Blim),om22,"Two stocks, higher steepness (om22)",North,500
PRsym (MP46),SSBbelow8dB0,SSB <8% dynamic B0 (%),0.0314,lower is better,TRUE,1,2041-2050,Proportion of valid 2041-2050 iteration-years with SSB strictly below 8% of dynamic unfished SSB (previous Blim),om22,"Two stocks, higher steepness (om22)",North,500
HS-30 (MP47),SSBbelow8dB0,SSB <8% dynamic B0 (%),0.043,lower is better,TRUE,1,2041-2050,Proportion of valid 2041-2050 iteration-years with SSB strictly below 8% of dynamic unfished SSB (previous Blim),om22,"Two stocks, higher steepness (om22)",North,500
PR-30 (MP48),SSBbelow8dB0,SSB <8% dynamic B0 (%),0.0338,lower is better,TRUE,1,2041-2050,Proportion of valid 2041-2050 iteration-years with SSB strictly below 8% of dynamic unfished SSB (previous Blim),om22,"Two stocks, higher steepness (om22)",North,500
HS+20 (MP29),VB2025,VB / VB[2025],0.823667568212604,higher is better,FALSE,1,2041-2050,Median across iteration-specific 2041-2050 means,om22,"Two stocks, higher steepness (om22)",North,500
HS-20 (MP43),VB2025,VB / VB[2025],0.818627613938675,higher is better,FALSE,1,2041-2050,Median across iteration-specific 2041-2050 means,om22,"Two stocks, higher steepness (om22)",North,500
HSsym (MP45),VB2025,VB / VB[2025],0.821838360442597,higher is better,FALSE,1,2041-2050,Median across iteration-specific 2041-2050 means,om22,"Two stocks, higher steepness (om22)",North,500
HS-30 (MP47),VB2025,VB / VB[2025],0.820262139858813,higher is better,FALSE,1,2041-2050,Median across iteration-specific 2041-2050 means,om22,"Two stocks, higher steepness (om22)",North,500
PR+20 (MP32),VB2025,VB / VB[2025],0.850752017667129,higher is better,FALSE,1,2041-2050,Median across iteration-specific 2041-2050 means,om22,"Two stocks, higher steepness (om22)",North,500
PR-20 (MP44),VB2025,VB / VB[2025],0.847026524254783,higher is better,FALSE,1,2041-2050,Median across iteration-specific 2041-2050 means,om22,"Two stocks, higher steepness (om22)",North,500
PRsym (MP46),VB2025,VB / VB[2025],0.846289151357586,higher is better,FALSE,1,2041-2050,Median across iteration-specific 2041-2050 means,om22,"Two stocks, higher steepness (om22)",North,500
PR-30 (MP48),VB2025,VB / VB[2025],0.849200256734114,higher is better,FALSE,1,2041-2050,Median across iteration-specific 2041-2050 means,om22,"Two stocks, higher steepness (om22)",North,500
HS+20 (MP29),VBMSY,VB / VB[MSY],0.437856294518022,higher is better,FALSE,1,2041-2050,Median across iteration-specific 2041-2050 means,om22,"Two stocks, higher steepness (om22)",North,500
HS-20 (MP43),VBMSY,VB / VB[MSY],0.434963554599043,higher is better,FALSE,1,2041-2050,Median across iteration-specific 2041-2050 means,om22,"Two stocks, higher steepness (om22)",North,500
HSsym (MP45),VBMSY,VB / VB[MSY],0.436899326215705,higher is better,FALSE,1,2041-2050,Median across iteration-specific 2041-2050 means,om22,"Two stocks, higher steepness (om22)",North,500
HS-30 (MP47),VBMSY,VB / VB[MSY],0.435705673296339,higher is better,FALSE,1,2041-2050,Median across iteration-specific 2041-2050 means,om22,"Two stocks, higher steepness (om22)",North,500
PR+20 (MP32),VBMSY,VB / VB[MSY],0.453104101987497,higher is better,FALSE,1,2041-2050,Median across iteration-specific 2041-2050 means,om22,"Two stocks, higher steepness (om22)",North,500
PR-20 (MP44),VBMSY,VB / VB[MSY],0.454406237270578,higher is better,FALSE,1,2041-2050,Median across iteration-specific 2041-2050 means,om22,"Two stocks, higher steepness (om22)",North,500
PRsym (MP46),VBMSY,VB / VB[MSY],0.452224112641868,higher is better,FALSE,1,2041-2050,Median across iteration-specific 2041-2050 means,om22,"Two stocks, higher steepness (om22)",North,500
PR-30 (MP48),VBMSY,VB / VB[MSY],0.452716026451124,higher is better,FALSE,1,2041-2050,Median across iteration-specific 2041-2050 means,om22,"Two stocks, higher steepness (om22)",North,500
HS+20 (MP29),C,Catch,1268.95222655598,higher is better,TRUE,1,2041-2050,Median across iteration-specific 2041-2050 means,om23,"Two stocks, alternative assessment (om23)",Southern,500
HS-20 (MP43),C,Catch,1291.26325132937,higher is better,TRUE,1,2041-2050,Median across iteration-specific 2041-2050 means,om23,"Two stocks, alternative assessment (om23)",Southern,500
HSsym (MP45),C,Catch,1276.08617782666,higher is better,TRUE,1,2041-2050,Median across iteration-specific 2041-2050 means,om23,"Two stocks, alternative assessment (om23)",Southern,500
HS-30 (MP47),C,Catch,1284.46916596919,higher is better,TRUE,1,2041-2050,Median across iteration-specific 2041-2050 means,om23,"Two stocks, alternative assessment (om23)",Southern,500
PR+20 (MP32),C,Catch,1260.36912327814,higher is better,TRUE,1,2041-2050,Median across iteration-specific 2041-2050 means,om23,"Two stocks, alternative assessment (om23)",Southern,500
PR-20 (MP44),C,Catch,1269.5553080375,higher is better,TRUE,1,2041-2050,Median across iteration-specific 2041-2050 means,om23,"Two stocks, alternative assessment (om23)",Southern,500
PRsym (MP46),C,Catch,1265.52066153802,higher is better,TRUE,1,2041-2050,Median across iteration-specific 2041-2050 means,om23,"Two stocks, alternative assessment (om23)",Southern,500
PR-30 (MP48),C,Catch,1274.1458223713,higher is better,TRUE,1,2041-2050,Median across iteration-specific 2041-2050 means,om23,"Two stocks, alternative assessment (om23)",Southern,500
HS+20 (MP29),CatchDrop20,Advice reductions >19% (%),0,lower is better,TRUE,1,2027-2050 (advice comparisons 2026-2049),Proportion across all valid consecutive saved HCR-advice comparisons and all iterations; advice falls strictly more than 19%; no biomass or near-20% exclusions; first saved advice has no predecessor,om23,"Two stocks, alternative assessment (om23)",Southern,500
HS-20 (MP43),CatchDrop20,Advice reductions >19% (%),0.00075,lower is better,TRUE,1,2027-2050 (advice comparisons 2026-2049),Proportion across all valid consecutive saved HCR-advice comparisons and all iterations; advice falls strictly more than 19%; no biomass or near-20% exclusions; first saved advice has no predecessor,om23,"Two stocks, alternative assessment (om23)",Southern,500
HSsym (MP45),CatchDrop20,Advice reductions >19% (%),0,lower is better,TRUE,1,2027-2050 (advice comparisons 2026-2049),Proportion across all valid consecutive saved HCR-advice comparisons and all iterations; advice falls strictly more than 19%; no biomass or near-20% exclusions; first saved advice has no predecessor,om23,"Two stocks, alternative assessment (om23)",Southern,500
HS-30 (MP47),CatchDrop20,Advice reductions >19% (%),0.00075,lower is better,TRUE,1,2027-2050 (advice comparisons 2026-2049),Proportion across all valid consecutive saved HCR-advice comparisons and all iterations; advice falls strictly more than 19%; no biomass or near-20% exclusions; first saved advice has no predecessor,om23,"Two stocks, alternative assessment (om23)",Southern,500
PR+20 (MP32),CatchDrop20,Advice reductions >19% (%),0,lower is better,TRUE,1,2027-2050 (advice comparisons 2026-2049),Proportion across all valid consecutive saved HCR-advice comparisons and all iterations; advice falls strictly more than 19%; no biomass or near-20% exclusions; first saved advice has no predecessor,om23,"Two stocks, alternative assessment (om23)",Southern,500
PR-20 (MP44),CatchDrop20,Advice reductions >19% (%),0.05375,lower is better,TRUE,1,2027-2050 (advice comparisons 2026-2049),Proportion across all valid consecutive saved HCR-advice comparisons and all iterations; advice falls strictly more than 19%; no biomass or near-20% exclusions; first saved advice has no predecessor,om23,"Two stocks, alternative assessment (om23)",Southern,500
PRsym (MP46),CatchDrop20,Advice reductions >19% (%),0,lower is better,TRUE,1,2027-2050 (advice comparisons 2026-2049),Proportion across all valid consecutive saved HCR-advice comparisons and all iterations; advice falls strictly more than 19%; no biomass or near-20% exclusions; first saved advice has no predecessor,om23,"Two stocks, alternative assessment (om23)",Southern,500
PR-30 (MP48),CatchDrop20,Advice reductions >19% (%),0.03675,lower is better,TRUE,1,2027-2050 (advice comparisons 2026-2049),Proportion across all valid consecutive saved HCR-advice comparisons and all iterations; advice falls strictly more than 19%; no biomass or near-20% exclusions; first saved advice has no predecessor,om23,"Two stocks, alternative assessment (om23)",Southern,500
HS+20 (MP29),Creduction,Mean catch reduction,2.33187202847321,lower is better,FALSE,1,2041-2050,Median across iteration-specific 2026-2050 mean reductions,om23,"Two stocks, alternative assessment (om23)",Southern,500
PR+20 (MP32),Creduction,Mean catch reduction,2.91009285246082,lower is better,FALSE,1,2041-2050,Median across iteration-specific 2026-2050 mean reductions,om23,"Two stocks, alternative assessment (om23)",Southern,500
HS-20 (MP43),Creduction,Mean catch reduction,2.32001651422403,lower is better,FALSE,1,2041-2050,Median across iteration-specific 2026-2050 mean reductions,om23,"Two stocks, alternative assessment (om23)",Southern,500
PR-20 (MP44),Creduction,Mean catch reduction,2.81032656799469,lower is better,FALSE,1,2041-2050,Median across iteration-specific 2026-2050 mean reductions,om23,"Two stocks, alternative assessment (om23)",Southern,500
HSsym (MP45),Creduction,Mean catch reduction,2.31820670558649,lower is better,FALSE,1,2041-2050,Median across iteration-specific 2026-2050 mean reductions,om23,"Two stocks, alternative assessment (om23)",Southern,500
PRsym (MP46),Creduction,Mean catch reduction,2.82894753967768,lower is better,FALSE,1,2041-2050,Median across iteration-specific 2026-2050 mean reductions,om23,"Two stocks, alternative assessment (om23)",Southern,500
HS-30 (MP47),Creduction,Mean catch reduction,2.3530855568429,lower is better,FALSE,1,2041-2050,Median across iteration-specific 2026-2050 mean reductions,om23,"Two stocks, alternative assessment (om23)",Southern,500
PR-30 (MP48),Creduction,Mean catch reduction,2.65802604384885,lower is better,FALSE,1,2041-2050,Median across iteration-specific 2026-2050 mean reductions,om23,"Two stocks, alternative assessment (om23)",Southern,500
HS+20 (MP29),FMSY,F / F[MSY],0.410406003378195,lower is better,FALSE,1,2041-2050,Median across iteration-specific 2041-2050 means,om23,"Two stocks, alternative assessment (om23)",Southern,500
HS-20 (MP43),FMSY,F / F[MSY],0.448468016362148,lower is better,FALSE,1,2041-2050,Median across iteration-specific 2041-2050 means,om23,"Two stocks, alternative assessment (om23)",Southern,500
HSsym (MP45),FMSY,F / F[MSY],0.422739664174006,lower is better,FALSE,1,2041-2050,Median across iteration-specific 2041-2050 means,om23,"Two stocks, alternative assessment (om23)",Southern,500
HS-30 (MP47),FMSY,F / F[MSY],0.436008041550776,lower is better,FALSE,1,2041-2050,Median across iteration-specific 2041-2050 means,om23,"Two stocks, alternative assessment (om23)",Southern,500
PR+20 (MP32),FMSY,F / F[MSY],0.329773279146156,lower is better,FALSE,1,2041-2050,Median across iteration-specific 2041-2050 means,om23,"Two stocks, alternative assessment (om23)",Southern,500
PR-20 (MP44),FMSY,F / F[MSY],0.336199979748886,lower is better,FALSE,1,2041-2050,Median across iteration-specific 2041-2050 means,om23,"Two stocks, alternative assessment (om23)",Southern,500
PRsym (MP46),FMSY,F / F[MSY],0.332184350984685,lower is better,FALSE,1,2041-2050,Median across iteration-specific 2041-2050 means,om23,"Two stocks, alternative assessment (om23)",Southern,500
PR-30 (MP48),FMSY,F / F[MSY],0.342067061676318,lower is better,FALSE,1,2041-2050,Median across iteration-specific 2041-2050 means,om23,"Two stocks, alternative assessment (om23)",Southern,500
HS+20 (MP29),IACC,IACC,4.72328226670432,lower is better,TRUE,1,2041-2050,Median across iteration-specific 2041-2050 means,om23,"Two stocks, alternative assessment (om23)",Southern,500
HS-20 (MP43),IACC,IACC,4.6487583030021,lower is better,TRUE,1,2041-2050,Median across iteration-specific 2041-2050 means,om23,"Two stocks, alternative assessment (om23)",Southern,500
HSsym (MP45),IACC,IACC,4.69746740213459,lower is better,TRUE,1,2041-2050,Median across iteration-specific 2041-2050 means,om23,"Two stocks, alternative assessment (om23)",Southern,500
HS-30 (MP47),IACC,IACC,4.7107899932616,lower is better,TRUE,1,2041-2050,Median across iteration-specific 2041-2050 means,om23,"Two stocks, alternative assessment (om23)",Southern,500
PR+20 (MP32),IACC,IACC,5.90597460024364,lower is better,TRUE,1,2041-2050,Median across iteration-specific 2041-2050 means,om23,"Two stocks, alternative assessment (om23)",Southern,500
PR-20 (MP44),IACC,IACC,5.77595564834722,lower is better,TRUE,1,2041-2050,Median across iteration-specific 2041-2050 means,om23,"Two stocks, alternative assessment (om23)",Southern,500
PRsym (MP46),IACC,IACC,5.75286793650126,lower is better,TRUE,1,2041-2050,Median across iteration-specific 2041-2050 means,om23,"Two stocks, alternative assessment (om23)",Southern,500
PR-30 (MP48),IACC,IACC,5.68752184091837,lower is better,TRUE,1,2041-2050,Median across iteration-specific 2041-2050 means,om23,"Two stocks, alternative assessment (om23)",Southern,500
HS+20 (MP29),SB0red,P(Kobe red),0,lower is better,FALSE,1,2041-2050,Proportion across all 2041-2050 iteration-years,om23,"Two stocks, alternative assessment (om23)",Southern,500
PR+20 (MP32),SB0red,P(Kobe red),0,lower is better,FALSE,1,2041-2050,Proportion across all 2041-2050 iteration-years,om23,"Two stocks, alternative assessment (om23)",Southern,500
HS-20 (MP43),SB0red,P(Kobe red),0,lower is better,FALSE,1,2041-2050,Proportion across all 2041-2050 iteration-years,om23,"Two stocks, alternative assessment (om23)",Southern,500
PR-20 (MP44),SB0red,P(Kobe red),0,lower is better,FALSE,1,2041-2050,Proportion across all 2041-2050 iteration-years,om23,"Two stocks, alternative assessment (om23)",Southern,500
HSsym (MP45),SB0red,P(Kobe red),0,lower is better,FALSE,1,2041-2050,Proportion across all 2041-2050 iteration-years,om23,"Two stocks, alternative assessment (om23)",Southern,500
PRsym (MP46),SB0red,P(Kobe red),0,lower is better,FALSE,1,2041-2050,Proportion across all 2041-2050 iteration-years,om23,"Two stocks, alternative assessment (om23)",Southern,500
HS-30 (MP47),SB0red,P(Kobe red),0,lower is better,FALSE,1,2041-2050,Proportion across all 2041-2050 iteration-years,om23,"Two stocks, alternative assessment (om23)",Southern,500
PR-30 (MP48),SB0red,P(Kobe red),0,lower is better,FALSE,1,2041-2050,Proportion across all 2041-2050 iteration-years,om23,"Two stocks, alternative assessment (om23)",Southern,500
HS+20 (MP29),SBMSY,SB / SB[MSY],2.61724875906229,higher is better,FALSE,1,2041-2050,Median across iteration-specific 2041-2050 means,om23,"Two stocks, alternative assessment (om23)",Southern,500
HS-20 (MP43),SBMSY,SB / SB[MSY],2.48742862986929,higher is better,FALSE,1,2041-2050,Median across iteration-specific 2041-2050 means,om23,"Two stocks, alternative assessment (om23)",Southern,500
HSsym (MP45),SBMSY,SB / SB[MSY],2.57598646238169,higher is better,FALSE,1,2041-2050,Median across iteration-specific 2041-2050 means,om23,"Two stocks, alternative assessment (om23)",Southern,500
HS-30 (MP47),SBMSY,SB / SB[MSY],2.53210659670507,higher is better,FALSE,1,2041-2050,Median across iteration-specific 2041-2050 means,om23,"Two stocks, alternative assessment (om23)",Southern,500
PR+20 (MP32),SBMSY,SB / SB[MSY],2.88193650352321,higher is better,FALSE,1,2041-2050,Median across iteration-specific 2041-2050 means,om23,"Two stocks, alternative assessment (om23)",Southern,500
PR-20 (MP44),SBMSY,SB / SB[MSY],2.85638005324931,higher is better,FALSE,1,2041-2050,Median across iteration-specific 2041-2050 means,om23,"Two stocks, alternative assessment (om23)",Southern,500
PRsym (MP46),SBMSY,SB / SB[MSY],2.87203378191145,higher is better,FALSE,1,2041-2050,Median across iteration-specific 2041-2050 means,om23,"Two stocks, alternative assessment (om23)",Southern,500
PR-30 (MP48),SBMSY,SB / SB[MSY],2.83452736040488,higher is better,FALSE,1,2041-2050,Median across iteration-specific 2041-2050 means,om23,"Two stocks, alternative assessment (om23)",Southern,500
HS+20 (MP29),SSBbelow8dB0,SSB <8% dynamic B0 (%),0,lower is better,TRUE,1,2041-2050,Proportion of valid 2041-2050 iteration-years with SSB strictly below 8% of dynamic unfished SSB (previous Blim),om23,"Two stocks, alternative assessment (om23)",Southern,500
PR+20 (MP32),SSBbelow8dB0,SSB <8% dynamic B0 (%),0,lower is better,TRUE,1,2041-2050,Proportion of valid 2041-2050 iteration-years with SSB strictly below 8% of dynamic unfished SSB (previous Blim),om23,"Two stocks, alternative assessment (om23)",Southern,500
HS-20 (MP43),SSBbelow8dB0,SSB <8% dynamic B0 (%),0,lower is better,TRUE,1,2041-2050,Proportion of valid 2041-2050 iteration-years with SSB strictly below 8% of dynamic unfished SSB (previous Blim),om23,"Two stocks, alternative assessment (om23)",Southern,500
PR-20 (MP44),SSBbelow8dB0,SSB <8% dynamic B0 (%),0,lower is better,TRUE,1,2041-2050,Proportion of valid 2041-2050 iteration-years with SSB strictly below 8% of dynamic unfished SSB (previous Blim),om23,"Two stocks, alternative assessment (om23)",Southern,500
HSsym (MP45),SSBbelow8dB0,SSB <8% dynamic B0 (%),0,lower is better,TRUE,1,2041-2050,Proportion of valid 2041-2050 iteration-years with SSB strictly below 8% of dynamic unfished SSB (previous Blim),om23,"Two stocks, alternative assessment (om23)",Southern,500
PRsym (MP46),SSBbelow8dB0,SSB <8% dynamic B0 (%),0,lower is better,TRUE,1,2041-2050,Proportion of valid 2041-2050 iteration-years with SSB strictly below 8% of dynamic unfished SSB (previous Blim),om23,"Two stocks, alternative assessment (om23)",Southern,500
HS-30 (MP47),SSBbelow8dB0,SSB <8% dynamic B0 (%),0,lower is better,TRUE,1,2041-2050,Proportion of valid 2041-2050 iteration-years with SSB strictly below 8% of dynamic unfished SSB (previous Blim),om23,"Two stocks, alternative assessment (om23)",Southern,500
PR-30 (MP48),SSBbelow8dB0,SSB <8% dynamic B0 (%),0,lower is better,TRUE,1,2041-2050,Proportion of valid 2041-2050 iteration-years with SSB strictly below 8% of dynamic unfished SSB (previous Blim),om23,"Two stocks, alternative assessment (om23)",Southern,500
HS+20 (MP29),VB2025,VB / VB[2025],1.74138648374982,higher is better,FALSE,1,2041-2050,Median across iteration-specific 2041-2050 means,om23,"Two stocks, alternative assessment (om23)",Southern,500
HS-20 (MP43),VB2025,VB / VB[2025],1.61098518964917,higher is better,FALSE,1,2041-2050,Median across iteration-specific 2041-2050 means,om23,"Two stocks, alternative assessment (om23)",Southern,500
HSsym (MP45),VB2025,VB / VB[2025],1.69825339950096,higher is better,FALSE,1,2041-2050,Median across iteration-specific 2041-2050 means,om23,"Two stocks, alternative assessment (om23)",Southern,500
HS-30 (MP47),VB2025,VB / VB[2025],1.65609274483361,higher is better,FALSE,1,2041-2050,Median across iteration-specific 2041-2050 means,om23,"Two stocks, alternative assessment (om23)",Southern,500
PR+20 (MP32),VB2025,VB / VB[2025],1.96058652842889,higher is better,FALSE,1,2041-2050,Median across iteration-specific 2041-2050 means,om23,"Two stocks, alternative assessment (om23)",Southern,500
PR-20 (MP44),VB2025,VB / VB[2025],1.93812348273818,higher is better,FALSE,1,2041-2050,Median across iteration-specific 2041-2050 means,om23,"Two stocks, alternative assessment (om23)",Southern,500
PRsym (MP46),VB2025,VB / VB[2025],1.94982136219774,higher is better,FALSE,1,2041-2050,Median across iteration-specific 2041-2050 means,om23,"Two stocks, alternative assessment (om23)",Southern,500
PR-30 (MP48),VB2025,VB / VB[2025],1.913508209351,higher is better,FALSE,1,2041-2050,Median across iteration-specific 2041-2050 means,om23,"Two stocks, alternative assessment (om23)",Southern,500
HS+20 (MP29),VBMSY,VB / VB[MSY],0.927981196755298,higher is better,FALSE,1,2041-2050,Median across iteration-specific 2041-2050 means,om23,"Two stocks, alternative assessment (om23)",Southern,500
HS-20 (MP43),VBMSY,VB / VB[MSY],0.863538463634525,higher is better,FALSE,1,2041-2050,Median across iteration-specific 2041-2050 means,om23,"Two stocks, alternative assessment (om23)",Southern,500
HSsym (MP45),VBMSY,VB / VB[MSY],0.906381190463536,higher is better,FALSE,1,2041-2050,Median across iteration-specific 2041-2050 means,om23,"Two stocks, alternative assessment (om23)",Southern,500
HS-30 (MP47),VBMSY,VB / VB[MSY],0.885210114595266,higher is better,FALSE,1,2041-2050,Median across iteration-specific 2041-2050 means,om23,"Two stocks, alternative assessment (om23)",Southern,500
PR+20 (MP32),VBMSY,VB / VB[MSY],1.06699033895369,higher is better,FALSE,1,2041-2050,Median across iteration-specific 2041-2050 means,om23,"Two stocks, alternative assessment (om23)",Southern,500
PR-20 (MP44),VBMSY,VB / VB[MSY],1.05415168783622,higher is better,FALSE,1,2041-2050,Median across iteration-specific 2041-2050 means,om23,"Two stocks, alternative assessment (om23)",Southern,500
PRsym (MP46),VBMSY,VB / VB[MSY],1.06182199239825,higher is better,FALSE,1,2041-2050,Median across iteration-specific 2041-2050 means,om23,"Two stocks, alternative assessment (om23)",Southern,500
PR-30 (MP48),VBMSY,VB / VB[MSY],1.04180916194244,higher is better,FALSE,1,2041-2050,Median across iteration-specific 2041-2050 means,om23,"Two stocks, alternative assessment (om23)",Southern,500
HS+20 (MP29),C,Catch,1.51866566666013e-05,higher is better,TRUE,1,2041-2050,Median across iteration-specific 2041-2050 means,om23,"Two stocks, alternative assessment (om23)",North,500
HS-20 (MP43),C,Catch,1.51866566666004e-05,higher is better,TRUE,1,2041-2050,Median across iteration-specific 2041-2050 means,om23,"Two stocks, alternative assessment (om23)",North,500
HSsym (MP45),C,Catch,1.51866566666006e-05,higher is better,TRUE,1,2041-2050,Median across iteration-specific 2041-2050 means,om23,"Two stocks, alternative assessment (om23)",North,500
HS-30 (MP47),C,Catch,1.51866566666004e-05,higher is better,TRUE,1,2041-2050,Median across iteration-specific 2041-2050 means,om23,"Two stocks, alternative assessment (om23)",North,500
PR+20 (MP32),C,Catch,1.51866566666029e-05,higher is better,TRUE,1,2041-2050,Median across iteration-specific 2041-2050 means,om23,"Two stocks, alternative assessment (om23)",North,500
PR-20 (MP44),C,Catch,1.51866566666035e-05,higher is better,TRUE,1,2041-2050,Median across iteration-specific 2041-2050 means,om23,"Two stocks, alternative assessment (om23)",North,500
PRsym (MP46),C,Catch,1.51866566666032e-05,higher is better,TRUE,1,2041-2050,Median across iteration-specific 2041-2050 means,om23,"Two stocks, alternative assessment (om23)",North,500
PR-30 (MP48),C,Catch,1.5186656666603e-05,higher is better,TRUE,1,2041-2050,Median across iteration-specific 2041-2050 means,om23,"Two stocks, alternative assessment (om23)",North,500
HS+20 (MP29),CatchDrop20,Advice reductions >19% (%),0,lower is better,TRUE,1,2027-2050 (advice comparisons 2026-2049),Proportion across all valid consecutive saved HCR-advice comparisons and all iterations; advice falls strictly more than 19%; no biomass or near-20% exclusions; first saved advice has no predecessor,om23,"Two stocks, alternative assessment (om23)",North,500
HS-20 (MP43),CatchDrop20,Advice reductions >19% (%),0.00075,lower is better,TRUE,1,2027-2050 (advice comparisons 2026-2049),Proportion across all valid consecutive saved HCR-advice comparisons and all iterations; advice falls strictly more than 19%; no biomass or near-20% exclusions; first saved advice has no predecessor,om23,"Two stocks, alternative assessment (om23)",North,500
HSsym (MP45),CatchDrop20,Advice reductions >19% (%),0,lower is better,TRUE,1,2027-2050 (advice comparisons 2026-2049),Proportion across all valid consecutive saved HCR-advice comparisons and all iterations; advice falls strictly more than 19%; no biomass or near-20% exclusions; first saved advice has no predecessor,om23,"Two stocks, alternative assessment (om23)",North,500
HS-30 (MP47),CatchDrop20,Advice reductions >19% (%),0.00075,lower is better,TRUE,1,2027-2050 (advice comparisons 2026-2049),Proportion across all valid consecutive saved HCR-advice comparisons and all iterations; advice falls strictly more than 19%; no biomass or near-20% exclusions; first saved advice has no predecessor,om23,"Two stocks, alternative assessment (om23)",North,500
PR+20 (MP32),CatchDrop20,Advice reductions >19% (%),0,lower is better,TRUE,1,2027-2050 (advice comparisons 2026-2049),Proportion across all valid consecutive saved HCR-advice comparisons and all iterations; advice falls strictly more than 19%; no biomass or near-20% exclusions; first saved advice has no predecessor,om23,"Two stocks, alternative assessment (om23)",North,500
PR-20 (MP44),CatchDrop20,Advice reductions >19% (%),0.05375,lower is better,TRUE,1,2027-2050 (advice comparisons 2026-2049),Proportion across all valid consecutive saved HCR-advice comparisons and all iterations; advice falls strictly more than 19%; no biomass or near-20% exclusions; first saved advice has no predecessor,om23,"Two stocks, alternative assessment (om23)",North,500
PRsym (MP46),CatchDrop20,Advice reductions >19% (%),0,lower is better,TRUE,1,2027-2050 (advice comparisons 2026-2049),Proportion across all valid consecutive saved HCR-advice comparisons and all iterations; advice falls strictly more than 19%; no biomass or near-20% exclusions; first saved advice has no predecessor,om23,"Two stocks, alternative assessment (om23)",North,500
PR-30 (MP48),CatchDrop20,Advice reductions >19% (%),0.03675,lower is better,TRUE,1,2027-2050 (advice comparisons 2026-2049),Proportion across all valid consecutive saved HCR-advice comparisons and all iterations; advice falls strictly more than 19%; no biomass or near-20% exclusions; first saved advice has no predecessor,om23,"Two stocks, alternative assessment (om23)",North,500
HS+20 (MP29),Creduction,Mean catch reduction,6.91054555991313,lower is better,FALSE,1,2041-2050,Median across iteration-specific 2026-2050 mean reductions,om23,"Two stocks, alternative assessment (om23)",North,500
PR+20 (MP32),Creduction,Mean catch reduction,7.46287502795476,lower is better,FALSE,1,2041-2050,Median across iteration-specific 2026-2050 mean reductions,om23,"Two stocks, alternative assessment (om23)",North,500
HS-20 (MP43),Creduction,Mean catch reduction,6.78016452443071,lower is better,FALSE,1,2041-2050,Median across iteration-specific 2026-2050 mean reductions,om23,"Two stocks, alternative assessment (om23)",North,500
PR-20 (MP44),Creduction,Mean catch reduction,7.59220366580402,lower is better,FALSE,1,2041-2050,Median across iteration-specific 2026-2050 mean reductions,om23,"Two stocks, alternative assessment (om23)",North,500
HSsym (MP45),Creduction,Mean catch reduction,6.77955108557929,lower is better,FALSE,1,2041-2050,Median across iteration-specific 2026-2050 mean reductions,om23,"Two stocks, alternative assessment (om23)",North,500
PRsym (MP46),Creduction,Mean catch reduction,7.55084170887978,lower is better,FALSE,1,2041-2050,Median across iteration-specific 2026-2050 mean reductions,om23,"Two stocks, alternative assessment (om23)",North,500
HS-30 (MP47),Creduction,Mean catch reduction,6.63414058735025,lower is better,FALSE,1,2041-2050,Median across iteration-specific 2026-2050 mean reductions,om23,"Two stocks, alternative assessment (om23)",North,500
PR-30 (MP48),Creduction,Mean catch reduction,7.37968912500919,lower is better,FALSE,1,2041-2050,Median across iteration-specific 2026-2050 mean reductions,om23,"Two stocks, alternative assessment (om23)",North,500
HS+20 (MP29),FMSY,F / F[MSY],561802429152.877,lower is better,FALSE,1,2041-2050,Median across iteration-specific 2041-2050 means,om23,"Two stocks, alternative assessment (om23)",North,500
HS-20 (MP43),FMSY,F / F[MSY],562466857535.906,lower is better,FALSE,1,2041-2050,Median across iteration-specific 2041-2050 means,om23,"Two stocks, alternative assessment (om23)",North,500
HSsym (MP45),FMSY,F / F[MSY],562230889029.463,lower is better,FALSE,1,2041-2050,Median across iteration-specific 2041-2050 means,om23,"Two stocks, alternative assessment (om23)",North,500
HS-30 (MP47),FMSY,F / F[MSY],562230889029.463,lower is better,FALSE,1,2041-2050,Median across iteration-specific 2041-2050 means,om23,"Two stocks, alternative assessment (om23)",North,500
PR+20 (MP32),FMSY,F / F[MSY],560011615624.647,lower is better,FALSE,1,2041-2050,Median across iteration-specific 2041-2050 means,om23,"Two stocks, alternative assessment (om23)",North,500
PR-20 (MP44),FMSY,F / F[MSY],557310902068.152,lower is better,FALSE,1,2041-2050,Median across iteration-specific 2041-2050 means,om23,"Two stocks, alternative assessment (om23)",North,500
PRsym (MP46),FMSY,F / F[MSY],560011615624.647,lower is better,FALSE,1,2041-2050,Median across iteration-specific 2041-2050 means,om23,"Two stocks, alternative assessment (om23)",North,500
PR-30 (MP48),FMSY,F / F[MSY],559747570216.975,lower is better,FALSE,1,2041-2050,Median across iteration-specific 2041-2050 means,om23,"Two stocks, alternative assessment (om23)",North,500
HS+20 (MP29),IACC,IACC,6.50829390380636e-11,lower is better,TRUE,1,2041-2050,Median across iteration-specific 2041-2050 means,om23,"Two stocks, alternative assessment (om23)",North,500
HS-20 (MP43),IACC,IACC,6.48481268683554e-11,lower is better,TRUE,1,2041-2050,Median across iteration-specific 2041-2050 means,om23,"Two stocks, alternative assessment (om23)",North,500
HSsym (MP45),IACC,IACC,6.48481268683554e-11,lower is better,TRUE,1,2041-2050,Median across iteration-specific 2041-2050 means,om23,"Two stocks, alternative assessment (om23)",North,500
HS-30 (MP47),IACC,IACC,6.48481268683554e-11,lower is better,TRUE,1,2041-2050,Median across iteration-specific 2041-2050 means,om23,"Two stocks, alternative assessment (om23)",North,500
PR+20 (MP32),IACC,IACC,6.85385082022094e-11,lower is better,TRUE,1,2041-2050,Median across iteration-specific 2041-2050 means,om23,"Two stocks, alternative assessment (om23)",North,500
PR-20 (MP44),IACC,IACC,6.91458001966794e-11,lower is better,TRUE,1,2041-2050,Median across iteration-specific 2041-2050 means,om23,"Two stocks, alternative assessment (om23)",North,500
PRsym (MP46),IACC,IACC,6.91458001966794e-11,lower is better,TRUE,1,2041-2050,Median across iteration-specific 2041-2050 means,om23,"Two stocks, alternative assessment (om23)",North,500
PR-30 (MP48),IACC,IACC,6.85385082022094e-11,lower is better,TRUE,1,2041-2050,Median across iteration-specific 2041-2050 means,om23,"Two stocks, alternative assessment (om23)",North,500
HS+20 (MP29),SB0red,P(Kobe red),0.9862,lower is better,FALSE,1,2041-2050,Proportion across all 2041-2050 iteration-years,om23,"Two stocks, alternative assessment (om23)",North,500
PR+20 (MP32),SB0red,P(Kobe red),0.9628,lower is better,FALSE,1,2041-2050,Proportion across all 2041-2050 iteration-years,om23,"Two stocks, alternative assessment (om23)",North,500
HS-20 (MP43),SB0red,P(Kobe red),0.9882,lower is better,FALSE,1,2041-2050,Proportion across all 2041-2050 iteration-years,om23,"Two stocks, alternative assessment (om23)",North,500
PR-20 (MP44),SB0red,P(Kobe red),0.9614,lower is better,FALSE,1,2041-2050,Proportion across all 2041-2050 iteration-years,om23,"Two stocks, alternative assessment (om23)",North,500
HSsym (MP45),SB0red,P(Kobe red),0.987,lower is better,FALSE,1,2041-2050,Proportion across all 2041-2050 iteration-years,om23,"Two stocks, alternative assessment (om23)",North,500
PRsym (MP46),SB0red,P(Kobe red),0.9628,lower is better,FALSE,1,2041-2050,Proportion across all 2041-2050 iteration-years,om23,"Two stocks, alternative assessment (om23)",North,500
HS-30 (MP47),SB0red,P(Kobe red),0.9876,lower is better,FALSE,1,2041-2050,Proportion across all 2041-2050 iteration-years,om23,"Two stocks, alternative assessment (om23)",North,500
PR-30 (MP48),SB0red,P(Kobe red),0.9658,lower is better,FALSE,1,2041-2050,Proportion across all 2041-2050 iteration-years,om23,"Two stocks, alternative assessment (om23)",North,500
HS+20 (MP29),SBMSY,SB / SB[MSY],0,higher is better,FALSE,1,2041-2050,Median across iteration-specific 2041-2050 means,om23,"Two stocks, alternative assessment (om23)",North,500
HS-20 (MP43),SBMSY,SB / SB[MSY],0,higher is better,FALSE,1,2041-2050,Median across iteration-specific 2041-2050 means,om23,"Two stocks, alternative assessment (om23)",North,500
HSsym (MP45),SBMSY,SB / SB[MSY],0,higher is better,FALSE,1,2041-2050,Median across iteration-specific 2041-2050 means,om23,"Two stocks, alternative assessment (om23)",North,500
HS-30 (MP47),SBMSY,SB / SB[MSY],0,higher is better,FALSE,1,2041-2050,Median across iteration-specific 2041-2050 means,om23,"Two stocks, alternative assessment (om23)",North,500
PR+20 (MP32),SBMSY,SB / SB[MSY],0,higher is better,FALSE,1,2041-2050,Median across iteration-specific 2041-2050 means,om23,"Two stocks, alternative assessment (om23)",North,500
PR-20 (MP44),SBMSY,SB / SB[MSY],0,higher is better,FALSE,1,2041-2050,Median across iteration-specific 2041-2050 means,om23,"Two stocks, alternative assessment (om23)",North,500
PRsym (MP46),SBMSY,SB / SB[MSY],0,higher is better,FALSE,1,2041-2050,Median across iteration-specific 2041-2050 means,om23,"Two stocks, alternative assessment (om23)",North,500
PR-30 (MP48),SBMSY,SB / SB[MSY],0,higher is better,FALSE,1,2041-2050,Median across iteration-specific 2041-2050 means,om23,"Two stocks, alternative assessment (om23)",North,500
HS+20 (MP29),SSBbelow8dB0,SSB <8% dynamic B0 (%),0.9872,lower is better,TRUE,1,2041-2050,Proportion of valid 2041-2050 iteration-years with SSB strictly below 8% of dynamic unfished SSB (previous Blim),om23,"Two stocks, alternative assessment (om23)",North,500
PR+20 (MP32),SSBbelow8dB0,SSB <8% dynamic B0 (%),0.9654,lower is better,TRUE,1,2041-2050,Proportion of valid 2041-2050 iteration-years with SSB strictly below 8% of dynamic unfished SSB (previous Blim),om23,"Two stocks, alternative assessment (om23)",North,500
HS-20 (MP43),SSBbelow8dB0,SSB <8% dynamic B0 (%),0.989,lower is better,TRUE,1,2041-2050,Proportion of valid 2041-2050 iteration-years with SSB strictly below 8% of dynamic unfished SSB (previous Blim),om23,"Two stocks, alternative assessment (om23)",North,500
PR-20 (MP44),SSBbelow8dB0,SSB <8% dynamic B0 (%),0.965,lower is better,TRUE,1,2041-2050,Proportion of valid 2041-2050 iteration-years with SSB strictly below 8% of dynamic unfished SSB (previous Blim),om23,"Two stocks, alternative assessment (om23)",North,500
HSsym (MP45),SSBbelow8dB0,SSB <8% dynamic B0 (%),0.9878,lower is better,TRUE,1,2041-2050,Proportion of valid 2041-2050 iteration-years with SSB strictly below 8% of dynamic unfished SSB (previous Blim),om23,"Two stocks, alternative assessment (om23)",North,500
PRsym (MP46),SSBbelow8dB0,SSB <8% dynamic B0 (%),0.9656,lower is better,TRUE,1,2041-2050,Proportion of valid 2041-2050 iteration-years with SSB strictly below 8% of dynamic unfished SSB (previous Blim),om23,"Two stocks, alternative assessment (om23)",North,500
HS-30 (MP47),SSBbelow8dB0,SSB <8% dynamic B0 (%),0.9884,lower is better,TRUE,1,2041-2050,Proportion of valid 2041-2050 iteration-years with SSB strictly below 8% of dynamic unfished SSB (previous Blim),om23,"Two stocks, alternative assessment (om23)",North,500
PR-30 (MP48),SSBbelow8dB0,SSB <8% dynamic B0 (%),0.9682,lower is better,TRUE,1,2041-2050,Proportion of valid 2041-2050 iteration-years with SSB strictly below 8% of dynamic unfished SSB (previous Blim),om23,"Two stocks, alternative assessment (om23)",North,500
HS+20 (MP29),VB2025,VB / VB[2025],8.33467526971217e-09,higher is better,FALSE,1,2041-2050,Median across iteration-specific 2041-2050 means,om23,"Two stocks, alternative assessment (om23)",North,500
HS-20 (MP43),VB2025,VB / VB[2025],8.28770609281331e-09,higher is better,FALSE,1,2041-2050,Median across iteration-specific 2041-2050 means,om23,"Two stocks, alternative assessment (om23)",North,500
HSsym (MP45),VB2025,VB / VB[2025],8.30343491740383e-09,higher is better,FALSE,1,2041-2050,Median across iteration-specific 2041-2050 means,om23,"Two stocks, alternative assessment (om23)",North,500
HS-30 (MP47),VB2025,VB / VB[2025],8.28770609281331e-09,higher is better,FALSE,1,2041-2050,Median across iteration-specific 2041-2050 means,om23,"Two stocks, alternative assessment (om23)",North,500
PR+20 (MP32),VB2025,VB / VB[2025],8.46188734821577e-09,higher is better,FALSE,1,2041-2050,Median across iteration-specific 2041-2050 means,om23,"Two stocks, alternative assessment (om23)",North,500
PR-20 (MP44),VB2025,VB / VB[2025],8.5359245571637e-09,higher is better,FALSE,1,2041-2050,Median across iteration-specific 2041-2050 means,om23,"Two stocks, alternative assessment (om23)",North,500
PRsym (MP46),VB2025,VB / VB[2025],8.52527807090173e-09,higher is better,FALSE,1,2041-2050,Median across iteration-specific 2041-2050 means,om23,"Two stocks, alternative assessment (om23)",North,500
PR-30 (MP48),VB2025,VB / VB[2025],8.45633385762756e-09,higher is better,FALSE,1,2041-2050,Median across iteration-specific 2041-2050 means,om23,"Two stocks, alternative assessment (om23)",North,500
HS+20 (MP29),VBMSY,VB / VB[MSY],2.29297215953673e-09,higher is better,FALSE,1,2041-2050,Median across iteration-specific 2041-2050 means,om23,"Two stocks, alternative assessment (om23)",North,500
HS-20 (MP43),VBMSY,VB / VB[MSY],2.27177048477531e-09,higher is better,FALSE,1,2041-2050,Median across iteration-specific 2041-2050 means,om23,"Two stocks, alternative assessment (om23)",North,500
HSsym (MP45),VBMSY,VB / VB[MSY],2.27903689807232e-09,higher is better,FALSE,1,2041-2050,Median across iteration-specific 2041-2050 means,om23,"Two stocks, alternative assessment (om23)",North,500
HS-30 (MP47),VBMSY,VB / VB[MSY],2.27177048477531e-09,higher is better,FALSE,1,2041-2050,Median across iteration-specific 2041-2050 means,om23,"Two stocks, alternative assessment (om23)",North,500
PR+20 (MP32),VBMSY,VB / VB[MSY],2.3334095413733e-09,higher is better,FALSE,1,2041-2050,Median across iteration-specific 2041-2050 means,om23,"Two stocks, alternative assessment (om23)",North,500
PR-20 (MP44),VBMSY,VB / VB[MSY],2.38398836947837e-09,higher is better,FALSE,1,2041-2050,Median across iteration-specific 2041-2050 means,om23,"Two stocks, alternative assessment (om23)",North,500
PRsym (MP46),VBMSY,VB / VB[MSY],2.37028244058816e-09,higher is better,FALSE,1,2041-2050,Median across iteration-specific 2041-2050 means,om23,"Two stocks, alternative assessment (om23)",North,500
PR-30 (MP48),VBMSY,VB / VB[MSY],2.37028244058816e-09,higher is better,FALSE,1,2041-2050,Median across iteration-specific 2041-2050 means,om23,"Two stocks, alternative assessment (om23)",North,500
"Fixed catch (1,525 kt)",C,Catch,1546.37083735076,higher is better,TRUE,1,2041-2050,Median across iteration-specific 2041-2050 means,om11,Reference (om11),CJM,500
"Fixed catch (1,525 kt)",CatchDrop20,Advice reductions >19% (%),0,lower is better,TRUE,1,2027-2050 (advice comparisons 2026-2049),Proportion across all valid consecutive saved HCR-advice comparisons and all iterations; advice falls strictly more than 19%; no biomass or near-20% exclusions; first saved advice has no predecessor,om11,Reference (om11),CJM,500
"Fixed catch (1,525 kt)",Creduction,Mean catch reduction,0.869923287003833,lower is better,FALSE,1,2041-2050,Median across iteration-specific 2026-2050 mean reductions,om11,Reference (om11),CJM,500
"Fixed catch (1,525 kt)",FMSY,F / F[MSY],0.702703469649191,lower is better,FALSE,1,2041-2050,Median across iteration-specific 2041-2050 means,om11,Reference (om11),CJM,500
"Fixed catch (1,525 kt)",IACC,IACC,1.81470828801996,lower is better,TRUE,1,2041-2050,Median across iteration-specific 2041-2050 means,om11,Reference (om11),CJM,500
"Fixed catch (1,525 kt)",PC270,P(catch < 270 kt),0.0312,lower is better,TRUE,1,2041-2050,Proportion of 2041-2050 iteration-years with catch below 270 kt,om11,Reference (om11),CJM,500
"Fixed catch (1,525 kt)",SB0red,P(Kobe red),0.3244,lower is better,FALSE,1,2041-2050,Proportion across all 2041-2050 iteration-years,om11,Reference (om11),CJM,500
"Fixed catch (1,525 kt)",SBMSY,SB / SB[MSY],1.68764194547309,higher is better,FALSE,1,2041-2050,Median across iteration-specific 2041-2050 means,om11,Reference (om11),CJM,500
"Fixed catch (1,525 kt)",SSBbelow8dB0,SSB <8% dynamic B0 (%),0.1072,lower is better,TRUE,1,2041-2050,Proportion of valid 2041-2050 iteration-years with SSB strictly below 8% of dynamic unfished SSB (previous Blim),om11,Reference (om11),CJM,500
