code,year,iter,metric,data,CMP,Metric
tun43,2025,37,SB,8593.12324912998,HS-20,Spawning biomass (thousand t)
tun43,2026,37,SB,8857.91276830116,HS-20,Spawning biomass (thousand t)
tun43,2027,37,SB,9494.22232918236,HS-20,Spawning biomass (thousand t)
tun43,2028,37,SB,12858.3487940833,HS-20,Spawning biomass (thousand t)
tun43,2029,37,SB,15797.0245215317,HS-20,Spawning biomass (thousand t)
tun43,2030,37,SB,17038.2974421009,HS-20,Spawning biomass (thousand t)
tun43,2031,37,SB,19242.0747360957,HS-20,Spawning biomass (thousand t)
tun43,2032,37,SB,20971.2745477269,HS-20,Spawning biomass (thousand t)
tun43,2033,37,SB,21966.5675545519,HS-20,Spawning biomass (thousand t)
tun43,2034,37,SB,23051.3269526895,HS-20,Spawning biomass (thousand t)
tun43,2035,37,SB,22950.0386028712,HS-20,Spawning biomass (thousand t)
tun43,2036,37,SB,24612.0175113474,HS-20,Spawning biomass (thousand t)
tun43,2037,37,SB,26441.7404701195,HS-20,Spawning biomass (thousand t)
tun43,2038,37,SB,27061.8578421052,HS-20,Spawning biomass (thousand t)
tun43,2039,37,SB,26562.2987252872,HS-20,Spawning biomass (thousand t)
tun43,2040,37,SB,25969.0058423243,HS-20,Spawning biomass (thousand t)
tun43,2041,37,SB,26480.7366765527,HS-20,Spawning biomass (thousand t)
tun43,2042,37,SB,27777.6147440224,HS-20,Spawning biomass (thousand t)
tun43,2043,37,SB,29522.2860575485,HS-20,Spawning biomass (thousand t)
tun43,2044,37,SB,31849.8759222228,HS-20,Spawning biomass (thousand t)
tun43,2045,37,SB,33195.1041878111,HS-20,Spawning biomass (thousand t)
tun43,2046,37,SB,32302.6355372115,HS-20,Spawning biomass (thousand t)
tun43,2047,37,SB,30843.411037982,HS-20,Spawning biomass (thousand t)
tun43,2048,37,SB,30006.5303010356,HS-20,Spawning biomass (thousand t)
tun43,2049,37,SB,33152.2946884559,HS-20,Spawning biomass (thousand t)
tun43,2050,37,SB,36608.3362837466,HS-20,Spawning biomass (thousand t)
tun43,2025,65,SB,7734.49472637435,HS-20,Spawning biomass (thousand t)
tun43,2026,65,SB,7607.73012640152,HS-20,Spawning biomass (thousand t)
tun43,2027,65,SB,7309.85856212677,HS-20,Spawning biomass (thousand t)
tun43,2028,65,SB,7345.91222104189,HS-20,Spawning biomass (thousand t)
tun43,2029,65,SB,6997.2667894739,HS-20,Spawning biomass (thousand t)
tun43,2030,65,SB,6375.79514437506,HS-20,Spawning biomass (thousand t)
tun43,2031,65,SB,5368.18516244468,HS-20,Spawning biomass (thousand t)
tun43,2032,65,SB,4322.3901769514,HS-20,Spawning biomass (thousand t)
tun43,2033,65,SB,3081.33078447917,HS-20,Spawning biomass (thousand t)
tun43,2034,65,SB,3086.70260854462,HS-20,Spawning biomass (thousand t)
tun43,2035,65,SB,3315.88446239139,HS-20,Spawning biomass (thousand t)
tun43,2036,65,SB,3514.29346119722,HS-20,Spawning biomass (thousand t)
tun43,2037,65,SB,4158.23716085845,HS-20,Spawning biomass (thousand t)
tun43,2038,65,SB,5182.56267522653,HS-20,Spawning biomass (thousand t)
tun43,2039,65,SB,7573.49567146762,HS-20,Spawning biomass (thousand t)
tun43,2040,65,SB,10184.2946655329,HS-20,Spawning biomass (thousand t)
tun43,2041,65,SB,11630.1193482687,HS-20,Spawning biomass (thousand t)
tun43,2042,65,SB,12267.0037071267,HS-20,Spawning biomass (thousand t)
tun43,2043,65,SB,12997.0358526799,HS-20,Spawning biomass (thousand t)
tun43,2044,65,SB,14034.4248656444,HS-20,Spawning biomass (thousand t)
tun43,2045,65,SB,14355.0927598729,HS-20,Spawning biomass (thousand t)
tun43,2046,65,SB,13409.1128221226,HS-20,Spawning biomass (thousand t)
tun43,2047,65,SB,12285.0294802368,HS-20,Spawning biomass (thousand t)
tun43,2048,65,SB,13570.8782782194,HS-20,Spawning biomass (thousand t)
tun43,2049,65,SB,14485.9228797329,HS-20,Spawning biomass (thousand t)
tun43,2050,65,SB,14376.8472432585,HS-20,Spawning biomass (thousand t)
tun43,2025,110,SB,9634.882166157,HS-20,Spawning biomass (thousand t)
tun43,2026,110,SB,10489.5072285551,HS-20,Spawning biomass (thousand t)
tun43,2027,110,SB,10320.711980037,HS-20,Spawning biomass (thousand t)
tun43,2028,110,SB,9931.39499790405,HS-20,Spawning biomass (thousand t)
tun43,2029,110,SB,9167.73422366192,HS-20,Spawning biomass (thousand t)
tun43,2030,110,SB,8093.41447021991,HS-20,Spawning biomass (thousand t)
tun43,2031,110,SB,6786.96002071809,HS-20,Spawning biomass (thousand t)
tun43,2032,110,SB,5750.14676087598,HS-20,Spawning biomass (thousand t)
tun43,2033,110,SB,4705.3084869378,HS-20,Spawning biomass (thousand t)
tun43,2034,110,SB,4174.77468725051,HS-20,Spawning biomass (thousand t)
tun43,2035,110,SB,4038.86884171914,HS-20,Spawning biomass (thousand t)
tun43,2036,110,SB,4245.019760582,HS-20,Spawning biomass (thousand t)
tun43,2037,110,SB,4758.14077422077,HS-20,Spawning biomass (thousand t)
tun43,2038,110,SB,5576.22139137775,HS-20,Spawning biomass (thousand t)
tun43,2039,110,SB,6358.67042296343,HS-20,Spawning biomass (thousand t)
tun43,2040,110,SB,6359.38151270794,HS-20,Spawning biomass (thousand t)
tun43,2041,110,SB,5970.33619610233,HS-20,Spawning biomass (thousand t)
tun43,2042,110,SB,5611.12710670263,HS-20,Spawning biomass (thousand t)
tun43,2043,110,SB,5661.4600807623,HS-20,Spawning biomass (thousand t)
tun43,2044,110,SB,5883.30874297438,HS-20,Spawning biomass (thousand t)
tun43,2045,110,SB,6145.01656557851,HS-20,Spawning biomass (thousand t)
tun43,2046,110,SB,6388.32891354953,HS-20,Spawning biomass (thousand t)
tun43,2047,110,SB,6449.59764338715,HS-20,Spawning biomass (thousand t)
tun43,2048,110,SB,5947.7425682702,HS-20,Spawning biomass (thousand t)
tun43,2049,110,SB,5835.01371603965,HS-20,Spawning biomass (thousand t)
tun43,2050,110,SB,5654.62923735264,HS-20,Spawning biomass (thousand t)
tun43,2025,151,SB,6742.27315938003,HS-20,Spawning biomass (thousand t)
tun43,2026,151,SB,7076.74235556873,HS-20,Spawning biomass (thousand t)
tun43,2027,151,SB,7447.77269254569,HS-20,Spawning biomass (thousand t)
tun43,2028,151,SB,8249.83917310001,HS-20,Spawning biomass (thousand t)
tun43,2029,151,SB,9499.59595924846,HS-20,Spawning biomass (thousand t)
tun43,2030,151,SB,11410.1726283364,HS-20,Spawning biomass (thousand t)
tun43,2031,151,SB,13875.8748981429,HS-20,Spawning biomass (thousand t)
tun43,2032,151,SB,15313.3614897696,HS-20,Spawning biomass (thousand t)
tun43,2033,151,SB,15283.5291364668,HS-20,Spawning biomass (thousand t)
tun43,2034,151,SB,15424.2599074584,HS-20,Spawning biomass (thousand t)
tun43,2035,151,SB,15185.2045125043,HS-20,Spawning biomass (thousand t)
tun43,2036,151,SB,14439.4900427384,HS-20,Spawning biomass (thousand t)
tun43,2037,151,SB,13478.39433032,HS-20,Spawning biomass (thousand t)
tun43,2038,151,SB,12303.9493576326,HS-20,Spawning biomass (thousand t)
tun43,2039,151,SB,11600.2925601789,HS-20,Spawning biomass (thousand t)
tun43,2040,151,SB,11640.1671499376,HS-20,Spawning biomass (thousand t)
tun43,2041,151,SB,12470.7669548176,HS-20,Spawning biomass (thousand t)
tun43,2042,151,SB,13325.674095027,HS-20,Spawning biomass (thousand t)
tun43,2043,151,SB,13548.2293911666,HS-20,Spawning biomass (thousand t)
tun43,2044,151,SB,12762.6449686326,HS-20,Spawning biomass (thousand t)
tun43,2045,151,SB,12319.2366422113,HS-20,Spawning biomass (thousand t)
tun43,2046,151,SB,11643.0695033164,HS-20,Spawning biomass (thousand t)
tun43,2047,151,SB,11079.7884445158,HS-20,Spawning biomass (thousand t)
tun43,2048,151,SB,10741.6683590356,HS-20,Spawning biomass (thousand t)
tun43,2049,151,SB,10323.2591093233,HS-20,Spawning biomass (thousand t)
tun43,2050,151,SB,9700.16160472021,HS-20,Spawning biomass (thousand t)
tun43,2025,158,SB,7236.77187172129,HS-20,Spawning biomass (thousand t)
tun43,2026,158,SB,6824.49301820392,HS-20,Spawning biomass (thousand t)
tun43,2027,158,SB,6363.89566080298,HS-20,Spawning biomass (thousand t)
tun43,2028,158,SB,5803.15288225887,HS-20,Spawning biomass (thousand t)
tun43,2029,158,SB,5412.86906395107,HS-20,Spawning biomass (thousand t)
tun43,2030,158,SB,5494.37929077812,HS-20,Spawning biomass (thousand t)
tun43,2031,158,SB,5800.88314565635,HS-20,Spawning biomass (thousand t)
tun43,2032,158,SB,6454.98010037472,HS-20,Spawning biomass (thousand t)
tun43,2033,158,SB,8556.60549445065,HS-20,Spawning biomass (thousand t)
tun43,2034,158,SB,12009.9663811093,HS-20,Spawning biomass (thousand t)
tun43,2035,158,SB,14856.3968585336,HS-20,Spawning biomass (thousand t)
tun43,2036,158,SB,17671.7994373235,HS-20,Spawning biomass (thousand t)
tun43,2037,158,SB,19857.8815679844,HS-20,Spawning biomass (thousand t)
tun43,2038,158,SB,20928.0228473482,HS-20,Spawning biomass (thousand t)
tun43,2039,158,SB,22105.3072240725,HS-20,Spawning biomass (thousand t)
tun43,2040,158,SB,24587.3713735961,HS-20,Spawning biomass (thousand t)
tun43,2041,158,SB,26760.519500611,HS-20,Spawning biomass (thousand t)
tun43,2042,158,SB,26422.1879818618,HS-20,Spawning biomass (thousand t)
tun43,2043,158,SB,25360.3186906726,HS-20,Spawning biomass (thousand t)
tun43,2044,158,SB,24038.8788351001,HS-20,Spawning biomass (thousand t)
tun43,2045,158,SB,22000.6329547421,HS-20,Spawning biomass (thousand t)
tun43,2046,158,SB,19596.4951052775,HS-20,Spawning biomass (thousand t)
tun43,2047,158,SB,17108.9607704833,HS-20,Spawning biomass (thousand t)
tun43,2048,158,SB,14937.9094866584,HS-20,Spawning biomass (thousand t)
tun43,2049,158,SB,12581.5809342706,HS-20,Spawning biomass (thousand t)
tun43,2050,158,SB,10141.2411266343,HS-20,Spawning biomass (thousand t)
tun43,2025,165,SB,7753.47260672735,HS-20,Spawning biomass (thousand t)
tun43,2026,165,SB,7498.56780919629,HS-20,Spawning biomass (thousand t)
tun43,2027,165,SB,7329.81613391328,HS-20,Spawning biomass (thousand t)
tun43,2028,165,SB,8101.16535801926,HS-20,Spawning biomass (thousand t)
tun43,2029,165,SB,8385.10394155038,HS-20,Spawning biomass (thousand t)
tun43,2030,165,SB,8339.97729018095,HS-20,Spawning biomass (thousand t)
tun43,2031,165,SB,8761.35140831368,HS-20,Spawning biomass (thousand t)
tun43,2032,165,SB,8726.6457442932,HS-20,Spawning biomass (thousand t)
tun43,2033,165,SB,7820.97657470652,HS-20,Spawning biomass (thousand t)
tun43,2034,165,SB,9775.12516637174,HS-20,Spawning biomass (thousand t)
tun43,2035,165,SB,13569.8050390383,HS-20,Spawning biomass (thousand t)
tun43,2036,165,SB,16556.0622732293,HS-20,Spawning biomass (thousand t)
tun43,2037,165,SB,17936.5111739655,HS-20,Spawning biomass (thousand t)
tun43,2038,165,SB,19383.1720643421,HS-20,Spawning biomass (thousand t)
tun43,2039,165,SB,20799.3651053885,HS-20,Spawning biomass (thousand t)
tun43,2040,165,SB,21181.3835468702,HS-20,Spawning biomass (thousand t)
tun43,2041,165,SB,21116.1938582818,HS-20,Spawning biomass (thousand t)
tun43,2042,165,SB,20616.1789250999,HS-20,Spawning biomass (thousand t)
tun43,2043,165,SB,19751.1998130121,HS-20,Spawning biomass (thousand t)
tun43,2044,165,SB,18691.948255306,HS-20,Spawning biomass (thousand t)
tun43,2045,165,SB,17896.335519368,HS-20,Spawning biomass (thousand t)
tun43,2046,165,SB,17500.3053253454,HS-20,Spawning biomass (thousand t)
tun43,2047,165,SB,17492.4290514417,HS-20,Spawning biomass (thousand t)
tun43,2048,165,SB,18058.1533431156,HS-20,Spawning biomass (thousand t)
tun43,2049,165,SB,18589.4813879242,HS-20,Spawning biomass (thousand t)
tun43,2050,165,SB,18349.3247984649,HS-20,Spawning biomass (thousand t)
tun43,2025,177,SB,8041.24231146839,HS-20,Spawning biomass (thousand t)
tun43,2026,177,SB,8921.75976173648,HS-20,Spawning biomass (thousand t)
tun43,2027,177,SB,10690.5401770865,HS-20,Spawning biomass (thousand t)
tun43,2028,177,SB,13977.7417307721,HS-20,Spawning biomass (thousand t)
tun43,2029,177,SB,16475.8293640946,HS-20,Spawning biomass (thousand t)
tun43,2030,177,SB,16918.2021112339,HS-20,Spawning biomass (thousand t)
tun43,2031,177,SB,16813.4689588149,HS-20,Spawning biomass (thousand t)
tun43,2032,177,SB,16610.648621221,HS-20,Spawning biomass (thousand t)
tun43,2033,177,SB,15735.7365193878,HS-20,Spawning biomass (thousand t)
tun43,2034,177,SB,16182.3850715823,HS-20,Spawning biomass (thousand t)
tun43,2035,177,SB,18111.6642581503,HS-20,Spawning biomass (thousand t)
tun43,2036,177,SB,20018.6672923427,HS-20,Spawning biomass (thousand t)
tun43,2037,177,SB,20536.1791638642,HS-20,Spawning biomass (thousand t)
tun43,2038,177,SB,19993.7181928141,HS-20,Spawning biomass (thousand t)
tun43,2039,177,SB,19028.2937819013,HS-20,Spawning biomass (thousand t)
tun43,2040,177,SB,18433.5577611245,HS-20,Spawning biomass (thousand t)
tun43,2041,177,SB,18057.5346033759,HS-20,Spawning biomass (thousand t)
tun43,2042,177,SB,16477.9834215737,HS-20,Spawning biomass (thousand t)
tun43,2043,177,SB,14871.1453390028,HS-20,Spawning biomass (thousand t)
tun43,2044,177,SB,13140.140496018,HS-20,Spawning biomass (thousand t)
tun43,2045,177,SB,11200.0769421067,HS-20,Spawning biomass (thousand t)
tun43,2046,177,SB,9739.17701452939,HS-20,Spawning biomass (thousand t)
tun43,2047,177,SB,9086.38367813832,HS-20,Spawning biomass (thousand t)
tun43,2048,177,SB,8371.99988680245,HS-20,Spawning biomass (thousand t)
tun43,2049,177,SB,7466.15458688448,HS-20,Spawning biomass (thousand t)
tun43,2050,177,SB,6886.70323084856,HS-20,Spawning biomass (thousand t)
tun43,2025,186,SB,7859.93258500356,HS-20,Spawning biomass (thousand t)
tun43,2026,186,SB,8123.9870092944,HS-20,Spawning biomass (thousand t)
tun43,2027,186,SB,9542.80385282379,HS-20,Spawning biomass (thousand t)
tun43,2028,186,SB,12066.5800860218,HS-20,Spawning biomass (thousand t)
tun43,2029,186,SB,16273.6860541705,HS-20,Spawning biomass (thousand t)
tun43,2030,186,SB,20318.9774927902,HS-20,Spawning biomass (thousand t)
tun43,2031,186,SB,25272.5795293501,HS-20,Spawning biomass (thousand t)
tun43,2032,186,SB,31687.6184268041,HS-20,Spawning biomass (thousand t)
tun43,2033,186,SB,35405.5026563299,HS-20,Spawning biomass (thousand t)
tun43,2034,186,SB,37389.9320259011,HS-20,Spawning biomass (thousand t)
tun43,2035,186,SB,37964.0372106528,HS-20,Spawning biomass (thousand t)
tun43,2036,186,SB,37696.0355487292,HS-20,Spawning biomass (thousand t)
tun43,2037,186,SB,38178.6480369925,HS-20,Spawning biomass (thousand t)
tun43,2038,186,SB,37895.970809943,HS-20,Spawning biomass (thousand t)
tun43,2039,186,SB,37744.2739352663,HS-20,Spawning biomass (thousand t)
tun43,2040,186,SB,39843.4722640476,HS-20,Spawning biomass (thousand t)
tun43,2041,186,SB,42263.540203109,HS-20,Spawning biomass (thousand t)
tun43,2042,186,SB,42147.997387847,HS-20,Spawning biomass (thousand t)
tun43,2043,186,SB,41175.6056708287,HS-20,Spawning biomass (thousand t)
tun43,2044,186,SB,40030.6096339971,HS-20,Spawning biomass (thousand t)
tun43,2045,186,SB,38399.6939969744,HS-20,Spawning biomass (thousand t)
tun43,2046,186,SB,36435.4359879595,HS-20,Spawning biomass (thousand t)
tun43,2047,186,SB,36016.146359294,HS-20,Spawning biomass (thousand t)
tun43,2048,186,SB,36325.4613478581,HS-20,Spawning biomass (thousand t)
tun43,2049,186,SB,36646.7399796298,HS-20,Spawning biomass (thousand t)
tun43,2050,186,SB,36631.492102745,HS-20,Spawning biomass (thousand t)
tun43,2025,246,SB,8847.56725195435,HS-20,Spawning biomass (thousand t)
tun43,2026,246,SB,9409.32901417908,HS-20,Spawning biomass (thousand t)
tun43,2027,246,SB,9161.52444045472,HS-20,Spawning biomass (thousand t)
tun43,2028,246,SB,8689.35790722914,HS-20,Spawning biomass (thousand t)
tun43,2029,246,SB,8129.99595498879,HS-20,Spawning biomass (thousand t)
tun43,2030,246,SB,7274.12350187537,HS-20,Spawning biomass (thousand t)
tun43,2031,246,SB,6139.16585291484,HS-20,Spawning biomass (thousand t)
tun43,2032,246,SB,4971.26624782465,HS-20,Spawning biomass (thousand t)
tun43,2033,246,SB,3345.01951356934,HS-20,Spawning biomass (thousand t)
tun43,2034,246,SB,2386.44822444717,HS-20,Spawning biomass (thousand t)
tun43,2035,246,SB,1847.83815909916,HS-20,Spawning biomass (thousand t)
tun43,2036,246,SB,1989.05320962552,HS-20,Spawning biomass (thousand t)
tun43,2037,246,SB,2190.79912995137,HS-20,Spawning biomass (thousand t)
tun43,2038,246,SB,2320.16057435236,HS-20,Spawning biomass (thousand t)
tun43,2039,246,SB,2707.30233109446,HS-20,Spawning biomass (thousand t)
tun43,2040,246,SB,3089.48856694128,HS-20,Spawning biomass (thousand t)
tun43,2041,246,SB,3598.62561234719,HS-20,Spawning biomass (thousand t)
tun43,2042,246,SB,4152.96746951991,HS-20,Spawning biomass (thousand t)
tun43,2043,246,SB,4621.54073499618,HS-20,Spawning biomass (thousand t)
tun43,2044,246,SB,5044.35307548097,HS-20,Spawning biomass (thousand t)
tun43,2045,246,SB,5322.65038501154,HS-20,Spawning biomass (thousand t)
tun43,2046,246,SB,5460.96463049063,HS-20,Spawning biomass (thousand t)
tun43,2047,246,SB,5599.13596208706,HS-20,Spawning biomass (thousand t)
tun43,2048,246,SB,5903.31333485828,HS-20,Spawning biomass (thousand t)
tun43,2049,246,SB,6206.83209404766,HS-20,Spawning biomass (thousand t)
tun43,2050,246,SB,6042.73125150984,HS-20,Spawning biomass (thousand t)
tun43,2025,327,SB,6418.0774926786,HS-20,Spawning biomass (thousand t)
tun43,2026,327,SB,7692.01823610058,HS-20,Spawning biomass (thousand t)
tun43,2027,327,SB,9751.46108196392,HS-20,Spawning biomass (thousand t)
tun43,2028,327,SB,11925.1373636166,HS-20,Spawning biomass (thousand t)
tun43,2029,327,SB,14098.9836169867,HS-20,Spawning biomass (thousand t)
tun43,2030,327,SB,16114.4772486804,HS-20,Spawning biomass (thousand t)
tun43,2031,327,SB,16775.1705561703,HS-20,Spawning biomass (thousand t)
tun43,2032,327,SB,17306.4874587706,HS-20,Spawning biomass (thousand t)
tun43,2033,327,SB,18537.150685356,HS-20,Spawning biomass (thousand t)
tun43,2034,327,SB,19809.3206251751,HS-20,Spawning biomass (thousand t)
tun43,2035,327,SB,19943.2539982359,HS-20,Spawning biomass (thousand t)
tun43,2036,327,SB,19100.8649743932,HS-20,Spawning biomass (thousand t)
tun43,2037,327,SB,17800.1055405167,HS-20,Spawning biomass (thousand t)
tun43,2038,327,SB,16093.2618068461,HS-20,Spawning biomass (thousand t)
tun43,2039,327,SB,13950.8950539537,HS-20,Spawning biomass (thousand t)
tun43,2040,327,SB,11594.0629587381,HS-20,Spawning biomass (thousand t)
tun43,2041,327,SB,9387.72603795168,HS-20,Spawning biomass (thousand t)
tun43,2042,327,SB,7196.37940671136,HS-20,Spawning biomass (thousand t)
tun43,2043,327,SB,5554.49120705483,HS-20,Spawning biomass (thousand t)
tun43,2044,327,SB,4561.50551140283,HS-20,Spawning biomass (thousand t)
tun43,2045,327,SB,3710.78363924605,HS-20,Spawning biomass (thousand t)
tun43,2046,327,SB,3521.97788277023,HS-20,Spawning biomass (thousand t)
tun43,2047,327,SB,3755.1802485656,HS-20,Spawning biomass (thousand t)
tun43,2048,327,SB,3870.28743781243,HS-20,Spawning biomass (thousand t)
tun43,2049,327,SB,3896.78400117098,HS-20,Spawning biomass (thousand t)
tun43,2050,327,SB,4327.41476877603,HS-20,Spawning biomass (thousand t)
tun43,2025,344,SB,8341.1219780227,HS-20,Spawning biomass (thousand t)
tun43,2026,344,SB,9290.26802103512,HS-20,Spawning biomass (thousand t)
tun43,2027,344,SB,9950.69446130433,HS-20,Spawning biomass (thousand t)
tun43,2028,344,SB,11050.0279333267,HS-20,Spawning biomass (thousand t)
tun43,2029,344,SB,12682.3083387985,HS-20,Spawning biomass (thousand t)
tun43,2030,344,SB,13743.0476902045,HS-20,Spawning biomass (thousand t)
tun43,2031,344,SB,13723.9363799551,HS-20,Spawning biomass (thousand t)
tun43,2032,344,SB,13417.1970243876,HS-20,Spawning biomass (thousand t)
tun43,2033,344,SB,13760.5184731155,HS-20,Spawning biomass (thousand t)
tun43,2034,344,SB,16202.3604091486,HS-20,Spawning biomass (thousand t)
tun43,2035,344,SB,18385.4244618161,HS-20,Spawning biomass (thousand t)
tun43,2036,344,SB,19007.0285308656,HS-20,Spawning biomass (thousand t)
tun43,2037,344,SB,18907.1946743164,HS-20,Spawning biomass (thousand t)
tun43,2038,344,SB,18263.6975069726,HS-20,Spawning biomass (thousand t)
tun43,2039,344,SB,17493.7925258421,HS-20,Spawning biomass (thousand t)
tun43,2040,344,SB,16648.9832626873,HS-20,Spawning biomass (thousand t)
tun43,2041,344,SB,15732.5748498266,HS-20,Spawning biomass (thousand t)
tun43,2042,344,SB,14254.373937724,HS-20,Spawning biomass (thousand t)
tun43,2043,344,SB,12546.6932417924,HS-20,Spawning biomass (thousand t)
tun43,2044,344,SB,11027.1353121706,HS-20,Spawning biomass (thousand t)
tun43,2045,344,SB,9509.36415803734,HS-20,Spawning biomass (thousand t)
tun43,2046,344,SB,8357.54108166306,HS-20,Spawning biomass (thousand t)
tun43,2047,344,SB,7960.187478498,HS-20,Spawning biomass (thousand t)
tun43,2048,344,SB,8085.53886291185,HS-20,Spawning biomass (thousand t)
tun43,2049,344,SB,9150.93251801551,HS-20,Spawning biomass (thousand t)
tun43,2050,344,SB,9416.76051274937,HS-20,Spawning biomass (thousand t)
tun43,2025,348,SB,6263.92727977176,HS-20,Spawning biomass (thousand t)
tun43,2026,348,SB,7128.94820151295,HS-20,Spawning biomass (thousand t)
tun43,2027,348,SB,7974.95016067603,HS-20,Spawning biomass (thousand t)
tun43,2028,348,SB,9019.36423777315,HS-20,Spawning biomass (thousand t)
tun43,2029,348,SB,10070.1114351161,HS-20,Spawning biomass (thousand t)
tun43,2030,348,SB,10682.1631701632,HS-20,Spawning biomass (thousand t)
tun43,2031,348,SB,10398.1556342392,HS-20,Spawning biomass (thousand t)
tun43,2032,348,SB,9901.5794240017,HS-20,Spawning biomass (thousand t)
tun43,2033,348,SB,9041.17207056542,HS-20,Spawning biomass (thousand t)
tun43,2034,348,SB,8282.22010916679,HS-20,Spawning biomass (thousand t)
tun43,2035,348,SB,7895.495693095,HS-20,Spawning biomass (thousand t)
tun43,2036,348,SB,7663.17226101058,HS-20,Spawning biomass (thousand t)
tun43,2037,348,SB,6542.38315610734,HS-20,Spawning biomass (thousand t)
tun43,2038,348,SB,5329.74083994203,HS-20,Spawning biomass (thousand t)
tun43,2039,348,SB,3976.08751754211,HS-20,Spawning biomass (thousand t)
tun43,2040,348,SB,2784.47922958154,HS-20,Spawning biomass (thousand t)
tun43,2041,348,SB,1877.25505164532,HS-20,Spawning biomass (thousand t)
tun43,2042,348,SB,1492.17372214329,HS-20,Spawning biomass (thousand t)
tun43,2043,348,SB,1456.41122205398,HS-20,Spawning biomass (thousand t)
tun43,2044,348,SB,1536.1184040545,HS-20,Spawning biomass (thousand t)
tun43,2045,348,SB,1757.50628608923,HS-20,Spawning biomass (thousand t)
tun43,2046,348,SB,1898.42394317545,HS-20,Spawning biomass (thousand t)
tun43,2047,348,SB,2045.49469923579,HS-20,Spawning biomass (thousand t)
tun43,2048,348,SB,2191.7561786164,HS-20,Spawning biomass (thousand t)
tun43,2049,348,SB,2243.02432212251,HS-20,Spawning biomass (thousand t)
tun43,2050,348,SB,2032.71548781862,HS-20,Spawning biomass (thousand t)
tun43,2025,367,SB,7127.3628316359,HS-20,Spawning biomass (thousand t)
tun43,2026,367,SB,8539.4248951121,HS-20,Spawning biomass (thousand t)
tun43,2027,367,SB,9890.68620259571,HS-20,Spawning biomass (thousand t)
tun43,2028,367,SB,10139.8652178759,HS-20,Spawning biomass (thousand t)
tun43,2029,367,SB,9595.27695378708,HS-20,Spawning biomass (thousand t)
tun43,2030,367,SB,8604.15850639062,HS-20,Spawning biomass (thousand t)
tun43,2031,367,SB,7370.06004606653,HS-20,Spawning biomass (thousand t)
tun43,2032,367,SB,6144.093625522,HS-20,Spawning biomass (thousand t)
tun43,2033,367,SB,4949.22786779513,HS-20,Spawning biomass (thousand t)
tun43,2034,367,SB,4309.98796714555,HS-20,Spawning biomass (thousand t)
tun43,2035,367,SB,4155.88847848269,HS-20,Spawning biomass (thousand t)
tun43,2036,367,SB,4483.69531566291,HS-20,Spawning biomass (thousand t)
tun43,2037,367,SB,4951.46408202998,HS-20,Spawning biomass (thousand t)
tun43,2038,367,SB,5547.86224479469,HS-20,Spawning biomass (thousand t)
tun43,2039,367,SB,6344.68775576232,HS-20,Spawning biomass (thousand t)
tun43,2040,367,SB,7224.6966290441,HS-20,Spawning biomass (thousand t)
tun43,2041,367,SB,7783.52734320707,HS-20,Spawning biomass (thousand t)
tun43,2042,367,SB,8583.79293090056,HS-20,Spawning biomass (thousand t)
tun43,2043,367,SB,10046.5715096546,HS-20,Spawning biomass (thousand t)
tun43,2044,367,SB,11036.7655318979,HS-20,Spawning biomass (thousand t)
tun43,2045,367,SB,11710.9059518501,HS-20,Spawning biomass (thousand t)
tun43,2046,367,SB,12246.9293591597,HS-20,Spawning biomass (thousand t)
tun43,2047,367,SB,13645.0075092712,HS-20,Spawning biomass (thousand t)
tun43,2048,367,SB,16551.845252337,HS-20,Spawning biomass (thousand t)
tun43,2049,367,SB,19473.260601256,HS-20,Spawning biomass (thousand t)
tun43,2050,367,SB,23047.3013933782,HS-20,Spawning biomass (thousand t)
tun43,2025,397,SB,7216.38347223923,HS-20,Spawning biomass (thousand t)
tun43,2026,397,SB,7496.26536123305,HS-20,Spawning biomass (thousand t)
tun43,2027,397,SB,8268.63115763491,HS-20,Spawning biomass (thousand t)
tun43,2028,397,SB,9987.4976499521,HS-20,Spawning biomass (thousand t)
tun43,2029,397,SB,11161.6594908642,HS-20,Spawning biomass (thousand t)
tun43,2030,397,SB,11173.4951391743,HS-20,Spawning biomass (thousand t)
tun43,2031,397,SB,10698.6801099883,HS-20,Spawning biomass (thousand t)
tun43,2032,397,SB,10855.6885327239,HS-20,Spawning biomass (thousand t)
tun43,2033,397,SB,10606.1166145258,HS-20,Spawning biomass (thousand t)
tun43,2034,397,SB,10024.4056110595,HS-20,Spawning biomass (thousand t)
tun43,2035,397,SB,8817.09146384256,HS-20,Spawning biomass (thousand t)
tun43,2036,397,SB,8052.42726937345,HS-20,Spawning biomass (thousand t)
tun43,2037,397,SB,7649.16361476062,HS-20,Spawning biomass (thousand t)
tun43,2038,397,SB,7148.39327370309,HS-20,Spawning biomass (thousand t)
tun43,2039,397,SB,6977.85225895024,HS-20,Spawning biomass (thousand t)
tun43,2040,397,SB,6898.52283018556,HS-20,Spawning biomass (thousand t)
tun43,2041,397,SB,7092.83963569168,HS-20,Spawning biomass (thousand t)
tun43,2042,397,SB,6573.1561103551,HS-20,Spawning biomass (thousand t)
tun43,2043,397,SB,6088.72674675937,HS-20,Spawning biomass (thousand t)
tun43,2044,397,SB,5358.5870296804,HS-20,Spawning biomass (thousand t)
tun43,2045,397,SB,4568.74144562231,HS-20,Spawning biomass (thousand t)
tun43,2046,397,SB,4198.23903699113,HS-20,Spawning biomass (thousand t)
tun43,2047,397,SB,4450.88910838081,HS-20,Spawning biomass (thousand t)
tun43,2048,397,SB,4979.83689977074,HS-20,Spawning biomass (thousand t)
tun43,2049,397,SB,6079.10423321263,HS-20,Spawning biomass (thousand t)
tun43,2050,397,SB,7273.82788184031,HS-20,Spawning biomass (thousand t)
tun43,2025,498,SB,6629.64153376063,HS-20,Spawning biomass (thousand t)
tun43,2026,498,SB,6653.46529817723,HS-20,Spawning biomass (thousand t)
tun43,2027,498,SB,7111.41583321332,HS-20,Spawning biomass (thousand t)
tun43,2028,498,SB,7611.03484208681,HS-20,Spawning biomass (thousand t)
tun43,2029,498,SB,8002.01666063103,HS-20,Spawning biomass (thousand t)
tun43,2030,498,SB,8392.35416973208,HS-20,Spawning biomass (thousand t)
tun43,2031,498,SB,8337.84406941984,HS-20,Spawning biomass (thousand t)
tun43,2032,498,SB,8006.97910437898,HS-20,Spawning biomass (thousand t)
tun43,2033,498,SB,7504.34555422743,HS-20,Spawning biomass (thousand t)
tun43,2034,498,SB,7152.36595504558,HS-20,Spawning biomass (thousand t)
tun43,2035,498,SB,6264.99919102748,HS-20,Spawning biomass (thousand t)
tun43,2036,498,SB,5622.22059608814,HS-20,Spawning biomass (thousand t)
tun43,2037,498,SB,5075.36951087732,HS-20,Spawning biomass (thousand t)
tun43,2038,498,SB,4840.13380793622,HS-20,Spawning biomass (thousand t)
tun43,2039,498,SB,4727.77639110935,HS-20,Spawning biomass (thousand t)
tun43,2040,498,SB,5355.36834696999,HS-20,Spawning biomass (thousand t)
tun43,2041,498,SB,6902.54255534221,HS-20,Spawning biomass (thousand t)
tun43,2042,498,SB,8678.50671745015,HS-20,Spawning biomass (thousand t)
tun43,2043,498,SB,10599.4060325576,HS-20,Spawning biomass (thousand t)
tun43,2044,498,SB,12085.5536869662,HS-20,Spawning biomass (thousand t)
tun43,2045,498,SB,12727.0590284084,HS-20,Spawning biomass (thousand t)
tun43,2046,498,SB,13359.0708434271,HS-20,Spawning biomass (thousand t)
tun43,2047,498,SB,14364.0767642392,HS-20,Spawning biomass (thousand t)
tun43,2048,498,SB,15675.6204851729,HS-20,Spawning biomass (thousand t)
tun43,2049,498,SB,17356.7123302914,HS-20,Spawning biomass (thousand t)
tun43,2050,498,SB,17570.6295768732,HS-20,Spawning biomass (thousand t)
tun43,2025,37,C,1385.8907626811,HS-20,Catch (thousand t)
tun43,2026,37,C,1255.14054349354,HS-20,Catch (thousand t)
tun43,2027,37,C,1206.20515174805,HS-20,Catch (thousand t)
tun43,2028,37,C,1180.14106220361,HS-20,Catch (thousand t)
tun43,2029,37,C,1267.42528524411,HS-20,Catch (thousand t)
tun43,2030,37,C,1457.53907822512,HS-20,Catch (thousand t)
tun43,2031,37,C,1564.40802137998,HS-20,Catch (thousand t)
tun43,2032,37,C,1799.06922445061,HS-20,Catch (thousand t)
tun43,2033,37,C,1999.9999972952,HS-20,Catch (thousand t)
tun43,2034,37,C,1999.99999798127,HS-20,Catch (thousand t)
tun43,2035,37,C,1999.99999858988,HS-20,Catch (thousand t)
tun43,2036,37,C,1999.99999858611,HS-20,Catch (thousand t)
tun43,2037,37,C,1999.99999893624,HS-20,Catch (thousand t)
tun43,2038,37,C,1999.99999919653,HS-20,Catch (thousand t)
tun43,2039,37,C,1999.99999936993,HS-20,Catch (thousand t)
tun43,2040,37,C,1999.99999948638,HS-20,Catch (thousand t)
tun43,2041,37,C,1999.99999940703,HS-20,Catch (thousand t)
tun43,2042,37,C,1999.99999948525,HS-20,Catch (thousand t)
tun43,2043,37,C,1999.99999947906,HS-20,Catch (thousand t)
tun43,2044,37,C,1999.99999956123,HS-20,Catch (thousand t)
tun43,2045,37,C,1999.99999959445,HS-20,Catch (thousand t)
tun43,2046,37,C,1999.99999976002,HS-20,Catch (thousand t)
tun43,2047,37,C,1999.99999981709,HS-20,Catch (thousand t)
tun43,2048,37,C,1999.99999986403,HS-20,Catch (thousand t)
tun43,2049,37,C,1999.99999985389,HS-20,Catch (thousand t)
tun43,2050,37,C,1999.99999982479,HS-20,Catch (thousand t)
tun43,2025,65,C,1385.8907626811,HS-20,Catch (thousand t)
tun43,2026,65,C,1255.14033196834,HS-20,Catch (thousand t)
tun43,2027,65,C,1206.20648118704,HS-20,Catch (thousand t)
tun43,2028,65,C,1055.09912061842,HS-20,Catch (thousand t)
tun43,2029,65,C,1176.23505333288,HS-20,Catch (thousand t)
tun43,2030,65,C,1285.02234084359,HS-20,Catch (thousand t)
tun43,2031,65,C,1426.97836122534,HS-20,Catch (thousand t)
tun43,2032,65,C,1405.08399742366,HS-20,Catch (thousand t)
tun43,2033,65,C,1459.42437952378,HS-20,Catch (thousand t)
tun43,2034,65,C,1383.84550768116,HS-20,Catch (thousand t)
tun43,2035,65,C,1107.07640612008,HS-20,Catch (thousand t)
tun43,2036,65,C,885.66112492078,HS-20,Catch (thousand t)
tun43,2037,65,C,708.528899105828,HS-20,Catch (thousand t)
tun43,2038,65,C,640.238345257409,HS-20,Catch (thousand t)
tun43,2039,65,C,655.043078307423,HS-20,Catch (thousand t)
tun43,2040,65,C,753.299540051801,HS-20,Catch (thousand t)
tun43,2041,65,C,866.294471053545,HS-20,Catch (thousand t)
tun43,2042,65,C,996.238641540117,HS-20,Catch (thousand t)
tun43,2043,65,C,1145.67443634181,HS-20,Catch (thousand t)
tun43,2044,65,C,1317.52560028096,HS-20,Catch (thousand t)
tun43,2045,65,C,1515.15443584893,HS-20,Catch (thousand t)
tun43,2046,65,C,1742.42757525905,HS-20,Catch (thousand t)
tun43,2047,65,C,2000,HS-20,Catch (thousand t)
tun43,2048,65,C,1999.99999999999,HS-20,Catch (thousand t)
tun43,2049,65,C,1999.99999999998,HS-20,Catch (thousand t)
tun43,2050,65,C,1999.99999999998,HS-20,Catch (thousand t)
tun43,2025,110,C,1385.8907626811,HS-20,Catch (thousand t)
tun43,2026,110,C,1255.14081072849,HS-20,Catch (thousand t)
tun43,2027,110,C,1206.20608303064,HS-20,Catch (thousand t)
tun43,2028,110,C,1213.36791753254,HS-20,Catch (thousand t)
tun43,2029,110,C,1395.37310377255,HS-20,Catch (thousand t)
tun43,2030,110,C,1604.67907110345,HS-20,Catch (thousand t)
tun43,2031,110,C,1845.38092306202,HS-20,Catch (thousand t)
tun43,2032,110,C,1963.65025262578,HS-20,Catch (thousand t)
tun43,2033,110,C,1726.67918168811,HS-20,Catch (thousand t)
tun43,2034,110,C,1797.64108364992,HS-20,Catch (thousand t)
tun43,2035,110,C,1649.38172864816,HS-20,Catch (thousand t)
tun43,2036,110,C,1319.50538336946,HS-20,Catch (thousand t)
tun43,2037,110,C,1055.6043066863,HS-20,Catch (thousand t)
tun43,2038,110,C,914.959881863472,HS-20,Catch (thousand t)
tun43,2039,110,C,929.532652270303,HS-20,Catch (thousand t)
tun43,2040,110,C,1041.71289742569,HS-20,Catch (thousand t)
tun43,2041,110,C,1030.05459123563,HS-20,Catch (thousand t)
tun43,2042,110,C,1054.43702926758,HS-20,Catch (thousand t)
tun43,2043,110,C,1146.35741522041,HS-20,Catch (thousand t)
tun43,2044,110,C,1318.31103034645,HS-20,Catch (thousand t)
tun43,2045,110,C,1516.05768590085,HS-20,Catch (thousand t)
tun43,2046,110,C,1648.70201444955,HS-20,Catch (thousand t)
tun43,2047,110,C,1318.96161358771,HS-20,Catch (thousand t)
tun43,2048,110,C,1235.11125506725,HS-20,Catch (thousand t)
tun43,2049,110,C,1208.14417972708,HS-20,Catch (thousand t)
tun43,2050,110,C,1262.53524971242,HS-20,Catch (thousand t)
tun43,2025,151,C,1385.8907626811,HS-20,Catch (thousand t)
tun43,2026,151,C,1255.13968093498,HS-20,Catch (thousand t)
tun43,2027,151,C,1206.20439725315,HS-20,Catch (thousand t)
tun43,2028,151,C,1139.31331648973,HS-20,Catch (thousand t)
tun43,2029,151,C,1021.14054731838,HS-20,Catch (thousand t)
tun43,2030,151,C,1112.69761270879,HS-20,Catch (thousand t)
tun43,2031,151,C,1279.60225436587,HS-20,Catch (thousand t)
tun43,2032,151,C,1471.54258863428,HS-20,Catch (thousand t)
tun43,2033,151,C,1692.27397520798,HS-20,Catch (thousand t)
tun43,2034,151,C,1946.11505329906,HS-20,Catch (thousand t)
tun43,2035,151,C,1999.99997206549,HS-20,Catch (thousand t)
tun43,2036,151,C,1999.9999671528,HS-20,Catch (thousand t)
tun43,2037,151,C,1999.99995300306,HS-20,Catch (thousand t)
tun43,2038,151,C,2000,HS-20,Catch (thousand t)
tun43,2039,151,C,2000,HS-20,Catch (thousand t)
tun43,2040,151,C,1999.99999999999,HS-20,Catch (thousand t)
tun43,2041,151,C,1999.99999999998,HS-20,Catch (thousand t)
tun43,2042,151,C,1999.99999999999,HS-20,Catch (thousand t)
tun43,2043,151,C,2000,HS-20,Catch (thousand t)
tun43,2044,151,C,1999.99998464914,HS-20,Catch (thousand t)
tun43,2045,151,C,1999.99994175439,HS-20,Catch (thousand t)
tun43,2046,151,C,1999.99993332882,HS-20,Catch (thousand t)
tun43,2047,151,C,2000,HS-20,Catch (thousand t)
tun43,2048,151,C,1999.99999999999,HS-20,Catch (thousand t)
tun43,2049,151,C,1999.99999999997,HS-20,Catch (thousand t)
tun43,2050,151,C,1999.99999999988,HS-20,Catch (thousand t)
tun43,2025,158,C,1385.8907626811,HS-20,Catch (thousand t)
tun43,2026,158,C,1255.13998103441,HS-20,Catch (thousand t)
tun43,2027,158,C,1206.20430907553,HS-20,Catch (thousand t)
tun43,2028,158,C,1038.98041887391,HS-20,Catch (thousand t)
tun43,2029,158,C,1134.09784513424,HS-20,Catch (thousand t)
tun43,2030,158,C,1151.31320568195,HS-20,Catch (thousand t)
tun43,2031,158,C,1043.82238659402,HS-20,Catch (thousand t)
tun43,2032,158,C,1017.08935269719,HS-20,Catch (thousand t)
tun43,2033,158,C,991.022643259614,HS-20,Catch (thousand t)
tun43,2034,158,C,1139.67603974445,HS-20,Catch (thousand t)
tun43,2035,158,C,1229.84679101019,HS-20,Catch (thousand t)
tun43,2036,158,C,1414.32380966319,HS-20,Catch (thousand t)
tun43,2037,158,C,1621.12530587474,HS-20,Catch (thousand t)
tun43,2038,158,C,1864.29410150504,HS-20,Catch (thousand t)
tun43,2039,158,C,1999.99999889925,HS-20,Catch (thousand t)
tun43,2040,158,C,1999.9999971303,HS-20,Catch (thousand t)
tun43,2041,158,C,1999.99999673298,HS-20,Catch (thousand t)
tun43,2042,158,C,1999.99999589906,HS-20,Catch (thousand t)
tun43,2043,158,C,1999.99999590567,HS-20,Catch (thousand t)
tun43,2044,158,C,1999.99999599467,HS-20,Catch (thousand t)
tun43,2045,158,C,1999.99999449475,HS-20,Catch (thousand t)
tun43,2046,158,C,1999.9999920994,HS-20,Catch (thousand t)
tun43,2047,158,C,1999.99998903734,HS-20,Catch (thousand t)
tun43,2048,158,C,1999.99997921311,HS-20,Catch (thousand t)
tun43,2049,158,C,1999.99994178772,HS-20,Catch (thousand t)
tun43,2050,158,C,2000,HS-20,Catch (thousand t)
tun43,2025,165,C,1385.8907626811,HS-20,Catch (thousand t)
tun43,2026,165,C,1255.14058805589,HS-20,Catch (thousand t)
tun43,2027,165,C,1206.20616003097,HS-20,Catch (thousand t)
tun43,2028,165,C,1270.69864707846,HS-20,Catch (thousand t)
tun43,2029,165,C,1387.12801873704,HS-20,Catch (thousand t)
tun43,2030,165,C,1595.1972216691,HS-20,Catch (thousand t)
tun43,2031,165,C,1457.85224118576,HS-20,Catch (thousand t)
tun43,2032,165,C,1510.027840636,HS-20,Catch (thousand t)
tun43,2033,165,C,1644.15140511661,HS-20,Catch (thousand t)
tun43,2034,165,C,1606.33680136834,HS-20,Catch (thousand t)
tun43,2035,165,C,1499.15306566294,HS-20,Catch (thousand t)
tun43,2036,165,C,1356.31857077456,HS-20,Catch (thousand t)
tun43,2037,165,C,1559.76636763779,HS-20,Catch (thousand t)
tun43,2038,165,C,1793.73134662265,HS-20,Catch (thousand t)
tun43,2039,165,C,1999.99998294105,HS-20,Catch (thousand t)
tun43,2040,165,C,1999.99998962217,HS-20,Catch (thousand t)
tun43,2041,165,C,1999.99999259581,HS-20,Catch (thousand t)
tun43,2042,165,C,1999.99999076537,HS-20,Catch (thousand t)
tun43,2043,165,C,1999.99998000743,HS-20,Catch (thousand t)
tun43,2044,165,C,1999.99996661243,HS-20,Catch (thousand t)
tun43,2045,165,C,1999.99996000767,HS-20,Catch (thousand t)
tun43,2046,165,C,1999.99994311214,HS-20,Catch (thousand t)
tun43,2047,165,C,1999.99990932353,HS-20,Catch (thousand t)
tun43,2048,165,C,1999.9998767193,HS-20,Catch (thousand t)
tun43,2049,165,C,2000,HS-20,Catch (thousand t)
tun43,2050,165,C,2000,HS-20,Catch (thousand t)
tun43,2025,177,C,1385.8907626811,HS-20,Catch (thousand t)
tun43,2026,177,C,1255.13940148454,HS-20,Catch (thousand t)
tun43,2027,177,C,1206.2043832813,HS-20,Catch (thousand t)
tun43,2028,177,C,1179.28033144977,HS-20,Catch (thousand t)
tun43,2029,177,C,1218.95156841004,HS-20,Catch (thousand t)
tun43,2030,177,C,1401.79434945626,HS-20,Catch (thousand t)
tun43,2031,177,C,1612.06346449884,HS-20,Catch (thousand t)
tun43,2032,177,C,1853.87299830952,HS-20,Catch (thousand t)
tun43,2033,177,C,1999.99995614667,HS-20,Catch (thousand t)
tun43,2034,177,C,1999.9999334123,HS-20,Catch (thousand t)
tun43,2035,177,C,2000,HS-20,Catch (thousand t)
tun43,2036,177,C,2000,HS-20,Catch (thousand t)
tun43,2037,177,C,1999.999901891,HS-20,Catch (thousand t)
tun43,2038,177,C,1999.99994866898,HS-20,Catch (thousand t)
tun43,2039,177,C,1999.99997381114,HS-20,Catch (thousand t)
tun43,2040,177,C,1999.99998328613,HS-20,Catch (thousand t)
tun43,2041,177,C,1999.99998110164,HS-20,Catch (thousand t)
tun43,2042,177,C,1999.99997578551,HS-20,Catch (thousand t)
tun43,2043,177,C,1999.99995116792,HS-20,Catch (thousand t)
tun43,2044,177,C,2000,HS-20,Catch (thousand t)
tun43,2045,177,C,1999.99999999999,HS-20,Catch (thousand t)
tun43,2046,177,C,1999.99999999994,HS-20,Catch (thousand t)
tun43,2047,177,C,1999.99999999958,HS-20,Catch (thousand t)
tun43,2048,177,C,1999.99999999714,HS-20,Catch (thousand t)
tun43,2049,177,C,1999.99999998749,HS-20,Catch (thousand t)
tun43,2050,177,C,1999.99999816355,HS-20,Catch (thousand t)
tun43,2025,186,C,1385.8907626811,HS-20,Catch (thousand t)
tun43,2026,186,C,1255.1402042504,HS-20,Catch (thousand t)
tun43,2027,186,C,1206.20473583742,HS-20,Catch (thousand t)
tun43,2028,186,C,1090.89455527046,HS-20,Catch (thousand t)
tun43,2029,186,C,1114.30544813784,HS-20,Catch (thousand t)
tun43,2030,186,C,1209.18649815825,HS-20,Catch (thousand t)
tun43,2031,186,C,1390.56447284833,HS-20,Catch (thousand t)
tun43,2032,186,C,1599.1491434006,HS-20,Catch (thousand t)
tun43,2033,186,C,1839.02151495103,HS-20,Catch (thousand t)
tun43,2034,186,C,1999.99999975743,HS-20,Catch (thousand t)
tun43,2035,186,C,1999.99999987692,HS-20,Catch (thousand t)
tun43,2036,186,C,1999.99999989212,HS-20,Catch (thousand t)
tun43,2037,186,C,1999.99999991502,HS-20,Catch (thousand t)
tun43,2038,186,C,1999.9999998952,HS-20,Catch (thousand t)
tun43,2039,186,C,1999.9999998864,HS-20,Catch (thousand t)
tun43,2040,186,C,1999.99999986145,HS-20,Catch (thousand t)
tun43,2041,186,C,1999.99999984392,HS-20,Catch (thousand t)
tun43,2042,186,C,1999.99999986687,HS-20,Catch (thousand t)
tun43,2043,186,C,1999.99999988033,HS-20,Catch (thousand t)
tun43,2044,186,C,1999.99999989353,HS-20,Catch (thousand t)
tun43,2045,186,C,1999.99999990235,HS-20,Catch (thousand t)
tun43,2046,186,C,1999.99999988504,HS-20,Catch (thousand t)
tun43,2047,186,C,1999.99999987654,HS-20,Catch (thousand t)
tun43,2048,186,C,1999.99999983448,HS-20,Catch (thousand t)
tun43,2049,186,C,1999.99999978874,HS-20,Catch (thousand t)
tun43,2050,186,C,1999.99999973378,HS-20,Catch (thousand t)
tun43,2025,246,C,1385.8907626811,HS-20,Catch (thousand t)
tun43,2026,246,C,1255.14035953378,HS-20,Catch (thousand t)
tun43,2027,246,C,1206.20603670806,HS-20,Catch (thousand t)
tun43,2028,246,C,1028.57172289454,HS-20,Catch (thousand t)
tun43,2029,246,C,1182.85747539594,HS-20,Catch (thousand t)
tun43,2030,246,C,1360.28610497668,HS-20,Catch (thousand t)
tun43,2031,246,C,1564.32902077812,HS-20,Catch (thousand t)
tun43,2032,246,C,1798.97837393268,HS-20,Catch (thousand t)
tun43,2033,246,C,1901.5209934703,HS-20,Catch (thousand t)
tun43,2034,246,C,1521.21679477677,HS-20,Catch (thousand t)
tun43,2035,246,C,1216.97343581044,HS-20,Catch (thousand t)
tun43,2036,246,C,1010.08741130727,HS-20,Catch (thousand t)
tun43,2037,246,C,834.942347784559,HS-20,Catch (thousand t)
tun43,2038,246,C,667.953877376361,HS-20,Catch (thousand t)
tun43,2039,246,C,534.363102582129,HS-20,Catch (thousand t)
tun43,2040,246,C,427.49048195444,HS-20,Catch (thousand t)
tun43,2041,246,C,421.517311974345,HS-20,Catch (thousand t)
tun43,2042,246,C,484.744918378038,HS-20,Catch (thousand t)
tun43,2043,246,C,557.456656134077,HS-20,Catch (thousand t)
tun43,2044,246,C,641.075154543745,HS-20,Catch (thousand t)
tun43,2045,246,C,737.236427723135,HS-20,Catch (thousand t)
tun43,2046,246,C,847.821891896894,HS-20,Catch (thousand t)
tun43,2047,246,C,903.469822259966,HS-20,Catch (thousand t)
tun43,2048,246,C,922.180784793402,HS-20,Catch (thousand t)
tun43,2049,246,C,1015.67419905578,HS-20,Catch (thousand t)
tun43,2050,246,C,1096.70513697736,HS-20,Catch (thousand t)
tun43,2025,327,C,1385.8907626811,HS-20,Catch (thousand t)
tun43,2026,327,C,1255.14086056154,HS-20,Catch (thousand t)
tun43,2027,327,C,1206.20604002313,HS-20,Catch (thousand t)
tun43,2028,327,C,1216.53072021962,HS-20,Catch (thousand t)
tun43,2029,327,C,1399.01032825231,HS-20,Catch (thousand t)
tun43,2030,327,C,1608.86187747494,HS-20,Catch (thousand t)
tun43,2031,327,C,1850.19115866885,HS-20,Catch (thousand t)
tun43,2032,327,C,1999.99999169219,HS-20,Catch (thousand t)
tun43,2033,327,C,1999.99998653373,HS-20,Catch (thousand t)
tun43,2034,327,C,1999.99997894629,HS-20,Catch (thousand t)
tun43,2035,327,C,1999.99998246923,HS-20,Catch (thousand t)
tun43,2036,327,C,1999.99997705321,HS-20,Catch (thousand t)
tun43,2037,327,C,1999.9999821079,HS-20,Catch (thousand t)
tun43,2038,327,C,1999.99997401278,HS-20,Catch (thousand t)
tun43,2039,327,C,1999.99996005863,HS-20,Catch (thousand t)
tun43,2040,327,C,1999.99993624917,HS-20,Catch (thousand t)
tun43,2041,327,C,2000,HS-20,Catch (thousand t)
tun43,2042,327,C,1999.9999999999,HS-20,Catch (thousand t)
tun43,2043,327,C,1999.99999999475,HS-20,Catch (thousand t)
tun43,2044,327,C,1999.99999958609,HS-20,Catch (thousand t)
tun43,2045,327,C,1999.99999936675,HS-20,Catch (thousand t)
tun43,2046,327,C,1890.47015820022,HS-20,Catch (thousand t)
tun43,2047,327,C,1512.37612656021,HS-20,Catch (thousand t)
tun43,2048,327,C,1209.90090124252,HS-20,Catch (thousand t)
tun43,2049,327,C,967.920720958119,HS-20,Catch (thousand t)
tun43,2050,327,C,774.336576798829,HS-20,Catch (thousand t)
tun43,2025,344,C,1385.8907626811,HS-20,Catch (thousand t)
tun43,2026,344,C,1255.14015205764,HS-20,Catch (thousand t)
tun43,2027,344,C,1206.20507483551,HS-20,Catch (thousand t)
tun43,2028,344,C,1387.13583606185,HS-20,Catch (thousand t)
tun43,2029,344,C,1595.20621147117,HS-20,Catch (thousand t)
tun43,2030,344,C,1834.48714319181,HS-20,Catch (thousand t)
tun43,2031,344,C,1999.99999999995,HS-20,Catch (thousand t)
tun43,2032,344,C,1999.99999999883,HS-20,Catch (thousand t)
tun43,2033,344,C,1999.99999994746,HS-20,Catch (thousand t)
tun43,2034,344,C,1999.99999950723,HS-20,Catch (thousand t)
tun43,2035,344,C,1999.99998023465,HS-20,Catch (thousand t)
tun43,2036,344,C,1999.99997085384,HS-20,Catch (thousand t)
tun43,2037,344,C,1999.9999786283,HS-20,Catch (thousand t)
tun43,2038,344,C,1999.9999848017,HS-20,Catch (thousand t)
tun43,2039,344,C,1999.99998700929,HS-20,Catch (thousand t)
tun43,2040,344,C,1999.99998750267,HS-20,Catch (thousand t)
tun43,2041,344,C,1999.99998286724,HS-20,Catch (thousand t)
tun43,2042,344,C,1999.99996392792,HS-20,Catch (thousand t)
tun43,2043,344,C,1999.99991483169,HS-20,Catch (thousand t)
tun43,2044,344,C,2000,HS-20,Catch (thousand t)
tun43,2045,344,C,1999.99999999997,HS-20,Catch (thousand t)
tun43,2046,344,C,1999.99999999956,HS-20,Catch (thousand t)
tun43,2047,344,C,2000,HS-20,Catch (thousand t)
tun43,2048,344,C,1999.99999997775,HS-20,Catch (thousand t)
tun43,2049,344,C,2000,HS-20,Catch (thousand t)
tun43,2050,344,C,1999.99999967899,HS-20,Catch (thousand t)
tun43,2025,348,C,1385.8907626811,HS-20,Catch (thousand t)
tun43,2026,348,C,1255.13958836188,HS-20,Catch (thousand t)
tun43,2027,348,C,1206.20515263199,HS-20,Catch (thousand t)
tun43,2028,348,C,1051.92094096642,HS-20,Catch (thousand t)
tun43,2029,348,C,1209.70908210889,HS-20,Catch (thousand t)
tun43,2030,348,C,1391.16544442221,HS-20,Catch (thousand t)
tun43,2031,348,C,1599.84026107831,HS-20,Catch (thousand t)
tun43,2032,348,C,1566.25037406523,HS-20,Catch (thousand t)
tun43,2033,348,C,1645.01129492842,HS-20,Catch (thousand t)
tun43,2034,348,C,1891.76303353082,HS-20,Catch (thousand t)
tun43,2035,348,C,1999.99999165865,HS-20,Catch (thousand t)
tun43,2036,348,C,1999.99999941039,HS-20,Catch (thousand t)
tun43,2037,348,C,1999.99999999949,HS-20,Catch (thousand t)
tun43,2038,348,C,2000,HS-20,Catch (thousand t)
tun43,2039,348,C,1999.9999998895,HS-20,Catch (thousand t)
tun43,2040,348,C,1944.13604420156,HS-20,Catch (thousand t)
tun43,2041,348,C,1671.84970897662,HS-20,Catch (thousand t)
tun43,2042,348,C,1337.47976723721,HS-20,Catch (thousand t)
tun43,2043,348,C,1069.98381312182,HS-20,Catch (thousand t)
tun43,2044,348,C,855.987051029781,HS-20,Catch (thousand t)
tun43,2045,348,C,684.78964082545,HS-20,Catch (thousand t)
tun43,2046,348,C,547.831712660032,HS-20,Catch (thousand t)
tun43,2047,348,C,448.053348644609,HS-20,Catch (thousand t)
tun43,2048,348,C,500.6924610883,HS-20,Catch (thousand t)
tun43,2049,348,C,560.682482585567,HS-20,Catch (thousand t)
tun43,2050,348,C,590.998774658604,HS-20,Catch (thousand t)
tun43,2025,367,C,1385.8907626811,HS-20,Catch (thousand t)
tun43,2026,367,C,1255.14049172703,HS-20,Catch (thousand t)
tun43,2027,367,C,1206.20559348366,HS-20,Catch (thousand t)
tun43,2028,367,C,1387.13643250784,HS-20,Catch (thousand t)
tun43,2029,367,C,1595.20689738177,HS-20,Catch (thousand t)
tun43,2030,367,C,1834.48793199377,HS-20,Catch (thousand t)
tun43,2031,367,C,1999.99999999943,HS-20,Catch (thousand t)
tun43,2032,367,C,1999.99999999915,HS-20,Catch (thousand t)
tun43,2033,367,C,1999.99999999942,HS-20,Catch (thousand t)
tun43,2034,367,C,1796.82833176616,HS-20,Catch (thousand t)
tun43,2035,367,C,1447.57881934061,HS-20,Catch (thousand t)
tun43,2036,367,C,1381.32333584612,HS-20,Catch (thousand t)
tun43,2037,367,C,1154.78587047904,HS-20,Catch (thousand t)
tun43,2038,367,C,1015.38469099961,HS-20,Catch (thousand t)
tun43,2039,367,C,812.307754880166,HS-20,Catch (thousand t)
tun43,2040,367,C,744.811353925823,HS-20,Catch (thousand t)
tun43,2041,367,C,856.533056549416,HS-20,Catch (thousand t)
tun43,2042,367,C,985.013011656066,HS-20,Catch (thousand t)
tun43,2043,367,C,1132.7649625492,HS-20,Catch (thousand t)
tun43,2044,367,C,1302.67968747782,HS-20,Catch (thousand t)
tun43,2045,367,C,1498.08161930213,HS-20,Catch (thousand t)
tun43,2046,367,C,1722.79387156587,HS-20,Catch (thousand t)
tun43,2047,367,C,1981.21298593149,HS-20,Catch (thousand t)
tun43,2048,367,C,1999.99998488758,HS-20,Catch (thousand t)
tun43,2049,367,C,1999.99996866477,HS-20,Catch (thousand t)
tun43,2050,367,C,1999.99998968891,HS-20,Catch (thousand t)
tun43,2025,397,C,1385.8907626811,HS-20,Catch (thousand t)
tun43,2026,397,C,1255.13977173553,HS-20,Catch (thousand t)
tun43,2027,397,C,1206.20419680488,HS-20,Catch (thousand t)
tun43,2028,397,C,1194.73970633801,HS-20,Catch (thousand t)
tun43,2029,397,C,1373.95066229208,HS-20,Catch (thousand t)
tun43,2030,397,C,1580.04326163603,HS-20,Catch (thousand t)
tun43,2031,397,C,1817.04975088142,HS-20,Catch (thousand t)
tun43,2032,397,C,1693.09306570598,HS-20,Catch (thousand t)
tun43,2033,397,C,1654.31153437639,HS-20,Catch (thousand t)
tun43,2034,397,C,1902.4582642467,HS-20,Catch (thousand t)
tun43,2035,397,C,1999.99999955744,HS-20,Catch (thousand t)
tun43,2036,397,C,1999.99999968694,HS-20,Catch (thousand t)
tun43,2037,397,C,1999.99999993686,HS-20,Catch (thousand t)
tun43,2038,397,C,1999.99999999985,HS-20,Catch (thousand t)
tun43,2039,397,C,1819.33013965105,HS-20,Catch (thousand t)
tun43,2040,397,C,1999.99999999699,HS-20,Catch (thousand t)
tun43,2041,397,C,1814.77185501249,HS-20,Catch (thousand t)
tun43,2042,397,C,1999.99999999997,HS-20,Catch (thousand t)
tun43,2043,397,C,1999.99999999993,HS-20,Catch (thousand t)
tun43,2044,397,C,1999.99999999953,HS-20,Catch (thousand t)
tun43,2045,397,C,1600,HS-20,Catch (thousand t)
tun43,2046,397,C,1279.99999999651,HS-20,Catch (thousand t)
tun43,2047,397,C,1023.99999815671,HS-20,Catch (thousand t)
tun43,2048,397,C,924.189946430564,HS-20,Catch (thousand t)
tun43,2049,397,C,808.947443427168,HS-20,Catch (thousand t)
tun43,2050,397,C,801.744821442643,HS-20,Catch (thousand t)
tun43,2025,498,C,1385.8907626811,HS-20,Catch (thousand t)
tun43,2026,498,C,1255.13975357597,HS-20,Catch (thousand t)
tun43,2027,498,C,1206.20533422903,HS-20,Catch (thousand t)
tun43,2028,498,C,1076.7633418604,HS-20,Catch (thousand t)
tun43,2029,498,C,1136.4822641887,HS-20,Catch (thousand t)
tun43,2030,498,C,1214.5799823504,HS-20,Catch (thousand t)
tun43,2031,498,C,1198.13856039453,HS-20,Catch (thousand t)
tun43,2032,498,C,1105.73259626592,HS-20,Catch (thousand t)
tun43,2033,498,C,1271.59249120195,HS-20,Catch (thousand t)
tun43,2034,498,C,1462.33136488224,HS-20,Catch (thousand t)
tun43,2035,498,C,1681.68103583031,HS-20,Catch (thousand t)
tun43,2036,498,C,1526.27758558523,HS-20,Catch (thousand t)
tun43,2037,498,C,1676.37367230811,HS-20,Catch (thousand t)
tun43,2038,498,C,1709.50994081187,HS-20,Catch (thousand t)
tun43,2039,498,C,1583.72133561728,HS-20,Catch (thousand t)
tun43,2040,498,C,1351.69115445063,HS-20,Catch (thousand t)
tun43,2041,498,C,1081.35292357031,HS-20,Catch (thousand t)
tun43,2042,498,C,954.382392675249,HS-20,Catch (thousand t)
tun43,2043,498,C,1037.47169429264,HS-20,Catch (thousand t)
tun43,2044,498,C,1193.09244843125,HS-20,Catch (thousand t)
tun43,2045,498,C,1372.05631555142,HS-20,Catch (thousand t)
tun43,2046,498,C,1577.86475346705,HS-20,Catch (thousand t)
tun43,2047,498,C,1758.11430485904,HS-20,Catch (thousand t)
tun43,2048,498,C,1999.99993198629,HS-20,Catch (thousand t)
tun43,2049,498,C,2000,HS-20,Catch (thousand t)
tun43,2050,498,C,1999.99992275224,HS-20,Catch (thousand t)
tun47,2025,37,SB,8593.12324912998,HS-30,Spawning biomass (thousand t)
tun47,2026,37,SB,8882.1081997891,HS-30,Spawning biomass (thousand t)
tun47,2027,37,SB,9548.40877008256,HS-30,Spawning biomass (thousand t)
tun47,2028,37,SB,12940.1956784345,HS-30,Spawning biomass (thousand t)
tun47,2029,37,SB,15908.6822545463,HS-30,Spawning biomass (thousand t)
tun47,2030,37,SB,17148.916465616,HS-30,Spawning biomass (thousand t)
tun47,2031,37,SB,19369.2761977997,HS-30,Spawning biomass (thousand t)
tun47,2032,37,SB,21068.7966945937,HS-30,Spawning biomass (thousand t)
tun47,2033,37,SB,22050.8921242251,HS-30,Spawning biomass (thousand t)
tun47,2034,37,SB,23130.7302453993,HS-30,Spawning biomass (thousand t)
tun47,2035,37,SB,23023.9528076252,HS-30,Spawning biomass (thousand t)
tun47,2036,37,SB,24681.565170477,HS-30,Spawning biomass (thousand t)
tun47,2037,37,SB,26506.0017195393,HS-30,Spawning biomass (thousand t)
tun47,2038,37,SB,27120.2708924281,HS-30,Spawning biomass (thousand t)
tun47,2039,37,SB,26614.9030768554,HS-30,Spawning biomass (thousand t)
tun47,2040,37,SB,26015.6677582326,HS-30,Spawning biomass (thousand t)
tun47,2041,37,SB,26522.5272169055,HS-30,Spawning biomass (thousand t)
tun47,2042,37,SB,27815.2215602886,HS-30,Spawning biomass (thousand t)
tun47,2043,37,SB,29555.8356512331,HS-30,Spawning biomass (thousand t)
tun47,2044,37,SB,31879.9333026004,HS-30,Spawning biomass (thousand t)
tun47,2045,37,SB,33221.6953688667,HS-30,Spawning biomass (thousand t)
tun47,2046,37,SB,32325.8813636689,HS-30,Spawning biomass (thousand t)
tun47,2047,37,SB,30863.77396645,HS-30,Spawning biomass (thousand t)
tun47,2048,37,SB,30024.3309158132,HS-30,Spawning biomass (thousand t)
tun47,2049,37,SB,33168.1868840382,HS-30,Spawning biomass (thousand t)
tun47,2050,37,SB,36622.4929280226,HS-30,Spawning biomass (thousand t)
tun47,2025,65,SB,7734.49472637435,HS-30,Spawning biomass (thousand t)
tun47,2026,65,SB,7632.66597951753,HS-30,Spawning biomass (thousand t)
tun47,2027,65,SB,7363.4240601666,HS-30,Spawning biomass (thousand t)
tun47,2028,65,SB,7420.76559812139,HS-30,Spawning biomass (thousand t)
tun47,2029,65,SB,7095.10660065692,HS-30,Spawning biomass (thousand t)
tun47,2030,65,SB,6492.00587996683,HS-30,Spawning biomass (thousand t)
tun47,2031,65,SB,5498.34638820726,HS-30,Spawning biomass (thousand t)
tun47,2032,65,SB,4458.21845378371,HS-30,Spawning biomass (thousand t)
tun47,2033,65,SB,3217.51453143376,HS-30,Spawning biomass (thousand t)
tun47,2034,65,SB,3236.85584664669,HS-30,Spawning biomass (thousand t)
tun47,2035,65,SB,3491.51491146107,HS-30,Spawning biomass (thousand t)
tun47,2036,65,SB,3703.65475451516,HS-30,Spawning biomass (thousand t)
tun47,2037,65,SB,4390.03420202352,HS-30,Spawning biomass (thousand t)
tun47,2038,65,SB,5442.46668312748,HS-30,Spawning biomass (thousand t)
tun47,2039,65,SB,7876.89000387925,HS-30,Spawning biomass (thousand t)
tun47,2040,65,SB,10492.2370847761,HS-30,Spawning biomass (thousand t)
tun47,2041,65,SB,11866.4101178325,HS-30,Spawning biomass (thousand t)
tun47,2042,65,SB,12352.0308431807,HS-30,Spawning biomass (thousand t)
tun47,2043,65,SB,12884.6430835984,HS-30,Spawning biomass (thousand t)
tun47,2044,65,SB,13609.9294473471,HS-30,Spawning biomass (thousand t)
tun47,2045,65,SB,13482.1773792953,HS-30,Spawning biomass (thousand t)
tun47,2046,65,SB,12310.2965672432,HS-30,Spawning biomass (thousand t)
tun47,2047,65,SB,11219.1253026266,HS-30,Spawning biomass (thousand t)
tun47,2048,65,SB,12529.6335900096,HS-30,Spawning biomass (thousand t)
tun47,2049,65,SB,13476.0489517812,HS-30,Spawning biomass (thousand t)
tun47,2050,65,SB,13424.8614215772,HS-30,Spawning biomass (thousand t)
tun47,2025,110,SB,9634.882166157,HS-30,Spawning biomass (thousand t)
tun47,2026,110,SB,10514.1288856846,HS-30,Spawning biomass (thousand t)
tun47,2027,110,SB,10375.1268920532,HS-30,Spawning biomass (thousand t)
tun47,2028,110,SB,10007.0420014493,HS-30,Spawning biomass (thousand t)
tun47,2029,110,SB,9223.97304522796,HS-30,Spawning biomass (thousand t)
tun47,2030,110,SB,8059.8596079507,HS-30,Spawning biomass (thousand t)
tun47,2031,110,SB,6656.29663118235,HS-30,Spawning biomass (thousand t)
tun47,2032,110,SB,5640.74487092336,HS-30,Spawning biomass (thousand t)
tun47,2033,110,SB,4650.70850152427,HS-30,Spawning biomass (thousand t)
tun47,2034,110,SB,4180.55594371123,HS-30,Spawning biomass (thousand t)
tun47,2035,110,SB,4105.05230324207,HS-30,Spawning biomass (thousand t)
tun47,2036,110,SB,4398.6777351859,HS-30,Spawning biomass (thousand t)
tun47,2037,110,SB,4983.34785906886,HS-30,Spawning biomass (thousand t)
tun47,2038,110,SB,5840.88364974755,HS-30,Spawning biomass (thousand t)
tun47,2039,110,SB,6640.93659112595,HS-30,Spawning biomass (thousand t)
tun47,2040,110,SB,6634.04854519003,HS-30,Spawning biomass (thousand t)
tun47,2041,110,SB,6223.9608721775,HS-30,Spawning biomass (thousand t)
tun47,2042,110,SB,5842.987397941,HS-30,Spawning biomass (thousand t)
tun47,2043,110,SB,5881.51795587682,HS-30,Spawning biomass (thousand t)
tun47,2044,110,SB,6044.81022647345,HS-30,Spawning biomass (thousand t)
tun47,2045,110,SB,6194.56659605296,HS-30,Spawning biomass (thousand t)
tun47,2046,110,SB,6420.54904408088,HS-30,Spawning biomass (thousand t)
tun47,2047,110,SB,6539.66643012705,HS-30,Spawning biomass (thousand t)
tun47,2048,110,SB,6055.19959538477,HS-30,Spawning biomass (thousand t)
tun47,2049,110,SB,5963.2981308823,HS-30,Spawning biomass (thousand t)
tun47,2050,110,SB,5805.73286833424,HS-30,Spawning biomass (thousand t)
tun47,2025,151,SB,6742.27315938003,HS-30,Spawning biomass (thousand t)
tun47,2026,151,SB,7101.57186003064,HS-30,Spawning biomass (thousand t)
tun47,2027,151,SB,7502.77942932616,HS-30,Spawning biomass (thousand t)
tun47,2028,151,SB,8327.67072596893,HS-30,Spawning biomass (thousand t)
tun47,2029,151,SB,9598.11718836935,HS-30,Spawning biomass (thousand t)
tun47,2030,151,SB,11529.5702518572,HS-30,Spawning biomass (thousand t)
tun47,2031,151,SB,13973.5576668136,HS-30,Spawning biomass (thousand t)
tun47,2032,151,SB,15330.1798005189,HS-30,Spawning biomass (thousand t)
tun47,2033,151,SB,15109.7520428783,HS-30,Spawning biomass (thousand t)
tun47,2034,151,SB,15205.4257279818,HS-30,Spawning biomass (thousand t)
tun47,2035,151,SB,14964.6493131932,HS-30,Spawning biomass (thousand t)
tun47,2036,151,SB,14230.9169853247,HS-30,Spawning biomass (thousand t)
tun47,2037,151,SB,13284.1064624212,HS-30,Spawning biomass (thousand t)
tun47,2038,151,SB,12124.3546183582,HS-30,Spawning biomass (thousand t)
tun47,2039,151,SB,11433.1342670899,HS-30,Spawning biomass (thousand t)
tun47,2040,151,SB,11481.8345232567,HS-30,Spawning biomass (thousand t)
tun47,2041,151,SB,12317.8067457687,HS-30,Spawning biomass (thousand t)
tun47,2042,151,SB,13177.7267206652,HS-30,Spawning biomass (thousand t)
tun47,2043,151,SB,13407.5711897603,HS-30,Spawning biomass (thousand t)
tun47,2044,151,SB,12629.9748064418,HS-30,Spawning biomass (thousand t)
tun47,2045,151,SB,12191.3516054041,HS-30,Spawning biomass (thousand t)
tun47,2046,151,SB,11519.2803493711,HS-30,Spawning biomass (thousand t)
tun47,2047,151,SB,10960.5041697008,HS-30,Spawning biomass (thousand t)
tun47,2048,151,SB,10626.9203056728,HS-30,Spawning biomass (thousand t)
tun47,2049,151,SB,10213.32012996,HS-30,Spawning biomass (thousand t)
tun47,2050,151,SB,9595.5489823868,HS-30,Spawning biomass (thousand t)
tun47,2025,158,SB,7236.77187172129,HS-30,Spawning biomass (thousand t)
tun47,2026,158,SB,6849.67857670949,HS-30,Spawning biomass (thousand t)
tun47,2027,158,SB,6417.71673717513,HS-30,Spawning biomass (thousand t)
tun47,2028,158,SB,5877.94821385911,HS-30,Spawning biomass (thousand t)
tun47,2029,158,SB,5505.85532627162,HS-30,Spawning biomass (thousand t)
tun47,2030,158,SB,5603.03840939805,HS-30,Spawning biomass (thousand t)
tun47,2031,158,SB,5918.86726030219,HS-30,Spawning biomass (thousand t)
tun47,2032,158,SB,6577.64490826651,HS-30,Spawning biomass (thousand t)
tun47,2033,158,SB,8688.81476748378,HS-30,Spawning biomass (thousand t)
tun47,2034,158,SB,12136.0321797465,HS-30,Spawning biomass (thousand t)
tun47,2035,158,SB,14981.5107591431,HS-30,Spawning biomass (thousand t)
tun47,2036,158,SB,17750.5523674403,HS-30,Spawning biomass (thousand t)
tun47,2037,158,SB,19942.6401527434,HS-30,Spawning biomass (thousand t)
tun47,2038,158,SB,20964.8810703015,HS-30,Spawning biomass (thousand t)
tun47,2039,158,SB,22132.6817951797,HS-30,Spawning biomass (thousand t)
tun47,2040,158,SB,24613.662497566,HS-30,Spawning biomass (thousand t)
tun47,2041,158,SB,26785.463083944,HS-30,Spawning biomass (thousand t)
tun47,2042,158,SB,26445.0862861837,HS-30,Spawning biomass (thousand t)
tun47,2043,158,SB,25380.9718275185,HS-30,Spawning biomass (thousand t)
tun47,2044,158,SB,24057.5410658248,HS-30,Spawning biomass (thousand t)
tun47,2045,158,SB,22017.2253753324,HS-30,Spawning biomass (thousand t)
tun47,2046,158,SB,19611.00785398,HS-30,Spawning biomass (thousand t)
tun47,2047,158,SB,17121.6227530782,HS-30,Spawning biomass (thousand t)
tun47,2048,158,SB,14948.904669386,HS-30,Spawning biomass (thousand t)
tun47,2049,158,SB,12591.04421004,HS-30,Spawning biomass (thousand t)
tun47,2050,158,SB,10149.3215383953,HS-30,Spawning biomass (thousand t)
tun47,2025,165,SB,7753.47260672735,HS-30,Spawning biomass (thousand t)
tun47,2026,165,SB,7524.03464319421,HS-30,Spawning biomass (thousand t)
tun47,2027,165,SB,7384.42166755456,HS-30,Spawning biomass (thousand t)
tun47,2028,165,SB,8184.26256714114,HS-30,Spawning biomass (thousand t)
tun47,2029,165,SB,8497.91178032033,HS-30,Spawning biomass (thousand t)
tun47,2030,165,SB,8443.67404762496,HS-30,Spawning biomass (thousand t)
tun47,2031,165,SB,8878.87473185024,HS-30,Spawning biomass (thousand t)
tun47,2032,165,SB,8854.37357173388,HS-30,Spawning biomass (thousand t)
tun47,2033,165,SB,7957.23099239221,HS-30,Spawning biomass (thousand t)
tun47,2034,165,SB,9930.97915591802,HS-30,Spawning biomass (thousand t)
tun47,2035,165,SB,13757.0312565128,HS-30,Spawning biomass (thousand t)
tun47,2036,165,SB,16758.3893114205,HS-30,Spawning biomass (thousand t)
tun47,2037,165,SB,18089.8410538465,HS-30,Spawning biomass (thousand t)
tun47,2038,165,SB,19417.9286594521,HS-30,Spawning biomass (thousand t)
tun47,2039,165,SB,20806.6751764793,HS-30,Spawning biomass (thousand t)
tun47,2040,165,SB,21188.6274877742,HS-30,Spawning biomass (thousand t)
tun47,2041,165,SB,21122.9599203589,HS-30,Spawning biomass (thousand t)
tun47,2042,165,SB,20622.950671743,HS-30,Spawning biomass (thousand t)
tun47,2043,165,SB,19757.962471798,HS-30,Spawning biomass (thousand t)
tun47,2044,165,SB,18698.2801421137,HS-30,Spawning biomass (thousand t)
tun47,2045,165,SB,17902.206369305,HS-30,Spawning biomass (thousand t)
tun47,2046,165,SB,17505.7441232579,HS-30,Spawning biomass (thousand t)
tun47,2047,165,SB,17497.3189973908,HS-30,Spawning biomass (thousand t)
tun47,2048,165,SB,18062.5820042673,HS-30,Spawning biomass (thousand t)
tun47,2049,165,SB,18593.5440946302,HS-30,Spawning biomass (thousand t)
tun47,2050,165,SB,18353.0086055832,HS-30,Spawning biomass (thousand t)
tun47,2025,177,SB,8041.24231146839,HS-30,Spawning biomass (thousand t)
tun47,2026,177,SB,8946.62773266078,HS-30,Spawning biomass (thousand t)
tun47,2027,177,SB,10745.7559161785,HS-30,Spawning biomass (thousand t)
tun47,2028,177,SB,14059.1558563439,HS-30,Spawning biomass (thousand t)
tun47,2029,177,SB,16581.8671120389,HS-30,Spawning biomass (thousand t)
tun47,2030,177,SB,16997.66395626,HS-30,Spawning biomass (thousand t)
tun47,2031,177,SB,16806.1088362629,HS-30,Spawning biomass (thousand t)
tun47,2032,177,SB,16480.1675759665,HS-30,Spawning biomass (thousand t)
tun47,2033,177,SB,15580.2178185295,HS-30,Spawning biomass (thousand t)
tun47,2034,177,SB,16033.6411880826,HS-30,Spawning biomass (thousand t)
tun47,2035,177,SB,17968.9610769193,HS-30,Spawning biomass (thousand t)
tun47,2036,177,SB,19883.8629411264,HS-30,Spawning biomass (thousand t)
tun47,2037,177,SB,20413.126364942,HS-30,Spawning biomass (thousand t)
tun47,2038,177,SB,19883.0798037252,HS-30,Spawning biomass (thousand t)
tun47,2039,177,SB,18927.156967512,HS-30,Spawning biomass (thousand t)
tun47,2040,177,SB,18340.0396694601,HS-30,Spawning biomass (thousand t)
tun47,2041,177,SB,17971.1776961302,HS-30,Spawning biomass (thousand t)
tun47,2042,177,SB,16399.1003928342,HS-30,Spawning biomass (thousand t)
tun47,2043,177,SB,14799.8382348107,HS-30,Spawning biomass (thousand t)
tun47,2044,177,SB,13076.6657934119,HS-30,Spawning biomass (thousand t)
tun47,2045,177,SB,11143.8644187076,HS-30,Spawning biomass (thousand t)
tun47,2046,177,SB,9688.70891905442,HS-30,Spawning biomass (thousand t)
tun47,2047,177,SB,9040.02608010117,HS-30,Spawning biomass (thousand t)
tun47,2048,177,SB,8328.60260499624,HS-30,Spawning biomass (thousand t)
tun47,2049,177,SB,7425.52963276711,HS-30,Spawning biomass (thousand t)
tun47,2050,177,SB,6848.07451942084,HS-30,Spawning biomass (thousand t)
tun47,2025,186,SB,7859.93258500356,HS-30,Spawning biomass (thousand t)
tun47,2026,186,SB,8148.82699906214,HS-30,Spawning biomass (thousand t)
tun47,2027,186,SB,9594.77628088905,HS-30,Spawning biomass (thousand t)
tun47,2028,186,SB,12144.9525470921,HS-30,Spawning biomass (thousand t)
tun47,2029,186,SB,16378.5393748796,HS-30,Spawning biomass (thousand t)
tun47,2030,186,SB,20447.2543791226,HS-30,Spawning biomass (thousand t)
tun47,2031,186,SB,25373.5732193929,HS-30,Spawning biomass (thousand t)
tun47,2032,186,SB,31703.607321012,HS-30,Spawning biomass (thousand t)
tun47,2033,186,SB,35263.7313044324,HS-30,Spawning biomass (thousand t)
tun47,2034,186,SB,37241.3329706389,HS-30,Spawning biomass (thousand t)
tun47,2035,186,SB,37823.4469846521,HS-30,Spawning biomass (thousand t)
tun47,2036,186,SB,37566.1353338561,HS-30,Spawning biomass (thousand t)
tun47,2037,186,SB,38060.6365274418,HS-30,Spawning biomass (thousand t)
tun47,2038,186,SB,37791.2776559545,HS-30,Spawning biomass (thousand t)
tun47,2039,186,SB,37652.9229701127,HS-30,Spawning biomass (thousand t)
tun47,2040,186,SB,39764.1012537244,HS-30,Spawning biomass (thousand t)
tun47,2041,186,SB,42196.0059528375,HS-30,Spawning biomass (thousand t)
tun47,2042,186,SB,42090.9784850272,HS-30,Spawning biomass (thousand t)
tun47,2043,186,SB,41127.9549944238,HS-30,Spawning biomass (thousand t)
tun47,2044,186,SB,39990.8916425178,HS-30,Spawning biomass (thousand t)
tun47,2045,186,SB,38366.2553553019,HS-30,Spawning biomass (thousand t)
tun47,2046,186,SB,36407.3054668788,HS-30,Spawning biomass (thousand t)
tun47,2047,186,SB,35992.3959614987,HS-30,Spawning biomass (thousand t)
tun47,2048,186,SB,36305.2220566315,HS-30,Spawning biomass (thousand t)
tun47,2049,186,SB,36629.6523543041,HS-30,Spawning biomass (thousand t)
tun47,2050,186,SB,36617.1236217237,HS-30,Spawning biomass (thousand t)
tun47,2025,246,SB,8847.56725195435,HS-30,Spawning biomass (thousand t)
tun47,2026,246,SB,9435.03595658227,HS-30,Spawning biomass (thousand t)
tun47,2027,246,SB,9214.38656488964,HS-30,Spawning biomass (thousand t)
tun47,2028,246,SB,8762.53663658085,HS-30,Spawning biomass (thousand t)
tun47,2029,246,SB,8184.22352461964,HS-30,Spawning biomass (thousand t)
tun47,2030,246,SB,7245.38913796047,HS-30,Spawning biomass (thousand t)
tun47,2031,246,SB,5956.58061476607,HS-30,Spawning biomass (thousand t)
tun47,2032,246,SB,4615.12179766317,HS-30,Spawning biomass (thousand t)
tun47,2033,246,SB,3041.61079199846,HS-30,Spawning biomass (thousand t)
tun47,2034,246,SB,2158.88794301007,HS-30,Spawning biomass (thousand t)
tun47,2035,246,SB,1699.2179661086,HS-30,Spawning biomass (thousand t)
tun47,2036,246,SB,1884.77175019746,HS-30,Spawning biomass (thousand t)
tun47,2037,246,SB,2127.93905557865,HS-30,Spawning biomass (thousand t)
tun47,2038,246,SB,2355.93635492937,HS-30,Spawning biomass (thousand t)
tun47,2039,246,SB,2858.17918375512,HS-30,Spawning biomass (thousand t)
tun47,2040,246,SB,3300.35813427664,HS-30,Spawning biomass (thousand t)
tun47,2041,246,SB,3837.4368694554,HS-30,Spawning biomass (thousand t)
tun47,2042,246,SB,4397.94242411189,HS-30,Spawning biomass (thousand t)
tun47,2043,246,SB,4850.78377687794,HS-30,Spawning biomass (thousand t)
tun47,2044,246,SB,5248.95803522329,HS-30,Spawning biomass (thousand t)
tun47,2045,246,SB,5466.25758620808,HS-30,Spawning biomass (thousand t)
tun47,2046,246,SB,5558.7970269726,HS-30,Spawning biomass (thousand t)
tun47,2047,246,SB,5683.32937563996,HS-30,Spawning biomass (thousand t)
tun47,2048,246,SB,5981.65892059105,HS-30,Spawning biomass (thousand t)
tun47,2049,246,SB,6289.22811347541,HS-30,Spawning biomass (thousand t)
tun47,2050,246,SB,6133.41863802822,HS-30,Spawning biomass (thousand t)
tun47,2025,327,SB,6418.0774926786,HS-30,Spawning biomass (thousand t)
tun47,2026,327,SB,7716.30469085997,HS-30,Spawning biomass (thousand t)
tun47,2027,327,SB,9805.80147633085,HS-30,Spawning biomass (thousand t)
tun47,2028,327,SB,12006.1185358935,HS-30,Spawning biomass (thousand t)
tun47,2029,327,SB,14167.9028496526,HS-30,Spawning biomass (thousand t)
tun47,2030,327,SB,16107.2662542132,HS-30,Spawning biomass (thousand t)
tun47,2031,327,SB,16641.9090508438,HS-30,Spawning biomass (thousand t)
tun47,2032,327,SB,17149.9865743198,HS-30,Spawning biomass (thousand t)
tun47,2033,327,SB,18383.2214843307,HS-30,Spawning biomass (thousand t)
tun47,2034,327,SB,19660.4743025495,HS-30,Spawning biomass (thousand t)
tun47,2035,327,SB,19803.2377840962,HS-30,Spawning biomass (thousand t)
tun47,2036,327,SB,18972.058267547,HS-30,Spawning biomass (thousand t)
tun47,2037,327,SB,17682.1646984894,HS-30,Spawning biomass (thousand t)
tun47,2038,327,SB,15985.6058233558,HS-30,Spawning biomass (thousand t)
tun47,2039,327,SB,13854.1861334972,HS-30,Spawning biomass (thousand t)
tun47,2040,327,SB,11507.2747956087,HS-30,Spawning biomass (thousand t)
tun47,2041,327,SB,9310.01590584403,HS-30,Spawning biomass (thousand t)
tun47,2042,327,SB,7127.13372000598,HS-30,Spawning biomass (thousand t)
tun47,2043,327,SB,5490.74696889745,HS-30,Spawning biomass (thousand t)
tun47,2044,327,SB,4499.48361378519,HS-30,Spawning biomass (thousand t)
tun47,2045,327,SB,3649.60650218873,HS-30,Spawning biomass (thousand t)
tun47,2046,327,SB,3511.31390559018,HS-30,Spawning biomass (thousand t)
tun47,2047,327,SB,3911.27314108807,HS-30,Spawning biomass (thousand t)
tun47,2048,327,SB,4283.29648795059,HS-30,Spawning biomass (thousand t)
tun47,2049,327,SB,4621.56799514642,HS-30,Spawning biomass (thousand t)
tun47,2050,327,SB,5384.85917468572,HS-30,Spawning biomass (thousand t)
tun47,2025,344,SB,8341.1219780227,HS-30,Spawning biomass (thousand t)
tun47,2026,344,SB,9314.56683935362,HS-30,Spawning biomass (thousand t)
tun47,2027,344,SB,10004.1933858053,HS-30,Spawning biomass (thousand t)
tun47,2028,344,SB,11087.5638073982,HS-30,Spawning biomass (thousand t)
tun47,2029,344,SB,12641.4518409741,HS-30,Spawning biomass (thousand t)
tun47,2030,344,SB,13564.8992189338,HS-30,Spawning biomass (thousand t)
tun47,2031,344,SB,13531.1987447254,HS-30,Spawning biomass (thousand t)
tun47,2032,344,SB,13231.3763073329,HS-30,Spawning biomass (thousand t)
tun47,2033,344,SB,13579.6803801627,HS-30,Spawning biomass (thousand t)
tun47,2034,344,SB,16020.7795986273,HS-30,Spawning biomass (thousand t)
tun47,2035,344,SB,18206.4089884505,HS-30,Spawning biomass (thousand t)
tun47,2036,344,SB,18836.4759610519,HS-30,Spawning biomass (thousand t)
tun47,2037,344,SB,18746.6936101646,HS-30,Spawning biomass (thousand t)
tun47,2038,344,SB,18113.3155364043,HS-30,Spawning biomass (thousand t)
tun47,2039,344,SB,17352.2111876386,HS-30,Spawning biomass (thousand t)
tun47,2040,344,SB,16516.5369844493,HS-30,Spawning biomass (thousand t)
tun47,2041,344,SB,15609.7481788562,HS-30,Spawning biomass (thousand t)
tun47,2042,344,SB,14142.1822789044,HS-30,Spawning biomass (thousand t)
tun47,2043,344,SB,12445.673102426,HS-30,Spawning biomass (thousand t)
tun47,2044,344,SB,10936.1672481306,HS-30,Spawning biomass (thousand t)
tun47,2045,344,SB,9427.04419509762,HS-30,Spawning biomass (thousand t)
tun47,2046,344,SB,8281.73062888779,HS-30,Spawning biomass (thousand t)
tun47,2047,344,SB,7887.52834056269,HS-30,Spawning biomass (thousand t)
tun47,2048,344,SB,8012.96301009995,HS-30,Spawning biomass (thousand t)
tun47,2049,344,SB,9075.28300816166,HS-30,Spawning biomass (thousand t)
tun47,2050,344,SB,9340.28968981873,HS-30,Spawning biomass (thousand t)
tun47,2025,348,SB,6263.92727977176,HS-30,Spawning biomass (thousand t)
tun47,2026,348,SB,7154.31279378264,HS-30,Spawning biomass (thousand t)
tun47,2027,348,SB,8029.85317752865,HS-30,Spawning biomass (thousand t)
tun47,2028,348,SB,9093.96652945571,HS-30,Spawning biomass (thousand t)
tun47,2029,348,SB,10166.3503389823,HS-30,Spawning biomass (thousand t)
tun47,2030,348,SB,10755.0374189864,HS-30,Spawning biomass (thousand t)
tun47,2031,348,SB,10377.7978248427,HS-30,Spawning biomass (thousand t)
tun47,2032,348,SB,9888.28118477635,HS-30,Spawning biomass (thousand t)
tun47,2033,348,SB,9056.88459014631,HS-30,Spawning biomass (thousand t)
tun47,2034,348,SB,8262.35139647013,HS-30,Spawning biomass (thousand t)
tun47,2035,348,SB,7868.25736565419,HS-30,Spawning biomass (thousand t)
tun47,2036,348,SB,7637.03025625711,HS-30,Spawning biomass (thousand t)
tun47,2037,348,SB,6517.78077547533,HS-30,Spawning biomass (thousand t)
tun47,2038,348,SB,5306.84802615507,HS-30,Spawning biomass (thousand t)
tun47,2039,348,SB,3954.23540563977,HS-30,Spawning biomass (thousand t)
tun47,2040,348,SB,2813.46341698536,HS-30,Spawning biomass (thousand t)
tun47,2041,348,SB,1959.38049400729,HS-30,Spawning biomass (thousand t)
tun47,2042,348,SB,1664.83355919551,HS-30,Spawning biomass (thousand t)
tun47,2043,348,SB,1784.06709316573,HS-30,Spawning biomass (thousand t)
tun47,2044,348,SB,2104.70821798299,HS-30,Spawning biomass (thousand t)
tun47,2045,348,SB,2680.3087741398,HS-30,Spawning biomass (thousand t)
tun47,2046,348,SB,3110.77544289098,HS-30,Spawning biomass (thousand t)
tun47,2047,348,SB,3403.31148118312,HS-30,Spawning biomass (thousand t)
tun47,2048,348,SB,3655.54299615096,HS-30,Spawning biomass (thousand t)
tun47,2049,348,SB,3750.63598285449,HS-30,Spawning biomass (thousand t)
tun47,2050,348,SB,3412.41224589323,HS-30,Spawning biomass (thousand t)
tun47,2025,367,SB,7127.3628316359,HS-30,Spawning biomass (thousand t)
tun47,2026,367,SB,8563.65082208076,HS-30,Spawning biomass (thousand t)
tun47,2027,367,SB,9944.84080436692,HS-30,Spawning biomass (thousand t)
tun47,2028,367,SB,10193.7317832733,HS-30,Spawning biomass (thousand t)
tun47,2029,367,SB,9591.54606214605,HS-30,Spawning biomass (thousand t)
tun47,2030,367,SB,8464.50769672517,HS-30,Spawning biomass (thousand t)
tun47,2031,367,SB,7210.8513173319,HS-30,Spawning biomass (thousand t)
tun47,2032,367,SB,5987.58413006532,HS-30,Spawning biomass (thousand t)
tun47,2033,367,SB,4795.65060123886,HS-30,Spawning biomass (thousand t)
tun47,2034,367,SB,4224.80187694975,HS-30,Spawning biomass (thousand t)
tun47,2035,367,SB,4135.95086309651,HS-30,Spawning biomass (thousand t)
tun47,2036,367,SB,4518.87637138785,HS-30,Spawning biomass (thousand t)
tun47,2037,367,SB,5036.53429408741,HS-30,Spawning biomass (thousand t)
tun47,2038,367,SB,5673.18843834085,HS-30,Spawning biomass (thousand t)
tun47,2039,367,SB,6521.77197020752,HS-30,Spawning biomass (thousand t)
tun47,2040,367,SB,7425.81305420086,HS-30,Spawning biomass (thousand t)
tun47,2041,367,SB,7967.30421393666,HS-30,Spawning biomass (thousand t)
tun47,2042,367,SB,8703.87865571163,HS-30,Spawning biomass (thousand t)
tun47,2043,367,SB,10045.9365325381,HS-30,Spawning biomass (thousand t)
tun47,2044,367,SB,10844.66455309,HS-30,Spawning biomass (thousand t)
tun47,2045,367,SB,11229.8435835051,HS-30,Spawning biomass (thousand t)
tun47,2046,367,SB,11515.3768252108,HS-30,Spawning biomass (thousand t)
tun47,2047,367,SB,12863.7809706159,HS-30,Spawning biomass (thousand t)
tun47,2048,367,SB,15750.9407408001,HS-30,Spawning biomass (thousand t)
tun47,2049,367,SB,18672.1897135923,HS-30,Spawning biomass (thousand t)
tun47,2050,367,SB,22257.6133922909,HS-30,Spawning biomass (thousand t)
tun47,2025,397,SB,7216.38347223923,HS-30,Spawning biomass (thousand t)
tun47,2026,397,SB,7521.15162426848,HS-30,Spawning biomass (thousand t)
tun47,2027,397,SB,8322.80625544534,HS-30,Spawning biomass (thousand t)
tun47,2028,397,SB,10065.392366978,HS-30,Spawning biomass (thousand t)
tun47,2029,397,SB,11223.8195601212,HS-30,Spawning biomass (thousand t)
tun47,2030,397,SB,11151.9572635245,HS-30,Spawning biomass (thousand t)
tun47,2031,397,SB,10531.8570402797,HS-30,Spawning biomass (thousand t)
tun47,2032,397,SB,10686.3871607795,HS-30,Spawning biomass (thousand t)
tun47,2033,397,SB,10485.6799481519,HS-30,Spawning biomass (thousand t)
tun47,2034,397,SB,9891.84913906385,HS-30,Spawning biomass (thousand t)
tun47,2035,397,SB,8687.28283636324,HS-30,Spawning biomass (thousand t)
tun47,2036,397,SB,7929.1320733592,HS-30,Spawning biomass (thousand t)
tun47,2037,397,SB,7529.66022762423,HS-30,Spawning biomass (thousand t)
tun47,2038,397,SB,7032.46002777927,HS-30,Spawning biomass (thousand t)
tun47,2039,397,SB,6936.56364390038,HS-30,Spawning biomass (thousand t)
tun47,2040,397,SB,6879.80505090996,HS-30,Spawning biomass (thousand t)
tun47,2041,397,SB,7138.02904745308,HS-30,Spawning biomass (thousand t)
tun47,2042,397,SB,6628.56141225168,HS-30,Spawning biomass (thousand t)
tun47,2043,397,SB,6143.44728773491,HS-30,Spawning biomass (thousand t)
tun47,2044,397,SB,5412.57690176691,HS-30,Spawning biomass (thousand t)
tun47,2045,397,SB,4774.19472800578,HS-30,Spawning biomass (thousand t)
tun47,2046,397,SB,4456.65869133715,HS-30,Spawning biomass (thousand t)
tun47,2047,397,SB,4749.43760697089,HS-30,Spawning biomass (thousand t)
tun47,2048,397,SB,5296.91439871677,HS-30,Spawning biomass (thousand t)
tun47,2049,397,SB,6404.65416960527,HS-30,Spawning biomass (thousand t)
tun47,2050,397,SB,7592.08980505551,HS-30,Spawning biomass (thousand t)
tun47,2025,498,SB,6629.64153376063,HS-30,Spawning biomass (thousand t)
tun47,2026,498,SB,6678.45739080012,HS-30,Spawning biomass (thousand t)
tun47,2027,498,SB,7164.68711479855,HS-30,Spawning biomass (thousand t)
tun47,2028,498,SB,7687.50039775401,HS-30,Spawning biomass (thousand t)
tun47,2029,498,SB,8099.35057955382,HS-30,Spawning biomass (thousand t)
tun47,2030,498,SB,8507.98524561995,HS-30,Spawning biomass (thousand t)
tun47,2031,498,SB,8466.46170005671,HS-30,Spawning biomass (thousand t)
tun47,2032,498,SB,8141.11591765919,HS-30,Spawning biomass (thousand t)
tun47,2033,498,SB,7600.37108704823,HS-30,Spawning biomass (thousand t)
tun47,2034,498,SB,7222.55766501396,HS-30,Spawning biomass (thousand t)
tun47,2035,498,SB,6294.04815832989,HS-30,Spawning biomass (thousand t)
tun47,2036,498,SB,5655.73822051946,HS-30,Spawning biomass (thousand t)
tun47,2037,498,SB,5129.38908530475,HS-30,Spawning biomass (thousand t)
tun47,2038,498,SB,4921.75480565716,HS-30,Spawning biomass (thousand t)
tun47,2039,498,SB,4837.94461051248,HS-30,Spawning biomass (thousand t)
tun47,2040,498,SB,5494.87898553263,HS-30,Spawning biomass (thousand t)
tun47,2041,498,SB,7096.30646761429,HS-30,Spawning biomass (thousand t)
tun47,2042,498,SB,8900.15772193042,HS-30,Spawning biomass (thousand t)
tun47,2043,498,SB,10834.4654775584,HS-30,Spawning biomass (thousand t)
tun47,2044,498,SB,12305.2930364403,HS-30,Spawning biomass (thousand t)
tun47,2045,498,SB,12869.004819674,HS-30,Spawning biomass (thousand t)
tun47,2046,498,SB,13476.8082102176,HS-30,Spawning biomass (thousand t)
tun47,2047,498,SB,14483.3996271842,HS-30,Spawning biomass (thousand t)
tun47,2048,498,SB,15795.1716276646,HS-30,Spawning biomass (thousand t)
tun47,2049,498,SB,17474.1940114581,HS-30,Spawning biomass (thousand t)
tun47,2050,498,SB,17682.4612771876,HS-30,Spawning biomass (thousand t)
tun47,2025,37,C,1385.8907626811,HS-30,Catch (thousand t)
tun47,2026,37,C,1222.73460456213,HS-30,Catch (thousand t)
tun47,2027,37,C,1175.4089295722,HS-30,Catch (thousand t)
tun47,2028,37,C,1151.03204708924,HS-30,Catch (thousand t)
tun47,2029,37,C,1238.00278851987,HS-30,Catch (thousand t)
tun47,2030,37,C,1459.06212983228,HS-30,Catch (thousand t)
tun47,2031,37,C,1535.7814517954,HS-30,Catch (thousand t)
tun47,2032,37,C,1842.93774277569,HS-30,Catch (thousand t)
tun47,2033,37,C,1999.99999733049,HS-30,Catch (thousand t)
tun47,2034,37,C,1999.99999801175,HS-30,Catch (thousand t)
tun47,2035,37,C,1999.99999861361,HS-30,Catch (thousand t)
tun47,2036,37,C,1999.99999860932,HS-30,Catch (thousand t)
tun47,2037,37,C,1999.99999895345,HS-30,Catch (thousand t)
tun47,2038,37,C,1999.99999920782,HS-30,Catch (thousand t)
tun47,2039,37,C,1999.99999937788,HS-30,Catch (thousand t)
tun47,2040,37,C,1999.99999949205,HS-30,Catch (thousand t)
tun47,2041,37,C,1999.99999941394,HS-30,Catch (thousand t)
tun47,2042,37,C,1999.99999948961,HS-30,Catch (thousand t)
tun47,2043,37,C,1999.99999948297,HS-30,Catch (thousand t)
tun47,2044,37,C,1999.99999956496,HS-30,Catch (thousand t)
tun47,2045,37,C,1999.99999959651,HS-30,Catch (thousand t)
tun47,2046,37,C,1999.99999976134,HS-30,Catch (thousand t)
tun47,2047,37,C,1999.99999981792,HS-30,Catch (thousand t)
tun47,2048,37,C,1999.99999986458,HS-30,Catch (thousand t)
tun47,2049,37,C,1999.99999985443,HS-30,Catch (thousand t)
tun47,2050,37,C,1999.99999982536,HS-30,Catch (thousand t)
tun47,2025,65,C,1385.8907626811,HS-30,Catch (thousand t)
tun47,2026,65,C,1222.73439999569,HS-30,Catch (thousand t)
tun47,2027,65,C,1175.4102153585,HS-30,Catch (thousand t)
tun47,2028,65,C,1030.01052597701,HS-30,Catch (thousand t)
tun47,2029,65,C,1151.09934400657,HS-30,Catch (thousand t)
tun47,2030,65,C,1261.69029876932,HS-30,Catch (thousand t)
tun47,2031,65,C,1405.94707414431,HS-30,Catch (thousand t)
tun47,2032,65,C,1393.07393173785,HS-30,Catch (thousand t)
tun47,2033,65,C,1453.16277734143,HS-30,Catch (thousand t)
tun47,2034,65,C,1385.5514155219,HS-30,Catch (thousand t)
tun47,2035,65,C,1101.97212965666,HS-30,Catch (thousand t)
tun47,2036,65,C,887.548119855954,HS-30,Catch (thousand t)
tun47,2037,65,C,684.843495293167,HS-30,Catch (thousand t)
tun47,2038,65,C,660.681248137832,HS-30,Catch (thousand t)
tun47,2039,65,C,675.222792463345,HS-30,Catch (thousand t)
tun47,2040,65,C,810.267350953918,HS-30,Catch (thousand t)
tun47,2041,65,C,972.3208211409,HS-30,Catch (thousand t)
tun47,2042,65,C,1166.78498527683,HS-30,Catch (thousand t)
tun47,2043,65,C,1400.14197573427,HS-30,Catch (thousand t)
tun47,2044,65,C,1680.17035895634,HS-30,Catch (thousand t)
tun47,2045,65,C,1999.99992838703,HS-30,Catch (thousand t)
tun47,2046,65,C,2000,HS-30,Catch (thousand t)
tun47,2047,65,C,2000,HS-30,Catch (thousand t)
tun47,2048,65,C,1999.99999999996,HS-30,Catch (thousand t)
tun47,2049,65,C,1999.99999999993,HS-30,Catch (thousand t)
tun47,2050,65,C,1999.99999999995,HS-30,Catch (thousand t)
tun47,2025,110,C,1385.8907626811,HS-30,Catch (thousand t)
tun47,2026,110,C,1222.73486300587,HS-30,Catch (thousand t)
tun47,2027,110,C,1175.40982969187,HS-30,Catch (thousand t)
tun47,2028,110,C,1183.3921362593,HS-30,Catch (thousand t)
tun47,2029,110,C,1420.0705637713,HS-30,Catch (thousand t)
tun47,2030,110,C,1704.08468101295,HS-30,Catch (thousand t)
tun47,2031,110,C,1951.84560312776,HS-30,Catch (thousand t)
tun47,2032,110,C,1924.37031904543,HS-30,Catch (thousand t)
tun47,2033,110,C,1676.24278928346,HS-30,Catch (thousand t)
tun47,2034,110,C,1724.39208281376,HS-30,Catch (thousand t)
tun47,2035,110,C,1570.42685872232,HS-30,Catch (thousand t)
tun47,2036,110,C,1218.993199513,HS-30,Catch (thousand t)
tun47,2037,110,C,990.310813862496,HS-30,Catch (thousand t)
tun47,2038,110,C,906.229963400499,HS-30,Catch (thousand t)
tun47,2039,110,C,938.767586725094,HS-30,Catch (thousand t)
tun47,2040,110,C,1059.42332180913,HS-30,Catch (thousand t)
tun47,2041,110,C,1052.10940593084,HS-30,Catch (thousand t)
tun47,2042,110,C,1076.80520296244,HS-30,Catch (thousand t)
tun47,2043,110,C,1169.39729456241,HS-30,Catch (thousand t)
tun47,2044,110,C,1403.27676167669,HS-30,Catch (thousand t)
tun47,2045,110,C,1646.52645481941,HS-30,Catch (thousand t)
tun47,2046,110,C,1671.45220964138,HS-30,Catch (thousand t)
tun47,2047,110,C,1242.97688244247,HS-30,Catch (thousand t)
tun47,2048,110,C,1227.87374228989,HS-30,Catch (thousand t)
tun47,2049,110,C,1188.01809547389,HS-30,Catch (thousand t)
tun47,2050,110,C,1242.40293189596,HS-30,Catch (thousand t)
tun47,2025,151,C,1385.8907626811,HS-30,Catch (thousand t)
tun47,2026,151,C,1222.73377037791,HS-30,Catch (thousand t)
tun47,2027,151,C,1175.40819997494,HS-30,Catch (thousand t)
tun47,2028,151,C,1111.66894587064,HS-30,Catch (thousand t)
tun47,2029,151,C,1000.65627328145,HS-30,Catch (thousand t)
tun47,2030,151,C,1094.74795083931,HS-30,Catch (thousand t)
tun47,2031,151,C,1313.69754070298,HS-30,Catch (thousand t)
tun47,2032,151,C,1576.43704600301,HS-30,Catch (thousand t)
tun47,2033,151,C,1891.72445635024,HS-30,Catch (thousand t)
tun47,2034,151,C,1999.99996716124,HS-30,Catch (thousand t)
tun47,2035,151,C,1999.99997034716,HS-30,Catch (thousand t)
tun47,2036,151,C,1999.99996514057,HS-30,Catch (thousand t)
tun47,2037,151,C,1999.99994973064,HS-30,Catch (thousand t)
tun47,2038,151,C,2000,HS-30,Catch (thousand t)
tun47,2039,151,C,2000,HS-30,Catch (thousand t)
tun47,2040,151,C,1999.99999999998,HS-30,Catch (thousand t)
tun47,2041,151,C,1999.99999999997,HS-30,Catch (thousand t)
tun47,2042,151,C,2000,HS-30,Catch (thousand t)
tun47,2043,151,C,2000,HS-30,Catch (thousand t)
tun47,2044,151,C,1999.9999896081,HS-30,Catch (thousand t)
tun47,2045,151,C,1999.99995759681,HS-30,Catch (thousand t)
tun47,2046,151,C,1999.99994943384,HS-30,Catch (thousand t)
tun47,2047,151,C,2000,HS-30,Catch (thousand t)
tun47,2048,151,C,1999.99999999999,HS-30,Catch (thousand t)
tun47,2049,151,C,1999.99999999996,HS-30,Catch (thousand t)
tun47,2050,151,C,1999.99999999986,HS-30,Catch (thousand t)
tun47,2025,158,C,1385.8907626811,HS-30,Catch (thousand t)
tun47,2026,158,C,1222.73406060506,HS-30,Catch (thousand t)
tun47,2027,158,C,1175.40811466039,HS-30,Catch (thousand t)
tun47,2028,158,C,1014.73783115489,HS-30,Catch (thousand t)
tun47,2029,158,C,1111.35519713222,HS-30,Catch (thousand t)
tun47,2030,158,C,1134.42739241225,HS-30,Catch (thousand t)
tun47,2031,158,C,1036.79124185454,HS-30,Catch (thousand t)
tun47,2032,158,C,1016.29318564436,HS-30,Catch (thousand t)
tun47,2033,158,C,995.018198208524,HS-30,Catch (thousand t)
tun47,2034,158,C,1173.44062014725,HS-30,Catch (thousand t)
tun47,2035,158,C,1232.03003173612,HS-30,Catch (thousand t)
tun47,2036,158,C,1478.43603808755,HS-30,Catch (thousand t)
tun47,2037,158,C,1605.84447619615,HS-30,Catch (thousand t)
tun47,2038,158,C,1927.01337120894,HS-30,Catch (thousand t)
tun47,2039,158,C,1999.99999885351,HS-30,Catch (thousand t)
tun47,2040,158,C,1999.99999713928,HS-30,Catch (thousand t)
tun47,2041,158,C,1999.99999674557,HS-30,Catch (thousand t)
tun47,2042,158,C,1999.99999591549,HS-30,Catch (thousand t)
tun47,2043,158,C,1999.99999592434,HS-30,Catch (thousand t)
tun47,2044,158,C,1999.99999601339,HS-30,Catch (thousand t)
tun47,2045,158,C,1999.99999452014,HS-30,Catch (thousand t)
tun47,2046,158,C,1999.9999921402,HS-30,Catch (thousand t)
tun47,2047,158,C,1999.99998909495,HS-30,Catch (thousand t)
tun47,2048,158,C,1999.99997933075,HS-30,Catch (thousand t)
tun47,2049,158,C,1999.99994206675,HS-30,Catch (thousand t)
tun47,2050,158,C,2000,HS-30,Catch (thousand t)
tun47,2025,165,C,1385.8907626811,HS-30,Catch (thousand t)
tun47,2026,165,C,1222.73464765907,HS-30,Catch (thousand t)
tun47,2027,165,C,1175.40990468293,HS-30,Catch (thousand t)
tun47,2028,165,C,1239.43690103145,HS-30,Catch (thousand t)
tun47,2029,165,C,1355.75482100326,HS-30,Catch (thousand t)
tun47,2030,165,C,1606.30894559388,HS-30,Catch (thousand t)
tun47,2031,165,C,1439.26720462257,HS-30,Catch (thousand t)
tun47,2032,165,C,1497.40710010299,HS-30,Catch (thousand t)
tun47,2033,165,C,1631.92448847337,HS-30,Catch (thousand t)
tun47,2034,165,C,1593.19821579457,HS-30,Catch (thousand t)
tun47,2035,165,C,1486.74361918506,HS-30,Catch (thousand t)
tun47,2036,165,C,1349.68227039024,HS-30,Catch (thousand t)
tun47,2037,165,C,1619.61872309631,HS-30,Catch (thousand t)
tun47,2038,165,C,1943.5424924142,HS-30,Catch (thousand t)
tun47,2039,165,C,1999.99998288614,HS-30,Catch (thousand t)
tun47,2040,165,C,1999.99998959864,HS-30,Catch (thousand t)
tun47,2041,165,C,1999.99999259525,HS-30,Catch (thousand t)
tun47,2042,165,C,1999.99999078363,HS-30,Catch (thousand t)
tun47,2043,165,C,1999.99998005208,HS-30,Catch (thousand t)
tun47,2044,165,C,1999.99996669155,HS-30,Catch (thousand t)
tun47,2045,165,C,1999.99996012332,HS-30,Catch (thousand t)
tun47,2046,165,C,1999.99994327653,HS-30,Catch (thousand t)
tun47,2047,165,C,1999.9999095636,HS-30,Catch (thousand t)
tun47,2048,165,C,1999.99987702089,HS-30,Catch (thousand t)
tun47,2049,165,C,2000,HS-30,Catch (thousand t)
tun47,2050,165,C,2000,HS-30,Catch (thousand t)
tun47,2025,177,C,1385.8907626811,HS-30,Catch (thousand t)
tun47,2026,177,C,1222.73350011989,HS-30,Catch (thousand t)
tun47,2027,177,C,1175.40818642047,HS-30,Catch (thousand t)
tun47,2028,177,C,1150.23015313247,HS-30,Catch (thousand t)
tun47,2029,177,C,1192.47814624921,HS-30,Catch (thousand t)
tun47,2030,177,C,1430.97377549905,HS-30,Catch (thousand t)
tun47,2031,177,C,1717.16847172837,HS-30,Catch (thousand t)
tun47,2032,177,C,1999.999951505,HS-30,Catch (thousand t)
tun47,2033,177,C,1999.99995491847,HS-30,Catch (thousand t)
tun47,2034,177,C,1999.99993126312,HS-30,Catch (thousand t)
tun47,2035,177,C,2000,HS-30,Catch (thousand t)
tun47,2036,177,C,2000,HS-30,Catch (thousand t)
tun47,2037,177,C,1999.99989790912,HS-30,Catch (thousand t)
tun47,2038,177,C,1999.99994727324,HS-30,Catch (thousand t)
tun47,2039,177,C,1999.99997345224,HS-30,Catch (thousand t)
tun47,2040,177,C,1999.99998310539,HS-30,Catch (thousand t)
tun47,2041,177,C,1999.99998068751,HS-30,Catch (thousand t)
tun47,2042,177,C,1999.99997510469,HS-30,Catch (thousand t)
tun47,2043,177,C,1999.99994953606,HS-30,Catch (thousand t)
tun47,2044,177,C,2000,HS-30,Catch (thousand t)
tun47,2045,177,C,1999.99999999999,HS-30,Catch (thousand t)
tun47,2046,177,C,1999.99999999994,HS-30,Catch (thousand t)
tun47,2047,177,C,1999.99999999955,HS-30,Catch (thousand t)
tun47,2048,177,C,1999.99999999691,HS-30,Catch (thousand t)
tun47,2049,177,C,1999.99999999217,HS-30,Catch (thousand t)
tun47,2050,177,C,1999.99999871944,HS-30,Catch (thousand t)
tun47,2025,186,C,1385.8907626811,HS-30,Catch (thousand t)
tun47,2026,186,C,1222.73427636658,HS-30,Catch (thousand t)
tun47,2027,186,C,1175.40852742171,HS-30,Catch (thousand t)
tun47,2028,186,C,1064.64982268227,HS-30,Catch (thousand t)
tun47,2029,186,C,1090.00373207306,HS-30,Catch (thousand t)
tun47,2030,186,C,1185.94004066814,HS-30,Catch (thousand t)
tun47,2031,186,C,1423.1280487633,HS-30,Catch (thousand t)
tun47,2032,186,C,1707.75365820836,HS-30,Catch (thousand t)
tun47,2033,186,C,1999.99999920753,HS-30,Catch (thousand t)
tun47,2034,186,C,1999.99999975221,HS-30,Catch (thousand t)
tun47,2035,186,C,1999.99999987425,HS-30,Catch (thousand t)
tun47,2036,186,C,1999.99999988971,HS-30,Catch (thousand t)
tun47,2037,186,C,1999.9999999133,HS-30,Catch (thousand t)
tun47,2038,186,C,1999.99999989302,HS-30,Catch (thousand t)
tun47,2039,186,C,1999.99999988409,HS-30,Catch (thousand t)
tun47,2040,186,C,1999.99999985872,HS-30,Catch (thousand t)
tun47,2041,186,C,1999.99999984121,HS-30,Catch (thousand t)
tun47,2042,186,C,1999.99999986492,HS-30,Catch (thousand t)
tun47,2043,186,C,1999.99999987893,HS-30,Catch (thousand t)
tun47,2044,186,C,1999.99999989259,HS-30,Catch (thousand t)
tun47,2045,186,C,1999.99999990168,HS-30,Catch (thousand t)
tun47,2046,186,C,1999.99999988433,HS-30,Catch (thousand t)
tun47,2047,186,C,1999.99999987587,HS-30,Catch (thousand t)
tun47,2048,186,C,1999.99999983365,HS-30,Catch (thousand t)
tun47,2049,186,C,1999.99999978772,HS-30,Catch (thousand t)
tun47,2050,186,C,1999.99999973266,HS-30,Catch (thousand t)
tun47,2025,246,C,1385.8907626811,HS-30,Catch (thousand t)
tun47,2026,246,C,1222.73442665216,HS-30,Catch (thousand t)
tun47,2027,246,C,1175.40978516711,HS-30,Catch (thousand t)
tun47,2028,246,C,1004.28764884096,HS-30,Catch (thousand t)
tun47,2029,246,C,1205.14517229734,HS-30,Catch (thousand t)
tun47,2030,246,C,1446.17421717674,HS-30,Catch (thousand t)
tun47,2031,246,C,1735.40906065508,HS-30,Catch (thousand t)
tun47,2032,246,C,1999.99998807901,HS-30,Catch (thousand t)
tun47,2033,246,C,1850.9479662818,HS-30,Catch (thousand t)
tun47,2034,246,C,1449.44102143813,HS-30,Catch (thousand t)
tun47,2035,246,C,1115.45799100767,HS-30,Catch (thousand t)
tun47,2036,246,C,901.187791791834,HS-30,Catch (thousand t)
tun47,2037,246,C,742.135505066149,HS-30,Catch (thousand t)
tun47,2038,246,C,520.526161439894,HS-30,Catch (thousand t)
tun47,2039,246,C,384.935951426891,HS-30,Catch (thousand t)
tun47,2040,246,C,389.208473835011,HS-30,Catch (thousand t)
tun47,2041,246,C,420.65681015221,HS-30,Catch (thousand t)
tun47,2042,246,C,503.513770743795,HS-30,Catch (thousand t)
tun47,2043,246,C,592.766737264761,HS-30,Catch (thousand t)
tun47,2044,246,C,680.183782226136,HS-30,Catch (thousand t)
tun47,2045,246,C,816.220538691614,HS-30,Catch (thousand t)
tun47,2046,246,C,896.900666466216,HS-30,Catch (thousand t)
tun47,2047,246,C,920.938049340205,HS-30,Catch (thousand t)
tun47,2048,246,C,931.370359270745,HS-30,Catch (thousand t)
tun47,2049,246,C,1012.69587473132,HS-30,Catch (thousand t)
tun47,2050,246,C,1086.245485785,HS-30,Catch (thousand t)
tun47,2025,327,C,1385.8907626811,HS-30,Catch (thousand t)
tun47,2026,327,C,1222.73492111995,HS-30,Catch (thousand t)
tun47,2027,327,C,1175.40978870657,HS-30,Catch (thousand t)
tun47,2028,327,C,1186.95204404603,HS-30,Catch (thousand t)
tun47,2029,327,C,1424.34245285494,HS-30,Catch (thousand t)
tun47,2030,327,C,1709.21094341598,HS-30,Catch (thousand t)
tun47,2031,327,C,1999.99999977958,HS-30,Catch (thousand t)
tun47,2032,327,C,1999.99999338216,HS-30,Catch (thousand t)
tun47,2033,327,C,1999.9999860749,HS-30,Catch (thousand t)
tun47,2034,327,C,1999.99997843122,HS-30,Catch (thousand t)
tun47,2035,327,C,1999.99998175288,HS-30,Catch (thousand t)
tun47,2036,327,C,1999.99997610089,HS-30,Catch (thousand t)
tun47,2037,327,C,1999.99998139539,HS-30,Catch (thousand t)
tun47,2038,327,C,1999.99997294759,HS-30,Catch (thousand t)
tun47,2039,327,C,1999.99995835451,HS-30,Catch (thousand t)
tun47,2040,327,C,1999.99993319018,HS-30,Catch (thousand t)
tun47,2041,327,C,2000,HS-30,Catch (thousand t)
tun47,2042,327,C,1999.99999999989,HS-30,Catch (thousand t)
tun47,2043,327,C,1999.99999999386,HS-30,Catch (thousand t)
tun47,2044,327,C,1999.99999982669,HS-30,Catch (thousand t)
tun47,2045,327,C,1999.99999991115,HS-30,Catch (thousand t)
tun47,2046,327,C,1813.75337423907,HS-30,Catch (thousand t)
tun47,2047,327,C,1269.62736180097,HS-30,Catch (thousand t)
tun47,2048,327,C,888.739153355816,HS-30,Catch (thousand t)
tun47,2049,327,C,622.117407363982,HS-30,Catch (thousand t)
tun47,2050,327,C,523.182353371255,HS-30,Catch (thousand t)
tun47,2025,344,C,1385.8907626811,HS-30,Catch (thousand t)
tun47,2026,344,C,1222.7342260031,HS-30,Catch (thousand t)
tun47,2027,344,C,1175.4088552672,HS-30,Catch (thousand t)
tun47,2028,344,C,1410.49062632327,HS-30,Catch (thousand t)
tun47,2029,344,C,1692.588751588,HS-30,Catch (thousand t)
tun47,2030,344,C,2000,HS-30,Catch (thousand t)
tun47,2031,344,C,1999.99999999998,HS-30,Catch (thousand t)
tun47,2032,344,C,1999.99999999941,HS-30,Catch (thousand t)
tun47,2033,344,C,1999.99999997104,HS-30,Catch (thousand t)
tun47,2034,344,C,1999.99999971031,HS-30,Catch (thousand t)
tun47,2035,344,C,1999.99998749414,HS-30,Catch (thousand t)
tun47,2036,344,C,1999.99997335318,HS-30,Catch (thousand t)
tun47,2037,344,C,1999.9999778372,HS-30,Catch (thousand t)
tun47,2038,344,C,1999.99998430806,HS-30,Catch (thousand t)
tun47,2039,344,C,1999.99998658436,HS-30,Catch (thousand t)
tun47,2040,344,C,1999.9999870305,HS-30,Catch (thousand t)
tun47,2041,344,C,1999.99998208662,HS-30,Catch (thousand t)
tun47,2042,344,C,1999.99996195463,HS-30,Catch (thousand t)
tun47,2043,344,C,1999.99990972459,HS-30,Catch (thousand t)
tun47,2044,344,C,2000,HS-30,Catch (thousand t)
tun47,2045,344,C,1999.99999999996,HS-30,Catch (thousand t)
tun47,2046,344,C,1999.99999999949,HS-30,Catch (thousand t)
tun47,2047,344,C,2000,HS-30,Catch (thousand t)
tun47,2048,344,C,1999.99999998785,HS-30,Catch (thousand t)
tun47,2049,344,C,2000,HS-30,Catch (thousand t)
tun47,2050,344,C,1999.99999983102,HS-30,Catch (thousand t)
tun47,2025,348,C,1385.8907626811,HS-30,Catch (thousand t)
tun47,2026,348,C,1222.73368084997,HS-30,Catch (thousand t)
tun47,2027,348,C,1175.40893050593,HS-30,Catch (thousand t)
tun47,2028,348,C,1027.00726404785,HS-30,Catch (thousand t)
tun47,2029,348,C,1185.6181971599,HS-30,Catch (thousand t)
tun47,2030,348,C,1422.74183659126,HS-30,Catch (thousand t)
tun47,2031,348,C,1707.29020391041,HS-30,Catch (thousand t)
tun47,2032,348,C,1542.99597190247,HS-30,Catch (thousand t)
tun47,2033,348,C,1616.42326167455,HS-30,Catch (thousand t)
tun47,2034,348,C,1939.70796826151,HS-30,Catch (thousand t)
tun47,2035,348,C,1999.99999266984,HS-30,Catch (thousand t)
tun47,2036,348,C,1999.99999950266,HS-30,Catch (thousand t)
tun47,2037,348,C,1999.9999999996,HS-30,Catch (thousand t)
tun47,2038,348,C,2000,HS-30,Catch (thousand t)
tun47,2039,348,C,1999.99999992351,HS-30,Catch (thousand t)
tun47,2040,348,C,1880.23110308115,HS-30,Catch (thousand t)
tun47,2041,348,C,1617.52926856292,HS-30,Catch (thousand t)
tun47,2042,348,C,1229.19938605844,HS-30,Catch (thousand t)
tun47,2043,348,C,913.493853925483,HS-30,Catch (thousand t)
tun47,2044,348,C,639.445697719046,HS-30,Catch (thousand t)
tun47,2045,348,C,447.611988404966,HS-30,Catch (thousand t)
tun47,2046,348,C,386.953894751411,HS-30,Catch (thousand t)
tun47,2047,348,C,464.344673701657,HS-30,Catch (thousand t)
tun47,2048,348,C,557.21360844138,HS-30,Catch (thousand t)
tun47,2049,348,C,668.656330125807,HS-30,Catch (thousand t)
tun47,2050,348,C,802.387596151239,HS-30,Catch (thousand t)
tun47,2025,367,C,1385.8907626811,HS-30,Catch (thousand t)
tun47,2026,367,C,1222.73455449911,HS-30,Catch (thousand t)
tun47,2027,367,C,1175.40935685196,HS-30,Catch (thousand t)
tun47,2028,367,C,1389.08508675899,HS-30,Catch (thousand t)
tun47,2029,367,C,1666.90210411173,HS-30,Catch (thousand t)
tun47,2030,367,C,1999.99999999996,HS-30,Catch (thousand t)
tun47,2031,367,C,1999.99999999977,HS-30,Catch (thousand t)
tun47,2032,367,C,1999.99999999969,HS-30,Catch (thousand t)
tun47,2033,367,C,1999.99999999989,HS-30,Catch (thousand t)
tun47,2034,367,C,1710.14088281422,HS-30,Catch (thousand t)
tun47,2035,367,C,1371.72712359687,HS-30,Catch (thousand t)
tun47,2036,367,C,1306.37958173091,HS-30,Catch (thousand t)
tun47,2037,367,C,1097.87450800475,HS-30,Catch (thousand t)
tun47,2038,367,C,976.514294222528,HS-30,Catch (thousand t)
tun47,2039,367,C,758.336614916146,HS-30,Catch (thousand t)
tun47,2040,367,C,740.169280742332,HS-30,Catch (thousand t)
tun47,2041,367,C,888.203136151478,HS-30,Catch (thousand t)
tun47,2042,367,C,1065.84376028235,HS-30,Catch (thousand t)
tun47,2043,367,C,1279.01251434051,HS-30,Catch (thousand t)
tun47,2044,367,C,1534.81501280602,HS-30,Catch (thousand t)
tun47,2045,367,C,1841.77801409498,HS-30,Catch (thousand t)
tun47,2046,367,C,1999.99999827754,HS-30,Catch (thousand t)
tun47,2047,367,C,1999.99999819383,HS-30,Catch (thousand t)
tun47,2048,367,C,1999.99999837585,HS-30,Catch (thousand t)
tun47,2049,367,C,1999.99999490563,HS-30,Catch (thousand t)
tun47,2050,367,C,1999.99999747689,HS-30,Catch (thousand t)
tun47,2025,397,C,1385.8907626811,HS-30,Catch (thousand t)
tun47,2026,397,C,1222.7338581915,HS-30,Catch (thousand t)
tun47,2027,397,C,1175.40800607594,HS-30,Catch (thousand t)
tun47,2028,397,C,1165.74970409751,HS-30,Catch (thousand t)
tun47,2029,397,C,1398.89964493168,HS-30,Catch (thousand t)
tun47,2030,397,C,1678.67957391825,HS-30,Catch (thousand t)
tun47,2031,397,C,2000,HS-30,Catch (thousand t)
tun47,2032,397,C,1661.906938112,HS-30,Catch (thousand t)
tun47,2033,397,C,1609.09103542282,HS-30,Catch (thousand t)
tun47,2034,397,C,1930.90924238101,HS-30,Catch (thousand t)
tun47,2035,397,C,1999.99999979078,HS-30,Catch (thousand t)
tun47,2036,397,C,1999.99999987045,HS-30,Catch (thousand t)
tun47,2037,397,C,1999.99999998052,HS-30,Catch (thousand t)
tun47,2038,397,C,1999.99999999997,HS-30,Catch (thousand t)
tun47,2039,397,C,1725.38767560485,HS-30,Catch (thousand t)
tun47,2040,397,C,1983.10138846429,HS-30,Catch (thousand t)
tun47,2041,397,C,1728.66551021786,HS-30,Catch (thousand t)
tun47,2042,397,C,1999.99999999999,HS-30,Catch (thousand t)
tun47,2043,397,C,1999.99999999998,HS-30,Catch (thousand t)
tun47,2044,397,C,1999.99999999982,HS-30,Catch (thousand t)
tun47,2045,397,C,1399.99999998558,HS-30,Catch (thousand t)
tun47,2046,397,C,1247.75500547781,HS-30,Catch (thousand t)
tun47,2047,397,C,993.321393648258,HS-30,Catch (thousand t)
tun47,2048,397,C,930.979131579187,HS-30,Catch (thousand t)
tun47,2049,397,C,830.463841797012,HS-30,Catch (thousand t)
tun47,2050,397,C,835.262182909692,HS-30,Catch (thousand t)
tun47,2025,498,C,1385.8907626811,HS-30,Catch (thousand t)
tun47,2026,498,C,1222.73384825618,HS-30,Catch (thousand t)
tun47,2027,498,C,1175.40910612939,HS-30,Catch (thousand t)
tun47,2028,498,C,1051.23575601519,HS-30,Catch (thousand t)
tun47,2029,498,C,1112.66144060017,HS-30,Catch (thousand t)
tun47,2030,498,C,1194.21278126532,HS-30,Catch (thousand t)
tun47,2031,498,C,1183.06678734067,HS-30,Catch (thousand t)
tun47,2032,498,C,1095.53413449979,HS-30,Catch (thousand t)
tun47,2033,498,C,1314.64097238259,HS-30,Catch (thousand t)
tun47,2034,498,C,1486.71161295519,HS-30,Catch (thousand t)
tun47,2035,498,C,1724.44940193931,HS-30,Catch (thousand t)
tun47,2036,498,C,1513.576419951,HS-30,Catch (thousand t)
tun47,2037,498,C,1654.12447315415,HS-30,Catch (thousand t)
tun47,2038,498,C,1678.68528391292,HS-30,Catch (thousand t)
tun47,2039,498,C,1552.54013387544,HS-30,Catch (thousand t)
tun47,2040,498,C,1329.52216793862,HS-30,Catch (thousand t)
tun47,2041,498,C,1036.78008948755,HS-30,Catch (thousand t)
tun47,2042,498,C,953.724760831439,HS-30,Catch (thousand t)
tun47,2043,498,C,1039.96428203134,HS-30,Catch (thousand t)
tun47,2044,498,C,1222.53867769138,HS-30,Catch (thousand t)
tun47,2045,498,C,1467.0464130869,HS-30,Catch (thousand t)
tun47,2046,498,C,1593.57641156974,HS-30,Catch (thousand t)
tun47,2047,498,C,1751.42950292242,HS-30,Catch (thousand t)
tun47,2048,498,C,1999.99993336697,HS-30,Catch (thousand t)
tun47,2049,498,C,2000,HS-30,Catch (thousand t)
tun47,2050,498,C,1999.99992477508,HS-30,Catch (thousand t)
tun44,2025,37,SB,8593.12324912998,PR-20,Spawning biomass (thousand t)
tun44,2026,37,SB,8967.48656016971,PR-20,Spawning biomass (thousand t)
tun44,2027,37,SB,9880.99941982007,PR-20,Spawning biomass (thousand t)
tun44,2028,37,SB,13642.0110723681,PR-20,Spawning biomass (thousand t)
tun44,2029,37,SB,17029.495713948,PR-20,Spawning biomass (thousand t)
tun44,2030,37,SB,18704.9936755993,PR-20,Spawning biomass (thousand t)
tun44,2031,37,SB,21251.7371946051,PR-20,Spawning biomass (thousand t)
tun44,2032,37,SB,23380.0495450564,PR-20,Spawning biomass (thousand t)
tun44,2033,37,SB,24890.8949499142,PR-20,Spawning biomass (thousand t)
tun44,2034,37,SB,26096.6741827017,PR-20,Spawning biomass (thousand t)
tun44,2035,37,SB,25955.4890216276,PR-20,Spawning biomass (thousand t)
tun44,2036,37,SB,27305.1552038692,PR-20,Spawning biomass (thousand t)
tun44,2037,37,SB,28496.1723231285,PR-20,Spawning biomass (thousand t)
tun44,2038,37,SB,28249.4244242118,PR-20,Spawning biomass (thousand t)
tun44,2039,37,SB,26850.3018342389,PR-20,Spawning biomass (thousand t)
tun44,2040,37,SB,25226.5882303609,PR-20,Spawning biomass (thousand t)
tun44,2041,37,SB,24664.7413742617,PR-20,Spawning biomass (thousand t)
tun44,2042,37,SB,24603.3151024637,PR-20,Spawning biomass (thousand t)
tun44,2043,37,SB,25544.2755216401,PR-20,Spawning biomass (thousand t)
tun44,2044,37,SB,27347.4043382218,PR-20,Spawning biomass (thousand t)
tun44,2045,37,SB,28487.7002474149,PR-20,Spawning biomass (thousand t)
tun44,2046,37,SB,27703.598955869,PR-20,Spawning biomass (thousand t)
tun44,2047,37,SB,26301.7057146723,PR-20,Spawning biomass (thousand t)
tun44,2048,37,SB,25201.3949915568,PR-20,Spawning biomass (thousand t)
tun44,2049,37,SB,27628.5258636034,PR-20,Spawning biomass (thousand t)
tun44,2050,37,SB,30466.8618262765,PR-20,Spawning biomass (thousand t)
tun44,2025,65,SB,7734.49472637435,PR-20,Spawning biomass (thousand t)
tun44,2026,65,SB,7720.675052357,PR-20,Spawning biomass (thousand t)
tun44,2027,65,SB,7694.92110677303,PR-20,Spawning biomass (thousand t)
tun44,2028,65,SB,8025.2919016712,PR-20,Spawning biomass (thousand t)
tun44,2029,65,SB,8101.5488212009,PR-20,Spawning biomass (thousand t)
tun44,2030,65,SB,7872.89693210284,PR-20,Spawning biomass (thousand t)
tun44,2031,65,SB,7240.43927306488,PR-20,Spawning biomass (thousand t)
tun44,2032,65,SB,6398.35514409017,PR-20,Spawning biomass (thousand t)
tun44,2033,65,SB,5285.8245853467,PR-20,Spawning biomass (thousand t)
tun44,2034,65,SB,5390.71427267672,PR-20,Spawning biomass (thousand t)
tun44,2035,65,SB,5491.72146125683,PR-20,Spawning biomass (thousand t)
tun44,2036,65,SB,5492.86294929793,PR-20,Spawning biomass (thousand t)
tun44,2037,65,SB,6093.09620789765,PR-20,Spawning biomass (thousand t)
tun44,2038,65,SB,7244.59991680552,PR-20,Spawning biomass (thousand t)
tun44,2039,65,SB,10036.1125293194,PR-20,Spawning biomass (thousand t)
tun44,2040,65,SB,12994.36929693,PR-20,Spawning biomass (thousand t)
tun44,2041,65,SB,14548.5950667492,PR-20,Spawning biomass (thousand t)
tun44,2042,65,SB,15194.6764258868,PR-20,Spawning biomass (thousand t)
tun44,2043,65,SB,15914.4907860765,PR-20,Spawning biomass (thousand t)
tun44,2044,65,SB,16954.700625396,PR-20,Spawning biomass (thousand t)
tun44,2045,65,SB,17224.3407032989,PR-20,Spawning biomass (thousand t)
tun44,2046,65,SB,16138.1694817612,PR-20,Spawning biomass (thousand t)
tun44,2047,65,SB,14880.1787894193,PR-20,Spawning biomass (thousand t)
tun44,2048,65,SB,15888.3314973666,PR-20,Spawning biomass (thousand t)
tun44,2049,65,SB,16226.9342634157,PR-20,Spawning biomass (thousand t)
tun44,2050,65,SB,15313.7089235693,PR-20,Spawning biomass (thousand t)
tun44,2025,110,SB,9634.882166157,PR-20,Spawning biomass (thousand t)
tun44,2026,110,SB,10601.067559044,PR-20,Spawning biomass (thousand t)
tun44,2027,110,SB,10719.9730274054,PR-20,Spawning biomass (thousand t)
tun44,2028,110,SB,10696.7547270459,PR-20,Spawning biomass (thousand t)
tun44,2029,110,SB,10429.1902520505,PR-20,Spawning biomass (thousand t)
tun44,2030,110,SB,9894.06094346633,PR-20,Spawning biomass (thousand t)
tun44,2031,110,SB,9153.63807985384,PR-20,Spawning biomass (thousand t)
tun44,2032,110,SB,8662.71029211905,PR-20,Spawning biomass (thousand t)
tun44,2033,110,SB,7824.42009147916,PR-20,Spawning biomass (thousand t)
tun44,2034,110,SB,7299.00692943059,PR-20,Spawning biomass (thousand t)
tun44,2035,110,SB,6925.9350249387,PR-20,Spawning biomass (thousand t)
tun44,2036,110,SB,6794.56954935462,PR-20,Spawning biomass (thousand t)
tun44,2037,110,SB,6941.35084992847,PR-20,Spawning biomass (thousand t)
tun44,2038,110,SB,7337.36173147815,PR-20,Spawning biomass (thousand t)
tun44,2039,110,SB,7760.89885013669,PR-20,Spawning biomass (thousand t)
tun44,2040,110,SB,7420.18213292757,PR-20,Spawning biomass (thousand t)
tun44,2041,110,SB,6875.95567126321,PR-20,Spawning biomass (thousand t)
tun44,2042,110,SB,6606.49466105793,PR-20,Spawning biomass (thousand t)
tun44,2043,110,SB,6885.33568781694,PR-20,Spawning biomass (thousand t)
tun44,2044,110,SB,7396.16439243193,PR-20,Spawning biomass (thousand t)
tun44,2045,110,SB,8007.55828656485,PR-20,Spawning biomass (thousand t)
tun44,2046,110,SB,8516.95241736717,PR-20,Spawning biomass (thousand t)
tun44,2047,110,SB,8521.80273237203,PR-20,Spawning biomass (thousand t)
tun44,2048,110,SB,7742.79801624579,PR-20,Spawning biomass (thousand t)
tun44,2049,110,SB,7359.58613671294,PR-20,Spawning biomass (thousand t)
tun44,2050,110,SB,6920.01249574571,PR-20,Spawning biomass (thousand t)
tun44,2025,151,SB,6742.27315938003,PR-20,Spawning biomass (thousand t)
tun44,2026,151,SB,7189.15807536085,PR-20,Spawning biomass (thousand t)
tun44,2027,151,SB,7848.35200968103,PR-20,Spawning biomass (thousand t)
tun44,2028,151,SB,9001.61607540421,PR-20,Spawning biomass (thousand t)
tun44,2029,151,SB,10665.9066903,PR-20,Spawning biomass (thousand t)
tun44,2030,151,SB,13051.7053530914,PR-20,Spawning biomass (thousand t)
tun44,2031,151,SB,15943.6170824082,PR-20,Spawning biomass (thousand t)
tun44,2032,151,SB,17861.2239038969,PR-20,Spawning biomass (thousand t)
tun44,2033,151,SB,18419.8656302371,PR-20,Spawning biomass (thousand t)
tun44,2034,151,SB,19023.1532969384,PR-20,Spawning biomass (thousand t)
tun44,2035,151,SB,19264.7764969318,PR-20,Spawning biomass (thousand t)
tun44,2036,151,SB,18742.5054161025,PR-20,Spawning biomass (thousand t)
tun44,2037,151,SB,17736.6466989223,PR-20,Spawning biomass (thousand t)
tun44,2038,151,SB,16244.8792873238,PR-20,Spawning biomass (thousand t)
tun44,2039,151,SB,14972.8005980741,PR-20,Spawning biomass (thousand t)
tun44,2040,151,SB,14201.5704544719,PR-20,Spawning biomass (thousand t)
tun44,2041,151,SB,14059.5870091922,PR-20,Spawning biomass (thousand t)
tun44,2042,151,SB,14096.7418836656,PR-20,Spawning biomass (thousand t)
tun44,2043,151,SB,13722.3255304754,PR-20,Spawning biomass (thousand t)
tun44,2044,151,SB,12500.4587664891,PR-20,Spawning biomass (thousand t)
tun44,2045,151,SB,11894.6063722692,PR-20,Spawning biomass (thousand t)
tun44,2046,151,SB,11171.7956271769,PR-20,Spawning biomass (thousand t)
tun44,2047,151,SB,10543.3394097809,PR-20,Spawning biomass (thousand t)
tun44,2048,151,SB,10198.3769112236,PR-20,Spawning biomass (thousand t)
tun44,2049,151,SB,9742.89043936225,PR-20,Spawning biomass (thousand t)
tun44,2050,151,SB,9251.86254463878,PR-20,Spawning biomass (thousand t)
tun44,2025,158,SB,7236.77187172129,PR-20,Spawning biomass (thousand t)
tun44,2026,158,SB,6938.50646101352,PR-20,Spawning biomass (thousand t)
tun44,2027,158,SB,6752.14542047975,PR-20,Spawning biomass (thousand t)
tun44,2028,158,SB,6483.07985931076,PR-20,Spawning biomass (thousand t)
tun44,2029,158,SB,6471.72571390943,PR-20,Spawning biomass (thousand t)
tun44,2030,158,SB,6913.45629248531,PR-20,Spawning biomass (thousand t)
tun44,2031,158,SB,7512.84489398852,PR-20,Spawning biomass (thousand t)
tun44,2032,158,SB,8331.45052642925,PR-20,Spawning biomass (thousand t)
tun44,2033,158,SB,10588.3701593385,PR-20,Spawning biomass (thousand t)
tun44,2034,158,SB,14244.942364446,PR-20,Spawning biomass (thousand t)
tun44,2035,158,SB,17124.2876196076,PR-20,Spawning biomass (thousand t)
tun44,2036,158,SB,19881.5871390658,PR-20,Spawning biomass (thousand t)
tun44,2037,158,SB,21984.8623650838,PR-20,Spawning biomass (thousand t)
tun44,2038,158,SB,22978.2721250907,PR-20,Spawning biomass (thousand t)
tun44,2039,158,SB,24005.3138889395,PR-20,Spawning biomass (thousand t)
tun44,2040,158,SB,26165.7034762949,PR-20,Spawning biomass (thousand t)
tun44,2041,158,SB,27729.1965581218,PR-20,Spawning biomass (thousand t)
tun44,2042,158,SB,26434.7219773987,PR-20,Spawning biomass (thousand t)
tun44,2043,158,SB,24513.230241467,PR-20,Spawning biomass (thousand t)
tun44,2044,158,SB,22352.5812278426,PR-20,Spawning biomass (thousand t)
tun44,2045,158,SB,19406.805335541,PR-20,Spawning biomass (thousand t)
tun44,2046,158,SB,16458.9728127851,PR-20,Spawning biomass (thousand t)
tun44,2047,158,SB,13592.2488353676,PR-20,Spawning biomass (thousand t)
tun44,2048,158,SB,11113.7516198442,PR-20,Spawning biomass (thousand t)
tun44,2049,158,SB,8566.57530428893,PR-20,Spawning biomass (thousand t)
tun44,2050,158,SB,6182.88879811417,PR-20,Spawning biomass (thousand t)
tun44,2025,165,SB,7753.47260672735,PR-20,Spawning biomass (thousand t)
tun44,2026,165,SB,7613.91120641002,PR-20,Spawning biomass (thousand t)
tun44,2027,165,SB,7723.67681340247,PR-20,Spawning biomass (thousand t)
tun44,2028,165,SB,8908.83168664482,PR-20,Spawning biomass (thousand t)
tun44,2029,165,SB,9635.62037482832,PR-20,Spawning biomass (thousand t)
tun44,2030,165,SB,10033.3446612328,PR-20,Spawning biomass (thousand t)
tun44,2031,165,SB,10675.3746444609,PR-20,Spawning biomass (thousand t)
tun44,2032,165,SB,10703.93128866,PR-20,Spawning biomass (thousand t)
tun44,2033,165,SB,9760.24749805913,PR-20,Spawning biomass (thousand t)
tun44,2034,165,SB,11694.5763342264,PR-20,Spawning biomass (thousand t)
tun44,2035,165,SB,15522.7563004157,PR-20,Spawning biomass (thousand t)
tun44,2036,165,SB,18365.3361820762,PR-20,Spawning biomass (thousand t)
tun44,2037,165,SB,19466.9396535452,PR-20,Spawning biomass (thousand t)
tun44,2038,165,SB,20679.7376638961,PR-20,Spawning biomass (thousand t)
tun44,2039,165,SB,21847.8154703785,PR-20,Spawning biomass (thousand t)
tun44,2040,165,SB,21877.42727318,PR-20,Spawning biomass (thousand t)
tun44,2041,165,SB,21358.9465647456,PR-20,Spawning biomass (thousand t)
tun44,2042,165,SB,20362.6691094832,PR-20,Spawning biomass (thousand t)
tun44,2043,165,SB,19085.7847409332,PR-20,Spawning biomass (thousand t)
tun44,2044,165,SB,17416.9426266328,PR-20,Spawning biomass (thousand t)
tun44,2045,165,SB,15817.3263856186,PR-20,Spawning biomass (thousand t)
tun44,2046,165,SB,14578.0974854254,PR-20,Spawning biomass (thousand t)
tun44,2047,165,SB,13810.3820331571,PR-20,Spawning biomass (thousand t)
tun44,2048,165,SB,13984.0701670741,PR-20,Spawning biomass (thousand t)
tun44,2049,165,SB,14221.4124261855,PR-20,Spawning biomass (thousand t)
tun44,2050,165,SB,13966.3924907265,PR-20,Spawning biomass (thousand t)
tun44,2025,177,SB,8041.24231146839,PR-20,Spawning biomass (thousand t)
tun44,2026,177,SB,9034.37866072536,PR-20,Spawning biomass (thousand t)
tun44,2027,177,SB,11086.1952249752,PR-20,Spawning biomass (thousand t)
tun44,2028,177,SB,14765.6261761679,PR-20,Spawning biomass (thousand t)
tun44,2029,177,SB,17693.1741464289,PR-20,Spawning biomass (thousand t)
tun44,2030,177,SB,18543.5081980047,PR-20,Spawning biomass (thousand t)
tun44,2031,177,SB,18838.9160475561,PR-20,Spawning biomass (thousand t)
tun44,2032,177,SB,19126.0394305936,PR-20,Spawning biomass (thousand t)
tun44,2033,177,SB,18842.005588932,PR-20,Spawning biomass (thousand t)
tun44,2034,177,SB,19496.7190922791,PR-20,Spawning biomass (thousand t)
tun44,2035,177,SB,21547.0412061589,PR-20,Spawning biomass (thousand t)
tun44,2036,177,SB,23239.0696197817,PR-20,Spawning biomass (thousand t)
tun44,2037,177,SB,23184.6480063549,PR-20,Spawning biomass (thousand t)
tun44,2038,177,SB,21795.3238067225,PR-20,Spawning biomass (thousand t)
tun44,2039,177,SB,19729.4499200575,PR-20,Spawning biomass (thousand t)
tun44,2040,177,SB,17742.7082451641,PR-20,Spawning biomass (thousand t)
tun44,2041,177,SB,16366.0250126566,PR-20,Spawning biomass (thousand t)
tun44,2042,177,SB,14209.2048463598,PR-20,Spawning biomass (thousand t)
tun44,2043,177,SB,12399.1374464367,PR-20,Spawning biomass (thousand t)
tun44,2044,177,SB,10564.9048763826,PR-20,Spawning biomass (thousand t)
tun44,2045,177,SB,8624.46457806121,PR-20,Spawning biomass (thousand t)
tun44,2046,177,SB,7041.01354425173,PR-20,Spawning biomass (thousand t)
tun44,2047,177,SB,6216.20418557694,PR-20,Spawning biomass (thousand t)
tun44,2048,177,SB,5476.40138896701,PR-20,Spawning biomass (thousand t)
tun44,2049,177,SB,4929.2777247646,PR-20,Spawning biomass (thousand t)
tun44,2050,177,SB,4896.85412318881,PR-20,Spawning biomass (thousand t)
tun44,2025,186,SB,7859.93258500356,PR-20,Spawning biomass (thousand t)
tun44,2026,186,SB,8236.54660815377,PR-20,Spawning biomass (thousand t)
tun44,2027,186,SB,9909.41818741559,PR-20,Spawning biomass (thousand t)
tun44,2028,186,SB,12784.0250048522,PR-20,Spawning biomass (thousand t)
tun44,2029,186,SB,17451.7528730538,PR-20,Spawning biomass (thousand t)
tun44,2030,186,SB,21975.9493723126,PR-20,Spawning biomass (thousand t)
tun44,2031,186,SB,27375.1667347192,PR-20,Spawning biomass (thousand t)
tun44,2032,186,SB,34263.8627259949,PR-20,Spawning biomass (thousand t)
tun44,2033,186,SB,38589.3172863684,PR-20,Spawning biomass (thousand t)
tun44,2034,186,SB,40923.2710326172,PR-20,Spawning biomass (thousand t)
tun44,2035,186,SB,41812.9864415089,PR-20,Spawning biomass (thousand t)
tun44,2036,186,SB,41561.7536341539,PR-20,Spawning biomass (thousand t)
tun44,2037,186,SB,41788.8299672111,PR-20,Spawning biomass (thousand t)
tun44,2038,186,SB,40925.2697040898,PR-20,Spawning biomass (thousand t)
tun44,2039,186,SB,39914.1659670357,PR-20,Spawning biomass (thousand t)
tun44,2040,186,SB,40870.145798385,PR-20,Spawning biomass (thousand t)
tun44,2041,186,SB,41914.2224237281,PR-20,Spawning biomass (thousand t)
tun44,2042,186,SB,40028.0139807462,PR-20,Spawning biomass (thousand t)
tun44,2043,186,SB,37239.5522260061,PR-20,Spawning biomass (thousand t)
tun44,2044,186,SB,33942.9195556246,PR-20,Spawning biomass (thousand t)
tun44,2045,186,SB,29468.4158564811,PR-20,Spawning biomass (thousand t)
tun44,2046,186,SB,24973.4084880784,PR-20,Spawning biomass (thousand t)
tun44,2047,186,SB,23495.0168400163,PR-20,Spawning biomass (thousand t)
tun44,2048,186,SB,23219.1556825625,PR-20,Spawning biomass (thousand t)
tun44,2049,186,SB,23221.6993120512,PR-20,Spawning biomass (thousand t)
tun44,2050,186,SB,23236.819981019,PR-20,Spawning biomass (thousand t)
tun44,2025,246,SB,8847.56725195435,PR-20,Spawning biomass (thousand t)
tun44,2026,246,SB,9525.74671681729,PR-20,Spawning biomass (thousand t)
tun44,2027,246,SB,9538.4915957258,PR-20,Spawning biomass (thousand t)
tun44,2028,246,SB,9344.55423398391,PR-20,Spawning biomass (thousand t)
tun44,2029,246,SB,9079.60964862498,PR-20,Spawning biomass (thousand t)
tun44,2030,246,SB,8587.24261286428,PR-20,Spawning biomass (thousand t)
tun44,2031,246,SB,7801.34936781214,PR-20,Spawning biomass (thousand t)
tun44,2032,246,SB,7022.96537573753,PR-20,Spawning biomass (thousand t)
tun44,2033,246,SB,5741.58787414187,PR-20,Spawning biomass (thousand t)
tun44,2034,246,SB,4553.32850412975,PR-20,Spawning biomass (thousand t)
tun44,2035,246,SB,3668.51536212727,PR-20,Spawning biomass (thousand t)
tun44,2036,246,SB,3633.6242862897,PR-20,Spawning biomass (thousand t)
tun44,2037,246,SB,3708.9664425947,PR-20,Spawning biomass (thousand t)
tun44,2038,246,SB,3691.63832912211,PR-20,Spawning biomass (thousand t)
tun44,2039,246,SB,4025.80014699338,PR-20,Spawning biomass (thousand t)
tun44,2040,246,SB,4357.55355843638,PR-20,Spawning biomass (thousand t)
tun44,2041,246,SB,4893.26699720563,PR-20,Spawning biomass (thousand t)
tun44,2042,246,SB,5595.37276736028,PR-20,Spawning biomass (thousand t)
tun44,2043,246,SB,6302.73149631836,PR-20,Spawning biomass (thousand t)
tun44,2044,246,SB,6979.8193845481,PR-20,Spawning biomass (thousand t)
tun44,2045,246,SB,7520.78634377454,PR-20,Spawning biomass (thousand t)
tun44,2046,246,SB,7939.16241606114,PR-20,Spawning biomass (thousand t)
tun44,2047,246,SB,8281.68712061155,PR-20,Spawning biomass (thousand t)
tun44,2048,246,SB,8738.34204028646,PR-20,Spawning biomass (thousand t)
tun44,2049,246,SB,9187.77602079227,PR-20,Spawning biomass (thousand t)
tun44,2050,246,SB,9048.107073642,PR-20,Spawning biomass (thousand t)
tun44,2025,327,SB,6418.0774926786,PR-20,Spawning biomass (thousand t)
tun44,2026,327,SB,7801.96550092773,PR-20,Spawning biomass (thousand t)
tun44,2027,327,SB,10137.4318112919,PR-20,Spawning biomass (thousand t)
tun44,2028,327,SB,12714.0922550973,PR-20,Spawning biomass (thousand t)
tun44,2029,327,SB,15376.9315456103,PR-20,Spawning biomass (thousand t)
tun44,2030,327,SB,17968.2321434068,PR-20,Spawning biomass (thousand t)
tun44,2031,327,SB,19244.7059489338,PR-20,Spawning biomass (thousand t)
tun44,2032,327,SB,20371.0317700887,PR-20,Spawning biomass (thousand t)
tun44,2033,327,SB,22087.9202751674,PR-20,Spawning biomass (thousand t)
tun44,2034,327,SB,23520.6855906156,PR-20,Spawning biomass (thousand t)
tun44,2035,327,SB,23531.4945887393,PR-20,Spawning biomass (thousand t)
tun44,2036,327,SB,22216.1668300219,PR-20,Spawning biomass (thousand t)
tun44,2037,327,SB,20139.0370453049,PR-20,Spawning biomass (thousand t)
tun44,2038,327,SB,17372.3661221891,PR-20,Spawning biomass (thousand t)
tun44,2039,327,SB,13841.2510615028,PR-20,Spawning biomass (thousand t)
tun44,2040,327,SB,9675.49736473602,PR-20,Spawning biomass (thousand t)
tun44,2041,327,SB,5247.53050327883,PR-20,Spawning biomass (thousand t)
tun44,2042,327,SB,1741.78021672431,PR-20,Spawning biomass (thousand t)
tun44,2043,327,SB,0,PR-20,Spawning biomass (thousand t)
tun44,2044,327,SB,0,PR-20,Spawning biomass (thousand t)
tun44,2045,327,SB,0,PR-20,Spawning biomass (thousand t)
tun44,2046,327,SB,0,PR-20,Spawning biomass (thousand t)
tun44,2047,327,SB,0,PR-20,Spawning biomass (thousand t)
tun44,2048,327,SB,0,PR-20,Spawning biomass (thousand t)
tun44,2049,327,SB,0,PR-20,Spawning biomass (thousand t)
tun44,2050,327,SB,0,PR-20,Spawning biomass (thousand t)
tun44,2025,344,SB,8341.1219780227,PR-20,Spawning biomass (thousand t)
tun44,2026,344,SB,9400.29245211657,PR-20,Spawning biomass (thousand t)
tun44,2027,344,SB,10338.3106664088,PR-20,Spawning biomass (thousand t)
tun44,2028,344,SB,11747.1098061485,PR-20,Spawning biomass (thousand t)
tun44,2029,344,SB,13756.2595370822,PR-20,Spawning biomass (thousand t)
tun44,2030,344,SB,15219.7707150236,PR-20,Spawning biomass (thousand t)
tun44,2031,344,SB,15541.7319440288,PR-20,Spawning biomass (thousand t)
tun44,2032,344,SB,15387.2152569062,PR-20,Spawning biomass (thousand t)
tun44,2033,344,SB,15820.5272819765,PR-20,Spawning biomass (thousand t)
tun44,2034,344,SB,18338.4450092719,PR-20,Spawning biomass (thousand t)
tun44,2035,344,SB,20408.3211004252,PR-20,Spawning biomass (thousand t)
tun44,2036,344,SB,20873.721148641,PR-20,Spawning biomass (thousand t)
tun44,2037,344,SB,20553.5324550159,PR-20,Spawning biomass (thousand t)
tun44,2038,344,SB,19456.3856703864,PR-20,Spawning biomass (thousand t)
tun44,2039,344,SB,17896.6161203175,PR-20,Spawning biomass (thousand t)
tun44,2040,344,SB,15947.5206560564,PR-20,Spawning biomass (thousand t)
tun44,2041,344,SB,14121.6172102302,PR-20,Spawning biomass (thousand t)
tun44,2042,344,SB,12008.7470432189,PR-20,Spawning biomass (thousand t)
tun44,2043,344,SB,9718.95778598729,PR-20,Spawning biomass (thousand t)
tun44,2044,344,SB,7690.93251153765,PR-20,Spawning biomass (thousand t)
tun44,2045,344,SB,5867.244904069,PR-20,Spawning biomass (thousand t)
tun44,2046,344,SB,4775.47027920982,PR-20,Spawning biomass (thousand t)
tun44,2047,344,SB,4474.62089919819,PR-20,Spawning biomass (thousand t)
tun44,2048,344,SB,4834.05476432106,PR-20,Spawning biomass (thousand t)
tun44,2049,344,SB,6194.22178605297,PR-20,Spawning biomass (thousand t)
tun44,2050,344,SB,7112.11436777741,PR-20,Spawning biomass (thousand t)
tun44,2025,348,SB,6263.92727977176,PR-20,Spawning biomass (thousand t)
tun44,2026,348,SB,7243.74916036332,PR-20,Spawning biomass (thousand t)
tun44,2027,348,SB,8373.82252535052,PR-20,Spawning biomass (thousand t)
tun44,2028,348,SB,9689.89567362585,PR-20,Spawning biomass (thousand t)
tun44,2029,348,SB,11135.4586921644,PR-20,Spawning biomass (thousand t)
tun44,2030,348,SB,12226.007739938,PR-20,Spawning biomass (thousand t)
tun44,2031,348,SB,12430.2577587595,PR-20,Spawning biomass (thousand t)
tun44,2032,348,SB,12235.9880824574,PR-20,Spawning biomass (thousand t)
tun44,2033,348,SB,11607.3938790313,PR-20,Spawning biomass (thousand t)
tun44,2034,348,SB,11012.2959704499,PR-20,Spawning biomass (thousand t)
tun44,2035,348,SB,10794.9588716798,PR-20,Spawning biomass (thousand t)
tun44,2036,348,SB,10464.4398037011,PR-20,Spawning biomass (thousand t)
tun44,2037,348,SB,8884.12403603938,PR-20,Spawning biomass (thousand t)
tun44,2038,348,SB,7344.56311760829,PR-20,Spawning biomass (thousand t)
tun44,2039,348,SB,5733.73169351194,PR-20,Spawning biomass (thousand t)
tun44,2040,348,SB,4416.93988601969,PR-20,Spawning biomass (thousand t)
tun44,2041,348,SB,3353.09822350465,PR-20,Spawning biomass (thousand t)
tun44,2042,348,SB,2788.81868937318,PR-20,Spawning biomass (thousand t)
tun44,2043,348,SB,2805.96232903667,PR-20,Spawning biomass (thousand t)
tun44,2044,348,SB,3052.93838413079,PR-20,Spawning biomass (thousand t)
tun44,2045,348,SB,3520.26507686372,PR-20,Spawning biomass (thousand t)
tun44,2046,348,SB,3838.90921042738,PR-20,Spawning biomass (thousand t)
tun44,2047,348,SB,4119.44893925473,PR-20,Spawning biomass (thousand t)
tun44,2048,348,SB,4507.71435369474,PR-20,Spawning biomass (thousand t)
tun44,2049,348,SB,4816.08631207568,PR-20,Spawning biomass (thousand t)
tun44,2050,348,SB,4715.63079191079,PR-20,Spawning biomass (thousand t)
tun44,2025,367,SB,7127.3628316359,PR-20,Spawning biomass (thousand t)
tun44,2026,367,SB,8649.09834011169,PR-20,Spawning biomass (thousand t)
tun44,2027,367,SB,10279.4901470797,PR-20,Spawning biomass (thousand t)
tun44,2028,367,SB,10837.4535216391,PR-20,Spawning biomass (thousand t)
tun44,2029,367,SB,10614.2709444579,PR-20,Spawning biomass (thousand t)
tun44,2030,367,SB,9993.59981537702,PR-20,Spawning biomass (thousand t)
tun44,2031,367,SB,9131.98144222598,PR-20,Spawning biomass (thousand t)
tun44,2032,367,SB,8092.52385394789,PR-20,Spawning biomass (thousand t)
tun44,2033,367,SB,6877.3978629402,PR-20,Spawning biomass (thousand t)
tun44,2034,367,SB,6221.40681765006,PR-20,Spawning biomass (thousand t)
tun44,2035,367,SB,5931.77781063906,PR-20,Spawning biomass (thousand t)
tun44,2036,367,SB,6118.53983038685,PR-20,Spawning biomass (thousand t)
tun44,2037,367,SB,6402.66150883903,PR-20,Spawning biomass (thousand t)
tun44,2038,367,SB,6855.12932449583,PR-20,Spawning biomass (thousand t)
tun44,2039,367,SB,7538.74009078823,PR-20,Spawning biomass (thousand t)
tun44,2040,367,SB,8381.73798768444,PR-20,Spawning biomass (thousand t)
tun44,2041,367,SB,9090.8083064352,PR-20,Spawning biomass (thousand t)
tun44,2042,367,SB,10100.5139242884,PR-20,Spawning biomass (thousand t)
tun44,2043,367,SB,11814.6232983238,PR-20,Spawning biomass (thousand t)
tun44,2044,367,SB,13024.4499046071,PR-20,Spawning biomass (thousand t)
tun44,2045,367,SB,13904.7660048152,PR-20,Spawning biomass (thousand t)
tun44,2046,367,SB,14667.4563720946,PR-20,Spawning biomass (thousand t)
tun44,2047,367,SB,16352.4051894517,PR-20,Spawning biomass (thousand t)
tun44,2048,367,SB,19432.83568357,PR-20,Spawning biomass (thousand t)
tun44,2049,367,SB,22240.1095582118,PR-20,Spawning biomass (thousand t)
tun44,2050,367,SB,25376.8480965363,PR-20,Spawning biomass (thousand t)
tun44,2025,397,SB,7216.38347223923,PR-20,Spawning biomass (thousand t)
tun44,2026,397,SB,7608.94503657861,PR-20,Spawning biomass (thousand t)
tun44,2027,397,SB,8660.19542037776,PR-20,Spawning biomass (thousand t)
tun44,2028,397,SB,10762.3259878124,PR-20,Spawning biomass (thousand t)
tun44,2029,397,SB,12439.596053503,PR-20,Spawning biomass (thousand t)
tun44,2030,397,SB,12972.9362270251,PR-20,Spawning biomass (thousand t)
tun44,2031,397,SB,13021.6563825639,PR-20,Spawning biomass (thousand t)
tun44,2032,397,SB,13555.4880579895,PR-20,Spawning biomass (thousand t)
tun44,2033,397,SB,13492.8862332633,PR-20,Spawning biomass (thousand t)
tun44,2034,397,SB,12959.30217697,PR-20,Spawning biomass (thousand t)
tun44,2035,397,SB,11700.4593900874,PR-20,Spawning biomass (thousand t)
tun44,2036,397,SB,10624.2787285295,PR-20,Spawning biomass (thousand t)
tun44,2037,397,SB,9788.17495653736,PR-20,Spawning biomass (thousand t)
tun44,2038,397,SB,8943.26710547297,PR-20,Spawning biomass (thousand t)
tun44,2039,397,SB,8489.395300967,PR-20,Spawning biomass (thousand t)
tun44,2040,397,SB,8260.56435041138,PR-20,Spawning biomass (thousand t)
tun44,2041,397,SB,8371.92797180079,PR-20,Spawning biomass (thousand t)
tun44,2042,397,SB,7685.09293213409,PR-20,Spawning biomass (thousand t)
tun44,2043,397,SB,7220.50745824097,PR-20,Spawning biomass (thousand t)
tun44,2044,397,SB,6483.00006394209,PR-20,Spawning biomass (thousand t)
tun44,2045,397,SB,5677.33945296092,PR-20,Spawning biomass (thousand t)
tun44,2046,397,SB,5312.72045612649,PR-20,Spawning biomass (thousand t)
tun44,2047,397,SB,5611.16746357643,PR-20,Spawning biomass (thousand t)
tun44,2048,397,SB,6281.56510751756,PR-20,Spawning biomass (thousand t)
tun44,2049,397,SB,7596.8555105512,PR-20,Spawning biomass (thousand t)
tun44,2050,397,SB,9069.5798939516,PR-20,Spawning biomass (thousand t)
tun44,2025,498,SB,6629.64153376063,PR-20,Spawning biomass (thousand t)
tun44,2026,498,SB,6766.66181225877,PR-20,Spawning biomass (thousand t)
tun44,2027,498,SB,7493.70519040335,PR-20,Spawning biomass (thousand t)
tun44,2028,498,SB,8316.85092324581,PR-20,Spawning biomass (thousand t)
tun44,2029,498,SB,9108.6905653845,PR-20,Spawning biomass (thousand t)
tun44,2030,498,SB,9902.20611355036,PR-20,Spawning biomass (thousand t)
tun44,2031,498,SB,10133.1120742223,PR-20,Spawning biomass (thousand t)
tun44,2032,498,SB,9958.84858961143,PR-20,Spawning biomass (thousand t)
tun44,2033,498,SB,9642.03411611948,PR-20,Spawning biomass (thousand t)
tun44,2034,498,SB,9482.18542657246,PR-20,Spawning biomass (thousand t)
tun44,2035,498,SB,8873.61475934701,PR-20,Spawning biomass (thousand t)
tun44,2036,498,SB,8201.17505583955,PR-20,Spawning biomass (thousand t)
tun44,2037,498,SB,7540.18217021394,PR-20,Spawning biomass (thousand t)
tun44,2038,498,SB,7080.67782486727,PR-20,Spawning biomass (thousand t)
tun44,2039,498,SB,6666.08188262892,PR-20,Spawning biomass (thousand t)
tun44,2040,498,SB,7062.58347769469,PR-20,Spawning biomass (thousand t)
tun44,2041,498,SB,8439.9542674011,PR-20,Spawning biomass (thousand t)
tun44,2042,498,SB,10085.167317363,PR-20,Spawning biomass (thousand t)
tun44,2043,498,SB,12004.3643738724,PR-20,Spawning biomass (thousand t)
tun44,2044,498,SB,13463.2090180867,PR-20,Spawning biomass (thousand t)
tun44,2045,498,SB,14031.4751935745,PR-20,Spawning biomass (thousand t)
tun44,2046,498,SB,14634.6547050129,PR-20,Spawning biomass (thousand t)
tun44,2047,498,SB,15690.4010748871,PR-20,Spawning biomass (thousand t)
tun44,2048,498,SB,17138.2822302014,PR-20,Spawning biomass (thousand t)
tun44,2049,498,SB,18737.2070598574,PR-20,Spawning biomass (thousand t)
tun44,2050,498,SB,18544.0437122304,PR-20,Spawning biomass (thousand t)
tun44,2025,37,C,1385.8907626811,PR-20,Catch (thousand t)
tun44,2026,37,C,1107.99999999147,PR-20,Catch (thousand t)
tun44,2027,37,C,886.399994283707,PR-20,Catch (thousand t)
tun44,2028,37,C,709.119998375027,PR-20,Catch (thousand t)
tun44,2029,37,C,809.941584006509,PR-20,Catch (thousand t)
tun44,2030,37,C,931.432822098397,PR-20,Catch (thousand t)
tun44,2031,37,C,1071.14774563386,PR-20,Catch (thousand t)
tun44,2032,37,C,1231.81990757907,PR-20,Catch (thousand t)
tun44,2033,37,C,1416.59289370605,PR-20,Catch (thousand t)
tun44,2034,37,C,1629.08182766046,PR-20,Catch (thousand t)
tun44,2035,37,C,1873.444101656,PR-20,Catch (thousand t)
tun44,2036,37,C,2154.46071621975,PR-20,Catch (thousand t)
tun44,2037,37,C,2477.62982246742,PR-20,Catch (thousand t)
tun44,2038,37,C,2755.06038692837,PR-20,Catch (thousand t)
tun44,2039,37,C,2821.37326877205,PR-20,Catch (thousand t)
tun44,2040,37,C,3029.21485635927,PR-20,Catch (thousand t)
tun44,2041,37,C,3325.36504228306,PR-20,Catch (thousand t)
tun44,2042,37,C,3445.01351566912,PR-20,Catch (thousand t)
tun44,2043,37,C,3174.00780733136,PR-20,Catch (thousand t)
tun44,2044,37,C,2897.45112055994,PR-20,Catch (thousand t)
tun44,2045,37,C,2624.61747565474,PR-20,Catch (thousand t)
tun44,2046,37,C,2381.33524561348,PR-20,Catch (thousand t)
tun44,2047,37,C,2508.54840676339,PR-20,Catch (thousand t)
tun44,2048,37,C,2884.83066560127,PR-20,Catch (thousand t)
tun44,2049,37,C,3214.68611369334,PR-20,Catch (thousand t)
tun44,2050,37,C,3164.25801607923,PR-20,Catch (thousand t)
tun44,2025,65,C,1385.8907626811,PR-20,Catch (thousand t)
tun44,2026,65,C,1107.99999999998,PR-20,Catch (thousand t)
tun44,2027,65,C,886.399999980291,PR-20,Catch (thousand t)
tun44,2028,65,C,709.119997205744,PR-20,Catch (thousand t)
tun44,2029,65,C,708.440184192225,PR-20,Catch (thousand t)
tun44,2030,65,C,814.706198833889,PR-20,Catch (thousand t)
tun44,2031,65,C,936.912109691754,PR-20,Catch (thousand t)
tun44,2032,65,C,1077.4489700208,PR-20,Catch (thousand t)
tun44,2033,65,C,1239.06631552376,PR-20,Catch (thousand t)
tun44,2034,65,C,1424.9262628268,PR-20,Catch (thousand t)
tun44,2035,65,C,1528.59787030819,PR-20,Catch (thousand t)
tun44,2036,65,C,1231.08999647158,PR-20,Catch (thousand t)
tun44,2037,65,C,984.871997203834,PR-20,Catch (thousand t)
tun44,2038,65,C,787.897597699826,PR-20,Catch (thousand t)
tun44,2039,65,C,630.318077587543,PR-20,Catch (thousand t)
tun44,2040,65,C,724.865789670293,PR-20,Catch (thousand t)
tun44,2041,65,C,833.59565828918,PR-20,Catch (thousand t)
tun44,2042,65,C,958.635006963024,PR-20,Catch (thousand t)
tun44,2043,65,C,1102.43025752276,PR-20,Catch (thousand t)
tun44,2044,65,C,1267.79479552411,PR-20,Catch (thousand t)
tun44,2045,65,C,1457.96401329444,PR-20,Catch (thousand t)
tun44,2046,65,C,1676.65860702159,PR-20,Catch (thousand t)
tun44,2047,65,C,1928.15737573802,PR-20,Catch (thousand t)
tun44,2048,65,C,2217.38102371395,PR-20,Catch (thousand t)
tun44,2049,65,C,2549.98817727097,PR-20,Catch (thousand t)
tun44,2050,65,C,2793.87787343837,PR-20,Catch (thousand t)
tun44,2025,110,C,1385.8907626811,PR-20,Catch (thousand t)
tun44,2026,110,C,1107.99999998215,PR-20,Catch (thousand t)
tun44,2027,110,C,886.4,PR-20,Catch (thousand t)
tun44,2028,110,C,723.294759188601,PR-20,Catch (thousand t)
tun44,2029,110,C,831.788973811445,PR-20,Catch (thousand t)
tun44,2030,110,C,956.557317381113,PR-20,Catch (thousand t)
tun44,2031,110,C,1100.04090843925,PR-20,Catch (thousand t)
tun44,2032,110,C,1265.0470171024,PR-20,Catch (thousand t)
tun44,2033,110,C,1454.80412025086,PR-20,Catch (thousand t)
tun44,2034,110,C,1673.02473828743,PR-20,Catch (thousand t)
tun44,2035,110,C,1923.97844902804,PR-20,Catch (thousand t)
tun44,2036,110,C,1886.42606106965,PR-20,Catch (thousand t)
tun44,2037,110,C,1777.92569125461,PR-20,Catch (thousand t)
tun44,2038,110,C,1659.96046476315,PR-20,Catch (thousand t)
tun44,2039,110,C,1516.932209964,PR-20,Catch (thousand t)
tun44,2040,110,C,1463.29930897808,PR-20,Catch (thousand t)
tun44,2041,110,C,1170.63944713205,PR-20,Catch (thousand t)
tun44,2042,110,C,936.511555496735,PR-20,Catch (thousand t)
tun44,2043,110,C,916.669343660811,PR-20,Catch (thousand t)
tun44,2044,110,C,1054.1697604146,PR-20,Catch (thousand t)
tun44,2045,110,C,1212.29522447678,PR-20,Catch (thousand t)
tun44,2046,110,C,1394.13947508747,PR-20,Catch (thousand t)
tun44,2047,110,C,1349.58089782766,PR-20,Catch (thousand t)
tun44,2048,110,C,1517.96909347301,PR-20,Catch (thousand t)
tun44,2049,110,C,1542.4487440224,PR-20,Catch (thousand t)
tun44,2050,110,C,1580.14710551195,PR-20,Catch (thousand t)
tun44,2025,151,C,1385.8907626811,PR-20,Catch (thousand t)
tun44,2026,151,C,1107.99999999996,PR-20,Catch (thousand t)
tun44,2027,151,C,886.39999979133,PR-20,Catch (thousand t)
tun44,2028,151,C,709.119998203472,PR-20,Catch (thousand t)
tun44,2029,151,C,567.295999165454,PR-20,Catch (thousand t)
tun44,2030,151,C,652.390399487538,PR-20,Catch (thousand t)
tun44,2031,151,C,750.24895971964,PR-20,Catch (thousand t)
tun44,2032,151,C,862.786303815254,PR-20,Catch (thousand t)
tun44,2033,151,C,992.204249389172,PR-20,Catch (thousand t)
tun44,2034,151,C,1141.03488673132,PR-20,Catch (thousand t)
tun44,2035,151,C,1312.19011960291,PR-20,Catch (thousand t)
tun44,2036,151,C,1509.01863668952,PR-20,Catch (thousand t)
tun44,2037,151,C,1735.37143023606,PR-20,Catch (thousand t)
tun44,2038,151,C,1995.67713407025,PR-20,Catch (thousand t)
tun44,2039,151,C,2295.02863279542,PR-20,Catch (thousand t)
tun44,2040,151,C,2639.28302942156,PR-20,Catch (thousand t)
tun44,2041,151,C,2930.16912065092,PR-20,Catch (thousand t)
tun44,2042,151,C,2773.06975311785,PR-20,Catch (thousand t)
tun44,2043,151,C,2699.49086473942,PR-20,Catch (thousand t)
tun44,2044,151,C,2415.53047842334,PR-20,Catch (thousand t)
tun44,2045,151,C,2159.19293269511,PR-20,Catch (thousand t)
tun44,2046,151,C,2056.64191973583,PR-20,Catch (thousand t)
tun44,2047,151,C,2102.0029639879,PR-20,Catch (thousand t)
tun44,2048,151,C,2020.55660096936,PR-20,Catch (thousand t)
tun44,2049,151,C,2075.9442647139,PR-20,Catch (thousand t)
tun44,2050,151,C,1842.10062156971,PR-20,Catch (thousand t)
tun44,2025,158,C,1385.8907626811,PR-20,Catch (thousand t)
tun44,2026,158,C,1107.99999998654,PR-20,Catch (thousand t)
tun44,2027,158,C,886.4,PR-20,Catch (thousand t)
tun44,2028,158,C,709.119999999995,PR-20,Catch (thousand t)
tun44,2029,158,C,666.992915172679,PR-20,Catch (thousand t)
tun44,2030,158,C,756.213475587549,PR-20,Catch (thousand t)
tun44,2031,158,C,732.13411275538,PR-20,Catch (thousand t)
tun44,2032,158,C,841.954229668685,PR-20,Catch (thousand t)
tun44,2033,158,C,968.247364118988,PR-20,Catch (thousand t)
tun44,2034,158,C,1113.48446873684,PR-20,Catch (thousand t)
tun44,2035,158,C,1280.50711229212,PR-20,Catch (thousand t)
tun44,2036,158,C,1472.58320850893,PR-20,Catch (thousand t)
tun44,2037,158,C,1693.47069131633,PR-20,Catch (thousand t)
tun44,2038,158,C,1905.35358036668,PR-20,Catch (thousand t)
tun44,2039,158,C,2088.01346285666,PR-20,Catch (thousand t)
tun44,2040,158,C,2292.40955362706,PR-20,Catch (thousand t)
tun44,2041,158,C,2636.27097478604,PR-20,Catch (thousand t)
tun44,2042,158,C,2917.510802834,PR-20,Catch (thousand t)
tun44,2043,158,C,2932.39979651434,PR-20,Catch (thousand t)
tun44,2044,158,C,2925.17877773563,PR-20,Catch (thousand t)
tun44,2045,158,C,3124.54892208269,PR-20,Catch (thousand t)
tun44,2046,158,C,2863.22204357852,PR-20,Catch (thousand t)
tun44,2047,158,C,2751.63449402555,PR-20,Catch (thousand t)
tun44,2048,158,C,2719.01168201568,PR-20,Catch (thousand t)
tun44,2049,158,C,2660.99674336933,PR-20,Catch (thousand t)
tun44,2050,158,C,2456.5380261623,PR-20,Catch (thousand t)
tun44,2025,165,C,1385.8907626811,PR-20,Catch (thousand t)
tun44,2026,165,C,1107.99999999464,PR-20,Catch (thousand t)
tun44,2027,165,C,886.4,PR-20,Catch (thousand t)
tun44,2028,165,C,798.636904271969,PR-20,Catch (thousand t)
tun44,2029,165,C,918.432439912765,PR-20,Catch (thousand t)
tun44,2030,165,C,1056.19730589967,PR-20,Catch (thousand t)
tun44,2031,165,C,1214.62690178463,PR-20,Catch (thousand t)
tun44,2032,165,C,1396.82093705232,PR-20,Catch (thousand t)
tun44,2033,165,C,1606.34407761008,PR-20,Catch (thousand t)
tun44,2034,165,C,1750.89282264623,PR-20,Catch (thousand t)
tun44,2035,165,C,1678.17037983391,PR-20,Catch (thousand t)
tun44,2036,165,C,1592.09822991254,PR-20,Catch (thousand t)
tun44,2037,165,C,1804.42077499406,PR-20,Catch (thousand t)
tun44,2038,165,C,2016.52493360581,PR-20,Catch (thousand t)
tun44,2039,165,C,2262.23671126024,PR-20,Catch (thousand t)
tun44,2040,165,C,2362.10192566728,PR-20,Catch (thousand t)
tun44,2041,165,C,2460.01091336876,PR-20,Catch (thousand t)
tun44,2042,165,C,2461.7240084309,PR-20,Catch (thousand t)
tun44,2043,165,C,2485.29872709576,PR-20,Catch (thousand t)
tun44,2044,165,C,2748.2419221775,PR-20,Catch (thousand t)
tun44,2045,165,C,2953.73880086772,PR-20,Catch (thousand t)
tun44,2046,165,C,3089.13763493198,PR-20,Catch (thousand t)
tun44,2047,165,C,3012.95924562599,PR-20,Catch (thousand t)
tun44,2048,165,C,2758.52568735932,PR-20,Catch (thousand t)
tun44,2049,165,C,2579.15167974964,PR-20,Catch (thousand t)
tun44,2050,165,C,2315.8227012476,PR-20,Catch (thousand t)
tun44,2025,177,C,1385.8907626811,PR-20,Catch (thousand t)
tun44,2026,177,C,1107.99999999947,PR-20,Catch (thousand t)
tun44,2027,177,C,886.399987305791,PR-20,Catch (thousand t)
tun44,2028,177,C,709.119982376805,PR-20,Catch (thousand t)
tun44,2029,177,C,758.886330886111,PR-20,Catch (thousand t)
tun44,2030,177,C,872.719282789762,PR-20,Catch (thousand t)
tun44,2031,177,C,1003.62717852315,PR-20,Catch (thousand t)
tun44,2032,177,C,1154.17125626559,PR-20,Catch (thousand t)
tun44,2033,177,C,1327.29694427329,PR-20,Catch (thousand t)
tun44,2034,177,C,1526.39148416012,PR-20,Catch (thousand t)
tun44,2035,177,C,1755.35020028844,PR-20,Catch (thousand t)
tun44,2036,177,C,2018.65271260344,PR-20,Catch (thousand t)
tun44,2037,177,C,2321.45056725573,PR-20,Catch (thousand t)
tun44,2038,177,C,2669.66825270293,PR-20,Catch (thousand t)
tun44,2039,177,C,3070.11849060836,PR-20,Catch (thousand t)
tun44,2040,177,C,3402.38929695943,PR-20,Catch (thousand t)
tun44,2041,177,C,3142.25691928535,PR-20,Catch (thousand t)
tun44,2042,177,C,2561.68907306352,PR-20,Catch (thousand t)
tun44,2043,177,C,2419.78393007968,PR-20,Catch (thousand t)
tun44,2044,177,C,2375.40045312645,PR-20,Catch (thousand t)
tun44,2045,177,C,2267.02657313042,PR-20,Catch (thousand t)
tun44,2046,177,C,2377.71001887087,PR-20,Catch (thousand t)
tun44,2047,177,C,2357.2283952259,PR-20,Catch (thousand t)
tun44,2048,177,C,2123.2603240131,PR-20,Catch (thousand t)
tun44,2049,177,C,1698.60825552449,PR-20,Catch (thousand t)
tun44,2050,177,C,1358.88660000081,PR-20,Catch (thousand t)
tun44,2025,186,C,1385.8907626811,PR-20,Catch (thousand t)
tun44,2026,186,C,1107.99999733158,PR-20,Catch (thousand t)
tun44,2027,186,C,886.399999999522,PR-20,Catch (thousand t)
tun44,2028,186,C,709.119999985831,PR-20,Catch (thousand t)
tun44,2029,186,C,629.220307590312,PR-20,Catch (thousand t)
tun44,2030,186,C,723.603353792724,PR-20,Catch (thousand t)
tun44,2031,186,C,832.143856921839,PR-20,Catch (thousand t)
tun44,2032,186,C,956.965435484369,PR-20,Catch (thousand t)
tun44,2033,186,C,1100.510250811,PR-20,Catch (thousand t)
tun44,2034,186,C,1265.58678843797,PR-20,Catch (thousand t)
tun44,2035,186,C,1455.42480670441,PR-20,Catch (thousand t)
tun44,2036,186,C,1673.73852770357,PR-20,Catch (thousand t)
tun44,2037,186,C,1924.79930684116,PR-20,Catch (thousand t)
tun44,2038,186,C,2213.51920278438,PR-20,Catch (thousand t)
tun44,2039,186,C,2545.54708291462,PR-20,Catch (thousand t)
tun44,2040,186,C,2927.3791440415,PR-20,Catch (thousand t)
tun44,2041,186,C,3366.48601005848,PR-20,Catch (thousand t)
tun44,2042,186,C,3871.45889227158,PR-20,Catch (thousand t)
tun44,2043,186,C,4452.17766986698,PR-20,Catch (thousand t)
tun44,2044,186,C,5120.00442220353,PR-20,Catch (thousand t)
tun44,2045,186,C,5790.73324612252,PR-20,Catch (thousand t)
tun44,2046,186,C,5494.0133640712,PR-20,Catch (thousand t)
tun44,2047,186,C,4495.23283980794,PR-20,Catch (thousand t)
tun44,2048,186,C,3885.08597695068,PR-20,Catch (thousand t)
tun44,2049,186,C,3835.99040237099,PR-20,Catch (thousand t)
tun44,2050,186,C,3737.40124644272,PR-20,Catch (thousand t)
tun44,2025,246,C,1385.8907626811,PR-20,Catch (thousand t)
tun44,2026,246,C,1107.99999997071,PR-20,Catch (thousand t)
tun44,2027,246,C,886.399972707763,PR-20,Catch (thousand t)
tun44,2028,246,C,709.119995327388,PR-20,Catch (thousand t)
tun44,2029,246,C,815.487993112946,PR-20,Catch (thousand t)
tun44,2030,246,C,937.811184053249,PR-20,Catch (thousand t)
tun44,2031,246,C,1078.48285177691,PR-20,Catch (thousand t)
tun44,2032,246,C,1240.255312,PR-20,Catch (thousand t)
tun44,2033,246,C,1426.29360879992,PR-20,Catch (thousand t)
tun44,2034,246,C,1640.23765011999,PR-20,Catch (thousand t)
tun44,2035,246,C,1574.41783481442,PR-20,Catch (thousand t)
tun44,2036,246,C,1524.39632007,PR-20,Catch (thousand t)
tun44,2037,246,C,1320.9319982442,PR-20,Catch (thousand t)
tun44,2038,246,C,1056.74559848936,PR-20,Catch (thousand t)
tun44,2039,246,C,845.396478876286,PR-20,Catch (thousand t)
tun44,2040,246,C,676.317182441285,PR-20,Catch (thousand t)
tun44,2041,246,C,541.053746480824,PR-20,Catch (thousand t)
tun44,2042,246,C,432.842997177439,PR-20,Catch (thousand t)
tun44,2043,246,C,360.152932160503,PR-20,Catch (thousand t)
tun44,2044,246,C,406.733154087006,PR-20,Catch (thousand t)
tun44,2045,246,C,467.743127126039,PR-20,Catch (thousand t)
tun44,2046,246,C,537.904596050966,PR-20,Catch (thousand t)
tun44,2047,246,C,618.590285143048,PR-20,Catch (thousand t)
tun44,2048,246,C,711.378827205323,PR-20,Catch (thousand t)
tun44,2049,246,C,818.085649941273,PR-20,Catch (thousand t)
tun44,2050,246,C,940.798492820635,PR-20,Catch (thousand t)
tun44,2025,327,C,1385.8907626811,PR-20,Catch (thousand t)
tun44,2026,327,C,1107.99999999999,PR-20,Catch (thousand t)
tun44,2027,327,C,886.399999987378,PR-20,Catch (thousand t)
tun44,2028,327,C,729.920290113186,PR-20,Catch (thousand t)
tun44,2029,327,C,839.408332816608,PR-20,Catch (thousand t)
tun44,2030,327,C,965.319583068614,PR-20,Catch (thousand t)
tun44,2031,327,C,1110.11752098178,PR-20,Catch (thousand t)
tun44,2032,327,C,1276.63514913342,PR-20,Catch (thousand t)
tun44,2033,327,C,1468.13042110993,PR-20,Catch (thousand t)
tun44,2034,327,C,1688.34998275408,PR-20,Catch (thousand t)
tun44,2035,327,C,1941.60247813787,PR-20,Catch (thousand t)
tun44,2036,327,C,2232.84283771342,PR-20,Catch (thousand t)
tun44,2037,327,C,2567.76923918836,PR-20,Catch (thousand t)
tun44,2038,327,C,2952.93467663043,PR-20,Catch (thousand t)
tun44,2039,327,C,3395.8748781249,PR-20,Catch (thousand t)
tun44,2040,327,C,3905.2561098355,PR-20,Catch (thousand t)
tun44,2041,327,C,4491.04451481212,PR-20,Catch (thousand t)
tun44,2042,327,C,3592.83562105625,PR-20,Catch (thousand t)
tun44,2043,327,C,2629.18975669134,PR-20,Catch (thousand t)
tun44,2044,327,C,1.00877468493582e-05,PR-20,Catch (thousand t)
tun44,2045,327,C,1.01043580994513e-05,PR-20,Catch (thousand t)
tun44,2046,327,C,1.00914665661049e-05,PR-20,Catch (thousand t)
tun44,2047,327,C,1.01011399653797e-05,PR-20,Catch (thousand t)
tun44,2048,327,C,1.00895287191042e-05,PR-20,Catch (thousand t)
tun44,2049,327,C,1.00984868856642e-05,PR-20,Catch (thousand t)
tun44,2050,327,C,1.00875247965207e-05,PR-20,Catch (thousand t)
tun44,2025,344,C,1385.8907626811,PR-20,Catch (thousand t)
tun44,2026,344,C,1107.99999999964,PR-20,Catch (thousand t)
tun44,2027,344,C,886.399999446486,PR-20,Catch (thousand t)
tun44,2028,344,C,1019.35999965008,PR-20,Catch (thousand t)
tun44,2029,344,C,1172.26399964126,PR-20,Catch (thousand t)
tun44,2030,344,C,1348.10359814493,PR-20,Catch (thousand t)
tun44,2031,344,C,1550.31913921121,PR-20,Catch (thousand t)
tun44,2032,344,C,1782.86700950494,PR-20,Catch (thousand t)
tun44,2033,344,C,1873.80018291488,PR-20,Catch (thousand t)
tun44,2034,344,C,1901.92539422534,PR-20,Catch (thousand t)
tun44,2035,344,C,2107.11864755315,PR-20,Catch (thousand t)
tun44,2036,344,C,2028.37619476905,PR-20,Catch (thousand t)
tun44,2037,344,C,2112.21124754348,PR-20,Catch (thousand t)
tun44,2038,344,C,2429.04291294964,PR-20,Catch (thousand t)
tun44,2039,344,C,2793.39940196153,PR-20,Catch (thousand t)
tun44,2040,344,C,3147.00425404002,PR-20,Catch (thousand t)
tun44,2041,344,C,3004.16161104474,PR-20,Catch (thousand t)
tun44,2042,344,C,2766.81673386858,PR-20,Catch (thousand t)
tun44,2043,344,C,2843.44504232772,PR-20,Catch (thousand t)
tun44,2044,344,C,2787.06708716958,PR-20,Catch (thousand t)
tun44,2045,344,C,2584.89216565937,PR-20,Catch (thousand t)
tun44,2046,344,C,2082.64170479383,PR-20,Catch (thousand t)
tun44,2047,344,C,1886.33062967232,PR-20,Catch (thousand t)
tun44,2048,344,C,1509.0645035269,PR-20,Catch (thousand t)
tun44,2049,344,C,1207.25160317742,PR-20,Catch (thousand t)
tun44,2050,344,C,965.801282380199,PR-20,Catch (thousand t)
tun44,2025,348,C,1385.8907626811,PR-20,Catch (thousand t)
tun44,2026,348,C,1107.99999999993,PR-20,Catch (thousand t)
tun44,2027,348,C,886.399999989899,PR-20,Catch (thousand t)
tun44,2028,348,C,709.11999975863,PR-20,Catch (thousand t)
tun44,2029,348,C,750.585079354018,PR-20,Catch (thousand t)
tun44,2030,348,C,863.172841927986,PR-20,Catch (thousand t)
tun44,2031,348,C,992.648768482785,PR-20,Catch (thousand t)
tun44,2032,348,C,1141.54608278855,PR-20,Catch (thousand t)
tun44,2033,348,C,1312.77799023044,PR-20,Catch (thousand t)
tun44,2034,348,C,1509.69466069019,PR-20,Catch (thousand t)
tun44,2035,348,C,1736.14890287183,PR-20,Catch (thousand t)
tun44,2036,348,C,1996.57123830256,PR-20,Catch (thousand t)
tun44,2037,348,C,2296.05692404798,PR-20,Catch (thousand t)
tun44,2038,348,C,2155.3832499706,PR-20,Catch (thousand t)
tun44,2039,348,C,2149.37965323295,PR-20,Catch (thousand t)
tun44,2040,348,C,2076.93798650933,PR-20,Catch (thousand t)
tun44,2041,348,C,1908.24920352632,PR-20,Catch (thousand t)
tun44,2042,348,C,1645.92822294791,PR-20,Catch (thousand t)
tun44,2043,348,C,1316.74257835833,PR-20,Catch (thousand t)
tun44,2044,348,C,1053.39406264157,PR-20,Catch (thousand t)
tun44,2045,348,C,842.715250149332,PR-20,Catch (thousand t)
tun44,2046,348,C,674.172193254501,PR-20,Catch (thousand t)
tun44,2047,348,C,539.337760095417,PR-20,Catch (thousand t)
tun44,2048,348,C,431.470208017097,PR-20,Catch (thousand t)
tun44,2049,348,C,486.80639047727,PR-20,Catch (thousand t)
tun44,2050,348,C,559.827347982877,PR-20,Catch (thousand t)
tun44,2025,367,C,1385.8907626811,PR-20,Catch (thousand t)
tun44,2026,367,C,1107.99999999887,PR-20,Catch (thousand t)
tun44,2027,367,C,886.399998877356,PR-20,Catch (thousand t)
tun44,2028,367,C,1019.35999581827,PR-20,Catch (thousand t)
tun44,2029,367,C,1172.26396035304,PR-20,Catch (thousand t)
tun44,2030,367,C,1348.10357904903,PR-20,Catch (thousand t)
tun44,2031,367,C,1550.31911779993,PR-20,Catch (thousand t)
tun44,2032,367,C,1782.8669927815,PR-20,Catch (thousand t)
tun44,2033,367,C,2000.03780219905,PR-20,Catch (thousand t)
tun44,2034,367,C,1797.05828392229,PR-20,Catch (thousand t)
tun44,2035,367,C,1633.2532894435,PR-20,Catch (thousand t)
tun44,2036,367,C,1652.65117851749,PR-20,Catch (thousand t)
tun44,2037,367,C,1548.0039712035,PR-20,Catch (thousand t)
tun44,2038,367,C,1330.77060026206,PR-20,Catch (thousand t)
tun44,2039,367,C,1064.6164802089,PR-20,Catch (thousand t)
tun44,2040,367,C,851.69318399012,PR-20,Catch (thousand t)
tun44,2041,367,C,692.700182567959,PR-20,Catch (thousand t)
tun44,2042,367,C,796.605209710785,PR-20,Catch (thousand t)
tun44,2043,367,C,916.095990720167,PR-20,Catch (thousand t)
tun44,2044,367,C,1053.51038849576,PR-20,Catch (thousand t)
tun44,2045,367,C,1211.53694510957,PR-20,Catch (thousand t)
tun44,2046,367,C,1393.26748382539,PR-20,Catch (thousand t)
tun44,2047,367,C,1602.25760227716,PR-20,Catch (thousand t)
tun44,2048,367,C,1842.59623753338,PR-20,Catch (thousand t)
tun44,2049,367,C,2118.98567165703,PR-20,Catch (thousand t)
tun44,2050,367,C,2436.83352237041,PR-20,Catch (thousand t)
tun44,2025,397,C,1385.8907626811,PR-20,Catch (thousand t)
tun44,2026,397,C,1107.99999999729,PR-20,Catch (thousand t)
tun44,2027,397,C,886.399999999998,PR-20,Catch (thousand t)
tun44,2028,397,C,709.119999999989,PR-20,Catch (thousand t)
tun44,2029,397,C,815.487999999997,PR-20,Catch (thousand t)
tun44,2030,397,C,937.811199999999,PR-20,Catch (thousand t)
tun44,2031,397,C,1078.48282531113,PR-20,Catch (thousand t)
tun44,2032,397,C,1240.25527592233,PR-20,Catch (thousand t)
tun44,2033,397,C,1426.2936088,PR-20,Catch (thousand t)
tun44,2034,397,C,1640.23765011999,PR-20,Catch (thousand t)
tun44,2035,397,C,1886.27329763795,PR-20,Catch (thousand t)
tun44,2036,397,C,2169.2142922825,PR-20,Catch (thousand t)
tun44,2037,397,C,2345.56960973806,PR-20,Catch (thousand t)
tun44,2038,397,C,2257.19621914074,PR-20,Catch (thousand t)
tun44,2039,397,C,2071.55814836,PR-20,Catch (thousand t)
tun44,2040,397,C,2142.36747452647,PR-20,Catch (thousand t)
tun44,2041,397,C,1922.60508654341,PR-20,Catch (thousand t)
tun44,2042,397,C,2174.37246787873,PR-20,Catch (thousand t)
tun44,2043,397,C,1956.58313216719,PR-20,Catch (thousand t)
tun44,2044,397,C,2005.15855369142,PR-20,Catch (thousand t)
tun44,2045,397,C,1604.12683917295,PR-20,Catch (thousand t)
tun44,2046,397,C,1283.30147445502,PR-20,Catch (thousand t)
tun44,2047,397,C,1026.64117956322,PR-20,Catch (thousand t)
tun44,2048,397,C,821.312943445012,PR-20,Catch (thousand t)
tun44,2049,397,C,657.05032844947,PR-20,Catch (thousand t)
tun44,2050,397,C,533.644460333876,PR-20,Catch (thousand t)
tun44,2025,498,C,1385.8907626811,PR-20,Catch (thousand t)
tun44,2026,498,C,1108,PR-20,Catch (thousand t)
tun44,2027,498,C,886.399999939852,PR-20,Catch (thousand t)
tun44,2028,498,C,709.119998798306,PR-20,Catch (thousand t)
tun44,2029,498,C,661.58476329493,PR-20,Catch (thousand t)
tun44,2030,498,C,760.822479344278,PR-20,Catch (thousand t)
tun44,2031,498,C,874.945856831837,PR-20,Catch (thousand t)
tun44,2032,498,C,849.454540017374,PR-20,Catch (thousand t)
tun44,2033,498,C,976.872707948593,PR-20,Catch (thousand t)
tun44,2034,498,C,1123.40359790111,PR-20,Catch (thousand t)
tun44,2035,498,C,1291.91418019159,PR-20,Catch (thousand t)
tun44,2036,498,C,1485.70130722028,PR-20,Catch (thousand t)
tun44,2037,498,C,1708.55650330225,PR-20,Catch (thousand t)
tun44,2038,498,C,1964.83997879877,PR-20,Catch (thousand t)
tun44,2039,498,C,1935.77081434857,PR-20,Catch (thousand t)
tun44,2040,498,C,1804.59730154186,PR-20,Catch (thousand t)
tun44,2041,498,C,1563.68544734227,PR-20,Catch (thousand t)
tun44,2042,498,C,1250.94835787056,PR-20,Catch (thousand t)
tun44,2043,498,C,1128.40282239276,PR-20,Catch (thousand t)
tun44,2044,498,C,1275.76690124966,PR-20,Catch (thousand t)
tun44,2045,498,C,1467.13193486363,PR-20,Catch (thousand t)
tun44,2046,498,C,1597.49722812792,PR-20,Catch (thousand t)
tun44,2047,498,C,1670.20096026126,PR-20,Catch (thousand t)
tun44,2048,498,C,1817.90469941286,PR-20,Catch (thousand t)
tun44,2049,498,C,2090.59034335875,PR-20,Catch (thousand t)
tun44,2050,498,C,2404.1789977187,PR-20,Catch (thousand t)
