simulation_id,evaluation_draw_id,pooled_draw,chain,retained_iteration,sampler_iteration,year,stock_id,ssb_kt,f_mean_all_ages_per_year,ssbmsy_reference_kt,fmsy_year_per_year,ssb_over_ssbmsy,f_over_fmsy,ssbmsy_year_kt,native_f_over_fmsy,ssb_reference_start_year,ssb_reference_end_year,selection_seed
draw-001,1,45,1,45,1045,2007,1,3349.12,0.8880594425,4927.994,0.236516,0.679611217059112,3.7547541921054,4803,3.75475,2017,2026,20260910
draw-001,1,45,1,45,1045,2008,1,2159.51,0.801889941666667,4927.994,0.190494,0.438212790031806,4.20952860282564,4718.4,4.20953,2017,2026,20260910
draw-001,1,45,1,45,1045,2009,1,1659.51,0.794717718333334,4927.994,0.182425,0.336751627538508,4.3564079393358,4414.6,4.3564,2017,2026,20260910
draw-001,1,45,1,45,1045,2010,1,1593.27,0.47604506175,4927.994,0.153427,0.323310052731395,3.10274633376133,4569.87,3.10275,2017,2026,20260910
draw-001,1,45,1,45,1045,2011,1,1455.94,0.45800427,4927.994,0.167299,0.295442729840986,2.73763901756735,4669.67,2.73764,2017,2026,20260910
draw-001,1,45,1,45,1045,2012,1,1420.33,0.367999986666667,4927.994,0.17852,0.288216665848213,2.06139360669206,4779.22,2.06139,2017,2026,20260910
draw-001,1,45,1,45,1045,2013,1,1463.63,0.388908388083334,4927.994,0.212261,0.297003202520133,1.83221782655944,5125.99,1.83222,2017,2026,20260910
draw-001,1,45,1,45,1045,2014,1,1663.51,0.432185738166667,4927.994,0.236516,0.337563316838454,1.82730021718052,5221.15,1.8273,2017,2026,20260910
draw-001,1,45,1,45,1045,2015,1,1964.31,0.416371159166667,4927.994,0.313353,0.398602352194422,1.32876072406094,4570.77,1.32876,2017,2026,20260910
draw-001,1,45,1,45,1045,2016,1,2410.19,0.447804023108333,4927.994,0.33437,0.489081358459446,1.33924701112042,4918.89,1.33925,2017,2026,20260910
draw-001,1,45,1,45,1045,2017,1,3126.84,0.398746047475,4927.994,0.300081,0.634505642661091,1.32879471700974,5073.85,1.3288,2017,2026,20260910
draw-001,1,45,1,45,1045,2018,1,4108.01,0.380512531833333,4927.994,0.269307,0.83360694026819,1.41293219943534,5585.05,1.41293,2017,2026,20260910
draw-001,1,45,1,45,1045,2019,1,4825.94,0.3548943205,4927.994,0.28737,0.979290965045818,1.23497345060375,5137.04,1.23497,2017,2026,20260910
draw-001,1,45,1,45,1045,2020,1,5385.08,0.546373046166667,4927.994,0.493617,1.09275295383882,1.10687647744439,5051.19,1.10688,2017,2026,20260910
draw-001,1,45,1,45,1045,2021,1,6002.51,0.60537282825,4927.994,0.626279,1.2180432849553,0.966618437230052,4891.64,0.966619,2017,2026,20260910
draw-001,1,45,1,45,1045,2022,1,6432.76,0.608471503333333,4927.994,0.847889,1.30535061528078,0.717631085358264,4637.79,0.717631,2017,2026,20260910
draw-001,1,45,1,45,1045,2023,1,6316.1,0.713744584416667,4927.994,0.728708,1.28167769684785,0.979465827761829,4980.7,0.979465,2017,2026,20260910
draw-001,1,45,1,45,1045,2024,1,6197.99,1.06187414925,4927.994,1.09929,1.25771054104368,0.965963621291925,4773.84,0.96596,2017,2026,20260910
draw-001,1,45,1,45,1045,2025,1,6602.92,1.03599029358333,4927.994,1.00814,1.3398798781005,1.02762542264302,4498.87,1.02762,2017,2026,20260910
draw-001,1,45,1,45,1045,2026,1,6686.2,0.710248939583333,4927.994,0.744648,1.35677924932538,0.953804938149747,4649.97,0.953805,2017,2026,20260910
draw-002,2,129,1,129,1129,2007,1,3712.48,0.942102520833333,8870.503,0.263542,0.418519671319653,3.57477184218581,8941.07,3.57477,2017,2026,20260910
draw-002,2,129,1,129,1129,2008,1,2565.89,0.680920915,8870.503,0.190494,0.289260935935651,3.57450058794503,8744.28,3.5745,2017,2026,20260910
draw-002,2,129,1,129,1129,2009,1,1984.04,0.75650156,8870.503,0.194661,0.223667135899734,3.88625127786254,8162.85,3.88625,2017,2026,20260910
draw-002,2,129,1,129,1129,2010,1,1774.86,0.48177983725,8870.503,0.163718,0.200085609575917,2.94274201523351,8341.33,2.94275,2017,2026,20260910
draw-002,2,129,1,129,1129,2011,1,1587.58,0.380070365,8870.503,0.174699,0.178972939865981,2.17557264208725,8640.17,2.17558,2017,2026,20260910
draw-002,2,129,1,129,1129,2012,1,1537.64,0.338830984166667,8870.503,0.182425,0.173343044920902,1.85737143574985,8840.66,1.85737,2017,2026,20260910
draw-002,2,129,1,129,1129,2013,1,1643.97,0.266333725083333,8870.503,0.182425,0.185329963813777,1.45996286190672,9016.67,1.45996,2017,2026,20260910
draw-002,2,129,1,129,1129,2014,1,1903.67,0.317646368916667,8870.503,0.226498,0.214606770326328,1.40242460823789,9311.47,1.40242,2017,2026,20260910
draw-002,2,129,1,129,1129,2015,1,2200.76,0.332636968666667,8870.503,0.28737,0.24809867039107,1.15752155293408,8297.73,1.15752,2017,2026,20260910
draw-002,2,129,1,129,1129,2016,1,2585.94,0.29256129475,8870.503,0.281219,0.291521236168907,1.04033260466043,8628.4,1.04033,2017,2026,20260910
draw-002,2,129,1,129,1129,2017,1,3302.52,0.292927123941667,8870.503,0.269307,0.372303577373234,1.08770705529996,8995.16,1.08771,2017,2026,20260910
draw-002,2,129,1,129,1129,2018,1,4308.24,0.399571336583333,8870.503,0.275198,0.48568158987151,1.4519412807627,10120.7,1.45194,2017,2026,20260910
draw-002,2,129,1,129,1129,2019,1,5135.89,0.316818043416667,8870.503,0.275198,0.578985205235825,1.15123672198441,9247.01,1.15123,2017,2026,20260910
draw-002,2,129,1,129,1129,2020,1,5624.22,0.369264617333333,8870.503,0.372578,0.634036198398219,0.991106875159921,9114.47,0.991107,2017,2026,20260910
draw-002,2,129,1,129,1129,2021,1,6159.49,0.444750794,8870.503,0.538248,0.694378886969544,0.826293444657481,8645.92,0.826294,2017,2026,20260910
draw-002,2,129,1,129,1129,2022,1,6486.76,0.512630640416667,8870.503,0.760938,0.731273074367936,0.673682534472804,8397.82,0.673681,2017,2026,20260910
draw-002,2,129,1,129,1129,2023,1,6179.57,0.555654920166667,8870.503,0.639979,0.696642569198161,0.868239301862509,8953.37,0.868238,2017,2026,20260910
draw-002,2,129,1,129,1129,2024,1,5809.09,0.797120813416666,8870.503,0.777584,0.65487718114745,1.02512501982637,8786.57,1.02512,2017,2026,20260910
draw-002,2,129,1,129,1129,2025,1,6152.38,0.776212645583333,8870.503,0.653979,0.693577354068873,1.18690760037147,8077.03,1.18691,2017,2026,20260910
draw-002,2,129,1,129,1129,2026,1,6379.87,0.53451551175,8870.503,0.550022,0.719223024894981,0.971807512699492,8366.98,0.971809,2017,2026,20260910
draw-003,3,150,1,150,1150,2007,1,3471.45,0.871414361666667,5994.657,0.236516,0.579090680250763,3.68437806180837,5719.25,3.68438,2017,2026,20260910
draw-003,3,150,1,150,1150,2008,1,2406.06,0.681705323333333,5994.657,0.17852,0.401367417685449,3.81864958174621,5533.77,3.81865,2017,2026,20260910
draw-003,3,150,1,150,1150,2009,1,1875.89,0.757291945833333,5994.657,0.194661,0.312926994822223,3.8903115972554,5362.65,3.89031,2017,2026,20260910
draw-003,3,150,1,150,1150,2010,1,1690.17,0.545054614583333,5994.657,0.163718,0.281946072977987,3.32922839628711,5527.53,3.32923,2017,2026,20260910
draw-003,3,150,1,150,1150,2011,1,1536.36,0.486766608333334,5994.657,0.174699,0.256288224664063,2.7863159396066,5866.37,2.78632,2017,2026,20260910
draw-003,3,150,1,150,1150,2012,1,1549.62,0.392804574166667,5994.657,0.186416,0.258500194423134,2.10713980649014,5962.86,2.10714,2017,2026,20260910
draw-003,3,150,1,150,1150,2013,1,1715.12,0.298018861083333,5994.657,0.194661,0.28610811260761,1.53096337264955,6189.01,1.53096,2017,2026,20260910
draw-003,3,150,1,150,1150,2014,1,2043.64,0.314008587333333,5994.657,0.221649,0.340910247241836,1.41669300260021,6159.13,1.41669,2017,2026,20260910
draw-003,3,150,1,150,1150,2015,1,2434.35,0.390861227416666,5994.657,0.33437,0.40608662013523,1.1689482531826,5555.11,1.16895,2017,2026,20260910
draw-003,3,150,1,150,1150,2016,1,2822.44,0.325355301916667,5994.657,0.320208,0.470825937163711,1.0160748698242,5814.86,1.01608,2017,2026,20260910
draw-003,3,150,1,150,1150,2017,1,3415.44,0.383602157258333,5994.657,0.327212,0.569747360024102,1.17233523604982,6250.61,1.17233,2017,2026,20260910
draw-003,3,150,1,150,1150,2018,1,4431.2,0.407123734666667,5994.657,0.281219,0.739191583438385,1.44771062647498,6896.24,1.44771,2017,2026,20260910
draw-003,3,150,1,150,1150,2019,1,5284.27,0.3829395955,5994.657,0.313353,0.881496639424074,1.2220709407601,6464.37,1.22207,2017,2026,20260910
draw-003,3,150,1,150,1150,2020,1,5717.2,0.518409508,5994.657,0.550022,0.953715950720784,0.942525040816549,6106.8,0.942523,2017,2026,20260910
draw-003,3,150,1,150,1150,2021,1,6392.68,0.500901464916667,5994.657,0.626279,1.0663962925652,0.799805621642537,5842.84,0.799805,2017,2026,20260910
draw-003,3,150,1,150,1150,2022,1,6979.34,0.51195966775,5994.657,0.760938,1.16426010695858,0.672800763991284,5480.84,0.6728,2017,2026,20260910
draw-003,3,150,1,150,1150,2023,1,6865.83,0.572248081416667,5994.657,0.713108,1.14532491183399,0.80247042722374,5931.6,0.802469,2017,2026,20260910
draw-003,3,150,1,150,1150,2024,1,6269.81,0.99909408675,5994.657,1.05273,1.04589970702244,0.949050646177082,5847.43,0.949049,2017,2026,20260910
draw-003,3,150,1,150,1150,2025,1,6108.06,0.936914897333333,5994.657,0.866437,1.01891734589652,1.08134220645394,5396.85,1.08134,2017,2026,20260910
draw-003,3,150,1,150,1150,2026,1,6289.12,0.823839736833333,5994.657,1.07576,1.04912090883599,0.765821128163655,5728.99,0.76582,2017,2026,20260910
draw-004,4,181,1,181,1181,2007,1,3476.55,0.916724153333334,6054.635,0.263542,0.574196462709974,3.47847460113885,5841.06,3.47848,2017,2026,20260910
draw-004,4,181,1,181,1181,2008,1,2276.26,0.795879490833333,6054.635,0.207717,0.375953298588602,3.83155683373693,5741.41,3.83155,2017,2026,20260910
draw-004,4,181,1,181,1181,2009,1,1774.05,0.816304100833334,6054.635,0.194661,0.293006927750393,4.19346505377725,5371.25,4.19346,2017,2026,20260910
draw-004,4,181,1,181,1181,2010,1,1610.26,0.518177686,6054.635,0.163718,0.265954925441418,3.16506239998046,5470.42,3.16507,2017,2026,20260910
draw-004,4,181,1,181,1181,2011,1,1430.09,0.519805929166667,6054.635,0.182425,0.236197557738823,2.8494226622813,5682.8,2.84942,2017,2026,20260910
draw-004,4,181,1,181,1181,2012,1,1399.98,0.389580564166667,6054.635,0.17852,0.231224508166058,2.18227965587422,6077.39,2.18228,2017,2026,20260910
draw-004,4,181,1,181,1181,2013,1,1549.82,0.326345146166667,6054.635,0.198919,0.25597249049695,1.6405931367374,6034.36,1.64059,2017,2026,20260910
draw-004,4,181,1,181,1181,2014,1,1837.54,0.40978557175,6054.635,0.246977,0.303493108998313,1.65920539868085,6425.45,1.65921,2017,2026,20260910
draw-004,4,181,1,181,1181,2015,1,2187.94,0.379440727583334,6054.635,0.327212,0.361366126942417,1.15961739662156,5588.55,1.15962,2017,2026,20260910
draw-004,4,181,1,181,1181,2016,1,2641.96,0.361990219416667,6054.635,0.33437,0.436353306186087,1.08260376055468,5873.51,1.0826,2017,2026,20260910
draw-004,4,181,1,181,1181,2017,1,3352.12,0.4758660243,6054.635,0.356797,0.553645265156364,1.33371643903957,6503.63,1.33372,2017,2026,20260910
draw-004,4,181,1,181,1181,2018,1,4351.37,0.446229567416667,6054.635,0.300081,0.71868411555775,1.48703039318273,7097.67,1.48703,2017,2026,20260910
draw-004,4,181,1,181,1181,2019,1,5058.61,0.41407909975,6054.635,0.313353,0.835493799378493,1.32144609992564,6574.04,1.32145,2017,2026,20260910
draw-004,4,181,1,181,1181,2020,1,5519.02,0.475184997833333,6054.635,0.526725,0.911536368418575,0.902150074200642,6073.58,0.902152,2017,2026,20260910
draw-004,4,181,1,181,1181,2021,1,5965.05,0.558479521833333,6054.635,0.682904,0.985203897509924,0.817800923458251,5965.4,0.817802,2017,2026,20260910
draw-004,4,181,1,181,1181,2022,1,6082.16,0.685149422583334,6054.635,0.88539,1.00454610393525,0.773839124660696,5729.28,0.773838,2017,2026,20260910
draw-004,4,181,1,181,1181,2023,1,5759.09,0.754179891499999,6054.635,0.744648,0.951186983195519,1.0128005332721,6066.12,1.0128,2017,2026,20260910
draw-004,4,181,1,181,1181,2024,1,5301.89,1.08538706383333,6054.635,1.0302,0.875674586494479,1.05356927182424,5950.91,1.05357,2017,2026,20260910
draw-004,4,181,1,181,1181,2025,1,5588.15,1.07366837433333,6054.635,0.904759,0.922954067421075,1.18668990784655,5351.83,1.18669,2017,2026,20260910
draw-004,4,181,1,181,1181,2026,1,5836.89,0.582212779916667,6054.635,0.653979,0.964036643001601,0.890262194836022,5233.89,0.890263,2017,2026,20260910
draw-005,5,210,1,210,1210,2007,1,3437.22,0.84029524,8712.364,0.24169,0.394522083788051,3.476748065704,8266.02,3.47675,2017,2026,20260910
draw-005,5,210,1,210,1210,2008,1,2429.84,0.722645853333333,8712.364,0.198919,0.278895601698919,3.63286490145905,8254.58,3.63286,2017,2026,20260910
draw-005,5,210,1,210,1210,2009,1,1914.74,0.846928090833333,8712.364,0.198919,0.219772727585762,4.25765306900463,7736.58,4.25765,2017,2026,20260910
draw-005,5,210,1,210,1210,2010,1,1761.22,0.526330483583334,8712.364,0.167299,0.202151792555958,3.14604679994102,7980.69,3.14604,2017,2026,20260910
draw-005,5,210,1,210,1210,2011,1,1605.73,0.415941828333333,8712.364,0.17852,0.18430474208837,2.32994526290238,8343.23,2.32994,2017,2026,20260910
draw-005,5,210,1,210,1210,2012,1,1607.13,0.373610505,8712.364,0.190494,0.18446543326243,1.96127177233929,8929.33,1.96127,2017,2026,20260910
draw-005,5,210,1,210,1210,2013,1,1725.42,0.3856209375,8712.364,0.221649,0.198042689676419,1.73978198638388,9821.22,1.73978,2017,2026,20260910
draw-005,5,210,1,210,1210,2014,1,1981.71,0.464466733333333,8712.364,0.275198,0.227459504676343,1.68775475596964,9691.86,1.68775,2017,2026,20260910
draw-005,5,210,1,210,1210,2015,1,2311.4,0.45153272675,8712.364,0.415152,0.265301128373424,1.0876323051557,8160.78,1.08763,2017,2026,20260910
draw-005,5,210,1,210,1210,2016,1,2701.38,0.401601617,8712.364,0.380728,0.310062802701999,1.05482553686621,8616.37,1.05483,2017,2026,20260910
draw-005,5,210,1,210,1210,2017,1,3446.07,0.463149590583334,8712.364,0.372578,0.395537881566932,1.24309430665078,9482.94,1.24309,2017,2026,20260910
draw-005,5,210,1,210,1210,2018,1,4579.82,0.560476924166667,8712.364,0.320208,0.5256690377032,1.75035265879262,10481.1,1.75035,2017,2026,20260910
draw-005,5,210,1,210,1210,2019,1,5546.88,0.41643253,8712.364,0.364602,0.636667613979398,1.14215646101777,8744.49,1.14216,2017,2026,20260910
draw-005,5,210,1,210,1210,2020,1,6147.69,0.447507123833333,8712.364,0.504415,0.705628231327341,0.887180444343117,8661.44,0.88718,2017,2026,20260910
draw-005,5,210,1,210,1210,2021,1,6717.77,0.562424026416667,8712.364,0.744648,0.771061677404663,0.755288440198143,8539.75,0.755289,2017,2026,20260910
draw-005,5,210,1,210,1210,2022,1,6953.93,0.595603824,8712.364,0.904759,0.798167982880422,0.658301076861352,8057.14,0.658303,2017,2026,20260910
draw-005,5,210,1,210,1210,2023,1,6719.71,0.634140135333333,8712.364,0.866437,0.771284349460147,0.731894108092491,8665.72,0.731896,2017,2026,20260910
draw-005,5,210,1,210,1210,2024,1,6280.24,1.136492468,8712.364,1.30707,0.720842242128543,0.869496253452378,8431.01,0.869498,2017,2026,20260910
draw-005,5,210,1,210,1210,2025,1,6328.34,0.983997418666667,8712.364,0.965443,0.726363131751612,1.01921855424574,7771.73,1.01922,2017,2026,20260910
draw-005,5,210,1,210,1210,2026,1,6512.89,0.68163768175,8712.364,1.00814,0.747545671875051,0.67613395138572,8288.32,0.676133,2017,2026,20260910
draw-006,6,239,1,239,1239,2007,1,3770.26,0.955255014166667,5287.079,0.275198,0.71310831557463,3.47115536510682,5279.64,3.47115,2017,2026,20260910
draw-006,6,239,1,239,1239,2008,1,2420.51,0.7720954025,5287.079,0.198919,0.457816121151207,3.88145628371347,5189.4,3.88145,2017,2026,20260910
draw-006,6,239,1,239,1239,2009,1,1800.03,0.777101678333334,5287.079,0.194661,0.340458313560285,3.99207688408738,4813.28,3.99208,2017,2026,20260910
draw-006,6,239,1,239,1239,2010,1,1641.78,0.522779170583334,5287.079,0.160213,0.310526852350797,3.26302591289929,4821.33,3.26303,2017,2026,20260910
draw-006,6,239,1,239,1239,2011,1,1512.92,0.424732548333334,5287.079,0.160213,0.286154226180468,2.65104921781212,5125.68,2.65105,2017,2026,20260910
draw-006,6,239,1,239,1239,2012,1,1554.15,0.368131391666667,5287.079,0.174699,0.293952483025126,2.10723239209536,5293.7,2.10724,2017,2026,20260910
draw-006,6,239,1,239,1239,2013,1,1650.71,0.373162756166667,5287.079,0.207717,0.312215875722682,1.79649598331704,5693.64,1.79649,2017,2026,20260910
draw-006,6,239,1,239,1239,2014,1,1875.52,0.370434024916667,5287.079,0.236516,0.354736518973898,1.56621127076674,5657.43,1.56621,2017,2026,20260910
draw-006,6,239,1,239,1239,2015,1,2177.62,0.37248672175,5287.079,0.320208,0.411875820278078,1.16326488329461,4906.7,1.16327,2017,2026,20260910
draw-006,6,239,1,239,1239,2016,1,2522.72,0.381877489666666,5287.079,0.320208,0.47714815685561,1.19259197042755,5123.77,1.19259,2017,2026,20260910
draw-006,6,239,1,239,1239,2017,1,3185.45,0.38165994895,5287.079,0.28737,0.602497144453488,1.32811340414796,5469.07,1.32811,2017,2026,20260910
draw-006,6,239,1,239,1239,2018,1,4080.71,0.434604997833333,5287.079,0.293657,0.771826938844682,1.47997492936771,6238.66,1.47998,2017,2026,20260910
draw-006,6,239,1,239,1239,2019,1,4743.43,0.412312995416666,5287.079,0.306645,0.897174035039008,1.34459389657965,5969.03,1.34459,2017,2026,20260910
draw-006,6,239,1,239,1239,2020,1,5083.59,0.481244577916667,5287.079,0.452688,0.96151201826188,1.06308225072603,5445.58,1.06308,2017,2026,20260910
draw-006,6,239,1,239,1239,2021,1,5379.85,0.600510579666667,5287.079,0.668285,1.01754673989172,0.898584555491544,5128.99,0.898585,2017,2026,20260910
draw-006,6,239,1,239,1239,2022,1,5730.57,0.609185899083334,5287.079,0.794594,1.08388204526545,0.766663099750733,4974.95,0.766662,2017,2026,20260910
draw-006,6,239,1,239,1239,2023,1,5891.38,0.6491472155,5287.079,0.697843,1.11429770578423,0.930219570161197,5127.41,0.930218,2017,2026,20260910
draw-006,6,239,1,239,1239,2024,1,5785.61,0.904302413,5287.079,0.829738,1.09429233041534,1.08986500919567,5083.55,1.08986,2017,2026,20260910
draw-006,6,239,1,239,1239,2025,1,6290.61,0.895966183,5287.079,0.760938,1.18980820978843,1.17744965161419,4685.21,1.17745,2017,2026,20260910
draw-006,6,239,1,239,1239,2026,1,6711.37,0.847758709,5287.079,0.904759,1.26939090563996,0.936999476103581,4748.34,0.936999,2017,2026,20260910
draw-007,7,310,1,310,1310,2007,1,3792.15,0.807607562083333,7045.135,0.246977,0.538265058086183,3.26997073445436,7110.41,3.26997,2017,2026,20260910
draw-007,7,310,1,310,1310,2008,1,2603.24,0.639956264083333,7045.135,0.17852,0.369508888048277,3.58478749766599,6962.42,3.58479,2017,2026,20260910
draw-007,7,310,1,310,1310,2009,1,1943.82,0.7025707985,7045.135,0.182425,0.275909546091026,3.85128572564067,6458.52,3.85128,2017,2026,20260910
draw-007,7,310,1,310,1310,2010,1,1713.47,0.47430242875,7045.135,0.156783,0.243213224444954,3.02521592742836,6644.86,3.02521,2017,2026,20260910
draw-007,7,310,1,310,1310,2011,1,1533.81,0.381891504166667,7045.135,0.160213,0.217711938805999,2.38364866875139,7064,2.38365,2017,2026,20260910
draw-007,7,310,1,310,1310,2012,1,1474.52,0.353692268333333,7045.135,0.170959,0.209296202272916,2.06887188351203,7262.77,2.06887,2017,2026,20260910
draw-007,7,310,1,310,1310,2013,1,1518.46,0.347974702083333,7045.135,0.194661,0.215533130309071,1.78759331393208,7464.94,1.78759,2017,2026,20260910
draw-007,7,310,1,310,1310,2014,1,1753.53,0.326709982,7045.135,0.212261,0.248899417825208,1.5391898747297,7198.23,1.53919,2017,2026,20260910
draw-007,7,310,1,310,1310,2015,1,2114.33,0.306220330583333,7045.135,0.257901,0.300112063147122,1.18735611953165,6519.35,1.18736,2017,2026,20260910
draw-007,7,310,1,310,1310,2016,1,2557.78,0.306026173833333,7045.135,0.257901,0.363056208291254,1.1866032851107,6773.52,1.18661,2017,2026,20260910
draw-007,7,310,1,310,1310,2017,1,3204.48,0.292664714166667,7045.135,0.257901,0.454850049005449,1.13479480175209,7050.14,1.1348,2017,2026,20260910
draw-007,7,310,1,310,1310,2018,1,4030.38,0.37826307375,7045.135,0.263542,0.572079882074652,1.43530470949602,7971.21,1.4353,2017,2026,20260910
draw-007,7,310,1,310,1310,2019,1,4604.53,0.328182267833333,7045.135,0.275198,0.65357583637503,1.19253144221009,7235.55,1.19253,2017,2026,20260910
draw-007,7,310,1,310,1310,2020,1,4908.5,0.38035651225,7045.135,0.356797,0.696721922291056,1.06603057831204,7291.61,1.06603,2017,2026,20260910
draw-007,7,310,1,310,1310,2021,1,5462.17,0.493514686666667,7045.135,0.550022,0.775310906036577,0.89726353976144,6895.39,0.897263,2017,2026,20260910
draw-007,7,310,1,310,1310,2022,1,5849.14,0.488690742583334,7045.135,0.626279,0.830238171447389,0.780308365095003,6712.82,0.780309,2017,2026,20260910
draw-007,7,310,1,310,1310,2023,1,5658.45,0.543517946583333,7045.135,0.550022,0.803171266412922,0.98817492133648,7054.47,0.988175,2017,2026,20260910
draw-007,7,310,1,310,1310,2024,1,5231.8,0.822647503666667,7045.135,0.682904,0.742611745552073,1.20463125661391,7024.49,1.20463,2017,2026,20260910
draw-007,7,310,1,310,1310,2025,1,5203.92,0.877623978083333,7045.135,0.713108,0.738654404777197,1.23070275201419,6639.47,1.2307,2017,2026,20260910
draw-007,7,310,1,310,1310,2026,1,5171.97,0.759198142666667,7045.135,0.728708,0.734119360381313,1.04184137221859,6576.2,1.04184,2017,2026,20260910
draw-008,8,351,1,351,1351,2007,1,3759.48,0.694423898333333,6510.11,0.236516,0.577483329774766,2.93605463619093,6204.15,2.93605,2017,2026,20260910
draw-008,8,351,1,351,1351,2008,1,2573.28,0.6179923825,6510.11,0.186416,0.39527442700661,3.31512521725603,6127.33,3.31512,2017,2026,20260910
draw-008,8,351,1,351,1351,2009,1,1897.5,0.711686825,6510.11,0.182425,0.291469729390133,3.9012570919556,5795.81,3.90125,2017,2026,20260910
draw-008,8,351,1,351,1351,2010,1,1760.4,0.442012004,6510.11,0.156783,0.270410177400996,2.81925976668389,5829.09,2.81925,2017,2026,20260910
draw-008,8,351,1,351,1351,2011,1,1636.32,0.381384773333333,6510.11,0.167299,0.251350591618268,2.27965961143422,6178.08,2.27966,2017,2026,20260910
draw-008,8,351,1,351,1351,2012,1,1611.51,0.329545468333333,6510.11,0.182425,0.247539596105135,1.80647097894112,6653.23,1.80647,2017,2026,20260910
draw-008,8,351,1,351,1351,2013,1,1682.6,0.2846353475,6510.11,0.190494,0.258459534477912,1.49419586706143,6825.46,1.4942,2017,2026,20260910
draw-008,8,351,1,351,1351,2014,1,1899.81,0.359146525,6510.11,0.236516,0.291824562104173,1.51848722707978,7033.62,1.51849,2017,2026,20260910
draw-008,8,351,1,351,1351,2015,1,2191.07,0.363931955416667,6510.11,0.313353,0.336564205520337,1.16141206695537,6116.74,1.16141,2017,2026,20260910
draw-008,8,351,1,351,1351,2016,1,2640.33,0.323014133083333,6510.11,0.293657,0.405573792147905,1.09997082679226,6273.33,1.09997,2017,2026,20260910
draw-008,8,351,1,351,1351,2017,1,3353.19,0.357237221,6510.11,0.300081,0.515074246057286,1.19046930995298,6829.91,1.19047,2017,2026,20260910
draw-008,8,351,1,351,1351,2018,1,4440.24,0.422687006416667,6510.11,0.28737,0.682052991424108,1.47088076840542,7646.53,1.47088,2017,2026,20260910
draw-008,8,351,1,351,1351,2019,1,5283.65,0.34243224175,6510.11,0.293657,0.811606869930001,1.16609596144482,6621.69,1.1661,2017,2026,20260910
draw-008,8,351,1,351,1351,2020,1,5726.76,0.406727194166667,6510.11,0.415152,0.879671772059151,0.979706695780501,6621.4,0.979707,2017,2026,20260910
draw-008,8,351,1,351,1351,2021,1,6163.26,0.462684154916667,6510.11,0.574349,0.946721330361545,0.805580152340592,6369.74,0.80558,2017,2026,20260910
draw-008,8,351,1,351,1351,2022,1,6270.19,0.47053736425,6510.11,0.682904,0.963146552055188,0.689024173602731,6257.34,0.689026,2017,2026,20260910
draw-008,8,351,1,351,1351,2023,1,5971.16,0.5161392555,6510.11,0.586913,0.917213380419071,0.879413568109754,6501.37,0.879413,2017,2026,20260910
draw-008,8,351,1,351,1351,2024,1,5624.59,0.813669658,6510.11,0.811976,0.863977720806561,1.00208584736495,6366.39,1.00209,2017,2026,20260910
draw-008,8,351,1,351,1351,2025,1,5584.37,0.8097606365,6510.11,0.653979,0.857799637794139,1.23820586976034,5906.55,1.2382,2017,2026,20260910
draw-008,8,351,1,351,1351,2026,1,5725.21,0.552040496916667,6510.11,0.612872,0.879433680844102,0.900743543377193,5980.18,0.900743,2017,2026,20260910
draw-009,9,353,1,353,1353,2007,1,3679.32,0.812512810833334,6144.367,0.246977,0.598811887375868,3.28983189055391,5968.9,3.28983,2017,2026,20260910
draw-009,9,353,1,353,1353,2008,1,2522.7,0.666211564166667,6144.367,0.203271,0.41057117844686,3.27745504359533,5911.77,3.27746,2017,2026,20260910
draw-009,9,353,1,353,1353,2009,1,1923.24,0.688954625,6144.367,0.186416,0.313008646781678,3.69579126791692,5526.43,3.69579,2017,2026,20260910
draw-009,9,353,1,353,1353,2010,1,1759.68,0.462464628666667,6144.367,0.160213,0.286389143096433,2.88656119457639,5627.29,2.88656,2017,2026,20260910
draw-009,9,353,1,353,1353,2011,1,1582.33,0.384840476666667,6144.367,0.170959,0.257525307326206,2.25106883326801,5835.6,2.25107,2017,2026,20260910
draw-009,9,353,1,353,1353,2012,1,1565,0.336889276666667,6144.367,0.17852,0.254704837780686,1.88712344088431,6256.15,1.88712,2017,2026,20260910
draw-009,9,353,1,353,1353,2013,1,1742.89,0.282208623,6144.367,0.186416,0.283656558926249,1.51386481310617,6489.11,1.51386,2017,2026,20260910
draw-009,9,353,1,353,1353,2014,1,2019.01,0.313884972833333,6144.367,0.226498,0.328595280848296,1.38581785637548,6644.9,1.38582,2017,2026,20260910
draw-009,9,353,1,353,1353,2015,1,2308.47,0.32346687575,6144.367,0.313353,0.375705097042543,1.03227630100877,5775.68,1.03228,2017,2026,20260910
draw-009,9,353,1,353,1353,2016,1,2685.32,0.297863893666667,6144.367,0.306645,0.437037696478742,0.971363934408409,5993.17,0.971365,2017,2026,20260910
draw-009,9,353,1,353,1353,2017,1,3245.51,0.282212464558333,6144.367,0.28737,0.528209008348622,0.982052630957766,6251.88,0.982051,2017,2026,20260910
draw-009,9,353,1,353,1353,2018,1,4018.31,0.434733750916667,6144.367,0.293657,0.65398274549681,1.48041337654702,7294.12,1.48042,2017,2026,20260910
draw-009,9,353,1,353,1353,2019,1,4704.83,0.371832520416667,6144.367,0.306645,0.765714352674572,1.21258302081125,6668.8,1.21258,2017,2026,20260910
draw-009,9,353,1,353,1353,2020,1,5172.8,0.418377685083333,6144.367,0.452688,0.841876795445324,0.92420758907533,6192.83,0.924209,2017,2026,20260910
draw-009,9,353,1,353,1353,2021,1,5723.21,0.505997389166667,6144.367,0.599752,0.931456405517444,0.843677702061296,5994.3,0.843678,2017,2026,20260910
draw-009,9,353,1,353,1353,2022,1,5963.8,0.51911028525,6144.367,0.668285,0.970612595243741,0.776779794922825,5789.82,0.776781,2017,2026,20260910
draw-009,9,353,1,353,1353,2023,1,5673.79,0.633417642666667,6144.367,0.626279,0.923413266167206,1.01139850237141,6213.27,1.0114,2017,2026,20260910
draw-009,9,353,1,353,1353,2024,1,5220.48,0.832222503166666,6144.367,0.777584,0.849636748586144,1.07026701059521,6015.27,1.07027,2017,2026,20260910
draw-009,9,353,1,353,1353,2025,1,5049.4,0.882908374916667,6144.367,0.653979,0.821793359673991,1.35005615611001,5438.47,1.35006,2017,2026,20260910
draw-009,9,353,1,353,1353,2026,1,5041.37,0.69561270125,6144.367,0.626279,0.820486471592598,1.11070737043714,5584.91,1.11071,2017,2026,20260910
draw-010,10,388,1,388,1388,2007,1,3336.72,1.1418897275,7644.477,0.281219,0.436487676004519,4.06049992176916,7405.89,4.06051,2017,2026,20260910
draw-010,10,388,1,388,1388,2008,1,2163.1,0.896625431666666,7644.477,0.198919,0.282962457732556,4.50749014255383,7356.35,4.50748,2017,2026,20260910
draw-010,10,388,1,388,1388,2009,1,1726.46,0.845486166666666,7644.477,0.194661,0.225844096332555,4.34337729009235,6837.02,4.34338,2017,2026,20260910
draw-010,10,388,1,388,1388,2010,1,1648.25,0.519049087333333,7644.477,0.156783,0.215613180600844,3.31062096868495,6985.86,3.31061,2017,2026,20260910
draw-010,10,388,1,388,1388,2011,1,1463.32,0.528433549166667,7644.477,0.182425,0.191421859206326,2.89671672833585,7125.13,2.89671,2017,2026,20260910
draw-010,10,388,1,388,1388,2012,1,1425.89,0.4484755185,7644.477,0.198919,0.186525513779425,2.25456350826216,7502.92,2.25456,2017,2026,20260910
draw-010,10,388,1,388,1388,2013,1,1577.19,0.372999877083333,7644.477,0.207717,0.206317580653327,1.79571184391905,8165.79,1.79571,2017,2026,20260910
draw-010,10,388,1,388,1388,2014,1,1848.16,0.41228238,7644.477,0.246977,0.241764086673294,1.66931487547423,8345.41,1.66931,2017,2026,20260910
draw-010,10,388,1,388,1388,2015,1,2118.69,0.395313840816667,7644.477,0.341685,0.277153034798849,1.15695403900278,7159.63,1.15696,2017,2026,20260910
draw-010,10,388,1,388,1388,2016,1,2516.01,0.434218107783333,7644.477,0.380728,0.329127813452771,1.14049428406456,7528.52,1.14049,2017,2026,20260910
draw-010,10,388,1,388,1388,2017,1,3303.91,0.450529782316667,7644.477,0.349159,0.432195688468943,1.29032842434727,7978.81,1.29033,2017,2026,20260910
draw-010,10,388,1,388,1388,2018,1,4263.19,0.515357200833333,7644.477,0.327212,0.55768236335854,1.57499480713829,9165.43,1.57499,2017,2026,20260910
draw-010,10,388,1,388,1388,2019,1,5017.55,0.458676141916667,7644.477,0.33437,0.65636275705977,1.37176224516753,8419.5,1.37176,2017,2026,20260910
draw-010,10,388,1,388,1388,2020,1,5468.86,0.570364601416667,7644.477,0.612872,0.715400150984822,0.930642289771219,7698.84,0.930642,2017,2026,20260910
draw-010,10,388,1,388,1388,2021,1,5886.27,0.691824233666667,7644.477,0.777584,0.770002970772232,0.889709965311358,7407.59,0.889709,2017,2026,20260910
draw-010,10,388,1,388,1388,2022,1,6351.74,0.711221261166667,7644.477,1.0302,0.830892682390175,0.69037202598201,7069.47,0.690373,2017,2026,20260910
draw-010,10,388,1,388,1388,2023,1,6409.95,0.714123324166667,7644.477,0.811976,0.838507330194073,0.879488216605745,7380.66,0.879487,2017,2026,20260910
draw-010,10,388,1,388,1388,2024,1,6268.77,1.06704484033333,7644.477,1.0302,0.820039094891645,1.03576474503333,7365.33,1.03577,2017,2026,20260910
draw-010,10,388,1,388,1388,2025,1,6230.98,1.14485061108333,7644.477,1.00814,0.815095656642044,1.13560677195958,6930.55,1.1356,2017,2026,20260910
draw-010,10,388,1,388,1388,2026,1,6054.61,0.689269652166666,7644.477,0.829738,0.792024097920629,0.830707587415144,7028.59,0.830706,2017,2026,20260910
draw-011,11,390,1,390,1390,2007,1,3337.98,0.988849788333333,8635.838,0.257901,0.386526472590153,3.83422238895287,8284.83,3.83423,2017,2026,20260910
draw-011,11,390,1,390,1390,2008,1,2288.48,0.867753241666666,8635.838,0.207717,0.264998023353379,4.17757449639012,8010.46,4.17756,2017,2026,20260910
draw-011,11,390,1,390,1390,2009,1,1872.37,0.808392701666667,8635.838,0.190494,0.216813932822732,4.24366490108175,7680.27,4.24367,2017,2026,20260910
draw-011,11,390,1,390,1390,2010,1,1773.91,0.554763949333333,8635.838,0.167299,0.205412607323111,3.31600278144719,8018.46,3.316,2017,2026,20260910
draw-011,11,390,1,390,1390,2011,1,1637.44,0.438884963333333,8635.838,0.17852,0.189609856044081,2.45846383225035,7958.29,2.45846,2017,2026,20260910
draw-011,11,390,1,390,1390,2012,1,1595.12,0.42271147925,8635.838,0.198919,0.184709347257325,2.12504325504351,8493.74,2.12504,2017,2026,20260910
draw-011,11,390,1,390,1390,2013,1,1698.78,0.369806650333333,8635.838,0.212261,0.196712814668362,1.74222608172643,9436.74,1.74222,2017,2026,20260910
draw-011,11,390,1,390,1390,2014,1,1935.98,0.4205940015,8635.838,0.263542,0.224179749550652,1.59592778949845,9341.43,1.59593,2017,2026,20260910
draw-011,11,390,1,390,1390,2015,1,2191.47,0.463664189733333,8635.838,0.389057,0.253764602809826,1.19176416240637,8084.95,1.19176,2017,2026,20260910
draw-011,11,390,1,390,1390,2016,1,2605.8,0.446123093725,8635.838,0.372578,0.301742575532334,1.19739515946996,8491.35,1.19739,2017,2026,20260910
draw-011,11,390,1,390,1390,2017,1,3432.69,0.458463756583333,8635.838,0.356797,0.397493561134426,1.28494285709614,9244.13,1.28494,2017,2026,20260910
draw-011,11,390,1,390,1390,2018,1,4333.8,0.503375576,8635.838,0.33437,0.501838964556769,1.50544479468852,10264.9,1.50545,2017,2026,20260910
draw-011,11,390,1,390,1390,2019,1,4920.29,0.492104957833333,8635.838,0.364602,0.569752466408008,1.34970449375849,9221.05,1.3497,2017,2026,20260910
draw-011,11,390,1,390,1390,2020,1,5251.21,0.607307003583333,8635.838,0.586913,0.608071851278359,1.03474791593189,8552.88,1.03475,2017,2026,20260910
draw-011,11,390,1,390,1390,2021,1,5700.11,0.640942003166667,8635.838,0.697843,0.66005290974657,0.9184616069326,8412.97,0.918464,2017,2026,20260910
draw-011,11,390,1,390,1390,2022,1,6322.82,0.727353974416667,8635.838,1.05273,0.732160561603865,0.690921674519266,7861.03,0.69092,2017,2026,20260910
draw-011,11,390,1,390,1390,2023,1,6424.78,0.768449926083333,8635.838,0.847889,0.743967174928478,0.906309583074357,8547.01,0.906308,2017,2026,20260910
draw-011,11,390,1,390,1390,2024,1,5969.33,1.1354191205,8635.838,1.07576,0.691227649244926,1.05545764901093,8440.5,1.05546,2017,2026,20260910
draw-011,11,390,1,390,1390,2025,1,5857.16,1.0507360775,8635.838,1.00814,0.678238753436551,1.04225214503938,7860.77,1.04225,2017,2026,20260910
draw-011,11,390,1,390,1390,2026,1,5806.65,0.6189213565,8635.838,0.682904,0.672389871139315,0.906307997170905,7953.14,0.906308,2017,2026,20260910
draw-012,12,408,1,408,1408,2007,1,3531.16,0.845170790833333,6553.157,0.257901,0.53884868010945,3.27711327537828,6312.58,3.27712,2017,2026,20260910
draw-012,12,408,1,408,1408,2008,1,2389.51,0.71465597,6553.157,0.190494,0.364634938549466,3.75159306854809,6259.36,3.7516,2017,2026,20260910
draw-012,12,408,1,408,1408,2009,1,1778.06,0.790404701666667,6553.157,0.182425,0.271328765662108,4.33276525512768,5839.72,4.33276,2017,2026,20260910
draw-012,12,408,1,408,1408,2010,1,1658.1,0.49520017125,6553.157,0.153427,0.253023084903963,3.22759469487118,5912.67,3.22759,2017,2026,20260910
draw-012,12,408,1,408,1408,2011,1,1506.31,0.3826582925,6553.157,0.153427,0.229860203257758,2.49407400587902,6187.75,2.49407,2017,2026,20260910
draw-012,12,408,1,408,1408,2012,1,1485.72,0.344180813333334,6553.157,0.174699,0.226718206201988,1.97013613892085,6313.36,1.97014,2017,2026,20260910
draw-012,12,408,1,408,1408,2013,1,1603.61,0.296430981666667,6553.157,0.182425,0.244708008674292,1.62494713809328,6338.54,1.62494,2017,2026,20260910
draw-012,12,408,1,408,1408,2014,1,1877.39,0.317824153416667,6553.157,0.212261,0.286486345436253,1.4973271275301,6556.57,1.49732,2017,2026,20260910
draw-012,12,408,1,408,1408,2015,1,2269.39,0.396781549,6553.157,0.33437,0.346304842078406,1.18665415258546,6092.67,1.18665,2017,2026,20260910
draw-012,12,408,1,408,1408,2016,1,2803.2,0.369017040583334,6553.157,0.320208,0.42776329027368,1.15242917286056,6266.47,1.15243,2017,2026,20260910
draw-012,12,408,1,408,1408,2017,1,3503.91,0.415252757808333,6553.157,0.327212,0.534690379003586,1.26906335283649,6835.44,1.26906,2017,2026,20260910
draw-012,12,408,1,408,1408,2018,1,4539.67,0.417424460583333,6553.157,0.293657,0.692745496559902,1.42146947146955,7555.45,1.42147,2017,2026,20260910
draw-012,12,408,1,408,1408,2019,1,5532.9,0.360375290833333,6553.157,0.313353,0.844310612426957,1.15006172218978,6831.33,1.15006,2017,2026,20260910
draw-012,12,408,1,408,1408,2020,1,6090.12,0.45206528075,6553.157,0.46259,0.929341384618131,0.977248277632461,6713.45,0.977247,2017,2026,20260910
draw-012,12,408,1,408,1408,2021,1,6593.61,0.519194926083333,6553.157,0.626279,1.00617305521598,0.829015384650185,6421.22,0.829016,2017,2026,20260910
draw-012,12,408,1,408,1408,2022,1,6790.94,0.486160203916667,6553.157,0.744648,1.03628525915067,0.652872503406531,6123.38,0.652871,2017,2026,20260910
draw-012,12,408,1,408,1408,2023,1,6304.63,0.52163516275,6553.157,0.586913,0.962075225727081,0.888777659976862,6686.19,0.88878,2017,2026,20260910
draw-012,12,408,1,408,1408,2024,1,5792.82,0.886501606166667,6553.157,0.88539,0.883973938057642,1.00125549889503,6438.28,1.00125,2017,2026,20260910
draw-012,12,408,1,408,1408,2025,1,6018.22,0.745258825083333,6553.157,0.653979,0.918369573626879,1.13957607978747,5842.94,1.13958,2017,2026,20260910
draw-012,12,408,1,408,1408,2026,1,6099.25,0.483163775166667,6553.157,0.599752,0.930734606236353,0.805605942400636,6083.89,0.805605,2017,2026,20260910
draw-013,13,428,1,428,1428,2007,1,3638.44,0.911404600833333,6390.686,0.257901,0.569334810065774,3.53393201590274,6206.11,3.53393,2017,2026,20260910
draw-013,13,428,1,428,1428,2008,1,2457.37,0.7037964475,6390.686,0.186416,0.384523664595632,3.77540794513347,6052.16,3.77541,2017,2026,20260910
draw-013,13,428,1,428,1428,2009,1,1965.66,0.7071351225,6390.686,0.182425,0.307582002933644,3.87630600246677,5793.13,3.8763,2017,2026,20260910
draw-013,13,428,1,428,1428,2010,1,1797.83,0.51763036525,6390.686,0.170959,0.28132034651679,3.02780412408823,5845.62,3.02781,2017,2026,20260910
draw-013,13,428,1,428,1428,2011,1,1591,0.4034469675,6390.686,0.170959,0.248956058864416,2.35990481635948,6342.59,2.35991,2017,2026,20260910
draw-013,13,428,1,428,1428,2012,1,1566.01,0.393804833333333,6390.686,0.186416,0.245045680541964,2.11250554315796,6623.12,2.11251,2017,2026,20260910
draw-013,13,428,1,428,1428,2013,1,1687.71,0.306327931333333,6390.686,0.194661,0.264089019551266,1.57364819523856,6544.72,1.57365,2017,2026,20260910
draw-013,13,428,1,428,1428,2014,1,1994.49,0.31695907775,6390.686,0.221649,0.31209325571621,1.43000454660296,6571.99,1.43,2017,2026,20260910
draw-013,13,428,1,428,1428,2015,1,2357.21,0.379985685833333,6390.686,0.327212,0.368850855761025,1.16128285586511,5847.33,1.16128,2017,2026,20260910
draw-013,13,428,1,428,1428,2016,1,2792.61,0.369894160266667,6390.686,0.33437,0.436981256785265,1.10624206796862,6251.38,1.10624,2017,2026,20260910
draw-013,13,428,1,428,1428,2017,1,3484.09,0.36680702205,6390.686,0.313353,0.545182473368274,1.17058723564159,6724.4,1.17059,2017,2026,20260910
draw-013,13,428,1,428,1428,2018,1,4453.14,0.39023704875,6390.686,0.281219,0.696817211798546,1.38766245790647,7398.36,1.38766,2017,2026,20260910
draw-013,13,428,1,428,1428,2019,1,5301.84,0.382140668416667,6390.686,0.33437,0.829619856146899,1.14286768674423,6709.4,1.14287,2017,2026,20260910
draw-013,13,428,1,428,1428,2020,1,5756.21,0.406336611333333,6390.686,0.452688,0.900718639595186,0.897608532440297,6416.27,0.897609,2017,2026,20260910
draw-013,13,428,1,428,1428,2021,1,6159.13,0.438921368166667,6390.686,0.550022,0.963766644144306,0.798006930934884,6247.44,0.798007,2017,2026,20260910
draw-013,13,428,1,428,1428,2022,1,6443.04,0.521619979916667,6390.686,0.760938,1.00819223476165,0.68549603241876,5997.21,0.685498,2017,2026,20260910
draw-013,13,428,1,428,1428,2023,1,6189.65,0.585477460333333,6390.686,0.668285,0.968542344280411,0.876089483279339,6382.38,0.876091,2017,2026,20260910
draw-013,13,428,1,428,1428,2024,1,6053.49,0.837686691,6390.686,0.847889,0.947236337382247,0.987967400213943,6267.64,0.987968,2017,2026,20260910
draw-013,13,428,1,428,1428,2025,1,6291.67,0.84067057475,6390.686,0.777584,0.984506201681635,1.08113152373248,5816.31,1.08113,2017,2026,20260910
draw-013,13,428,1,428,1428,2026,1,6384.21,0.749003826499999,6390.686,0.904759,0.998986650259456,0.827848992383606,5947.45,0.827851,2017,2026,20260910
draw-014,14,476,1,476,1476,2007,1,3636.21,0.9227667575,7377.373,0.257901,0.492886831125388,3.57798828814158,7377.05,3.578,2017,2026,20260910
draw-014,14,476,1,476,1476,2008,1,2449.9,0.686896350833333,7377.373,0.182425,0.33208297858872,3.76536303046914,7156.55,3.76536,2017,2026,20260910
draw-014,14,476,1,476,1476,2009,1,1881.14,0.651906096666667,7377.373,0.174699,0.254987784947298,3.73159604042763,6737.37,3.73161,2017,2026,20260910
draw-014,14,476,1,476,1476,2010,1,1749.13,0.429444610416667,7377.373,0.153427,0.237093881521241,2.79901588649108,6900.16,2.79902,2017,2026,20260910
draw-014,14,476,1,476,1476,2011,1,1629.45,0.38768659,7377.373,0.163718,0.220871304731373,2.36801445167911,6966.52,2.36802,2017,2026,20260910
draw-014,14,476,1,476,1476,2012,1,1641.67,0.341717030833333,7377.373,0.182425,0.222527720910953,1.87319189164497,7289.37,1.87319,2017,2026,20260910
draw-014,14,476,1,476,1476,2013,1,1745.34,0.309042099166667,7377.373,0.198919,0.236580148516281,1.55360774569884,7677.92,1.5536,2017,2026,20260910
draw-014,14,476,1,476,1476,2014,1,1950.21,0.29148035925,7377.373,0.216905,0.264350196201277,1.34381576842396,7748.54,1.34382,2017,2026,20260910
draw-014,14,476,1,476,1476,2015,1,2161.24,0.313845060583333,7377.373,0.28737,0.292955229456339,1.09212882549791,7024.09,1.09213,2017,2026,20260910
draw-014,14,476,1,476,1476,2016,1,2554.19,0.320277136416667,7377.373,0.306645,0.346219446949477,1.04445575964606,7304.74,1.04446,2017,2026,20260910
draw-014,14,476,1,476,1476,2017,1,3282.3,0.325041117725,7377.373,0.293657,0.444914470232155,1.10687338536115,7704.01,1.10687,2017,2026,20260910
draw-014,14,476,1,476,1476,2018,1,4334.89,0.386930856166667,7377.373,0.269307,0.587592629517309,1.43676494174554,8406.75,1.43676,2017,2026,20260910
draw-014,14,476,1,476,1476,2019,1,5293.5,0.349639881,7377.373,0.300081,0.717531836874725,1.16515167904666,7734.73,1.16515,2017,2026,20260910
draw-014,14,476,1,476,1476,2020,1,5907.54,0.3617934245,7377.373,0.397568,0.80076471665456,0.910016461334917,7605.53,0.910018,2017,2026,20260910
draw-014,14,476,1,476,1476,2021,1,6562.84,0.39600477025,7377.373,0.526725,0.889590373158576,0.75182451991077,7125.24,0.751824,2017,2026,20260910
draw-014,14,476,1,476,1476,2022,1,7047.1,0.476714503,7377.373,0.829738,0.955231625132686,0.574536182505803,6918.54,0.574536,2017,2026,20260910
draw-014,14,476,1,476,1476,2023,1,6950.78,0.5425468655,7377.373,0.713108,0.942175487128006,0.76082005180141,7337.11,0.760821,2017,2026,20260910
draw-014,14,476,1,476,1476,2024,1,6450.5,0.86101081875,7377.373,0.965443,0.8743627304733,0.891829780473834,7284.39,0.891831,2017,2026,20260910
draw-014,14,476,1,476,1476,2025,1,5947.39,0.8992058985,7377.373,0.88539,0.806166368434943,1.01560430827093,6793.15,1.0156,2017,2026,20260910
draw-014,14,476,1,476,1476,2026,1,5612.72,0.513388799416667,7377.373,0.626279,0.760801981952112,0.819744553811746,6864.28,0.819743,2017,2026,20260910
draw-015,15,505,1,505,1505,2007,1,3655.88,0.694068088333334,6573.463,0.226498,0.556157386144868,3.06434532902425,6165.61,3.06434,2017,2026,20260910
draw-015,15,505,1,505,1505,2008,1,2542.85,0.63875786,6573.463,0.182425,0.386835675503156,3.50148203371248,6172.3,3.50147,2017,2026,20260910
draw-015,15,505,1,505,1505,2009,1,1949.41,0.6716123825,6573.463,0.182425,0.296557537480625,3.68158082773743,5849.45,3.68157,2017,2026,20260910
draw-015,15,505,1,505,1505,2010,1,1828.98,0.45173533025,6573.463,0.160213,0.278236904961662,2.81959223190378,5976,2.81959,2017,2026,20260910
draw-015,15,505,1,505,1505,2011,1,1682.74,0.38111367,6573.463,0.174699,0.255989879307148,2.18154465680971,6152.28,2.18155,2017,2026,20260910
draw-015,15,505,1,505,1505,2012,1,1647.2,0.350005665833333,6573.463,0.186416,0.250583292246416,1.87755163630447,6581.1,1.87755,2017,2026,20260910
draw-015,15,505,1,505,1505,2013,1,1739.93,0.2766055975,6573.463,0.194661,0.264690011946519,1.42096052881676,6659.83,1.42096,2017,2026,20260910
draw-015,15,505,1,505,1505,2014,1,1975.89,0.314717074166667,6573.463,0.231453,0.300585855583275,1.3597450634326,6907.19,1.35975,2017,2026,20260910
draw-015,15,505,1,505,1505,2015,1,2299.32,0.357747959333333,6573.463,0.320208,0.349788231865,1.11723616940655,6187.86,1.11724,2017,2026,20260910
draw-015,15,505,1,505,1505,2016,1,2807.07,0.363678947083334,6573.463,0.341685,0.427030622976048,1.06436907409846,6404.55,1.06437,2017,2026,20260910
draw-015,15,505,1,505,1505,2017,1,3663.27,0.344707183641667,6573.463,0.313353,0.557281603319285,1.10006026315901,6735.06,1.10006,2017,2026,20260910
draw-015,15,505,1,505,1505,2018,1,4711.51,0.418679410333333,6573.463,0.293657,0.71674701751573,1.42574299381024,7659.39,1.42574,2017,2026,20260910
draw-015,15,505,1,505,1505,2019,1,5461.64,0.360151059333333,6573.463,0.313353,0.830861906425882,1.14934613465751,7069.92,1.14935,2017,2026,20260910
draw-015,15,505,1,505,1505,2020,1,5911.02,0.33951798825,6573.463,0.406265,0.899224655254012,0.835705729634599,6658.5,0.835707,2017,2026,20260910
draw-015,15,505,1,505,1505,2021,1,6432.71,0.433072445583333,6573.463,0.574349,0.97858769418798,0.754023155926681,6430.49,0.754023,2017,2026,20260910
draw-015,15,505,1,505,1505,2022,1,6695.19,0.44474120575,6573.463,0.744648,1.01851794100005,0.597250252132551,6199.96,0.597251,2017,2026,20260910
draw-015,15,505,1,505,1505,2023,1,6316.74,0.553658093333333,6573.463,0.682904,0.960945547270898,0.810740738571356,6519.1,0.81074,2017,2026,20260910
draw-015,15,505,1,505,1505,2024,1,5613.49,0.897572405583333,6573.463,1.0302,0.853962363521328,0.871260343218145,6313.29,0.871264,2017,2026,20260910
draw-015,15,505,1,505,1505,2025,1,5106.41,0.850813076166667,6573.463,0.760938,0.776821897377379,1.11811090544389,5987.14,1.11811,2017,2026,20260910
draw-015,15,505,1,505,1505,2026,1,4647.19,0.590383600166667,6573.463,0.562054,0.706962220674247,1.05040369816186,6161.78,1.0504,2017,2026,20260910
draw-016,16,532,1,532,1532,2007,1,3578.65,0.902387723333334,7300.968,0.24169,0.490161030701682,3.73365767443144,7067.26,3.73366,2017,2026,20260910
draw-016,16,532,1,532,1532,2008,1,2341.41,0.741975361666667,7300.968,0.182425,0.320698570381352,4.06728990909506,7108.49,4.06728,2017,2026,20260910
draw-016,16,532,1,532,1532,2009,1,1817.51,0.716713103333333,7300.968,0.182425,0.248940962349102,3.92880966607281,6537.68,3.9288,2017,2026,20260910
draw-016,16,532,1,532,1532,2010,1,1639.38,0.50130581625,7300.968,0.156783,0.224542827745581,3.19745008227933,6655.33,3.19745,2017,2026,20260910
draw-016,16,532,1,532,1532,2011,1,1454.88,0.425915368333333,7300.968,0.167299,0.199272206096507,2.54583331839003,6843.13,2.54583,2017,2026,20260910
draw-016,16,532,1,532,1532,2012,1,1486.07,0.396127289166667,7300.968,0.186416,0.203544242352521,2.12496400076531,7253.68,2.12496,2017,2026,20260910
draw-016,16,532,1,532,1532,2013,1,1608.89,0.329802860833333,7300.968,0.194661,0.22036666918688,1.6942420969446,7670.13,1.69424,2017,2026,20260910
draw-016,16,532,1,532,1532,2014,1,1851.14,0.368151648333333,7300.968,0.236516,0.253547200864324,1.55656128267573,7789.94,1.55656,2017,2026,20260910
draw-016,16,532,1,532,1532,2015,1,2235.06,0.400699964833333,7300.968,0.33437,0.306132008796642,1.19837295461116,6797.53,1.19837,2017,2026,20260910
draw-016,16,532,1,532,1532,2016,1,2695.03,0.435531872166667,7300.968,0.341685,0.369133243701383,1.27465903439328,7183.77,1.27466,2017,2026,20260910
draw-016,16,532,1,532,1532,2017,1,3280.63,0.388480084558334,7300.968,0.293657,0.449341785911128,1.32290422008784,7595.83,1.32291,2017,2026,20260910
draw-016,16,532,1,532,1532,2018,1,4183.46,0.450125122833334,7300.968,0.300081,0.57300073086199,1.50001207285144,8733.42,1.50002,2017,2026,20260910
draw-016,16,532,1,532,1532,2019,1,4971.46,0.408780500166667,7300.968,0.313353,0.680931624409256,1.30453673705587,7925.52,1.30454,2017,2026,20260910
draw-016,16,532,1,532,1532,2020,1,5549.14,0.482865433083333,7300.968,0.493617,0.760055378957968,0.978218807462736,7406.45,0.97822,2017,2026,20260910
draw-016,16,532,1,532,1532,2021,1,6163.44,0.616449992333333,7300.968,0.668285,0.84419490675757,0.922435775654598,7143.54,0.922437,2017,2026,20260910
draw-016,16,532,1,532,1532,2022,1,6558.32,0.556563484,7300.968,0.829738,0.89828088549354,0.670770151541812,6686.86,0.670771,2017,2026,20260910
draw-016,16,532,1,532,1532,2023,1,6291.73,0.633536716333334,7300.968,0.713108,0.861766549312365,0.888416223536033,7270.15,0.888416,2017,2026,20260910
draw-016,16,532,1,532,1532,2024,1,5873.96,1.05386800241667,7300.968,1.00814,0.804545369874241,1.04535878193174,7116.33,1.04535,2017,2026,20260910
draw-016,16,532,1,532,1532,2025,1,6009.63,0.7983866705,7300.968,0.829738,0.823127837295,0.962215386664225,6502.88,0.962215,2017,2026,20260910
draw-016,16,532,1,532,1532,2026,1,5894.73,0.557622407166667,7300.968,0.760938,0.807390198121674,0.732809252746829,6628.7,0.732808,2017,2026,20260910
draw-017,17,533,1,533,1533,2007,1,3376.52,0.813188969166667,7167.733,0.226498,0.471072234414982,3.59026997662967,6868.73,3.59026,2017,2026,20260910
draw-017,17,533,1,533,1533,2008,1,2352.77,0.77024422,7167.733,0.186416,0.328244648621817,4.13185681486567,6669.13,4.13186,2017,2026,20260910
draw-017,17,533,1,533,1533,2009,1,1824.74,0.730965990833333,7167.733,0.182425,0.25457700503074,4.00693978804075,6413.37,4.00693,2017,2026,20260910
draw-017,17,533,1,533,1533,2010,1,1726.84,0.50539111,7167.733,0.163718,0.240918572162216,3.08696117714607,6641.3,3.08697,2017,2026,20260910
draw-017,17,533,1,533,1533,2011,1,1579.69,0.450753320833333,7167.733,0.17852,0.220389068621836,2.52494578105161,6950.74,2.52494,2017,2026,20260910
draw-017,17,533,1,533,1533,2012,1,1544.46,0.394052235,7167.733,0.190494,0.215473985986922,2.0685808214432,7367.55,2.06858,2017,2026,20260910
draw-017,17,533,1,533,1533,2013,1,1673.11,0.31162716,7167.733,0.203271,0.23342247820894,1.53306256180173,7776.26,1.53306,2017,2026,20260910
draw-017,17,533,1,533,1533,2014,1,1913.81,0.3926828675,7167.733,0.25238,0.267003528172715,1.55591911997781,7801.1,1.55592,2017,2026,20260910
draw-017,17,533,1,533,1533,2015,1,2143.38,0.426270705083333,7167.733,0.356797,0.299031785921713,1.19471493617753,6757.57,1.19471,2017,2026,20260910
draw-017,17,533,1,533,1533,2016,1,2418.36,0.47560064975,7167.733,0.380728,0.337395380101351,1.24918747701771,7184.52,1.24919,2017,2026,20260910
draw-017,17,533,1,533,1533,2017,1,3049.61,0.379636693383333,7167.733,0.293657,0.425463671707638,1.29278952445654,7420.94,1.29279,2017,2026,20260910
draw-017,17,533,1,533,1533,2018,1,4133.37,0.454646913,7167.733,0.293657,0.576663500161069,1.54822433315058,8316.15,1.54823,2017,2026,20260910
draw-017,17,533,1,533,1533,2019,1,5154.5,0.42889063175,7167.733,0.320208,0.719125558945904,1.33941260602483,7339.03,1.33941,2017,2026,20260910
draw-017,17,533,1,533,1533,2020,1,5641.61,0.488029197833333,7167.733,0.433514,0.787084284529013,1.12575187383414,7224.4,1.12575,2017,2026,20260910
draw-017,17,533,1,533,1533,2021,1,6135.44,0.588201979333333,7167.733,0.574349,0.855980545034253,1.02411944537787,7087.39,1.02412,2017,2026,20260910
draw-017,17,533,1,533,1533,2022,1,6576.66,0.557224479083333,7167.733,0.777584,0.917536967406571,0.716610011372833,6747.54,0.716609,2017,2026,20260910
draw-017,17,533,1,533,1533,2023,1,6500.84,0.61412617475,7167.733,0.682904,0.906959006425044,0.899286246309877,7238.89,0.899285,2017,2026,20260910
draw-017,17,533,1,533,1533,2024,1,5975.17,0.96991237825,7167.733,0.924551,0.833620616169715,1.04906314335283,7119.37,1.04906,2017,2026,20260910
draw-017,17,533,1,533,1533,2025,1,5555.84,0.826112927583333,7167.733,0.794594,0.775118158000584,1.03966670725343,6590.43,1.03967,2017,2026,20260910
draw-017,17,533,1,533,1533,2026,1,5706.49,0.655335496,7167.733,0.713108,0.796135960979573,0.918984916730706,6593.19,0.918986,2017,2026,20260910
draw-018,18,551,1,551,1551,2007,1,3504.24,1.01037624583333,7983.181,0.275198,0.43895284348432,3.67145199395829,7838.32,3.67144,2017,2026,20260910
draw-018,18,551,1,551,1551,2008,1,2270.89,0.748421799166667,7983.181,0.182425,0.284459290100024,4.10262737654744,7660.75,4.10262,2017,2026,20260910
draw-018,18,551,1,551,1551,2009,1,1695.84,0.814854706666667,7983.181,0.186416,0.212426600373961,4.37116291877664,7171.32,4.37117,2017,2026,20260910
draw-018,18,551,1,551,1551,2010,1,1614.52,0.499441515166667,7983.181,0.156783,0.202240184708326,3.18555911780401,7250.94,3.18555,2017,2026,20260910
draw-018,18,551,1,551,1551,2011,1,1498.8,0.431876871666667,7983.181,0.160213,0.187744709784233,2.69564187467101,7365.13,2.69564,2017,2026,20260910
draw-018,18,551,1,551,1551,2012,1,1521.54,0.439824565,7983.181,0.190494,0.190593198375435,2.30886308755132,7910.78,2.30886,2017,2026,20260910
draw-018,18,551,1,551,1551,2013,1,1693.93,0.321177708416667,7983.181,0.203271,0.212187347374436,1.58004687543558,8169.86,1.58005,2017,2026,20260910
draw-018,18,551,1,551,1551,2014,1,1958.03,0.319449991416667,7983.181,0.226498,0.245269398251148,1.41038769179713,8319.36,1.41039,2017,2026,20260910
draw-018,18,551,1,551,1551,2015,1,2271.66,0.391449436583334,7983.181,0.349159,0.284555742879937,1.12112085492092,7427.62,1.12112,2017,2026,20260910
draw-018,18,551,1,551,1551,2016,1,2706.2,0.346706652866666,7983.181,0.349159,0.338987679222105,0.992976417238755,7726.91,0.992976,2017,2026,20260910
draw-018,18,551,1,551,1551,2017,1,3356.04,0.391646818208334,7983.181,0.327212,0.420388814934799,1.19692070647878,8416.61,1.19692,2017,2026,20260910
draw-018,18,551,1,551,1551,2018,1,4361.91,0.459527415333333,7983.181,0.306645,0.546387461339033,1.49856483990717,9291.28,1.49857,2017,2026,20260910
draw-018,18,551,1,551,1551,2019,1,5210.77,0.40278890625,7983.181,0.327212,0.652718509075518,1.23097229395621,8739.1,1.23097,2017,2026,20260910
draw-018,18,551,1,551,1551,2020,1,5582.33,0.49035353,7983.181,0.493617,0.699261359600891,0.993388659628821,8087.55,0.993388,2017,2026,20260910
draw-018,18,551,1,551,1551,2021,1,6003.35,0.552894484333333,7983.181,0.653979,0.751999735443804,0.84543155718048,7797.73,0.845433,2017,2026,20260910
draw-018,18,551,1,551,1551,2022,1,6338.24,0.537779801416667,7983.181,0.811976,0.793949178905,0.662309971497515,7365.6,0.66231,2017,2026,20260910
draw-018,18,551,1,551,1551,2023,1,6264.07,0.640785676833333,7983.181,0.744648,0.784658396195702,0.860521584471231,7815.45,0.86052,2017,2026,20260910
draw-018,18,551,1,551,1551,2024,1,6130.88,0.992197936666667,7983.181,0.965443,0.767974570537734,1.02771260102012,7857.15,1.02771,2017,2026,20260910
draw-018,18,551,1,551,1551,2025,1,6306.83,1.04984893025,7983.181,0.944776,0.790014657064646,1.11121464796947,7181.93,1.11121,2017,2026,20260910
draw-018,18,551,1,551,1551,2026,1,6295.26,0.792710185,7983.181,0.944776,0.788565360098938,0.839045641506558,7279.41,0.839046,2017,2026,20260910
draw-019,19,563,1,563,1563,2007,1,3515.53,0.740434081666667,8615.743,0.226498,0.408035615732735,3.26905350893459,8266.51,3.26905,2017,2026,20260910
draw-019,19,563,1,563,1563,2008,1,2368,0.732287853333333,8615.743,0.174699,0.274845709766413,4.19171176328046,8415.6,4.19172,2017,2026,20260910
draw-019,19,563,1,563,1563,2009,1,1948.48,0.648683425,8615.743,0.170959,0.226153449563201,3.79438008528361,7877.21,3.79438,2017,2026,20260910
draw-019,19,563,1,563,1563,2010,1,1747.25,0.41614993375,8615.743,0.146928,0.202797367563076,2.83233919845094,7870.03,2.83233,2017,2026,20260910
draw-019,19,563,1,563,1563,2011,1,1502.59,0.372667275,8615.743,0.160213,0.174400513107227,2.3260738828934,8413.51,2.32607,2017,2026,20260910
draw-019,19,563,1,563,1563,2012,1,1504.38,0.311203389166667,8615.743,0.170959,0.174608272321958,1.82033931624932,8689.8,1.82034,2017,2026,20260910
draw-019,19,563,1,563,1563,2013,1,1639.22,0.2784256525,8615.743,0.194661,0.190258692720988,1.43031039859037,8993.66,1.43031,2017,2026,20260910
draw-019,19,563,1,563,1563,2014,1,1924.3,0.287861098333333,8615.743,0.212261,0.223346959165333,1.35616575034195,8773.88,1.35616,2017,2026,20260910
draw-019,19,563,1,563,1563,2015,1,2256.99,0.323821729166667,8615.743,0.300081,0.261961156455108,1.07911440300008,8092.07,1.07912,2017,2026,20260910
draw-019,19,563,1,563,1563,2016,1,2693.74,0.36457797825,8615.743,0.306645,0.312653244183351,1.18892523357629,8472.23,1.18893,2017,2026,20260910
draw-019,19,563,1,563,1563,2017,1,3441.94,0.364310688133333,8615.743,0.293657,0.399494274608702,1.24059936638096,8847.1,1.2406,2017,2026,20260910
draw-019,19,563,1,563,1563,2018,1,4566.7,0.366290086833333,8615.743,0.269307,0.530041344083732,1.36012092828383,9524.22,1.36012,2017,2026,20260910
draw-019,19,563,1,563,1563,2019,1,5666.09,0.393389907583334,8615.743,0.327212,0.657643803906407,1.20224780137444,9100.22,1.20225,2017,2026,20260910
draw-019,19,563,1,563,1563,2020,1,6252.84,0.37325636825,8615.743,0.397568,0.725745881695868,0.938849123294631,8960.3,0.93885,2017,2026,20260910
draw-019,19,563,1,563,1563,2021,1,6735.95,0.502495609666667,8615.743,0.612872,0.781818817019031,0.819903029778921,8430.03,0.819902,2017,2026,20260910
draw-019,19,563,1,563,1563,2022,1,7027.44,0.472539882666667,8615.743,0.653979,0.815651070371992,0.722561248398904,8405.52,0.722562,2017,2026,20260910
draw-019,19,563,1,563,1563,2023,1,6721.95,0.597915855916667,8615.743,0.713108,0.780193884613318,0.838464658812784,8821.46,0.838465,2017,2026,20260910
draw-019,19,563,1,563,1563,2024,1,6483,0.869946578083333,8615.743,0.965443,0.752459770445799,0.901085385759007,8521.91,0.901086,2017,2026,20260910
draw-019,19,563,1,563,1563,2025,1,6913.21,0.932076025791667,8615.743,0.847889,0.802392782607374,1.09929014976214,7803.32,1.09929,2017,2026,20260910
draw-019,19,563,1,563,1563,2026,1,7156.94,0.39145805125,8615.743,0.433514,0.830681695124843,0.902988257011308,7743.35,0.902989,2017,2026,20260910
draw-020,20,585,1,585,1585,2007,1,3989.67,0.709359209166667,5101.971,0.231453,0.781986020696707,3.06480887768431,5012.49,3.06481,2017,2026,20260910
draw-020,20,585,1,585,1585,2008,1,2653.32,0.651069907916667,5101.971,0.190494,0.520057836471434,3.41779745250069,4955.35,3.4178,2017,2026,20260910
draw-020,20,585,1,585,1585,2009,1,1984.51,0.654285212083333,5101.971,0.186416,0.388969282655664,3.50981252726876,4681.81,3.50981,2017,2026,20260910
draw-020,20,585,1,585,1585,2010,1,1829.51,0.439639351666667,5101.971,0.163718,0.358588866930055,2.68534523794981,4858.17,2.68535,2017,2026,20260910
draw-020,20,585,1,585,1585,2011,1,1636.63,0.354862325833333,5101.971,0.163718,0.320783869606472,2.16752174979742,4938.23,2.16753,2017,2026,20260910
draw-020,20,585,1,585,1585,2012,1,1546.85,0.3069866025,5101.971,0.170959,0.303186748807471,1.7956738311525,5157.21,1.79568,2017,2026,20260910
draw-020,20,585,1,585,1585,2013,1,1647.19,0.2906160935,5101.971,0.190494,0.322853657929455,1.52559184803721,5422.58,1.52559,2017,2026,20260910
draw-020,20,585,1,585,1585,2014,1,1871.4,0.294506406666667,5101.971,0.212261,0.366799419283254,1.38747300100662,5287,1.38747,2017,2026,20260910
draw-020,20,585,1,585,1585,2015,1,2147.23,0.29082516925,5101.971,0.263542,0.42086283908709,1.10352493815028,4858.41,1.10352,2017,2026,20260910
draw-020,20,585,1,585,1585,2016,1,2617.94,0.264164834583333,5101.971,0.263542,0.513123261578711,1.002363321912,4966.19,1.00236,2017,2026,20260910
draw-020,20,585,1,585,1585,2017,1,3389.86,0.3032716905,5101.971,0.269307,0.664421651945885,1.12611885506132,5185.01,1.12612,2017,2026,20260910
draw-020,20,585,1,585,1585,2018,1,4376.98,0.33437815525,5101.971,0.25238,0.85789981950113,1.32489957702671,5554.57,1.3249,2017,2026,20260910
draw-020,20,585,1,585,1585,2019,1,5204.8,0.26758977675,5101.971,0.25238,1.02015475979773,1.06026538057691,5315.36,1.06027,2017,2026,20260910
draw-020,20,585,1,585,1585,2020,1,5660.25,0.316531144166667,5101.971,0.341685,1.1094241813605,0.926382908721971,5294.48,0.926384,2017,2026,20260910
draw-020,20,585,1,585,1585,2021,1,6219.1,0.336195882416667,5101.971,0.47271,1.21896028025248,0.7112095839239,5034.22,0.71121,2017,2026,20260910
draw-020,20,585,1,585,1585,2022,1,6704.35,0.38223318725,5101.971,0.599752,1.31407058174184,0.63731873716136,4941.1,0.637318,2017,2026,20260910
draw-020,20,585,1,585,1585,2023,1,6636.36,0.4323971085,5101.971,0.550022,1.30074435938581,0.786145115104488,5167.52,0.786147,2017,2026,20260910
draw-020,20,585,1,585,1585,2024,1,6250.33,0.710865829166667,5101.971,0.744648,1.22508144401448,0.954633369278729,5040.41,0.954634,2017,2026,20260910
draw-020,20,585,1,585,1585,2025,1,6293.42,0.7380423785,5101.971,0.777584,1.2335271995862,0.949148102970225,4617.88,0.949148,2017,2026,20260910
draw-020,20,585,1,585,1585,2026,1,6516.84,0.430815483333333,5101.971,0.599752,1.27731811882114,0.71832271227663,4869.16,0.718322,2017,2026,20260910
draw-021,21,617,1,617,1617,2007,1,3410.99,0.7935225025,9423.66,0.231453,0.361960215033225,3.42843904594021,8946.46,3.42844,2017,2026,20260910
draw-021,21,617,1,617,1617,2008,1,2339.97,0.65891468,9423.66,0.182425,0.248307982248935,3.61197577086474,8880.22,3.61197,2017,2026,20260910
draw-021,21,617,1,617,1617,2009,1,1825.75,0.767741270000001,9423.66,0.186416,0.19374107300136,4.11843012402369,8272.71,4.11843,2017,2026,20260910
draw-021,21,617,1,617,1617,2010,1,1705.05,0.491123198416667,9423.66,0.156783,0.180932885948772,3.13250287605587,8597.66,3.1325,2017,2026,20260910
draw-021,21,617,1,617,1617,2011,1,1529.41,0.377123390833333,9423.66,0.160213,0.162294692295775,2.35388757986763,8743.59,2.35389,2017,2026,20260910
draw-021,21,617,1,617,1617,2012,1,1513.01,0.380919184166667,9423.66,0.190494,0.160554391818041,1.99963875065182,9106.64,1.99964,2017,2026,20260910
draw-021,21,617,1,617,1617,2013,1,1676.73,0.320135254333333,9423.66,0.198919,0.177927684148197,1.60937494323485,9588.28,1.60937,2017,2026,20260910
draw-021,21,617,1,617,1617,2014,1,1920.92,0.340770292666667,9423.66,0.231453,0.203840121566355,1.47230881719687,9550.62,1.47231,2017,2026,20260910
draw-021,21,617,1,617,1617,2015,1,2214.37,0.325402597333333,9423.66,0.28737,0.234979827370682,1.13234713899618,8697.65,1.13235,2017,2026,20260910
draw-021,21,617,1,617,1617,2016,1,2633.68,0.336257717825,9423.66,0.327212,0.279475278182787,1.02764482300466,9181.93,1.02764,2017,2026,20260910
draw-021,21,617,1,617,1617,2017,1,3363.51,0.340535022558333,9423.66,0.293657,0.35692183291842,1.15963529750128,9637.6,1.15964,2017,2026,20260910
draw-021,21,617,1,617,1617,2018,1,4438.61,0.398508131166667,9423.66,0.281219,0.471007018504488,1.41707399274824,10723.4,1.41708,2017,2026,20260910
draw-021,21,617,1,617,1617,2019,1,5423.73,0.385007330166666,9423.66,0.327212,0.575543896957233,1.17662961678259,10020.2,1.17663,2017,2026,20260910
draw-021,21,617,1,617,1617,2020,1,6044.52,0.393132199166667,9423.66,0.424233,0.641419575833593,0.926689340920359,9601.81,0.926688,2017,2026,20260910
draw-021,21,617,1,617,1617,2021,1,6579.7,0.44921949025,9423.66,0.538248,0.698210673984418,0.834595744433792,9162.67,0.834596,2017,2026,20260910
draw-021,21,617,1,617,1617,2022,1,6829.15,0.511920714166667,9423.66,0.811976,0.724681280946044,0.630462863639648,8848.09,0.630461,2017,2026,20260910
draw-021,21,617,1,617,1617,2023,1,6462.37,0.641451106083334,9423.66,0.777584,0.685760097456827,0.82492837569103,9525.89,0.82493,2017,2026,20260910
draw-021,21,617,1,617,1617,2024,1,6139.03,0.887681965333333,9423.66,0.965443,0.651448587915948,0.91945559223417,9301.4,0.919455,2017,2026,20260910
draw-021,21,617,1,617,1617,2025,1,5974.98,0.986071255,9423.66,0.794594,0.634040277344471,1.24097495702208,8612.39,1.24097,2017,2026,20260910
draw-021,21,617,1,617,1617,2026,1,6076.44,0.4091360025,9423.66,0.51545,0.644806794812207,0.793745275972451,8803.15,0.793746,2017,2026,20260910
draw-022,22,626,1,626,1626,2007,1,3813.02,0.875791335833333,8370.272,0.263542,0.455543141250368,3.32315659679798,8160.09,3.32315,2017,2026,20260910
draw-022,22,626,1,626,1626,2008,1,2584.93,0.686096655833333,8370.272,0.198919,0.308822700146423,3.44912580413803,7991.83,3.44912,2017,2026,20260910
draw-022,22,626,1,626,1626,2009,1,1888.34,0.767034341666667,8370.272,0.190494,0.225600792901354,4.02655381096868,7585.55,4.02656,2017,2026,20260910
draw-022,22,626,1,626,1626,2010,1,1697.95,0.513511738,8370.272,0.160213,0.20285481762122,3.20518146467515,7897.51,3.20518,2017,2026,20260910
draw-022,22,626,1,626,1626,2011,1,1494.59,0.382878889166667,8370.272,0.163718,0.178559310856326,2.33864870794089,7866.24,2.33865,2017,2026,20260910
draw-022,22,626,1,626,1626,2012,1,1417.28,0.367315813333333,8370.272,0.186416,0.169323051867371,1.97040926386862,8253.74,1.97041,2017,2026,20260910
draw-022,22,626,1,626,1626,2013,1,1536.56,0.3293028325,8370.272,0.194661,0.183573484828211,1.69167338347178,8214.7,1.69167,2017,2026,20260910
draw-022,22,626,1,626,1626,2014,1,1829.22,0.331247207916667,8370.272,0.216905,0.218537701044841,1.52715339856927,8441.58,1.52716,2017,2026,20260910
draw-022,22,626,1,626,1626,2015,1,2190.58,0.374025828916667,8370.272,0.300081,0.261709535843041,1.24641623067327,7806.85,1.24642,2017,2026,20260910
draw-022,22,626,1,626,1626,2016,1,2607.69,0.328956186833333,8370.272,0.293657,0.311541847146664,1.12020550108914,8068.45,1.12021,2017,2026,20260910
draw-022,22,626,1,626,1626,2017,1,3242.7,0.413372471458333,8370.272,0.313353,0.387406765275967,1.31919104479081,8787.04,1.31919,2017,2026,20260910
draw-022,22,626,1,626,1626,2018,1,4140.86,0.36078971575,8370.272,0.257901,0.494710327215173,1.39894655604282,9446.43,1.39895,2017,2026,20260910
draw-022,22,626,1,626,1626,2019,1,4925.66,0.342466909833333,8370.272,0.281219,0.588470721142634,1.21779435185152,8773.88,1.2178,2017,2026,20260910
draw-022,22,626,1,626,1626,2020,1,5460.37,0.394229025416667,8370.272,0.442997,0.652352755083706,0.889913533086379,8600.06,0.889914,2017,2026,20260910
draw-022,22,626,1,626,1626,2021,1,6016.47,0.490990698666667,8370.272,0.574349,0.718790261535109,0.854864722784695,8147.57,0.854863,2017,2026,20260910
draw-022,22,626,1,626,1626,2022,1,6494.51,0.522012584833333,8370.272,0.777584,0.775901906174614,0.671326293793768,7764.1,0.671326,2017,2026,20260910
draw-022,22,626,1,626,1626,2023,1,6404.64,0.592719706083333,8370.272,0.682904,0.765165098577442,0.867940012188145,8312.55,0.867941,2017,2026,20260910
draw-022,22,626,1,626,1626,2024,1,6042.03,0.937663077416667,8370.272,0.904759,0.721843925741004,1.03636778127288,8201.2,1.03637,2017,2026,20260910
draw-022,22,626,1,626,1626,2025,1,5618.05,0.957359605083333,8370.272,0.811976,0.671190852579223,1.17904914071762,7743.76,1.17905,2017,2026,20260910
draw-022,22,626,1,626,1626,2026,1,5357.63,0.705170370583333,8370.272,0.713108,0.640078363044833,0.988868965967754,7926.13,0.988867,2017,2026,20260910
draw-023,23,631,1,631,1631,2007,1,3824.85,0.817060834166666,4861.334,0.226498,0.786790210259159,3.6073644542851,4714.35,3.60736,2017,2026,20260910
draw-023,23,631,1,631,1631,2008,1,2588.34,0.658060798333334,4861.334,0.186416,0.532434101421544,3.53006607980717,4672.86,3.53007,2017,2026,20260910
draw-023,23,631,1,631,1631,2009,1,1921.35,0.683274581916666,4861.334,0.186416,0.395231020950216,3.66532154920536,4466.11,3.66532,2017,2026,20260910
draw-023,23,631,1,631,1631,2010,1,1725.2,0.415565826666667,4861.334,0.153427,0.354882013866976,2.70855733780017,4493.79,2.70856,2017,2026,20260910
draw-023,23,631,1,631,1631,2011,1,1524.17,0.369722359166667,4861.334,0.160213,0.313529167096933,2.30769262897934,4735.46,2.30769,2017,2026,20260910
draw-023,23,631,1,631,1631,2012,1,1493.82,0.317484638333333,4861.334,0.170959,0.307286024782498,1.85708057682446,5008.46,1.85708,2017,2026,20260910
draw-023,23,631,1,631,1631,2013,1,1618.89,0.276256672333333,4861.334,0.186416,0.333013530853877,1.48193648792664,4934.66,1.48194,2017,2026,20260910
draw-023,23,631,1,631,1631,2014,1,1913,0.305217624,4861.334,0.221649,0.393513385420545,1.37703136039414,5027.59,1.37703,2017,2026,20260910
draw-023,23,631,1,631,1631,2015,1,2193.65,0.331129874666667,4861.334,0.28737,0.451244452654354,1.1522771154493,4542.93,1.15228,2017,2026,20260910
draw-023,23,631,1,631,1631,2016,1,2660.81,0.30270825825,4861.334,0.281219,0.547341532180262,1.07641467415075,4735.45,1.07642,2017,2026,20260910
draw-023,23,631,1,631,1631,2017,1,3468.26,0.306592191183333,4861.334,0.281219,0.713437916423763,1.09022573575517,4925.67,1.09023,2017,2026,20260910
draw-023,23,631,1,631,1631,2018,1,4454.14,0.333348457666667,4861.334,0.257901,0.916238217740233,1.29254426181623,5267.51,1.29255,2017,2026,20260910
draw-023,23,631,1,631,1631,2019,1,5230,0.301685235833333,4861.334,0.269307,1.07583638565052,1.12022797711657,5191.26,1.12023,2017,2026,20260910
draw-023,23,631,1,631,1631,2020,1,5685.68,0.405356353583333,4861.334,0.415152,1.1695719734542,0.976404674874102,5084.19,0.976405,2017,2026,20260910
draw-023,23,631,1,631,1631,2021,1,6177.91,0.41418445325,4861.334,0.538248,1.2708260736662,0.769504862535485,4802.25,0.769505,2017,2026,20260910
draw-023,23,631,1,631,1631,2022,1,6363.47,0.516030693833333,4861.334,0.847889,1.30899666634714,0.608606425880432,4505.95,0.608607,2017,2026,20260910
draw-023,23,631,1,631,1631,2023,1,6033.83,0.55745879525,4861.334,0.668285,1.24118811832308,0.834163261557569,4885.81,0.834162,2017,2026,20260910
draw-023,23,631,1,631,1631,2024,1,5506.68,0.896387121333334,4861.334,0.866437,1.13275080461454,1.03456699256072,4824.11,1.03457,2017,2026,20260910
draw-023,23,631,1,631,1631,2025,1,5263.45,0.80063577575,4861.334,0.697843,1.0827172130119,1.14730071914456,4482.41,1.1473,2017,2026,20260910
draw-023,23,631,1,631,1631,2026,1,4895.83,0.719044208916667,4861.334,0.777584,1.00709599463851,0.924715797800195,4644.18,0.924715,2017,2026,20260910
draw-024,24,679,1,679,1679,2007,1,3604.9,0.945456395166666,9030.006,0.269307,0.399213466746312,3.51070115209284,8786.11,3.5107,2017,2026,20260910
draw-024,24,679,1,679,1679,2008,1,2546.23,0.686058682166666,9030.006,0.198919,0.281974341988256,3.4489349039894,8475.9,3.44893,2017,2026,20260910
draw-024,24,679,1,679,1679,2009,1,1953.81,0.686467690583334,9030.006,0.182425,0.21636862699759,3.76301324151478,7927.19,3.76301,2017,2026,20260910
draw-024,24,679,1,679,1679,2010,1,1688.39,0.466079213,9030.006,0.150143,0.186975512530114,3.10423538226891,8199.03,3.10425,2017,2026,20260910
draw-024,24,679,1,679,1679,2011,1,1518.16,0.368727296666667,9030.006,0.160213,0.168123919297507,2.30148175657822,8249.48,2.30148,2017,2026,20260910
draw-024,24,679,1,679,1679,2012,1,1538.15,0.334843814166667,9030.006,0.170959,0.170337649831019,1.95862057081912,8452.44,1.95862,2017,2026,20260910
draw-024,24,679,1,679,1679,2013,1,1654.17,0.29558227975,9030.006,0.190494,0.183185924793405,1.55166188830094,8994.91,1.55166,2017,2026,20260910
draw-024,24,679,1,679,1679,2014,1,1893.88,0.3238074695,9030.006,0.226498,0.209731865072958,1.42962617550707,9291.9,1.42963,2017,2026,20260910
draw-024,24,679,1,679,1679,2015,1,2192.75,0.345447264,9030.006,0.306645,0.242829296015972,1.12653806192829,8269.37,1.12654,2017,2026,20260910
draw-024,24,679,1,679,1679,2016,1,2715.48,0.298718418008333,9030.006,0.28737,0.300717408161191,1.03949061491573,8542.73,1.03949,2017,2026,20260910
draw-024,24,679,1,679,1679,2017,1,3521.66,0.330048061208333,9030.006,0.300081,0.389995311188055,1.09986324095272,9254.21,1.09987,2017,2026,20260910
draw-024,24,679,1,679,1679,2018,1,4692.55,0.383988517833333,9030.006,0.269307,0.519661891697525,1.42583935001071,10274.5,1.42584,2017,2026,20260910
draw-024,24,679,1,679,1679,2019,1,5927.89,0.371104635083333,9030.006,0.33437,0.65646578750889,1.10986223370318,9499.89,1.10986,2017,2026,20260910
draw-024,24,679,1,679,1679,2020,1,6722.54,0.476638024916667,9030.006,0.51545,0.744466836456144,0.924702735312187,9044.83,0.924705,2017,2026,20260910
draw-024,24,679,1,679,1679,2021,1,7502.86,0.437692498416667,9030.006,0.612872,0.83088095401044,0.714166250728809,8656.78,0.714167,2017,2026,20260910
draw-024,24,679,1,679,1679,2022,1,7985.18,0.414309688666667,9030.006,0.760938,0.884293986072656,0.544472333707433,8293.42,0.544473,2017,2026,20260910
draw-024,24,679,1,679,1679,2023,1,7772.63,0.533104542416667,9030.006,0.777584,0.860755795732583,0.685590936048924,9126.42,0.685593,2017,2026,20260910
draw-024,24,679,1,679,1679,2024,1,7083.94,0.874655858083334,9030.006,1.07576,0.784488958257614,0.813058542875115,8793.85,0.813056,2017,2026,20260910
draw-024,24,679,1,679,1679,2025,1,6386.86,0.810934113166667,9030.006,0.904759,0.707292996261575,0.896298476353003,8235.53,0.896299,2017,2026,20260910
draw-024,24,679,1,679,1679,2026,1,5771.22,0.669279901583334,9030.006,0.744648,0.63911585440807,0.898786945756027,9120.63,0.898787,2017,2026,20260910
draw-025,25,685,1,685,1685,2007,1,3431.29,0.749420719166667,7897.014,0.216905,0.434504738120003,3.45506428697663,7528.16,3.45507,2017,2026,20260910
draw-025,25,685,1,685,1685,2008,1,2320.51,0.716995061666666,7897.014,0.186416,0.293846509579444,3.84620988362944,7427.13,3.84621,2017,2026,20260910
draw-025,25,685,1,685,1685,2009,1,1793.2,0.727325765833334,7897.014,0.174699,0.227073169681604,4.16330812330542,7031.89,4.16332,2017,2026,20260910
draw-025,25,685,1,685,1685,2010,1,1650.59,0.459918354583333,7897.014,0.150143,0.209014445206758,3.06320211120954,7269.25,3.06321,2017,2026,20260910
draw-025,25,685,1,685,1685,2011,1,1545.19,0.402041965833333,7897.014,0.163718,0.195667628295961,2.45569800408833,7501.09,2.4557,2017,2026,20260910
draw-025,25,685,1,685,1685,2012,1,1564.24,0.349790131666667,7897.014,0.186416,0.198079932490939,1.8763954363717,7869.63,1.8764,2017,2026,20260910
draw-025,25,685,1,685,1685,2013,1,1687.92,0.384051835416667,7897.014,0.221649,0.213741548387783,1.73270276616031,8790.56,1.7327,2017,2026,20260910
draw-025,25,685,1,685,1685,2014,1,1982.74,0.386997982,7897.014,0.257901,0.251074646695574,1.50056797763483,8467.92,1.50057,2017,2026,20260910
draw-025,25,685,1,685,1685,2015,1,2396.46,0.380709482833333,7897.014,0.349159,0.303464068823988,1.09036136211105,7354.9,1.09036,2017,2026,20260910
draw-025,25,685,1,685,1685,2016,1,2891.17,0.34951861085,7897.014,0.349159,0.36610926610995,1.00102993435655,7691.82,1.00103,2017,2026,20260910
draw-025,25,685,1,685,1685,2017,1,3631.94,0.337703877475,7897.014,0.306645,0.45991307600569,1.1012861043715,8299.16,1.10129,2017,2026,20260910
draw-025,25,685,1,685,1685,2018,1,4634.97,0.349305619333334,7897.014,0.28737,0.586926906803002,1.21552569625686,9111.44,1.21552,2017,2026,20260910
draw-025,25,685,1,685,1685,2019,1,5560.22,0.324058621583333,7897.014,0.306645,0.704091445196881,1.05678756080593,8332.15,1.05679,2017,2026,20260910
draw-025,25,685,1,685,1685,2020,1,6165.53,0.391540651666667,7897.014,0.48305,0.780741936129276,0.810559262326191,7929.47,0.810559,2017,2026,20260910
draw-025,25,685,1,685,1685,2021,1,6771.81,0.457391111833334,7897.014,0.668285,0.857515258298896,0.684425225515063,7673.37,0.684427,2017,2026,20260910
draw-025,25,685,1,685,1685,2022,1,7232.66,0.536742139666667,7897.014,0.88539,0.915872758994729,0.606221145107429,7461.67,0.606221,2017,2026,20260910
draw-025,25,685,1,685,1685,2023,1,7302.59,0.604020776916666,7897.014,0.760938,0.924728004787632,0.793784482988977,8059.34,0.793785,2017,2026,20260910
draw-025,25,685,1,685,1685,2024,1,7444.32,0.929558231583334,7897.014,1.09929,0.942675294737986,0.845598733349101,7743.79,0.845595,2017,2026,20260910
draw-025,25,685,1,685,1685,2025,1,8919.59,0.822171221333333,7897.014,0.986562,1.12948894354246,0.83337004803888,7163.2,0.833369,2017,2026,20260910
draw-025,25,685,1,685,1685,2026,1,9592.37,0.738057245166667,7897.014,1.22491,1.21468317011974,0.602539978583461,7196.55,0.60254,2017,2026,20260910
draw-026,26,771,1,771,1771,2007,1,3593.58,0.8595166375,9413.051,0.246977,0.381765699559048,3.4801485057313,9079.25,3.48015,2017,2026,20260910
draw-026,26,771,1,771,1771,2008,1,2453.34,0.728303124166666,9413.051,0.194661,0.260631754783863,3.741392082475,9045.35,3.74139,2017,2026,20260910
draw-026,26,771,1,771,1771,2009,1,1818.46,0.764817161666666,9413.051,0.186416,0.193184972651269,4.10274419398907,8488.26,4.10274,2017,2026,20260910
draw-026,26,771,1,771,1771,2010,1,1644.24,0.471905604083334,9413.051,0.156783,0.174676627163711,3.00992839838078,8478.76,3.00992,2017,2026,20260910
draw-026,26,771,1,771,1771,2011,1,1515.13,0.390094785,9413.051,0.160213,0.160960564220889,2.43485101084182,8940.88,2.43485,2017,2026,20260910
draw-026,26,771,1,771,1771,2012,1,1537.56,0.364041000833333,9413.051,0.17852,0.16334342605814,2.03921689913362,9501.93,2.03921,2017,2026,20260910
draw-026,26,771,1,771,1771,2013,1,1677.78,0.35409669775,9413.051,0.212261,0.178239765194091,1.66821365088264,10298.1,1.66821,2017,2026,20260910
draw-026,26,771,1,771,1771,2014,1,1937.66,0.381268466666666,9413.051,0.246977,0.205848241978079,1.54374078018061,10043.5,1.54374,2017,2026,20260910
draw-026,26,771,1,771,1771,2015,1,2238.36,0.424691032083333,9413.051,0.349159,0.237793251093615,1.21632560547869,8888.4,1.21633,2017,2026,20260910
draw-026,26,771,1,771,1771,2016,1,2613.51,0.336385484891667,9413.051,0.320208,0.27764749176436,1.05052180111573,9277.69,1.05052,2017,2026,20260910
draw-026,26,771,1,771,1771,2017,1,3122.77,0.354904182241667,9413.051,0.293657,0.331748972782576,1.20856707737826,9944.27,1.20857,2017,2026,20260910
draw-026,26,771,1,771,1771,2018,1,3968.83,0.403725662166667,9413.051,0.275198,0.421630563777887,1.46703705029349,10968.3,1.46703,2017,2026,20260910
draw-026,26,771,1,771,1771,2019,1,4705.07,0.380183095583333,9413.051,0.313353,0.499845374257507,1.21327415273935,9865.68,1.21327,2017,2026,20260910
draw-026,26,771,1,771,1771,2020,1,5218.29,0.435017138,9413.051,0.452688,0.554367547780204,0.960964589297706,9626.82,0.960965,2017,2026,20260910
draw-026,26,771,1,771,1771,2021,1,5778.03,0.553130457333333,9413.051,0.574349,0.613831795875747,0.963056360041252,9293.5,0.963055,2017,2026,20260910
draw-026,26,771,1,771,1771,2022,1,6137.7,0.521827658,9413.051,0.744648,0.652041511301702,0.700770911893942,8550.5,0.700772,2017,2026,20260910
draw-026,26,771,1,771,1771,2023,1,5895.77,0.673900031,9413.051,0.682904,0.626339961400401,0.9868151760716,9358.72,0.986815,2017,2026,20260910
draw-026,26,771,1,771,1771,2024,1,5472.98,0.96282328775,9413.051,0.847889,0.581424662418168,1.13555346012273,9213.2,1.13556,2017,2026,20260910
draw-026,26,771,1,771,1771,2025,1,5532.07,0.910789651333334,9413.051,0.760938,0.587702116986299,1.19693017214718,8387.61,1.19693,2017,2026,20260910
draw-026,26,771,1,771,1771,2026,1,5587.47,1.05905171683333,9413.051,0.904759,0.5935875626298,1.1705346029532,8921.91,1.17054,2017,2026,20260910
draw-027,27,784,1,784,1784,2007,1,3649.89,1.13398847416667,6321.524,0.306645,0.577375012734271,3.69804977797345,6167.55,3.69805,2017,2026,20260910
draw-027,27,784,1,784,1784,2008,1,2412.41,0.853655001666667,6321.524,0.212261,0.381618419862046,4.02172326365497,6104.5,4.02172,2017,2026,20260910
draw-027,27,784,1,784,1784,2009,1,1868.88,0.839146861666667,6321.524,0.198919,0.295637570940172,4.21853549267122,5640.84,4.21852,2017,2026,20260910
draw-027,27,784,1,784,1784,2010,1,1725.36,0.520794957,6321.524,0.167299,0.272934184857955,3.11295917489047,5789.44,3.11296,2017,2026,20260910
draw-027,27,784,1,784,1784,2011,1,1624.37,0.4336243625,6321.524,0.174699,0.256958606816964,2.48212275113195,5991.47,2.48213,2017,2026,20260910
draw-027,27,784,1,784,1784,2012,1,1653.67,0.385261296666667,6321.524,0.190494,0.261593565096012,2.02243271004161,6377.76,2.02243,2017,2026,20260910
draw-027,27,784,1,784,1784,2013,1,1749.7,0.3903426665,6321.524,0.221649,0.276784522213314,1.76108471727822,6938.02,1.76108,2017,2026,20260910
draw-027,27,784,1,784,1784,2014,1,1962.45,0.36302013075,6321.524,0.24169,0.310439381389678,1.50200724378336,6670.94,1.50201,2017,2026,20260910
draw-027,27,784,1,784,1784,2015,1,2231.35,0.409601573166667,6321.524,0.356797,0.352976592353363,1.14799612431345,5832.1,1.148,2017,2026,20260910
draw-027,27,784,1,784,1784,2016,1,2635.6,0.421651443658334,6321.524,0.364602,0.416924779531012,1.15647046274659,6181.39,1.15647,2017,2026,20260910
draw-027,27,784,1,784,1784,2017,1,3503.76,0.393648557808333,6321.524,0.341685,0.554258751528904,1.15208030147163,6645.78,1.15208,2017,2026,20260910
draw-027,27,784,1,784,1784,2018,1,4626.25,0.56978677875,6321.524,0.327212,0.731825110527145,1.74133827228219,7563.05,1.74134,2017,2026,20260910
draw-027,27,784,1,784,1784,2019,1,5576.77,0.408242781166667,6321.524,0.327212,0.882187586411125,1.24764000454344,6561.07,1.24764,2017,2026,20260910
draw-027,27,784,1,784,1784,2020,1,6374.29,0.470977962333333,6321.524,0.47271,1.00834703783455,0.996335940287562,6280.97,0.996336,2017,2026,20260910
draw-027,27,784,1,784,1784,2021,1,7017.67,0.617570843333333,6321.524,0.713108,1.11012312853673,0.866027086126272,6100.86,0.866025,2017,2026,20260910
draw-027,27,784,1,784,1784,2022,1,7436.43,0.78320890375,6321.524,1.12334,1.17636664829557,0.697214470908185,5875.71,0.697212,2017,2026,20260910
draw-027,27,784,1,784,1784,2023,1,7284.5,0.747810117583333,6321.524,0.904759,1.15233288681653,0.826529625660903,6415.06,0.826532,2017,2026,20260910
draw-027,27,784,1,784,1784,2024,1,7097.17,1.11768766091667,6321.524,1.27909,1.12269920987407,0.873814712738483,6164.7,0.873817,2017,2026,20260910
draw-027,27,784,1,784,1784,2025,1,8712.5,0.90620291375,6321.524,0.986562,1.37822778178174,0.918546339459659,5765.14,0.918546,2017,2026,20260910
draw-027,27,784,1,784,1784,2026,1,10410.5,0.458425916166667,6321.524,0.777584,1.64683389638321,0.589551631935156,5842.9,0.589552,2017,2026,20260910
draw-028,28,796,1,796,1796,2007,1,3559.54,0.957832478333334,7639.985,0.257901,0.465909291706725,3.71395410771317,7433.55,3.71396,2017,2026,20260910
draw-028,28,796,1,796,1796,2008,1,2479.82,0.681915161666666,7639.985,0.17852,0.324584406906558,3.81982501493763,7219.97,3.81982,2017,2026,20260910
draw-028,28,796,1,796,1796,2009,1,1946,0.663919900833334,7639.985,0.170959,0.254712541974886,3.88350365194774,6795.38,3.88351,2017,2026,20260910
draw-028,28,796,1,796,1796,2010,1,1814.15,0.446549241583333,7639.985,0.156783,0.237454654688458,2.84819936844768,6909.31,2.84819,2017,2026,20260910
draw-028,28,796,1,796,1796,2011,1,1667.69,0.386086251666667,7639.985,0.170959,0.218284459982579,2.25835581435705,7408.87,2.25836,2017,2026,20260910
draw-028,28,796,1,796,1796,2012,1,1647.72,0.34768725,7639.985,0.190494,0.215670580505066,1.8251874074774,7729.72,1.82519,2017,2026,20260910
draw-028,28,796,1,796,1796,2013,1,1725.84,0.270806776,7639.985,0.190494,0.225895731470677,1.42160265415184,7843.56,1.4216,2017,2026,20260910
draw-028,28,796,1,796,1796,2014,1,1971.51,0.31292246475,7639.985,0.221649,0.25805155376614,1.4117928109308,8046.14,1.41179,2017,2026,20260910
draw-028,28,796,1,796,1796,2015,1,2308.25,0.348654040083333,7639.985,0.306645,0.302127556533161,1.1369956793143,7066.42,1.137,2017,2026,20260910
draw-028,28,796,1,796,1796,2016,1,2747.08,0.37283980275,7639.985,0.356797,0.359566150980663,1.04496339024712,7593.49,1.04496,2017,2026,20260910
draw-028,28,796,1,796,1796,2017,1,3417.02,0.352315110158333,7639.985,0.313353,0.447254804819643,1.12433935580107,8072.92,1.12434,2017,2026,20260910
draw-028,28,796,1,796,1796,2018,1,4516.55,0.284975942666667,7639.985,0.246977,0.591172626647827,1.15385619983507,8188.29,1.15386,2017,2026,20260910
draw-028,28,796,1,796,1796,2019,1,5598.36,0.327831168916667,7639.985,0.293657,0.732771072194514,1.11637443996454,8038.64,1.11638,2017,2026,20260910
draw-028,28,796,1,796,1796,2020,1,6310.97,0.374791442666667,7639.985,0.389057,0.826044815533015,0.963332988910794,7719.94,0.963333,2017,2026,20260910
draw-028,28,796,1,796,1796,2021,1,6837.63,0.475191001666666,7639.985,0.599752,0.894979505849815,0.792312491941113,7487.04,0.792312,2017,2026,20260910
draw-028,28,796,1,796,1796,2022,1,7044.08,0.586800510666667,7639.985,0.829738,0.922001810212978,0.707211807421941,7312.64,0.707211,2017,2026,20260910
draw-028,28,796,1,796,1796,2023,1,6847.77,0.594173425333333,7639.985,0.682904,0.896306733586519,0.870068743678955,7824.9,0.87007,2017,2026,20260910
draw-028,28,796,1,796,1796,2024,1,6494.38,0.852232300083333,7639.985,0.944776,0.850051407168993,0.902046940315305,7562.34,0.902047,2017,2026,20260910
draw-028,28,796,1,796,1796,2025,1,6289.73,0.824240551833333,7639.985,0.744648,0.823264705362642,1.10688614195342,7013.31,1.10689,2017,2026,20260910
draw-028,28,796,1,796,1796,2026,1,6079.24,0.588615616333333,7639.985,0.760938,0.795713604149746,0.773539521397713,7179.83,0.773539,2017,2026,20260910
draw-029,29,808,1,808,1808,2007,1,3462.17,0.903104805833333,6393.726,0.246977,0.541494896715937,3.65663525685928,6161.33,3.65663,2017,2026,20260910
draw-029,29,808,1,808,1808,2008,1,2317.41,0.692910829166666,6393.726,0.186416,0.362450627380654,3.71701371752782,5977.03,3.71701,2017,2026,20260910
draw-029,29,808,1,808,1808,2009,1,1870.87,0.670658905833333,6393.726,0.170959,0.292610287021996,3.92292248921281,5718.49,3.92293,2017,2026,20260910
draw-029,29,808,1,808,1808,2010,1,1727.88,0.46880851,6393.726,0.156783,0.27024617570412,2.99017438115102,5842.77,2.99017,2017,2026,20260910
draw-029,29,808,1,808,1808,2011,1,1561.56,0.374852376666667,6393.726,0.160213,0.244233174834205,2.33971261175227,5955.8,2.33971,2017,2026,20260910
draw-029,29,808,1,808,1808,2012,1,1575.93,0.329409371916667,6393.726,0.174699,0.246480690602006,1.88558246994354,6169.86,1.88559,2017,2026,20260910
draw-029,29,808,1,808,1808,2013,1,1694.11,0.323793265,6393.726,0.203271,0.264964435448125,1.59291421304564,6591.16,1.59292,2017,2026,20260910
draw-029,29,808,1,808,1808,2014,1,1928.78,0.333455711666667,6393.726,0.236516,0.301667603522578,1.40986534385271,6673.4,1.40987,2017,2026,20260910
draw-029,29,808,1,808,1808,2015,1,2236.07,0.348144651916667,6393.726,0.313353,0.34972878099562,1.11103021805014,5931.15,1.11103,2017,2026,20260910
draw-029,29,808,1,808,1808,2016,1,2549.86,0.3960068474,6393.726,0.341685,0.39880658007553,1.15898224212359,6252.18,1.15898,2017,2026,20260910
draw-029,29,808,1,808,1808,2017,1,3216.16,0.362940167708333,6393.726,0.306645,0.503018114945808,1.1835841696696,6613.69,1.18358,2017,2026,20260910
draw-029,29,808,1,808,1808,2018,1,4333.68,0.384245252666667,6393.726,0.269307,0.677801957731689,1.42679266660973,7291.85,1.42679,2017,2026,20260910
draw-029,29,808,1,808,1808,2019,1,5199.04,0.3472445335,6393.726,0.281219,0.813147138304019,1.2347833307849,6682.56,1.23479,2017,2026,20260910
draw-029,29,808,1,808,1808,2020,1,5656.94,0.378417726083333,6393.726,0.389057,0.884764220424835,0.972653688491232,6473.49,0.972654,2017,2026,20260910
draw-029,29,808,1,808,1808,2021,1,5963.27,0.521858225416667,6393.726,0.626279,0.932675250706709,0.833267961111049,6198.16,0.833267,2017,2026,20260910
draw-029,29,808,1,808,1808,2022,1,6155.15,0.601489008583333,6393.726,0.777584,0.962685920541481,0.773535731938071,6085.74,0.773535,2017,2026,20260910
draw-029,29,808,1,808,1808,2023,1,5887.12,0.577139217333333,6393.726,0.612872,0.920765137573928,0.941696173643654,6512.98,0.941698,2017,2026,20260910
draw-029,29,808,1,808,1808,2024,1,5571.12,0.81340031925,6393.726,0.777584,0.871341687147682,1.04606102909782,6266.53,1.04606,2017,2026,20260910
draw-029,29,808,1,808,1808,2025,1,5562.35,0.904563719333334,6393.726,0.682904,0.86997002999503,1.32458401083217,5864.56,1.32458,2017,2026,20260910
draw-029,29,808,1,808,1808,2026,1,5547.21,0.546167727916667,6393.726,0.682904,0.867602083667645,0.79977233683895,5947.7,0.799773,2017,2026,20260910
draw-030,30,818,1,818,1818,2007,1,3528.93,0.775967939166667,5247.934,0.226498,0.672441764702071,3.42593726729007,5111.85,3.42594,2017,2026,20260910
draw-030,30,818,1,818,1818,2008,1,2396.58,0.613166899166667,5247.934,0.174699,0.456671139537959,3.50984779058075,5015.71,3.50986,2017,2026,20260910
draw-030,30,818,1,818,1818,2009,1,1923.87,0.676594263333333,5247.934,0.167299,0.366595692704977,4.04422180248139,4755.19,4.04422,2017,2026,20260910
draw-030,30,818,1,818,1818,2010,1,1790.93,0.438520651916667,5247.934,0.150143,0.341263819247727,2.92068662486208,4838.76,2.9207,2017,2026,20260910
draw-030,30,818,1,818,1818,2011,1,1548.6,0.3882300475,5247.934,0.167299,0.295087552549251,2.32057601958171,4996.93,2.32058,2017,2026,20260910
draw-030,30,818,1,818,1818,2012,1,1482.21,0.304136338333333,5247.934,0.170959,0.282436859914778,1.77900162222131,5196.2,1.779,2017,2026,20260910
draw-030,30,818,1,818,1818,2013,1,1581.84,0.276680061833333,5247.934,0.182425,0.301421473669448,1.5166784258371,5306.68,1.51668,2017,2026,20260910
draw-030,30,818,1,818,1818,2014,1,1840.2,0.254422772916667,5247.934,0.198919,0.350652275733651,1.27902700554832,5299.59,1.27902,2017,2026,20260910
draw-030,30,818,1,818,1818,2015,1,2126.84,0.2991497475,5247.934,0.269307,0.40527186508062,1.11081311477236,4872.39,1.11081,2017,2026,20260910
draw-030,30,818,1,818,1818,2016,1,2522.7,0.308175228816667,5247.934,0.281219,0.480703453968743,1.09585493446981,5060.45,1.09586,2017,2026,20260910
draw-030,30,818,1,818,1818,2017,1,3247.93,0.378608066325,5247.934,0.306645,0.618896883992825,1.23467875336301,5589.77,1.23468,2017,2026,20260910
draw-030,30,818,1,818,1818,2018,1,4172.69,0.385860437,5247.934,0.269307,0.79511099034401,1.43279022453928,5954.64,1.43279,2017,2026,20260910
draw-030,30,818,1,818,1818,2019,1,4945.4,0.314697604833333,5247.934,0.281219,0.942351790247362,1.11904816116028,5338.61,1.11905,2017,2026,20260910
draw-030,30,818,1,818,1818,2020,1,5286.97,0.349332884583333,5247.934,0.356797,1.00743835574152,0.979080218116558,5365.33,0.97908,2017,2026,20260910
draw-030,30,818,1,818,1818,2021,1,5631.77,0.4169875285,5247.934,0.51545,1.07314040153706,0.808977647686488,5131.1,0.808978,2017,2026,20260910
draw-030,30,818,1,818,1818,2022,1,5895,0.47087666575,5247.934,0.653979,1.12329918783277,0.72001802160314,4904.32,0.720018,2017,2026,20260910
draw-030,30,818,1,818,1818,2023,1,5650.51,0.622654279083333,5247.934,0.682904,1.07671133059219,0.911774245111075,5196.11,0.911773,2017,2026,20260910
draw-030,30,818,1,818,1818,2024,1,5380.61,0.87600151925,5247.934,0.713108,1.02528156794655,1.22842755830814,5198.44,1.22843,2017,2026,20260910
draw-030,30,818,1,818,1818,2025,1,5522.77,0.882114129083333,5247.934,0.626279,1.05237032325483,1.40850025161842,4789.91,1.4085,2017,2026,20260910
draw-030,30,818,1,818,1818,2026,1,5541.37,0.814473099583333,5247.934,0.682904,1.05591457514519,1.19266119334977,5011.11,1.19266,2017,2026,20260910
draw-031,31,929,1,929,1929,2007,1,3507.28,0.956150439166667,7655.853,0.269307,0.458117469078886,3.55041064349113,7453.77,3.55041,2017,2026,20260910
draw-031,31,929,1,929,1929,2008,1,2337.41,0.757284495833333,7655.853,0.198919,0.30531019861536,3.80699931043959,7292.74,3.80699,2017,2026,20260910
draw-031,31,929,1,929,1929,2009,1,1770.43,0.785589014166667,7655.853,0.190494,0.231251827849882,4.12395673442033,7006.91,4.12396,2017,2026,20260910
draw-031,31,929,1,929,1929,2010,1,1603.54,0.52689253475,7655.853,0.163718,0.20945281995357,3.21829325272725,7180.44,3.2183,2017,2026,20260910
draw-031,31,929,1,929,1929,2011,1,1483.55,0.415485214166667,7655.853,0.170959,0.193779843996482,2.43032080303855,7245.91,2.43032,2017,2026,20260910
draw-031,31,929,1,929,1929,2012,1,1451.45,0.4084262275,7655.853,0.182425,0.189586973522088,2.23887201589694,7878.52,2.23887,2017,2026,20260910
draw-031,31,929,1,929,1929,2013,1,1548.14,0.350828274166667,7655.853,0.207717,0.202216526362249,1.68897237186492,8387.82,1.68897,2017,2026,20260910
draw-031,31,929,1,929,1929,2014,1,1859.01,0.412404823333334,7655.853,0.25238,0.242822060454923,1.63406301344534,8298.22,1.63407,2017,2026,20260910
draw-031,31,929,1,929,1929,2015,1,2196.36,0.404263993083333,7655.853,0.33437,0.286886386141427,1.20903189007188,7198.61,1.20903,2017,2026,20260910
draw-031,31,929,1,929,1929,2016,1,2540.87,0.406564920833333,7655.853,0.341685,0.331885943996051,1.18988226241519,7554.27,1.18988,2017,2026,20260910
draw-031,31,929,1,929,1929,2017,1,3137.57,0.457512910333333,7655.853,0.327212,0.409826311973336,1.39821556157272,8173.67,1.39822,2017,2026,20260910
draw-031,31,929,1,929,1929,2018,1,4280.59,0.44976579825,7655.853,0.281219,0.559126461806411,1.59934356586859,8923.87,1.59935,2017,2026,20260910
draw-031,31,929,1,929,1929,2019,1,5346.81,0.409312915583334,7655.853,0.306645,0.698395071065236,1.33481033632811,8166.25,1.33481,2017,2026,20260910
draw-031,31,929,1,929,1929,2020,1,5924.3,0.480648097333333,7655.853,0.46259,0.773826247708779,1.03903693839757,7790.95,1.03904,2017,2026,20260910
draw-031,31,929,1,929,1929,2021,1,6619.39,0.542738568666667,7655.853,0.668285,0.864618220856644,0.812136391908642,7269.61,0.812137,2017,2026,20260910
draw-031,31,929,1,929,1929,2022,1,7096.78,0.676857527833333,7655.853,0.965443,0.926974433809009,0.70108491939279,7132.61,0.701085,2017,2026,20260910
draw-031,31,929,1,929,1929,2023,1,6920.13,0.647404099416667,7655.853,0.777584,0.903900584298053,0.832584131639369,7589.72,0.832583,2017,2026,20260910
draw-031,31,929,1,929,1929,2024,1,6594.92,0.963516103833333,7655.853,1.09929,0.86142197348878,0.876489464866717,7431.49,0.876487,2017,2026,20260910
draw-031,31,929,1,929,1929,2025,1,6437.88,1.04095451175,7655.853,1.00814,0.840909562918724,1.03254955834507,6989.98,1.03254,2017,2026,20260910
draw-031,31,929,1,929,1929,2026,1,6869.53,0.574226295416667,7655.853,0.744648,0.897291261992622,0.771137900614339,7090.38,0.771136,2017,2026,20260910
draw-032,32,974,1,974,1974,2007,1,3515.29,0.771466845,5540.04,0.236516,0.634524299463542,3.26179558676792,5367.06,3.2618,2017,2026,20260910
draw-032,32,974,1,974,1974,2008,1,2389.58,0.614870925,5540.04,0.182425,0.431329015674977,3.37054090722215,5321.35,3.37054,2017,2026,20260910
draw-032,32,974,1,974,1974,2009,1,1786.09,0.723969183333334,5540.04,0.167299,0.322396589194302,4.32739695594913,4999.72,4.3274,2017,2026,20260910
draw-032,32,974,1,974,1974,2010,1,1582.48,0.50176370775,5540.04,0.153427,0.285644146973668,3.2703742349782,5054.74,3.27038,2017,2026,20260910
draw-032,32,974,1,974,1974,2011,1,1360.01,0.419512815833333,5540.04,0.160213,0.245487397202908,2.61846926175362,5376.65,2.61847,2017,2026,20260910
draw-032,32,974,1,974,1974,2012,1,1346.65,0.3305148425,5540.04,0.163718,0.243075862268142,2.0188057666231,5450.6,2.01881,2017,2026,20260910
draw-032,32,974,1,974,1974,2013,1,1460.25,0.304248476666667,5540.04,0.186416,0.263581129378127,1.63209422295654,5592.84,1.63209,2017,2026,20260910
draw-032,32,974,1,974,1974,2014,1,1727.19,0.358910078666667,5540.04,0.231453,0.311764897004354,1.5506823357946,5640.32,1.55068,2017,2026,20260910
draw-032,32,974,1,974,1974,2015,1,2008.48,0.356593154666667,5540.04,0.28737,0.362538898636111,1.24088511210866,5137.85,1.24088,2017,2026,20260910
draw-032,32,974,1,974,1974,2016,1,2505.43,0.309588939833333,5540.04,0.281219,0.4522404170367,1.10088201662524,5262.51,1.10088,2017,2026,20260910
draw-032,32,974,1,974,1974,2017,1,3239.03,0.4125743295,5540.04,0.300081,0.58465823351456,1.37487654833195,5696.1,1.37488,2017,2026,20260910
draw-032,32,974,1,974,1974,2018,1,4126.23,0.435127866583333,5540.04,0.275198,0.74480148157775,1.58114472700868,6369.28,1.58114,2017,2026,20260910
draw-032,32,974,1,974,1974,2019,1,4968.13,0.314709882416667,5540.04,0.28737,0.896767893372611,1.09513826222872,5597.91,1.09514,2017,2026,20260910
draw-032,32,974,1,974,1974,2020,1,5590.55,0.387273769,5540.04,0.406265,1.00911726269124,0.953254080464721,5669.73,0.953255,2017,2026,20260910
draw-032,32,974,1,974,1974,2021,1,6188.37,0.508450404666667,5540.04,0.626279,1.11702623085754,0.811859258679704,5370.34,0.811861,2017,2026,20260910
draw-032,32,974,1,974,1974,2022,1,6427.94,0.632808411333333,5540.04,0.847889,1.16026960094151,0.746334026427201,5209.15,0.746333,2017,2026,20260910
draw-032,32,974,1,974,1974,2023,1,6218.86,0.734326277333334,5540.04,0.777584,1.12252980122887,0.944369067950644,5594.11,0.944369,2017,2026,20260910
draw-032,32,974,1,974,1974,2024,1,5914.8,1.01398785208333,5540.04,0.965443,1.06764572096952,1.05028246316285,5508.73,1.05028,2017,2026,20260910
draw-032,32,974,1,974,1974,2025,1,5780.49,0.964071647916666,5540.04,0.744648,1.04340221370243,1.29466761196789,5093.88,1.29467,2017,2026,20260910
draw-032,32,974,1,974,1974,2026,1,5538.4,0.801941797583333,5540.04,0.777584,0.999703973256511,1.03132497271463,5291.17,1.03132,2017,2026,20260910
draw-033,33,981,1,981,1981,2007,1,3483.66,0.725494765,5556.265,0.203271,0.626978734815564,3.56910117527832,5311.76,3.56911,2017,2026,20260910
draw-033,33,981,1,981,1981,2008,1,2389,0.685253743333333,5556.265,0.17852,0.429965093457566,3.83852645828665,5356.67,3.83852,2017,2026,20260910
draw-033,33,981,1,981,1981,2009,1,1851.86,0.6630719525,5556.265,0.17852,0.333292238581133,3.71427264452162,5111.67,3.71427,2017,2026,20260910
draw-033,33,981,1,981,1981,2010,1,1709.58,0.449131809333333,5556.265,0.156783,0.30768510861163,2.86467161193072,5186.7,2.86467,2017,2026,20260910
draw-033,33,981,1,981,1981,2011,1,1534.42,0.409467456666667,5556.265,0.163718,0.276160334325307,2.5010533763341,5273.09,2.50106,2017,2026,20260910
draw-033,33,981,1,981,1981,2012,1,1517.9,0.340701738333333,5556.265,0.182425,0.273187114005542,1.86762635786396,5541.33,1.86762,2017,2026,20260910
draw-033,33,981,1,981,1981,2013,1,1619.48,0.3115948935,5556.265,0.198919,0.291469179385792,1.56644108154575,5815.39,1.56644,2017,2026,20260910
draw-033,33,981,1,981,1981,2014,1,1839.73,0.329009566833333,5556.265,0.226498,0.331109117365712,1.45259369545574,5953.21,1.45259,2017,2026,20260910
draw-033,33,981,1,981,1981,2015,1,2113.6,0.343475257916667,5556.265,0.306645,0.380399422993684,1.12010715295102,5261.85,1.12011,2017,2026,20260910
draw-033,33,981,1,981,1981,2016,1,2501.93,0.2929316605,5556.265,0.275198,0.450289897980028,1.06443964163984,5349.41,1.06444,2017,2026,20260910
draw-033,33,981,1,981,1981,2017,1,3214.38,0.3209962811,5556.265,0.281219,0.578514523695324,1.14144592328399,5671.19,1.14145,2017,2026,20260910
draw-033,33,981,1,981,1981,2018,1,4056.89,0.485976023083333,5556.265,0.293657,0.730146960233178,1.65491039915048,6566.88,1.65491,2017,2026,20260910
draw-033,33,981,1,981,1981,2019,1,4862.77,0.385984170333333,5556.265,0.306645,0.875186838640706,1.25873296591607,5726.25,1.25873,2017,2026,20260910
draw-033,33,981,1,981,1981,2020,1,5461.41,0.3941688515,5556.265,0.389057,0.982928280058636,1.01313908116291,5711.21,1.01314,2017,2026,20260910
draw-033,33,981,1,981,1981,2021,1,6040.72,0.468815507916667,5556.265,0.550022,1.08719076573922,0.852357738266227,5419.9,0.852357,2017,2026,20260910
draw-033,33,981,1,981,1981,2022,1,6400.72,0.538570807416667,5556.265,0.760938,1.15198249183579,0.707772259259843,5242.97,0.707771,2017,2026,20260910
draw-033,33,981,1,981,1981,2023,1,6211.43,0.588587386166667,5556.265,0.668285,1.11791464230018,0.880743075434383,5539.83,0.880744,2017,2026,20260910
draw-033,33,981,1,981,1981,2024,1,6007.43,0.782232725916666,5556.265,0.866437,1.08119933084545,0.90281546831064,5415.17,0.902816,2017,2026,20260910
draw-033,33,981,1,981,1981,2025,1,6095.17,0.950184387583333,5556.265,0.811976,1.09699051431132,1.17021240477962,5056.72,1.17021,2017,2026,20260910
draw-033,33,981,1,981,1981,2026,1,6155.41,0.611293844666667,5556.265,0.811976,1.10783232981148,0.752847183496392,5212.53,0.752848,2017,2026,20260910
draw-034,34,1025,2,25,1025,2007,1,3539.18,0.84592802,5023.559,0.231453,0.70451645934685,3.6548587402194,4866.49,3.65486,2017,2026,20260910
draw-034,34,1025,2,25,1025,2008,1,2456.1,0.665039795,5023.559,0.182425,0.488916324064274,3.64555184322324,4792.91,3.64554,2017,2026,20260910
draw-034,34,1025,2,25,1025,2009,1,1909.55,0.689202076666667,5023.559,0.174699,0.380118955505449,3.94508312392553,4525.5,3.94509,2017,2026,20260910
draw-034,34,1025,2,25,1025,2010,1,1740.11,0.460796662333334,5023.559,0.160213,0.34638988016265,2.87615026454366,4579.97,2.87615,2017,2026,20260910
draw-034,34,1025,2,25,1025,2011,1,1564.77,0.367947931666667,5023.559,0.163718,0.311486338669457,2.24744946595162,4720.93,2.24745,2017,2026,20260910
draw-034,34,1025,2,25,1025,2012,1,1539.19,0.3236309575,5023.559,0.170959,0.306394331190298,1.89303258383589,5044.91,1.89304,2017,2026,20260910
draw-034,34,1025,2,25,1025,2013,1,1693.45,0.255376639083333,5023.559,0.182425,0.337101644471579,1.39989935087479,5108.16,1.3999,2017,2026,20260910
draw-034,34,1025,2,25,1025,2014,1,1936.33,0.31592129875,5023.559,0.221649,0.385449837455875,1.42532246367004,5180.92,1.42532,2017,2026,20260910
draw-034,34,1025,2,25,1025,2015,1,2189.86,0.352281977083333,5023.559,0.306645,0.43591804137266,1.1488267445526,4683.99,1.14883,2017,2026,20260910
draw-034,34,1025,2,25,1025,2016,1,2623.41,0.321946378916667,5023.559,0.313353,0.522221397220576,1.02742395610276,4931.75,1.02742,2017,2026,20260910
draw-034,34,1025,2,25,1025,2017,1,3303.68,0.335156339258333,5023.559,0.28737,0.657637344360841,1.16628854528424,5119.34,1.16629,2017,2026,20260910
draw-034,34,1025,2,25,1025,2018,1,4312.29,0.418095989583333,5023.559,0.281219,0.858413328080749,1.48672738891516,5863.92,1.48673,2017,2026,20260910
draw-034,34,1025,2,25,1025,2019,1,5177.08,0.326750425833334,5023.559,0.275198,1.03056020641939,1.18732849015376,5306.63,1.18733,2017,2026,20260910
draw-034,34,1025,2,25,1025,2020,1,5677.61,0.452436200666667,5023.559,0.47271,1.13019673900516,0.957111549716881,5115.16,0.957112,2017,2026,20260910
draw-034,34,1025,2,25,1025,2021,1,6358.84,0.426539874666667,5023.559,0.538248,1.26580378572243,0.792459748418326,4902.66,0.79246,2017,2026,20260910
draw-034,34,1025,2,25,1025,2022,1,6800.03,0.527257252,5023.559,0.744648,1.35362797570408,0.708062402638562,4716,0.70806,2017,2026,20260910
draw-034,34,1025,2,25,1025,2023,1,6616.87,0.53424524575,5023.559,0.639979,1.31716776890647,0.834785587886477,5050.06,0.834784,2017,2026,20260910
draw-034,34,1025,2,25,1025,2024,1,6287.74,0.833522129,5023.559,0.904759,1.25165047329991,0.921264258216829,4909.82,0.921263,2017,2026,20260910
draw-034,34,1025,2,25,1025,2025,1,6255.41,0.949938912333333,5023.559,0.847889,1.24521479691987,1.12035763211144,4633.87,1.12036,2017,2026,20260910
draw-034,34,1025,2,25,1025,2026,1,6114.55,0.501580792333333,5023.559,0.639979,1.2171749152344,0.783745704676768,4618.13,0.783746,2017,2026,20260910
draw-035,35,1038,2,38,1038,2007,1,3564.22,0.778210345,7939.313,0.221649,0.448933050000674,3.51100318521626,7686.39,3.511,2017,2026,20260910
draw-035,35,1038,2,38,1038,2008,1,2476.43,0.6242103875,7939.313,0.170959,0.311919935641787,3.65122858404647,7579.25,3.65124,2017,2026,20260910
draw-035,35,1038,2,38,1038,2009,1,2006.25,0.593034205,7939.313,0.163718,0.252698186858233,3.62229079881259,7104.34,3.6223,2017,2026,20260910
draw-035,35,1038,2,38,1038,2010,1,1748.31,0.433212902666667,7939.313,0.146928,0.220209229690277,2.94847069766598,7288.72,2.94846,2017,2026,20260910
draw-035,35,1038,2,38,1038,2011,1,1555.6,0.340181885,7939.313,0.156783,0.195936348648806,2.16976256992148,7477.03,2.16976,2017,2026,20260910
draw-035,35,1038,2,38,1038,2012,1,1541.52,0.3008857825,7939.313,0.163718,0.194162895454556,1.83782957585605,7706.96,1.83783,2017,2026,20260910
draw-035,35,1038,2,38,1038,2013,1,1634.17,0.271368572166667,7939.313,0.182425,0.205832670912458,1.48756240738203,7961.91,1.48756,2017,2026,20260910
draw-035,35,1038,2,38,1038,2014,1,1840.66,0.318791569916667,7939.313,0.216905,0.231841218503415,1.46972900540175,8021.42,1.46973,2017,2026,20260910
draw-035,35,1038,2,38,1038,2015,1,2105.57,0.290440015083333,7939.313,0.257901,0.265208085384718,1.12616862704423,7380.33,1.12617,2017,2026,20260910
draw-035,35,1038,2,38,1038,2016,1,2480.44,0.283342702666667,7939.313,0.275198,0.312425017126797,1.02959579163608,7612.77,1.02959,2017,2026,20260910
draw-035,35,1038,2,38,1038,2017,1,3184.21,0.310582889308333,7939.313,0.263542,0.401068707078308,1.1784948482911,7961.78,1.17849,2017,2026,20260910
draw-035,35,1038,2,38,1038,2018,1,4428.09,0.337106827083333,7939.313,0.246977,0.557742212707825,1.36493206688612,8450.85,1.36493,2017,2026,20260910
draw-035,35,1038,2,38,1038,2019,1,5466.85,0.296003340416667,7939.313,0.263542,0.688579729757474,1.12317330982032,8314.83,1.12317,2017,2026,20260910
draw-035,35,1038,2,38,1038,2020,1,6021.94,0.350859171166667,7939.313,0.341685,0.758496358564022,1.02684979196238,8137.19,1.02685,2017,2026,20260910
draw-035,35,1038,2,38,1038,2021,1,6618.5,0.354685498583333,7939.313,0.452688,0.833636361231759,0.783509831458606,7806.62,0.78351,2017,2026,20260910
draw-035,35,1038,2,38,1038,2022,1,6929.74,0.39460102875,7939.313,0.612872,0.872838745619426,0.643855533863515,7589.98,0.643856,2017,2026,20260910
draw-035,35,1038,2,38,1038,2023,1,6696.61,0.532023631916667,7939.313,0.626279,0.843474743973439,0.849499395503708,8254.08,0.849499,2017,2026,20260910
draw-035,35,1038,2,38,1038,2024,1,6108.82,0.772305910583333,7939.313,0.744648,0.769439370887632,1.03714226128766,7966.03,1.03714,2017,2026,20260910
draw-035,35,1038,2,38,1038,2025,1,6057.85,0.761380745083333,7939.313,0.744648,0.763019419942255,1.02247067753265,7401.47,1.02247,2017,2026,20260910
draw-035,35,1038,2,38,1038,2026,1,5904.76,0.347269743333334,7939.313,0.406265,0.743736895119263,0.854786268404449,7510.3,0.854787,2017,2026,20260910
draw-036,36,1063,2,63,1063,2007,1,3682.86,0.946047046666667,7506.448,0.25238,0.490626192308266,3.74850244340545,7135.91,3.74851,2017,2026,20260910
draw-036,36,1063,2,63,1063,2008,1,2499.25,0.6299444725,7506.448,0.182425,0.332947087623867,3.45316964505961,7057.17,3.45316,2017,2026,20260910
draw-036,36,1063,2,63,1063,2009,1,1957.44,0.6660503925,7506.448,0.17852,0.260767809222151,3.7309567135335,6672.72,3.73095,2017,2026,20260910
draw-036,36,1063,2,63,1063,2010,1,1893.82,0.478726975416667,7506.448,0.163718,0.252292429122269,2.9240949401817,6713.74,2.9241,2017,2026,20260910
draw-036,36,1063,2,63,1063,2011,1,1785.7,0.379718061666667,7506.448,0.170959,0.237888812391693,2.22110600592345,7073.52,2.22111,2017,2026,20260910
draw-036,36,1063,2,63,1063,2012,1,1739.78,0.287931583333333,7506.448,0.17852,0.23177140506402,1.6128813765031,7380.63,1.61288,2017,2026,20260910
draw-036,36,1063,2,63,1063,2013,1,1808.66,0.29501155,7506.448,0.198919,0.24094751605553,1.48307376369276,7943.19,1.48307,2017,2026,20260910
draw-036,36,1063,2,63,1063,2014,1,2064.45,0.331775990833333,7506.448,0.236516,0.275023553083962,1.40276341065016,7930.32,1.40276,2017,2026,20260910
draw-036,36,1063,2,63,1063,2015,1,2426.39,0.33712461325,7506.448,0.341685,0.323240765805611,0.986653242752828,6869.24,0.986654,2017,2026,20260910
draw-036,36,1063,2,63,1063,2016,1,2931.72,0.360634234833333,7506.448,0.372578,0.390560222358165,0.967942913519674,7312.24,0.967943,2017,2026,20260910
draw-036,36,1063,2,63,1063,2017,1,3722.81,0.319526138558333,7506.448,0.306645,0.495948283395822,1.04200668055352,7776.3,1.04201,2017,2026,20260910
draw-036,36,1063,2,63,1063,2018,1,4756.15,0.369734964333333,7506.448,0.28737,0.633608598900572,1.28661643293779,8687.86,1.28662,2017,2026,20260910
draw-036,36,1063,2,63,1063,2019,1,5612.85,0.363521327,7506.448,0.313353,0.747737145451484,1.16010163298261,8156.22,1.1601,2017,2026,20260910
draw-036,36,1063,2,63,1063,2020,1,6316.86,0.40718381125,7506.448,0.493617,0.841524513325078,0.824898273864149,7663.35,0.824897,2017,2026,20260910
draw-036,36,1063,2,63,1063,2021,1,7060.93,0.389593547333333,7506.448,0.550022,0.940648626354302,0.708323571299573,7285.56,0.708324,2017,2026,20260910
draw-036,36,1063,2,63,1063,2022,1,7497.7,0.389575678666667,7506.448,0.697843,0.998834601931566,0.558256912610239,6844.78,0.558256,2017,2026,20260910
draw-036,36,1063,2,63,1063,2023,1,7516.28,0.551099941916667,7506.448,0.744648,1.00130980724838,0.740081141581884,7558.25,0.74008,2017,2026,20260910
draw-036,36,1063,2,63,1063,2024,1,7681.24,0.813191474583334,7506.448,1.05273,1.02328558061016,0.772459675874473,7291.22,0.772457,2017,2026,20260910
draw-036,36,1063,2,63,1063,2025,1,7573.45,0.699856721666667,7506.448,0.904759,1.00892592608382,0.77352833369623,6806.94,0.77353,2017,2026,20260910
draw-036,36,1063,2,63,1063,2026,1,7058.75,0.343056986416667,7506.448,0.51545,0.940358209368799,0.665548523458467,6994,0.665549,2017,2026,20260910
draw-037,37,1120,2,120,1120,2007,1,3483.59,0.978213765833333,7368.192,0.269307,0.472787625512473,3.63233694569147,7212.72,3.63233,2017,2026,20260910
draw-037,37,1120,2,120,1120,2008,1,2326.54,0.741229534166666,7368.192,0.190494,0.31575452974081,3.89109123734431,6892.94,3.89109,2017,2026,20260910
draw-037,37,1120,2,120,1120,2009,1,1788.13,0.781369054166667,7368.192,0.182425,0.242682329667848,4.2832345027637,6762.24,4.28323,2017,2026,20260910
draw-037,37,1120,2,120,1120,2010,1,1612.63,0.501962801666667,7368.192,0.160213,0.218863732106872,3.1330965756004,6701.29,3.1331,2017,2026,20260910
draw-037,37,1120,2,120,1120,2011,1,1490.91,0.424193059166667,7368.192,0.167299,0.202344075724411,2.53553852184811,6941.35,2.53554,2017,2026,20260910
draw-037,37,1120,2,120,1120,2012,1,1512.88,0.351787019166666,7368.192,0.17852,0.205325811270933,1.9705748328852,7049.1,1.97057,2017,2026,20260910
draw-037,37,1120,2,120,1120,2013,1,1662.34,0.335163061666667,7368.192,0.207717,0.225610298971579,1.61355624078273,7245.08,1.61355,2017,2026,20260910
draw-037,37,1120,2,120,1120,2014,1,1947.15,0.4292152575,7368.192,0.263542,0.26426428627267,1.62864081436735,7753.68,1.62864,2017,2026,20260910
draw-037,37,1120,2,120,1120,2015,1,2330.25,0.3955687725,7368.192,0.33437,0.316258045392954,1.18302710320902,6858.12,1.18303,2017,2026,20260910
draw-037,37,1120,2,120,1120,2016,1,2793.48,0.405903216833333,7368.192,0.364602,0.379126928288514,1.11327753779007,7356.43,1.11328,2017,2026,20260910
draw-037,37,1120,2,120,1120,2017,1,3366.8,0.488533422041667,7368.192,0.349159,0.456937061357793,1.39917178718483,7963.39,1.39917,2017,2026,20260910
draw-037,37,1120,2,120,1120,2018,1,4133.82,0.450425658583333,7368.192,0.306645,0.561035868772149,1.46888310125172,8639.01,1.46888,2017,2026,20260910
draw-037,37,1120,2,120,1120,2019,1,4805.36,0.450522183666667,7368.192,0.372578,0.652176273365298,1.20920232452444,7545,1.2092,2017,2026,20260910
draw-037,37,1120,2,120,1120,2020,1,5321.47,0.476288947,7368.192,0.504415,0.722221950785213,0.944240252569809,7497.36,0.94424,2017,2026,20260910
draw-037,37,1120,2,120,1120,2021,1,5990.53,0.49332363225,7368.192,0.599752,0.813025773486902,0.822546039446305,7167.71,0.822547,2017,2026,20260910
draw-037,37,1120,2,120,1120,2022,1,6342.75,0.608481041166667,7368.192,0.829738,0.86082854518449,0.733341176572203,6951.74,0.733342,2017,2026,20260910
draw-037,37,1120,2,120,1120,2023,1,6098.39,0.646150736416667,7368.192,0.728708,0.827664371395317,0.886707345626323,7255.75,0.886709,2017,2026,20260910
draw-037,37,1120,2,120,1120,2024,1,5738.35,0.990358176583334,7368.192,0.986562,0.778800280991592,1.00384788445463,7180.25,1.00385,2017,2026,20260910
draw-037,37,1120,2,120,1120,2025,1,5935.3,0.950783118833334,7368.192,0.924551,0.805530040476687,1.02837281970744,6733.81,1.02837,2017,2026,20260910
draw-037,37,1120,2,120,1120,2026,1,6079.75,0.554531658416667,7368.192,0.697843,0.825134578469182,0.794636699682689,6747.9,0.794637,2017,2026,20260910
draw-038,38,1138,2,138,1138,2007,1,3586.94,0.895887674166667,7997.594,0.269307,0.448502387092918,3.32664087515982,7853.97,3.32664,2017,2026,20260910
draw-038,38,1138,2,138,1138,2008,1,2469.37,0.701266710833333,7997.594,0.198919,0.308764110806325,3.52538827780822,7682.84,3.52538,2017,2026,20260910
draw-038,38,1138,2,138,1138,2009,1,1899.93,0.755520841666667,7997.594,0.182425,0.237562696981117,4.14154223196748,7154.11,4.14153,2017,2026,20260910
draw-038,38,1138,2,138,1138,2010,1,1706.54,0.500613721666667,7997.594,0.156783,0.213381674538618,3.19303573516687,7375.38,3.19303,2017,2026,20260910
draw-038,38,1138,2,138,1138,2011,1,1543.63,0.418568780833333,7997.594,0.17852,0.193011798298338,2.34466043487191,7844.65,2.34466,2017,2026,20260910
draw-038,38,1138,2,138,1138,2012,1,1585.38,0.38904028075,7997.594,0.194661,0.198232118309582,1.99855276994365,8385.75,1.99855,2017,2026,20260910
draw-038,38,1138,2,138,1138,2013,1,1740.17,0.34177528175,7997.594,0.212261,0.217586689196776,1.61016522936385,8644.12,1.61016,2017,2026,20260910
draw-038,38,1138,2,138,1138,2014,1,1991.55,0.399464469333333,7997.594,0.269307,0.249018642356689,1.48330518454156,8647.21,1.4833,2017,2026,20260910
draw-038,38,1138,2,138,1138,2015,1,2296.25,0.420563890416667,7997.594,0.372578,0.287117600618386,1.12879421333698,7447.25,1.12879,2017,2026,20260910
draw-038,38,1138,2,138,1138,2016,1,2764.27,0.344691776291667,7997.594,0.327212,0.345637700538437,1.05342033999874,7918.37,1.05342,2017,2026,20260910
draw-038,38,1138,2,138,1138,2017,1,3468.83,0.365153496241667,7997.594,0.320208,0.433734195559314,1.14036343951952,8407.72,1.14037,2017,2026,20260910
draw-038,38,1138,2,138,1138,2018,1,4412.98,0.40509702775,7997.594,0.293657,0.551788450376451,1.37949045229639,9537.74,1.37949,2017,2026,20260910
draw-038,38,1138,2,138,1138,2019,1,5097.12,0.4704454135,7997.594,0.442997,0.637331677502009,1.06196072095296,7996.06,1.06196,2017,2026,20260910
draw-038,38,1138,2,138,1138,2020,1,5473.44,0.45285526225,7997.594,0.493617,0.684385829038083,0.917422338067774,8245.07,0.917422,2017,2026,20260910
draw-038,38,1138,2,138,1138,2021,1,6097.62,0.476967983583333,7997.594,0.612872,0.76243180136426,0.778250570401867,7809.69,0.778252,2017,2026,20260910
draw-038,38,1138,2,138,1138,2022,1,6431.82,0.6115873975,7997.594,0.847889,0.804219368975219,0.721305969885209,7415.53,0.721306,2017,2026,20260910
draw-038,38,1138,2,138,1138,2023,1,6142.59,0.653701972083333,7997.594,0.697843,0.768054742463796,0.936746477478936,8045.51,0.936748,2017,2026,20260910
draw-038,38,1138,2,138,1138,2024,1,5773.8,1.04372304783333,7997.594,1.00814,0.721942124093821,1.03529574050562,7849.19,1.03529,2017,2026,20260910
draw-038,38,1138,2,138,1138,2025,1,6040.73,1.01615157541667,7997.594,0.866437,0.755318412012413,1.17279337726421,7270.41,1.17279,2017,2026,20260910
draw-038,38,1138,2,138,1138,2026,1,6372.3,0.597775727083333,7997.594,0.682904,0.796777130722065,0.875343719004916,7399.02,0.875343,2017,2026,20260910
draw-039,39,1173,2,173,1173,2007,1,3489.88,0.984143288,5413.482,0.269307,0.644664561552066,3.65435465101167,5257.47,3.65435,2017,2026,20260910
draw-039,39,1173,2,173,1173,2008,1,2364.14,0.720764848333333,5413.482,0.194661,0.436713375975019,3.70266693551011,5159.52,3.70267,2017,2026,20260910
draw-039,39,1173,2,173,1173,2009,1,1876.2,0.703535046,5413.482,0.182425,0.346579151828712,3.85657144579964,4904.1,3.85656,2017,2026,20260910
draw-039,39,1173,2,173,1173,2010,1,1746.42,0.440271838916667,5413.482,0.150143,0.322605672282646,2.93235008569608,4941.09,2.93236,2017,2026,20260910
draw-039,39,1173,2,173,1173,2011,1,1571.02,0.414355170833333,5413.482,0.170959,0.290205084269237,2.42371077763284,5274.22,2.42371,2017,2026,20260910
draw-039,39,1173,2,173,1173,2012,1,1552.76,0.3581129925,5413.482,0.182425,0.28683202419441,1.96306971358092,5504.87,1.96307,2017,2026,20260910
draw-039,39,1173,2,173,1173,2013,1,1651.18,0.3223388965,5413.482,0.194661,0.305012559384145,1.65589869824978,5645.69,1.6559,2017,2026,20260910
draw-039,39,1173,2,173,1173,2014,1,1852.32,0.367960164833333,5413.482,0.231453,0.34216794292472,1.58978351904418,5671.52,1.58978,2017,2026,20260910
draw-039,39,1173,2,173,1173,2015,1,2123.69,0.40061136925,5413.482,0.320208,0.392296492350025,1.25109731565108,5016.06,1.2511,2017,2026,20260910
draw-039,39,1173,2,173,1173,2016,1,2519.69,0.363866333183333,5413.482,0.300081,0.465447192767982,1.21256038597357,5279,1.21256,2017,2026,20260910
draw-039,39,1173,2,173,1173,2017,1,3286.7,0.332726625008333,5413.482,0.28737,0.607132341069944,1.15783354215239,5559.2,1.15783,2017,2026,20260910
draw-039,39,1173,2,173,1173,2018,1,4288.03,0.371549876666667,5413.482,0.269307,0.792102014932349,1.37965176050629,6070.75,1.37965,2017,2026,20260910
draw-039,39,1173,2,173,1173,2019,1,4968.49,0.369494590166667,5413.482,0.293657,0.917799301817204,1.25825228128962,5752.15,1.25825,2017,2026,20260910
draw-039,39,1173,2,173,1173,2020,1,5427.59,0.412597129916666,5413.482,0.389057,1.00260608606439,1.06050560693335,5692.39,1.06051,2017,2026,20260910
draw-039,39,1173,2,173,1173,2021,1,5958.55,0.485024422416667,5413.482,0.526725,1.10068713630155,0.920830456911418,5368.2,0.92083,2017,2026,20260910
draw-039,39,1173,2,173,1173,2022,1,6253.85,0.492880712,5413.482,0.728708,1.1552361308304,0.676376150666659,5050.99,0.676376,2017,2026,20260910
draw-039,39,1173,2,173,1173,2023,1,6113.22,0.585519667916667,5413.482,0.639979,1.12925839598248,0.914904501423745,5505.27,0.914906,2017,2026,20260910
draw-039,39,1173,2,173,1173,2024,1,5836.52,0.92692640225,5413.482,0.924551,1.07814526768538,1.00256924956006,5368.23,1.00257,2017,2026,20260910
draw-039,39,1173,2,173,1173,2025,1,5977.07,0.82818008925,5413.482,0.697843,1.10410822461403,1.18677136440431,4921.39,1.18677,2017,2026,20260910
draw-039,39,1173,2,173,1173,2026,1,6024.77,0.555723412,5413.482,0.562054,1.11291955898256,0.988736690780601,4846.25,0.988739,2017,2026,20260910
draw-040,40,1176,2,176,1176,2007,1,3655.63,0.884142424166667,5279.838,0.236516,0.69237541000311,3.73819286714923,5203.09,3.7382,2017,2026,20260910
draw-040,40,1176,2,176,1176,2008,1,2408.45,0.709579204166667,5279.838,0.186416,0.456159829146273,3.80642865508683,5125.28,3.80643,2017,2026,20260910
draw-040,40,1176,2,176,1176,2009,1,1862.88,0.6897064275,5279.838,0.174699,0.352829007253632,3.94797009427644,4754.78,3.94798,2017,2026,20260910
draw-040,40,1176,2,176,1176,2010,1,1760.24,0.435891345,5279.838,0.153427,0.333389016859987,2.84103414001447,4824.05,2.84104,2017,2026,20260910
draw-040,40,1176,2,176,1176,2011,1,1588.79,0.412779546666667,5279.838,0.160213,0.300916429632879,2.57644227788423,5058.39,2.57644,2017,2026,20260910
draw-040,40,1176,2,176,1176,2012,1,1558.04,0.349667754166667,5279.838,0.17852,0.295092387304307,1.95870352994996,5211.89,1.9587,2017,2026,20260910
draw-040,40,1176,2,176,1176,2013,1,1651.66,0.3227684685,5279.838,0.194661,0.312823991948238,1.65810546796739,5356.24,1.6581,2017,2026,20260910
draw-040,40,1176,2,176,1176,2014,1,1892.83,0.34415576825,5279.838,0.226498,0.358501529781785,1.51946493236143,5532.04,1.51946,2017,2026,20260910
draw-040,40,1176,2,176,1176,2015,1,2275.57,0.360840328583333,5279.838,0.306645,0.430992390296824,1.17673638436411,4845.57,1.17674,2017,2026,20260910
draw-040,40,1176,2,176,1176,2016,1,2877.71,0.327959382416667,5279.838,0.313353,0.545037556076531,1.04661318837435,5195.06,1.04661,2017,2026,20260910
draw-040,40,1176,2,176,1176,2017,1,3607.48,0.3179929095,5279.838,0.306645,0.683255812015444,1.03700666731889,5468.09,1.03701,2017,2026,20260910
draw-040,40,1176,2,176,1176,2018,1,4686.08,0.419702082666667,5279.838,0.28737,0.887542382929173,1.46049372817854,6175.98,1.46049,2017,2026,20260910
draw-040,40,1176,2,176,1176,2019,1,5882.67,0.329956810666667,5279.838,0.320208,1.11417623040707,1.03044524392478,5410.38,1.03045,2017,2026,20260910
draw-040,40,1176,2,176,1176,2020,1,6621.37,0.417858260666667,5279.838,0.46259,1.25408582611815,0.90330154276285,5451.03,0.903301,2017,2026,20260910
draw-040,40,1176,2,176,1176,2021,1,7194.37,0.465112411333333,5279.838,0.668285,1.36261188316763,0.695979127667587,5115.31,0.695978,2017,2026,20260910
draw-040,40,1176,2,176,1176,2022,1,7565.23,0.571918152,5279.838,1.00814,1.43285267464646,0.567300327335489,4960.4,0.567298,2017,2026,20260910
draw-040,40,1176,2,176,1176,2023,1,7304.64,0.659515340916667,5279.838,0.847889,1.38349699365776,0.777832170150417,5304.81,0.777833,2017,2026,20260910
draw-040,40,1176,2,176,1176,2024,1,6684.04,0.90055485325,5279.838,1.0302,1.2659555084834,0.874155361337605,5196.04,0.874157,2017,2026,20260910
draw-040,40,1176,2,176,1176,2025,1,6586.46,0.840465864166667,5279.838,0.965443,1.2474738808274,0.870549441206438,4823.01,0.870549,2017,2026,20260910
draw-040,40,1176,2,176,1176,2026,1,6691.86,0.420364162416667,5279.838,0.728708,1.26743661453249,0.576862285602281,4893.33,0.576862,2017,2026,20260910
draw-041,41,1185,2,185,1185,2007,1,3393.84,0.870951863333334,8690.189,0.231453,0.390536960703616,3.76297504604967,8430.88,3.76298,2017,2026,20260910
draw-041,41,1185,2,185,1185,2008,1,2238.03,0.733066549166667,8690.189,0.190494,0.257535250384083,3.84823957272495,8233.82,3.84824,2017,2026,20260910
draw-041,41,1185,2,185,1185,2009,1,1713.63,0.7337941475,8690.189,0.167299,0.19719133841623,4.38612393080652,7796.37,4.38612,2017,2026,20260910
draw-041,41,1185,2,185,1185,2010,1,1627.46,0.479031378666667,8690.189,0.150143,0.187275558678873,3.1905009135735,7857.83,3.19051,2017,2026,20260910
draw-041,41,1185,2,185,1185,2011,1,1464.88,0.4491911025,8690.189,0.163718,0.168567104812105,2.74368794207112,8249.42,2.74369,2017,2026,20260910
draw-041,41,1185,2,185,1185,2012,1,1432.22,0.3652372375,8690.189,0.174699,0.164808843628142,2.09066587387449,8435.37,2.09067,2017,2026,20260910
draw-041,41,1185,2,185,1185,2013,1,1552.78,0.315633648333333,8690.189,0.194661,0.178681959621361,1.6214529275681,8832.87,1.62145,2017,2026,20260910
draw-041,41,1185,2,185,1185,2014,1,1853.55,0.34659293,8690.189,0.226498,0.213292254057996,1.53022512340065,9130.38,1.53022,2017,2026,20260910
draw-041,41,1185,2,185,1185,2015,1,2153.44,0.390196813083333,8690.189,0.313353,0.247801284874241,1.24523081982088,8095.84,1.24523,2017,2026,20260910
draw-041,41,1185,2,185,1185,2016,1,2613.01,0.321406951166667,8690.189,0.306645,0.300685059899158,1.04814019849228,8456.78,1.04814,2017,2026,20260910
draw-041,41,1185,2,185,1185,2017,1,3480.75,0.333114136258333,8690.189,0.300081,0.400537893939936,1.1100807323967,8843.48,1.11008,2017,2026,20260910
draw-041,41,1185,2,185,1185,2018,1,4549.11,0.359925237166667,8690.189,0.269307,0.523476531983366,1.33648674994214,9795.61,1.33649,2017,2026,20260910
draw-041,41,1185,2,185,1185,2019,1,5355.11,0.337024650666667,8690.189,0.281219,0.616224802475527,1.19844196397351,8916.34,1.19844,2017,2026,20260910
draw-041,41,1185,2,185,1185,2020,1,5988.63,0.402872788583333,8690.189,0.415152,0.689125403371549,0.970422372006719,9060.4,0.970423,2017,2026,20260910
draw-041,41,1185,2,185,1185,2021,1,6662.57,0.454744708666667,8690.189,0.562054,0.766677226467687,0.809076545432764,8654.26,0.809076,2017,2026,20260910
draw-041,41,1185,2,185,1185,2022,1,6967.19,0.507550082166667,8690.189,0.760938,0.80173054924352,0.667005829866121,8186.29,0.667005,2017,2026,20260910
draw-041,41,1185,2,185,1185,2023,1,6625.42,0.657539396083334,8690.189,0.760938,0.762402290675151,0.864116913708257,8891.89,0.864118,2017,2026,20260910
draw-041,41,1185,2,185,1185,2024,1,6165.35,0.823388245,8690.189,0.904759,0.709460979502287,0.910063613625286,8606.68,0.910063,2017,2026,20260910
draw-041,41,1185,2,185,1185,2025,1,7079.75,0.844327196,8690.189,0.847889,0.814683086869572,0.995799209566347,7998.24,0.995799,2017,2026,20260910
draw-041,41,1185,2,185,1185,2026,1,7915.97,0.408956509,8690.189,0.526725,0.910908842143709,0.776413705444018,7948.7,0.776413,2017,2026,20260910
draw-042,42,1192,2,192,1192,2007,1,3635.46,0.861904505,7545.545,0.24169,0.481802175985963,3.56615708138525,7230.8,3.56616,2017,2026,20260910
draw-042,42,1192,2,192,1192,2008,1,2394.59,0.737495720833334,7545.545,0.182425,0.31735149681037,4.04273384039103,7077.8,4.04273,2017,2026,20260910
draw-042,42,1192,2,192,1192,2009,1,1833.71,0.715287789166666,7545.545,0.174699,0.243018893930127,4.09440116524231,6618.68,4.09441,2017,2026,20260910
draw-042,42,1192,2,192,1192,2010,1,1672.92,0.508437356,7545.545,0.153427,0.221709631312251,3.31387145678401,6880.8,3.31387,2017,2026,20260910
draw-042,42,1192,2,192,1192,2011,1,1456.01,0.423199766666667,7545.545,0.167299,0.192962867493336,2.52960129269551,7304.62,2.5296,2017,2026,20260910
draw-042,42,1192,2,192,1192,2012,1,1426.86,0.38264595,7545.545,0.17852,0.189099660793223,2.1434346291732,7556.08,2.14343,2017,2026,20260910
draw-042,42,1192,2,192,1192,2013,1,1548.7,0.311439136666667,7545.545,0.186416,0.205246937099971,1.67066741409893,7895.21,1.67067,2017,2026,20260910
draw-042,42,1192,2,192,1192,2014,1,1803.49,0.360476838333333,7545.545,0.221649,0.239013881701057,1.6263409189003,7835.09,1.62634,2017,2026,20260910
draw-042,42,1192,2,192,1192,2015,1,2141.57,0.332655064416667,7545.545,0.281219,0.283819127710457,1.18290394467183,6914.73,1.18291,2017,2026,20260910
draw-042,42,1192,2,192,1192,2016,1,2553.87,0.3906382125,7545.545,0.341685,0.338460641345324,1.14327000746301,7376.49,1.14327,2017,2026,20260910
draw-042,42,1192,2,192,1192,2017,1,3235.49,0.485048838166667,7545.545,0.33437,0.428794739147404,1.45063503952707,8065.22,1.45063,2017,2026,20260910
draw-042,42,1192,2,192,1192,2018,1,4189.98,0.42664101175,7545.545,0.281219,0.555291897404362,1.51711303912609,8804.47,1.51712,2017,2026,20260910
draw-042,42,1192,2,192,1192,2019,1,5012.45,0.341303045833333,7545.545,0.275198,0.664292638901498,1.24020903434376,8020.73,1.24021,2017,2026,20260910
draw-042,42,1192,2,192,1192,2020,1,5564.29,0.398467375833333,7545.545,0.389057,0.737427183854844,1.02418765330873,7628.94,1.02419,2017,2026,20260910
draw-042,42,1192,2,192,1192,2021,1,6143.52,0.571604640333333,7545.545,0.668285,0.814191685292448,0.855330645358393,7379.32,0.85533,2017,2026,20260910
draw-042,42,1192,2,192,1192,2022,1,6641.27,0.52359917925,7545.545,0.794594,0.880157761964179,0.658951841128929,6979.17,0.658953,2017,2026,20260910
draw-042,42,1192,2,192,1192,2023,1,6502.33,0.582849395833333,7545.545,0.639979,0.861744247764741,0.910732064385446,7600.74,0.910732,2017,2026,20260910
draw-042,42,1192,2,192,1192,2024,1,6150.49,1.09820085225,7545.545,0.965443,0.81511540915865,1.13750977763576,7413.48,1.13751,2017,2026,20260910
draw-042,42,1192,2,192,1192,2025,1,6165.22,0.991576217749999,7545.545,0.944776,0.817067554431125,1.04953578176203,6798.48,1.04954,2017,2026,20260910
draw-042,42,1192,2,192,1192,2026,1,6104.62,0.448654721333333,7545.545,0.526725,0.809036325407906,0.851781710253611,6764.9,0.851781,2017,2026,20260910
draw-043,43,1208,2,208,1208,2007,1,3869.76,0.778683940833333,7150.138,0.246977,0.541214729002433,3.15286014824592,7093.03,3.15286,2017,2026,20260910
draw-043,43,1208,2,208,1208,2008,1,2648.19,0.609277575833333,7150.138,0.182425,0.370369075394069,3.33987981819012,6927.97,3.33987,2017,2026,20260910
draw-043,43,1208,2,208,1208,2009,1,2058.5,0.702621563333334,7150.138,0.186416,0.287896541297525,3.76910545947415,6527.86,3.76911,2017,2026,20260910
draw-043,43,1208,2,208,1208,2010,1,1844.72,0.476171576833333,7150.138,0.156783,0.257997817664498,3.03713780724526,6699.69,3.03713,2017,2026,20260910
draw-043,43,1208,2,208,1208,2011,1,1640.87,0.355057534166667,7150.138,0.160213,0.229487878415773,2.21615932643835,6742.96,2.21616,2017,2026,20260910
draw-043,43,1208,2,208,1208,2012,1,1681.61,0.311477330833333,7150.138,0.170959,0.235185670542303,1.82194169849691,7122.31,1.82194,2017,2026,20260910
draw-043,43,1208,2,208,1208,2013,1,1814.15,0.2669334925,7150.138,0.190494,0.253722375707993,1.40126981689712,7364.64,1.40127,2017,2026,20260910
draw-043,43,1208,2,208,1208,2014,1,2022.02,0.283097872916667,7150.138,0.226498,0.282794541867584,1.24989127019517,7470.61,1.24989,2017,2026,20260910
draw-043,43,1208,2,208,1208,2015,1,2362.15,0.3011947365,7150.138,0.300081,0.33036425310952,1.00371145290771,6797.66,1.00371,2017,2026,20260910
draw-043,43,1208,2,208,1208,2016,1,2812.32,0.339974236,7150.138,0.33437,0.393323877105589,1.01676058258815,7099.61,1.01676,2017,2026,20260910
draw-043,43,1208,2,208,1208,2017,1,3499.67,0.3306592652,7150.138,0.306645,0.489454888842705,1.07831291949975,7544.06,1.07831,2017,2026,20260910
draw-043,43,1208,2,208,1208,2018,1,4372.87,0.341096844083333,7150.138,0.275198,0.611578405899299,1.23945974928355,8168.62,1.23946,2017,2026,20260910
draw-043,43,1208,2,208,1208,2019,1,5061.71,0.309305847166667,7150.138,0.293657,0.70791780522278,1.05328954244805,7523.48,1.05329,2017,2026,20260910
draw-043,43,1208,2,208,1208,2020,1,5642.61,0.343561236333333,7150.138,0.389057,0.789160992417209,0.883061444295652,7320.11,0.883062,2017,2026,20260910
draw-043,43,1208,2,208,1208,2021,1,6479,0.4533639925,7150.138,0.550022,0.906136357088493,0.824265197573916,6941.35,0.824265,2017,2026,20260910
draw-043,43,1208,2,208,1208,2022,1,7136.69,0.436010747833333,7150.138,0.728708,0.998119197139971,0.59833396618856,6622.87,0.598333,2017,2026,20260910
draw-043,43,1208,2,208,1208,2023,1,7089.11,0.44597552175,7150.138,0.574349,0.991464780120328,0.776488723319794,7109.19,0.77649,2017,2026,20260910
draw-043,43,1208,2,208,1208,2024,1,6656.41,0.690715590083334,7150.138,0.829738,0.930948465610034,0.832450231378259,7002.29,0.832451,2017,2026,20260910
draw-043,43,1208,2,208,1208,2025,1,7001.61,0.821979674916667,7150.138,0.866437,0.979227254075376,0.948689489156935,6503.07,0.948691,2017,2026,20260910
draw-043,43,1208,2,208,1208,2026,1,7568.16,0.659379810575,7150.138,0.965443,1.05846348699843,0.682981605931163,6766.34,0.682983,2017,2026,20260910
draw-044,44,1229,2,229,1229,2007,1,3653.65,0.834893399166667,6472.499,0.246977,0.56448830660306,3.38044999804301,6193.09,3.38045,2017,2026,20260910
draw-044,44,1229,2,229,1229,2008,1,2416.92,0.72532387,6472.499,0.194661,0.373413730925258,3.72608724911513,6209.73,3.72609,2017,2026,20260910
draw-044,44,1229,2,229,1229,2009,1,1848.67,0.787481026666667,6472.499,0.190494,0.285619202104164,4.13388887139053,5844.9,4.13389,2017,2026,20260910
draw-044,44,1229,2,229,1229,2010,1,1649.58,0.556687386833333,6472.499,0.167299,0.254859830801055,3.32749978680885,6031.05,3.3275,2017,2026,20260910
draw-044,44,1229,2,229,1229,2011,1,1447.64,0.444510779166667,6472.499,0.170959,0.223660134980322,2.60010165692749,6304.27,2.60011,2017,2026,20260910
draw-044,44,1229,2,229,1229,2012,1,1364.58,0.379350863333333,6472.499,0.174699,0.210827379038606,2.17145412013425,6463.37,2.17146,2017,2026,20260910
draw-044,44,1229,2,229,1229,2013,1,1435.3,0.323480896333333,6472.499,0.190494,0.221753607068923,1.69811593191037,6660.21,1.69812,2017,2026,20260910
draw-044,44,1229,2,229,1229,2014,1,1693.59,0.397623648416667,6472.499,0.236516,0.261659368352162,1.68117018897946,6789.77,1.68117,2017,2026,20260910
draw-044,44,1229,2,229,1229,2015,1,2023.86,0.424525148916667,6472.499,0.33437,0.312686027452457,1.26962690706902,5924.9,1.26963,2017,2026,20260910
draw-044,44,1229,2,229,1229,2016,1,2421.73,0.398634423891667,6472.499,0.306645,0.374156875111143,1.29998670740324,6184.98,1.29999,2017,2026,20260910
draw-044,44,1229,2,229,1229,2017,1,3096.41,0.406981875983334,6472.499,0.306645,0.478394820918474,1.32720858316077,6646.5,1.32721,2017,2026,20260910
draw-044,44,1229,2,229,1229,2018,1,4002.71,0.497302577916667,6472.499,0.281219,0.618418017523062,1.76838185868191,7321.12,1.76838,2017,2026,20260910
draw-044,44,1229,2,229,1229,2019,1,4912.06,0.37699590225,6472.499,0.306645,0.758912438611423,1.22942132514797,6628.49,1.22942,2017,2026,20260910
draw-044,44,1229,2,229,1229,2020,1,5464.69,0.485254147583334,6472.499,0.424233,0.844293680076273,1.14383875743597,6650.42,1.14384,2017,2026,20260910
draw-044,44,1229,2,229,1229,2021,1,5967.79,0.567986473083333,6472.499,0.574349,0.922022544924302,0.988922193793901,6280.91,0.988921,2017,2026,20260910
draw-044,44,1229,2,229,1229,2022,1,6329.62,0.50476887225,6472.499,0.612872,0.977925218682923,0.823612226125521,6233.75,0.823612,2017,2026,20260910
draw-044,44,1229,2,229,1229,2023,1,6220.96,0.63356230725,6472.499,0.668285,0.961137267074124,0.948042088704669,6551.95,0.948043,2017,2026,20260910
draw-044,44,1229,2,229,1229,2024,1,5891.12,0.939249102416667,6472.499,0.904759,0.910177042901049,1.03812076190087,6412.01,1.03812,2017,2026,20260910
draw-044,44,1229,2,229,1229,2025,1,5846.22,0.903058950416666,6472.499,0.829738,0.903240000500579,1.08836638844631,5955.15,1.08837,2017,2026,20260910
draw-044,44,1229,2,229,1229,2026,1,5588.77,0.535448174583333,6472.499,0.562054,0.863464019075167,0.95266322200951,6044.69,0.952662,2017,2026,20260910
draw-045,45,1257,2,257,1257,2007,1,3488.81,0.977075769166666,7707.186,0.269307,0.452669755212862,3.6281112973917,7658.15,3.62811,2017,2026,20260910
draw-045,45,1257,2,257,1257,2008,1,2273.41,0.827351399166667,7707.186,0.198919,0.294972769568556,4.15923767546925,7658.03,4.15923,2017,2026,20260910
draw-045,45,1257,2,257,1257,2009,1,1793.89,0.734441433333333,7707.186,0.186416,0.2327555089497,3.93979826481275,7059.73,3.9398,2017,2026,20260910
draw-045,45,1257,2,257,1257,2010,1,1705.97,0.558702532666667,7707.186,0.167299,0.22134797317724,3.33954496241261,7339.65,3.33954,2017,2026,20260910
draw-045,45,1257,2,257,1257,2011,1,1612.57,0.4128593775,7707.186,0.170959,0.209229412654632,2.41496135038226,7520.56,2.41496,2017,2026,20260910
draw-045,45,1257,2,257,1257,2012,1,1601.88,0.365669615,7707.186,0.190494,0.207842395395674,1.91958599745924,7724.72,1.91959,2017,2026,20260910
draw-045,45,1257,2,257,1257,2013,1,1702.25,0.381520764166667,7707.186,0.221649,0.220865306741008,1.72128348951119,8518.93,1.72128,2017,2026,20260910
draw-045,45,1257,2,257,1257,2014,1,1980.93,0.344331315333333,7707.186,0.236516,0.257023769764996,1.45584787216651,8235.05,1.45585,2017,2026,20260910
draw-045,45,1257,2,257,1257,2015,1,2233.33,0.448150221,7707.186,0.356797,0.289772427965278,1.2560369649969,7412.19,1.25604,2017,2026,20260910
draw-045,45,1257,2,257,1257,2016,1,2592.23,0.415150537916667,7707.186,0.372578,0.336339359138342,1.1142647658119,7683.2,1.11427,2017,2026,20260910
draw-045,45,1257,2,257,1257,2017,1,3289.06,0.470440997575,7707.186,0.356797,0.426752384073772,1.31851163988206,8439.23,1.31851,2017,2026,20260910
draw-045,45,1257,2,257,1257,2018,1,4208.34,0.411873832166667,7707.186,0.28737,0.546028083401646,1.43325271311086,8771.68,1.43325,2017,2026,20260910
draw-045,45,1257,2,257,1257,2019,1,5048.19,0.362974163833333,7707.186,0.320208,0.654997816323623,1.1335574496369,7852.53,1.13356,2017,2026,20260910
draw-045,45,1257,2,257,1257,2020,1,5470.12,0.533330182916667,7707.186,0.51545,0.709742829613817,1.0346884914476,7981.7,1.03469,2017,2026,20260910
draw-045,45,1257,2,257,1257,2021,1,5723.98,0.508918021916667,7707.186,0.612872,0.742680921415417,0.830382236285337,7635.4,0.830383,2017,2026,20260910
draw-045,45,1257,2,257,1257,2022,1,5859.92,0.705620977166666,7707.186,0.965443,0.760319006184618,0.730877925643116,7305.94,0.730878,2017,2026,20260910
draw-045,45,1257,2,257,1257,2023,1,5647.37,0.70882287325,7707.186,0.777584,0.732740847307954,0.91157080553355,7635.64,0.911571,2017,2026,20260910
draw-045,45,1257,2,257,1257,2024,1,5349.71,1.03866459208333,7707.186,0.88539,0.694119747466845,1.17311534135616,7456.23,1.17311,2017,2026,20260910
draw-045,45,1257,2,257,1257,2025,1,5819.19,0.94478928375,7707.186,0.728708,0.755034327704041,1.29652656997041,6942.83,1.29653,2017,2026,20260910
draw-045,45,1257,2,257,1257,2026,1,6423.3,0.803940227666666,7707.186,0.794594,0.833417021465422,1.01176226811009,7050.68,1.01176,2017,2026,20260910
draw-046,46,1259,2,259,1259,2007,1,3706.65,0.8911454855,8526.656,0.281219,0.434713209961795,3.16886656129209,8370.57,3.16887,2017,2026,20260910
draw-046,46,1259,2,259,1259,2008,1,2439.09,0.7972766625,8526.656,0.207717,0.28605469717554,3.83828315689135,8337.25,3.83828,2017,2026,20260910
draw-046,46,1259,2,259,1259,2009,1,1713.15,0.774451171666667,8526.656,0.190494,0.200916983164326,4.06548852807263,7766.18,4.06549,2017,2026,20260910
draw-046,46,1259,2,259,1259,2010,1,1525.09,0.569653840083333,8526.656,0.167299,0.178861443454503,3.40500445360303,7925.44,3.405,2017,2026,20260910
draw-046,46,1259,2,259,1259,2011,1,1403.06,0.495723466666666,8526.656,0.174699,0.164549854010763,2.83758617202541,8216.14,2.83759,2017,2026,20260910
draw-046,46,1259,2,259,1259,2012,1,1429.09,0.4331361875,8526.656,0.186416,0.167602633435663,2.32349255160501,8468.88,2.32349,2017,2026,20260910
draw-046,46,1259,2,259,1259,2013,1,1569.47,0.37103728975,8526.656,0.207717,0.184066297502796,1.78626347265751,8582.35,1.78626,2017,2026,20260910
draw-046,46,1259,2,259,1259,2014,1,1823.21,0.420486529083333,8526.656,0.246977,0.213824739733842,1.70253314714866,8717.4,1.70253,2017,2026,20260910
draw-046,46,1259,2,259,1259,2015,1,2125.24,0.42882430875,8526.656,0.33437,0.249246597962906,1.28248439976673,7907.97,1.28248,2017,2026,20260910
draw-046,46,1259,2,259,1259,2016,1,2616.32,0.388304468333333,8526.656,0.327212,0.306840102380113,1.18670607536806,8349.2,1.18671,2017,2026,20260910
draw-046,46,1259,2,259,1259,2017,1,3377.21,0.483842031541667,8526.656,0.349159,0.39607672691381,1.38573552891854,8938.14,1.38574,2017,2026,20260910
draw-046,46,1259,2,259,1259,2018,1,4481.83,0.407213518333333,8526.656,0.281219,0.525625755278506,1.44802989248,9767.92,1.44803,2017,2026,20260910
draw-046,46,1259,2,259,1259,2019,1,5522.25,0.347788365916667,8526.656,0.300081,0.647645454443102,1.15898162801599,8751.74,1.15898,2017,2026,20260910
draw-046,46,1259,2,259,1259,2020,1,6144.49,0.510624601083333,8526.656,0.51545,0.720621308048548,0.990638473340447,8881.72,0.990641,2017,2026,20260910
draw-046,46,1259,2,259,1259,2021,1,6509.82,0.622864842333333,8526.656,0.728708,0.763466944133785,0.854752304535333,8288.05,0.854753,2017,2026,20260910
draw-046,46,1259,2,259,1259,2022,1,6886.98,0.566178456,8526.656,0.866437,0.807699993995301,0.653455999686071,8102.2,0.653458,2017,2026,20260910
draw-046,46,1259,2,259,1259,2023,1,6885.76,0.694225411499999,8526.656,0.866437,0.807556913284645,0.801241649998787,8494.62,0.801241,2017,2026,20260910
draw-046,46,1259,2,259,1259,2024,1,6650.05,1.05570475291667,8526.656,1.09929,0.779913016310263,0.960351456773614,8364.64,0.960348,2017,2026,20260910
draw-046,46,1259,2,259,1259,2025,1,6958.92,0.886009329333333,8526.656,0.904759,0.81613706475317,0.979276613256495,7780.81,0.979277,2017,2026,20260910
draw-046,46,1259,2,259,1259,2026,1,7476.15,0.770762909166667,8526.656,1.12334,0.876797422107799,0.686135016261031,7896.72,0.686133,2017,2026,20260910
draw-047,47,1282,2,282,1282,2007,1,3898.67,0.803533860833333,7540.969,0.25238,0.516998544881964,3.18382542528462,7291.96,3.18383,2017,2026,20260910
draw-047,47,1282,2,282,1282,2008,1,2562.18,0.705539054166667,7540.969,0.203271,0.339768005941942,3.47092823947669,7246.56,3.47093,2017,2026,20260910
draw-047,47,1282,2,282,1282,2009,1,1916.82,0.7188274075,7540.969,0.190494,0.254187492350121,3.77349106796014,6773.78,3.77349,2017,2026,20260910
draw-047,47,1282,2,282,1282,2010,1,1750.65,0.50977949175,7540.969,0.167299,0.232151862711543,3.04711619166881,6872.04,3.04712,2017,2026,20260910
draw-047,47,1282,2,282,1282,2011,1,1589.68,0.419525944166667,7540.969,0.182425,0.210805799626016,2.29971738614042,7132.83,2.29971,2017,2026,20260910
draw-047,47,1282,2,282,1282,2012,1,1605.12,0.430926945833333,7540.969,0.198919,0.21285328185277,2.16634381750025,7931.55,2.16634,2017,2026,20260910
draw-047,47,1282,2,282,1282,2013,1,1725.36,0.2761007175,7540.969,0.198919,0.228798182302566,1.38800575862537,7804.67,1.388,2017,2026,20260910
draw-047,47,1282,2,282,1282,2014,1,1936.99,0.31408113775,7540.969,0.231453,0.256862214922247,1.35699748004995,7902.08,1.357,2017,2026,20260910
draw-047,47,1282,2,282,1282,2015,1,2263.48,0.382132507916666,7540.969,0.349159,0.30015771182722,1.09443694109751,7043.35,1.09444,2017,2026,20260910
draw-047,47,1282,2,282,1282,2016,1,2698.5,0.403053572666667,7540.969,0.349159,0.357845258348098,1.15435538727819,7435.6,1.15436,2017,2026,20260910
draw-047,47,1282,2,282,1282,2017,1,3427.22,0.412160148508333,7540.969,0.327212,0.454480054221149,1.25961195955018,8030.24,1.25961,2017,2026,20260910
draw-047,47,1282,2,282,1282,2018,1,4342.73,0.39517913875,7540.969,0.28737,0.575884876333532,1.3751579453318,8781.98,1.37516,2017,2026,20260910
draw-047,47,1282,2,282,1282,2019,1,5089.16,0.355402267,7540.969,0.28737,0.674868176755534,1.23674102028743,8121.33,1.23674,2017,2026,20260910
draw-047,47,1282,2,282,1282,2020,1,5460.82,0.444271440916667,7540.969,0.46259,0.724153620045381,0.960400010628562,7678.33,0.960399,2017,2026,20260910
draw-047,47,1282,2,282,1282,2021,1,5676.01,0.572516133666667,7540.969,0.668285,0.752689740535998,0.856694574420594,7393.85,0.856696,2017,2026,20260910
draw-047,47,1282,2,282,1282,2022,1,5886.3,0.542183919833333,7540.969,0.794594,0.780576077159315,0.682340817868413,7010.13,0.68234,2017,2026,20260910
draw-047,47,1282,2,282,1282,2023,1,5559.66,0.662402613583334,7540.969,0.668285,0.737260688911465,0.991197787745249,7632.29,0.991198,2017,2026,20260910
draw-047,47,1282,2,282,1282,2024,1,5016.31,0.905435157666667,7540.969,0.811976,0.665207614565184,1.11510088680782,7334.67,1.1151,2017,2026,20260910
draw-047,47,1282,2,282,1282,2025,1,4804.74,0.9576593315,7540.969,0.668285,0.637151538482654,1.43301036458996,6749.66,1.43301,2017,2026,20260910
draw-047,47,1282,2,282,1282,2026,1,4653.13,0.561120014666667,7540.969,0.415152,0.617046695192621,1.35160137652394,6677.21,1.3516,2017,2026,20260910
draw-048,48,1287,2,287,1287,2007,1,3650.35,0.7825997035,4821.134,0.236516,0.75715588905017,3.30886579977676,4690.79,3.30887,2017,2026,20260910
draw-048,48,1287,2,287,1287,2008,1,2410.69,0.6763841125,4821.134,0.182425,0.500025512669841,3.70773804303138,4596.14,3.70773,2017,2026,20260910
draw-048,48,1287,2,287,1287,2009,1,1794.04,0.761695200833333,4821.134,0.182425,0.372119920334096,4.17538824631127,4335.94,4.17538,2017,2026,20260910
draw-048,48,1287,2,287,1287,2010,1,1692.44,0.465529798416667,4821.134,0.167299,0.351046040205479,2.78262152443629,4456.57,2.78262,2017,2026,20260910
draw-048,48,1287,2,287,1287,2011,1,1555.59,0.405498546666667,4821.134,0.170959,0.322660602256648,2.37190523263862,4522.79,2.37191,2017,2026,20260910
draw-048,48,1287,2,287,1287,2012,1,1577.39,0.3909603375,4821.134,0.190494,0.32718236000078,2.05234987716148,5057.8,2.05235,2017,2026,20260910
draw-048,48,1287,2,287,1287,2013,1,1705.36,0.333864883333333,4821.134,0.212261,0.353725907639157,1.57289791027713,5210.67,1.5729,2017,2026,20260910
draw-048,48,1287,2,287,1287,2014,1,1937.6,0.333713899166667,4821.134,0.236516,0.401897147019768,1.41095697190324,5135.47,1.41096,2017,2026,20260910
draw-048,48,1287,2,287,1287,2015,1,2224.54,0.399987335,4821.134,0.341685,0.46141426477671,1.1706318246338,4542.85,1.17063,2017,2026,20260910
draw-048,48,1287,2,287,1287,2016,1,2563.63,0.415940312916667,4821.134,0.349159,0.53174833970597,1.19126332964829,4777.64,1.19126,2017,2026,20260910
draw-048,48,1287,2,287,1287,2017,1,3195.93,0.40243519875,4821.134,0.320208,0.66290005629381,1.25679308059137,5059.62,1.25679,2017,2026,20260910
draw-048,48,1287,2,287,1287,2018,1,4319.24,0.422722223333333,4821.134,0.275198,0.895897106365432,1.53606575386934,5509.85,1.53606,2017,2026,20260910
draw-048,48,1287,2,287,1287,2019,1,5250.24,0.398429116083333,4821.134,0.300081,1.08900520085109,1.32773856419878,5212.64,1.32774,2017,2026,20260910
draw-048,48,1287,2,287,1287,2020,1,5686.95,0.50187380675,4821.134,0.47271,1.17958762399054,1.06169492236255,4882.13,1.0617,2017,2026,20260910
draw-048,48,1287,2,287,1287,2021,1,6179.48,0.5709153265,4821.134,0.653979,1.28174823599593,0.872987246532381,4728.37,0.872988,2017,2026,20260910
draw-048,48,1287,2,287,1287,2022,1,6806.62,0.575328943916667,4821.134,0.811976,1.41182966497094,0.708554124649825,4561.55,0.708555,2017,2026,20260910
draw-048,48,1287,2,287,1287,2023,1,6782.15,0.590506589166667,4821.134,0.697843,1.40675409561319,0.846188310503461,4720.3,0.84619,2017,2026,20260910
draw-048,48,1287,2,287,1287,2024,1,6177.77,1.05061715875,4821.134,1.09929,1.28139354765912,0.955723383956917,4725.79,0.955718,2017,2026,20260910
draw-048,48,1287,2,287,1287,2025,1,5834.8,0.945675824166667,4821.134,0.88539,1.21025468281944,1.06808956975645,4327.32,1.06809,2017,2026,20260910
draw-048,48,1287,2,287,1287,2026,1,5730.64,0.446926019325,4821.134,0.51545,1.188649807286,0.867059888107478,4483.77,0.867061,2017,2026,20260910
draw-049,49,1310,2,310,1310,2007,1,3734.64,0.727056818333333,6807.442,0.226498,0.548611357981456,3.20999222215354,6434.59,3.20999,2017,2026,20260910
draw-049,49,1310,2,310,1310,2008,1,2589.69,0.621123963333333,6807.442,0.182425,0.38042042811382,3.40481821753232,6458.6,3.40481,2017,2026,20260910
draw-049,49,1310,2,310,1310,2009,1,2055.42,0.69677015,6807.442,0.182425,0.301937203431186,3.81948828285597,6096.17,3.81948,2017,2026,20260910
draw-049,49,1310,2,310,1310,2010,1,1912.16,0.41625870375,6807.442,0.156783,0.280892587847241,2.65499897150839,6361.11,2.65499,2017,2026,20260910
draw-049,49,1310,2,310,1310,2011,1,1693.69,0.325905308333333,6807.442,0.163718,0.24879976942881,1.99065043754097,6378.43,1.99065,2017,2026,20260910
draw-049,49,1310,2,310,1310,2012,1,1700.45,0.278060778333333,6807.442,0.174699,0.249792800291211,1.59165638231091,6576.89,1.59166,2017,2026,20260910
draw-049,49,1310,2,310,1310,2013,1,1834.93,0.271445416666667,6807.442,0.194661,0.269547650938488,1.39445197891035,7233.68,1.39445,2017,2026,20260910
draw-049,49,1310,2,310,1310,2014,1,2104.02,0.263347516916667,6807.442,0.226498,0.309076448980395,1.16269246049266,7111,1.16269,2017,2026,20260910
draw-049,49,1310,2,310,1310,2015,1,2390.38,0.323252378083333,6807.442,0.320208,0.351142176459234,1.00950750163435,6319.52,1.00951,2017,2026,20260910
draw-049,49,1310,2,310,1310,2016,1,2799.56,0.3062130875,6807.442,0.306645,0.411249923245765,0.99859149015963,6621.53,0.998592,2017,2026,20260910
draw-049,49,1310,2,310,1310,2017,1,3570.47,0.290702544466667,6807.442,0.281219,0.524495104034673,1.0337229862373,6898.62,1.03372,2017,2026,20260910
draw-049,49,1310,2,310,1310,2018,1,4726.76,0.373772418416666,6807.442,0.28737,0.694351857863791,1.30066610438343,8093.92,1.30066,2017,2026,20260910
draw-049,49,1310,2,310,1310,2019,1,5744.82,0.312948319916667,6807.442,0.306645,0.843902893333502,1.02055575638496,7372.44,1.02056,2017,2026,20260910
draw-049,49,1310,2,310,1310,2020,1,6334.6,0.326955321833333,6807.442,0.424233,0.930540429136231,0.770697521959238,6740.15,0.770697,2017,2026,20260910
draw-049,49,1310,2,310,1310,2021,1,6974.73,0.430622686666667,6807.442,0.586913,1.02457428208716,0.733707869252626,6580.93,0.733706,2017,2026,20260910
draw-049,49,1310,2,310,1310,2022,1,7520.5,0.403250012083333,6807.442,0.744648,1.10474683442033,0.541531048338723,6374.28,0.541529,2017,2026,20260910
draw-049,49,1310,2,310,1310,2023,1,7343.3,0.519393170583334,6807.442,0.639979,1.07871649879646,0.811578458954643,6925.93,0.811577,2017,2026,20260910
draw-049,49,1310,2,310,1310,2024,1,6875.54,0.753328234333333,6807.442,0.88539,1.01000346385617,0.850843395942277,6618.02,0.850844,2017,2026,20260910
draw-049,49,1310,2,310,1310,2025,1,6842.48,0.814409046916667,6807.442,0.88539,1.00514701410603,0.919830862011844,6084.21,0.919831,2017,2026,20260910
draw-049,49,1310,2,310,1310,2026,1,6952.86,0.441125633083333,6807.442,0.586913,1.02136162159002,0.751603104861084,6385.92,0.751603,2017,2026,20260910
draw-050,50,1352,2,352,1352,2007,1,3477.28,0.8538155625,8545.385,0.257901,0.406919056309341,3.31063300452499,8192.82,3.31064,2017,2026,20260910
draw-050,50,1352,2,352,1352,2008,1,2360.14,0.704530511666667,8545.385,0.198919,0.276188843451758,3.54179596552701,8056.27,3.54179,2017,2026,20260910
draw-050,50,1352,2,352,1352,2009,1,1854.28,0.691490782416667,8545.385,0.186416,0.216991978711316,3.70939609484522,7757.79,3.7094,2017,2026,20260910
draw-050,50,1352,2,352,1352,2010,1,1632.3,0.51039338,8545.385,0.156783,0.19101538432733,3.25541276796591,7874.39,3.25541,2017,2026,20260910
draw-050,50,1352,2,352,1352,2011,1,1397.83,0.399245514166667,8545.385,0.167299,0.163577182303664,2.38641901127124,7981.98,2.38642,2017,2026,20260910
draw-050,50,1352,2,352,1352,2012,1,1375.94,0.33530831,8545.385,0.170959,0.161015565711785,1.96133757216643,8361.59,1.96134,2017,2026,20260910
draw-050,50,1352,2,352,1352,2013,1,1494.16,0.321043548333333,8545.385,0.198919,0.174849933619141,1.61394109327582,8478.42,1.61394,2017,2026,20260910
draw-050,50,1352,2,352,1352,2014,1,1741.2,0.383418033583333,8545.385,0.24169,0.203759105060802,1.58640421028314,8422.14,1.58641,2017,2026,20260910
draw-050,50,1352,2,352,1352,2015,1,2067.43,0.388688520583333,8545.385,0.293657,0.241935266813608,1.32361401425246,7790.06,1.32362,2017,2026,20260910
draw-050,50,1352,2,352,1352,2016,1,2541.67,0.337629138833333,8545.385,0.300081,0.297431888674413,1.12512667857456,8179.81,1.12513,2017,2026,20260910
draw-050,50,1352,2,352,1352,2017,1,3286.47,0.409982952958334,8545.385,0.300081,0.38459004480196,1.36624095813575,8908.82,1.36624,2017,2026,20260910
draw-050,50,1352,2,352,1352,2018,1,4380.34,0.451690620333333,8545.385,0.300081,0.512597150391703,1.505228989284,9828.16,1.50523,2017,2026,20260910
draw-050,50,1352,2,352,1352,2019,1,5272.21,0.382005857666666,8545.385,0.306645,0.61696576573203,1.24575929060205,8890.69,1.24576,2017,2026,20260910
draw-050,50,1352,2,352,1352,2020,1,5689.32,0.410102086583333,8545.385,0.406265,0.665776907652493,1.00944478747451,8578.27,1.00945,2017,2026,20260910
draw-050,50,1352,2,352,1352,2021,1,6071.48,0.515632588583333,8545.385,0.599752,0.710498122670892,0.85974300808223,8346.21,0.859741,2017,2026,20260910
draw-050,50,1352,2,352,1352,2022,1,6353.74,0.682142830166666,8545.385,0.924551,0.743528817016436,0.737809845175297,7913.47,0.737811,2017,2026,20260910
draw-050,50,1352,2,352,1352,2023,1,6235.43,0.643473543333333,8545.385,0.728708,0.729683917108474,0.883033455558788,8501.21,0.883033,2017,2026,20260910
draw-050,50,1352,2,352,1352,2024,1,5581.85,0.971613386083333,8545.385,0.904759,0.653200528706431,1.07389192711356,8377.15,1.07389,2017,2026,20260910
draw-050,50,1352,2,352,1352,2025,1,5175.5,0.914363247916667,8545.385,0.794594,0.60564854596955,1.15073011867276,7811.74,1.15073,2017,2026,20260910
draw-050,50,1352,2,352,1352,2026,1,5201.25,0.575363770166666,8545.385,0.550022,0.608661868365205,1.04607410279346,8298.13,1.04608,2017,2026,20260910
draw-051,51,1415,2,415,1415,2007,1,3726.18,0.733590275000001,7205.175,0.226498,0.517153296068451,3.23883776015683,6901.19,3.23884,2017,2026,20260910
draw-051,51,1415,2,415,1415,2008,1,2488.61,0.7211491075,7205.175,0.186416,0.345392027258186,3.8684936244743,6968.39,3.8685,2017,2026,20260910
draw-051,51,1415,2,415,1415,2009,1,1946.62,0.682060596666667,7205.175,0.17852,0.270169704413842,3.82063968556278,6444.43,3.82064,2017,2026,20260910
draw-051,51,1415,2,415,1415,2010,1,1750.26,0.457939555666667,7205.175,0.156783,0.242917070022588,2.92084955426715,6709.82,2.92085,2017,2026,20260910
draw-051,51,1415,2,415,1415,2011,1,1612.79,0.412916079166667,7205.175,0.170959,0.223837727744295,2.415293018599,7121.94,2.4153,2017,2026,20260910
draw-051,51,1415,2,415,1415,2012,1,1603.99,0.351376938333333,7205.175,0.182425,0.222616383363347,1.92614465305377,7443.47,1.92614,2017,2026,20260910
draw-051,51,1415,2,415,1415,2013,1,1701.42,0.281615330416667,7205.175,0.194661,0.236138608708324,1.44669620733823,7225.76,1.4467,2017,2026,20260910
draw-051,51,1415,2,415,1415,2014,1,1955.84,0.316059076833333,7205.175,0.221649,0.271449340231153,1.42594406847463,7444.5,1.42594,2017,2026,20260910
draw-051,51,1415,2,415,1415,2015,1,2339.99,0.333336823,7205.175,0.320208,0.324765186133578,1.04100092127617,6719.36,1.041,2017,2026,20260910
draw-051,51,1415,2,415,1415,2016,1,2803.99,0.340958373666667,7205.175,0.327212,0.389163344401767,1.04201060372684,7016.49,1.04201,2017,2026,20260910
draw-051,51,1415,2,415,1415,2017,1,3560.58,0.366262940991667,7205.175,0.313353,0.494169815445149,1.1688509157138,7614.94,1.16885,2017,2026,20260910
draw-051,51,1415,2,415,1415,2018,1,4717.48,0.337289284333333,7205.175,0.275198,0.654734964799606,1.22562403917664,8278.11,1.22562,2017,2026,20260910
draw-051,51,1415,2,415,1415,2019,1,5627.55,0.347037300416667,7205.175,0.313353,0.781042792159802,1.10749633932551,7402.58,1.1075,2017,2026,20260910
draw-051,51,1415,2,415,1415,2020,1,6175.06,0.39030752925,7205.175,0.442997,0.857031231024923,0.881061337322826,7466.22,0.881062,2017,2026,20260910
draw-051,51,1415,2,415,1415,2021,1,6631.33,0.481280673666667,7205.175,0.612872,0.920356549285757,0.785287423257494,7001.53,0.785286,2017,2026,20260910
draw-051,51,1415,2,415,1415,2022,1,6796.13,0.489571308083333,7205.175,0.777584,0.9432289986017,0.629605686438164,6887.42,0.629606,2017,2026,20260910
draw-051,51,1415,2,415,1415,2023,1,6631.05,0.575260609166667,7205.175,0.760938,0.920317688328181,0.755988804825974,7185.88,0.75599,2017,2026,20260910
draw-051,51,1415,2,415,1415,2024,1,6342.1,0.8097504805,7205.175,0.904759,0.880214568001471,0.89499024657395,6986.59,0.894991,2017,2026,20260910
draw-051,51,1415,2,415,1415,2025,1,5973.13,0.821865979583333,7205.175,0.811976,0.829005541156183,1.01218013781606,6514.54,1.01218,2017,2026,20260910
draw-051,51,1415,2,415,1415,2026,1,5415.61,0.741757223166666,7205.175,0.944776,0.751627823057733,0.785114379669537,6713.94,0.785114,2017,2026,20260910
draw-052,52,1435,2,435,1435,2007,1,3780.01,0.754522913333334,7764.239,0.236516,0.486848743321786,3.19015590206723,7525.85,3.19015,2017,2026,20260910
draw-052,52,1435,2,435,1435,2008,1,2579.35,0.674894169166667,7764.239,0.198919,0.332208990475435,3.39280897836138,7371.96,3.3928,2017,2026,20260910
draw-052,52,1435,2,435,1435,2009,1,1888.03,0.729024044166667,7764.239,0.182425,0.243170000305246,3.99629460965694,7151.04,3.99629,2017,2026,20260910
draw-052,52,1435,2,435,1435,2010,1,1642.42,0.504687460333333,7764.239,0.163718,0.211536507312565,3.08266324004284,7256.2,3.08267,2017,2026,20260910
draw-052,52,1435,2,435,1435,2011,1,1504.63,0.4129905575,7764.239,0.163718,0.193789758403882,2.52257270123017,7392.77,2.52258,2017,2026,20260910
draw-052,52,1435,2,435,1435,2012,1,1542.47,0.320939076666667,7764.239,0.167299,0.198663384782462,1.91835621651454,7390.48,1.91836,2017,2026,20260910
draw-052,52,1435,2,435,1435,2013,1,1653.13,0.290973937083334,7764.239,0.194661,0.2129159084361,1.49477264107003,7949.79,1.49477,2017,2026,20260910
draw-052,52,1435,2,435,1435,2014,1,1902.81,0.307345166166667,7764.239,0.221649,0.24507359961485,1.38663005998974,7993.81,1.38663,2017,2026,20260910
draw-052,52,1435,2,435,1435,2015,1,2251.96,0.31229692125,7764.239,0.28737,0.290042591424607,1.08674155705188,7341.02,1.08674,2017,2026,20260910
draw-052,52,1435,2,435,1435,2016,1,2697.44,0.338920900175,7764.239,0.313353,0.3474184656088,1.08159456004889,7551.18,1.08159,2017,2026,20260910
draw-052,52,1435,2,435,1435,2017,1,3411.66,0.3615027897,7764.239,0.300081,0.439406875548267,1.20468403431074,8032.84,1.20469,2017,2026,20260910
draw-052,52,1435,2,435,1435,2018,1,4254.14,0.394857829083333,7764.239,0.281219,0.547914612108154,1.4040937101808,8830.45,1.4041,2017,2026,20260910
draw-052,52,1435,2,435,1435,2019,1,5033.78,0.360318872166667,7764.239,0.300081,0.648328831711646,1.20073870777112,8293.14,1.20074,2017,2026,20260910
draw-052,52,1435,2,435,1435,2020,1,5559.47,0.373074208333334,7764.239,0.424233,0.716035402825699,0.879408740794171,8048.91,0.879408,2017,2026,20260910
draw-052,52,1435,2,435,1435,2021,1,6161.15,0.451882687583333,7764.239,0.599752,0.793529153340076,0.753449238324063,7533.64,0.753449,2017,2026,20260910
draw-052,52,1435,2,435,1435,2022,1,6738.54,0.508371055833334,7764.239,0.811976,0.867894458169049,0.626091234018411,7152.01,0.626093,2017,2026,20260910
draw-052,52,1435,2,435,1435,2023,1,6706.95,0.55337261025,7764.239,0.713108,0.863825804434923,0.776001125004908,7580.92,0.776,2017,2026,20260910
draw-052,52,1435,2,435,1435,2024,1,6289.69,0.818051830250001,7764.239,0.866437,0.810084542734967,0.944156159363001,7573.28,0.944155,2017,2026,20260910
draw-052,52,1435,2,435,1435,2025,1,5724.14,0.857579679916667,7764.239,0.847889,0.737244178083647,1.01142918461811,7223.06,1.01143,2017,2026,20260910
draw-052,52,1435,2,435,1435,2026,1,5277.76,0.509608131583334,7764.239,0.550022,0.679752387838654,0.926523178315292,7374.14,0.926522,2017,2026,20260910
draw-053,53,1437,2,437,1437,2007,1,3814.09,0.78016376,4772.436,0.257901,0.799191440178559,3.02505131814146,4709.4,3.02506,2017,2026,20260910
draw-053,53,1437,2,437,1437,2008,1,2592.68,0.70551368,4772.436,0.190494,0.543261344939985,3.70360053335013,4763.53,3.7036,2017,2026,20260910
draw-053,53,1437,2,437,1437,2009,1,1928.63,0.6860208775,4772.436,0.17852,0.40411856754077,3.8428236472104,4385.66,3.84282,2017,2026,20260910
draw-053,53,1437,2,437,1437,2010,1,1758.15,0.498027737333334,4772.436,0.167299,0.368396768442783,2.97687217098329,4594.53,2.97687,2017,2026,20260910
draw-053,53,1437,2,437,1437,2011,1,1578.13,0.402043395,4772.436,0.163718,0.330675990207098,2.45570673352961,4646.68,2.45571,2017,2026,20260910
draw-053,53,1437,2,437,1437,2012,1,1567.79,0.330120850833333,4772.436,0.190494,0.328509381791605,1.73297243395243,4991.83,1.73297,2017,2026,20260910
draw-053,53,1437,2,437,1437,2013,1,1659.92,0.308256656666667,4772.436,0.194661,0.347813988495603,1.58355631927642,5001.41,1.58356,2017,2026,20260910
draw-053,53,1437,2,437,1437,2014,1,1936,0.281501179166667,4772.436,0.216905,0.40566285226245,1.2978086220542,4899.04,1.29781,2017,2026,20260910
draw-053,53,1437,2,437,1437,2015,1,2246.18,0.375923935916667,4772.436,0.327212,0.470656913995285,1.14886965000265,4527.73,1.14887,2017,2026,20260910
draw-053,53,1437,2,437,1437,2016,1,2600.99,0.297962379416667,4772.436,0.281219,0.545002594063074,1.0595385781781,4629.49,1.05954,2017,2026,20260910
draw-053,53,1437,2,437,1437,2017,1,3183.69,0.301368931541667,4772.436,0.263542,0.667099569276571,1.14353283932605,4755.37,1.14353,2017,2026,20260910
draw-053,53,1437,2,437,1437,2018,1,4268.57,0.3648777225,4772.436,0.263542,0.894421632893558,1.38451450812394,5292.53,1.38451,2017,2026,20260910
draw-053,53,1437,2,437,1437,2019,1,5278.51,0.35910826275,4772.436,0.293657,1.10604102391315,1.22288337328925,5010.26,1.22288,2017,2026,20260910
draw-053,53,1437,2,437,1437,2020,1,5946.38,0.375990046083333,4772.436,0.389057,1.24598423111384,0.966413780200159,4909.48,0.966414,2017,2026,20260910
draw-053,53,1437,2,437,1437,2021,1,6540.02,0.417847693,4772.436,0.538248,1.37037353670117,0.776310721080246,4722.61,0.776311,2017,2026,20260910
draw-053,53,1437,2,437,1437,2022,1,6802.34,0.5997636575,4772.436,0.829738,1.42533917688996,0.722834988273407,4605.09,0.722835,2017,2026,20260910
draw-053,53,1437,2,437,1437,2023,1,6623.62,0.529066617083333,4772.436,0.639979,1.38789079623069,0.826693715080235,4854.02,0.826693,2017,2026,20260910
draw-053,53,1437,2,437,1437,2024,1,6062.25,0.7712071835,4772.436,0.847889,1.27026323663638,0.909561491539576,4766.1,0.909561,2017,2026,20260910
draw-053,53,1437,2,437,1437,2025,1,6045.64,0.771440662416667,4772.436,0.697843,1.26678283375618,1.10546449905877,4424.7,1.10547,2017,2026,20260910
draw-053,53,1437,2,437,1437,2026,1,6107.62,0.314575517083333,4772.436,0.406265,1.2797699120533,0.774311144409027,4384.2,0.774312,2017,2026,20260910
draw-054,54,1459,2,459,1459,2007,1,3690.87,1.10295123333333,6320.497,0.293657,0.583952496140731,3.75591671008467,6182.95,3.75593,2017,2026,20260910
draw-054,54,1459,2,459,1459,2008,1,2456.64,0.7466693525,6320.497,0.194661,0.388678295393543,3.83574189231536,6040.15,3.83574,2017,2026,20260910
draw-054,54,1459,2,459,1459,2009,1,1770.68,0.820806749166667,6320.497,0.198919,0.280148855382733,4.12633659513001,5659.16,4.12633,2017,2026,20260910
draw-054,54,1459,2,459,1459,2010,1,1588.41,0.555624224,6320.497,0.167299,0.251310933301606,3.32114492017286,5829.79,3.32114,2017,2026,20260910
draw-054,54,1459,2,459,1459,2011,1,1560.97,0.410608000833333,6320.497,0.170959,0.246969502556524,2.40179224745894,5919.4,2.4018,2017,2026,20260910
draw-054,54,1459,2,459,1459,2012,1,1597.8,0.373381530833333,6320.497,0.186416,0.252796575965466,2.00294787375189,6014.61,2.00295,2017,2026,20260910
draw-054,54,1459,2,459,1459,2013,1,1712.67,0.358720826333333,6320.497,0.212261,0.270970779671282,1.6899987578186,6592.52,1.69,2017,2026,20260910
draw-054,54,1459,2,459,1459,2014,1,1957.62,0.374219450333333,6320.497,0.246977,0.309725643410637,1.51519959483407,6497.8,1.5152,2017,2026,20260910
draw-054,54,1459,2,459,1459,2015,1,2284.6,0.4299347275,6320.497,0.372578,0.361458916917451,1.15394555636672,5911.92,1.15395,2017,2026,20260910
draw-054,54,1459,2,459,1459,2016,1,2711.24,0.396313261416667,6320.497,0.356797,0.428959937802359,1.11075278496363,6235.13,1.11075,2017,2026,20260910
draw-054,54,1459,2,459,1459,2017,1,3452.74,0.436105920108333,6320.497,0.349159,0.5462766614714,1.24901812672259,6796.36,1.24902,2017,2026,20260910
draw-054,54,1459,2,459,1459,2018,1,4528.46,0.407266717916667,6320.497,0.293657,0.716472138187867,1.38687897076067,7335.41,1.38688,2017,2026,20260910
draw-054,54,1459,2,459,1459,2019,1,5412.23,0.4393127095,6320.497,0.356797,0.85629816769156,1.23126794647937,6577.45,1.23127,2017,2026,20260910
draw-054,54,1459,2,459,1459,2020,1,5991.73,0.47618455675,6320.497,0.586913,0.947983995562374,0.811337552158497,6213.4,0.811337,2017,2026,20260910
draw-054,54,1459,2,459,1459,2021,1,6708.46,0.535591591916666,6320.497,0.697843,1.06138172362078,0.7674958291717,6144.68,0.767496,2017,2026,20260910
draw-054,54,1459,2,459,1459,2022,1,7098.08,0.659035830333333,6320.497,1.0302,1.12302561016958,0.639716395198343,5899.36,0.639719,2017,2026,20260910
draw-054,54,1459,2,459,1459,2023,1,6814.37,0.665816042083333,6320.497,0.811976,1.07813831728739,0.819994731474001,6451.93,0.819994,2017,2026,20260910
draw-054,54,1459,2,459,1459,2024,1,6388.76,1.06367706358333,6320.497,1.14792,1.01080025827083,0.926612537096081,6143.21,0.926615,2017,2026,20260910
draw-054,54,1459,2,459,1459,2025,1,6481.24,1.06200738441667,6320.497,1.05273,1.02543201903268,1.0088126912092,5760.35,1.00881,2017,2026,20260910
draw-054,54,1459,2,459,1459,2026,1,6325.19,0.87708197425,6320.497,0.965443,1.00074250490112,0.908476185802787,5882.82,0.908476,2017,2026,20260910
draw-055,55,1594,2,594,1594,2007,1,3441.06,1.03314191333333,5461.612,0.281219,0.630044756017088,3.6737984038537,5198.52,3.6738,2017,2026,20260910
draw-055,55,1594,2,594,1594,2008,1,2303.2,0.825785160833333,5461.612,0.198919,0.421706997860705,4.15136392618771,5180.79,4.15135,2017,2026,20260910
draw-055,55,1594,2,594,1594,2009,1,1868.54,0.793499763333333,5461.612,0.198919,0.342122435647205,3.98905968426009,4880.65,3.98905,2017,2026,20260910
draw-055,55,1594,2,594,1594,2010,1,1749.82,0.525809613916667,5461.612,0.163718,0.320385263544902,3.21167870311552,5051.24,3.21169,2017,2026,20260910
draw-055,55,1594,2,594,1594,2011,1,1609.98,0.425690816666667,5461.612,0.186416,0.294781101257284,2.28355300331874,5214.35,2.28355,2017,2026,20260910
draw-055,55,1594,2,594,1594,2012,1,1631.79,0.445101305833333,5461.612,0.207717,0.298774427769677,2.1428256032647,5696.56,2.14282,2017,2026,20260910
draw-055,55,1594,2,594,1594,2013,1,1756.86,0.3897427725,5461.612,0.231453,0.321674260273341,1.68389596375938,5998.03,1.6839,2017,2026,20260910
draw-055,55,1594,2,594,1594,2014,1,2003.98,0.371963535,5461.612,0.269307,0.366920974979548,1.38118777083403,5888.08,1.38119,2017,2026,20260910
draw-055,55,1594,2,594,1594,2015,1,2326.05,0.451471540166667,5461.612,0.397568,0.425890744344344,1.13558319624987,5098.08,1.13558,2017,2026,20260910
draw-055,55,1594,2,594,1594,2016,1,2721.23,0.434207706833333,5461.612,0.397568,0.498246671495522,1.09215959743574,5388.89,1.09216,2017,2026,20260910
draw-055,55,1594,2,594,1594,2017,1,3451.73,0.442677623641667,5461.612,0.372578,0.631998391683628,1.18814751177382,5865.51,1.18815,2017,2026,20260910
draw-055,55,1594,2,594,1594,2018,1,4560.51,0.556845562333333,5461.612,0.327212,0.835011714490154,1.70178832785269,6602.13,1.70178,2017,2026,20260910
draw-055,55,1594,2,594,1594,2019,1,5615.97,0.4134009835,5461.612,0.341685,1.02826235184777,1.2098891771661,5849.02,1.20989,2017,2026,20260910
draw-055,55,1594,2,594,1594,2020,1,6329.73,0.539444900416667,5461.612,0.562054,1.15894904288331,0.959774150556116,5320.2,0.959774,2017,2026,20260910
draw-055,55,1594,2,594,1594,2021,1,6923.64,0.697219620583333,5461.612,0.904759,1.26769166319394,0.770613633667455,5233.21,0.770613,2017,2026,20260910
draw-055,55,1594,2,594,1594,2022,1,7120.97,0.785046192,5461.612,1.17303,1.30382202177672,0.669246474514718,5199.5,0.669249,2017,2026,20260910
draw-055,55,1594,2,594,1594,2023,1,6934.37,0.714405269333333,5461.612,0.794594,1.26965628462805,0.899082134188445,5625.81,0.899083,2017,2026,20260910
draw-055,55,1594,2,594,1594,2024,1,7073.57,1.2653143095,5461.612,1.42524,1.29514326539491,0.887790343731582,5288.44,0.887787,2017,2026,20260910
draw-055,55,1594,2,594,1594,2025,1,7286.65,1.060655082,5461.612,1.05273,1.33415738796531,1.0075281240204,4831,1.00753,2017,2026,20260910
draw-055,55,1594,2,594,1594,2026,1,7176.51,0.60229203425,5461.612,0.728708,1.31399118062579,0.826520409066457,4801.3,0.82652,2017,2026,20260910
draw-056,56,1596,2,596,1596,2007,1,3356.87,0.947310158333333,10349.723,0.257901,0.324343946209961,3.67315426591341,10046.8,3.67316,2017,2026,20260910
draw-056,56,1596,2,596,1596,2008,1,2211.36,0.873347780833334,10349.723,0.198919,0.21366368935671,4.39046939122625,10026.1,4.39046,2017,2026,20260910
draw-056,56,1596,2,596,1596,2009,1,1795.09,0.837989198333333,10349.723,0.198919,0.173443289255181,4.21271572013399,9310.71,4.21271,2017,2026,20260910
draw-056,56,1596,2,596,1596,2010,1,1701.59,0.534269646666667,10349.723,0.167299,0.164409231048986,3.19350173441961,9478.39,3.1935,2017,2026,20260910
draw-056,56,1596,2,596,1596,2011,1,1522.44,0.4696632225,10349.723,0.174699,0.147099589042142,2.68841391479058,9845.1,2.68842,2017,2026,20260910
draw-056,56,1596,2,596,1596,2012,1,1484.68,0.49898461,10349.723,0.203271,0.143451182220046,2.45477520157819,11153.9,2.45478,2017,2026,20260910
draw-056,56,1596,2,596,1596,2013,1,1654.09,0.382076196666667,10349.723,0.226498,0.159819736238351,1.68688552069628,11554.1,1.68688,2017,2026,20260910
draw-056,56,1596,2,596,1596,2014,1,1911.85,0.437051691916667,10349.723,0.269307,0.184724750604436,1.62287535012705,11398.8,1.62287,2017,2026,20260910
draw-056,56,1596,2,596,1596,2015,1,2214.95,0.475625305166667,10349.723,0.397568,0.214010558543451,1.19633699182698,9513.72,1.19633,2017,2026,20260910
draw-056,56,1596,2,596,1596,2016,1,2581.54,0.472594910416667,10349.723,0.380728,0.249430830177774,1.24129276128014,10212.6,1.24129,2017,2026,20260910
draw-056,56,1596,2,596,1596,2017,1,3233.17,0.49330634315,10349.723,0.364602,0.312391935513636,1.35299955334858,11234.4,1.353,2017,2026,20260910
draw-056,56,1596,2,596,1596,2018,1,4251.77,0.577330326166666,10349.723,0.320208,0.410810028442307,1.80298532880711,12423.7,1.80299,2017,2026,20260910
draw-056,56,1596,2,596,1596,2019,1,5205.18,0.439483853916667,10349.723,0.33437,0.50292940207192,1.31436389005194,10917.9,1.31436,2017,2026,20260910
draw-056,56,1596,2,596,1596,2020,1,5859.3,0.528810826666667,10349.723,0.538248,0.566131093556803,0.982466867813102,10328.7,0.982469,2017,2026,20260910
draw-056,56,1596,2,596,1596,2021,1,6269.61,0.797549569,10349.723,0.847889,0.605775632835777,0.940629692094131,10056.8,0.940629,2017,2026,20260910
draw-056,56,1596,2,596,1596,2022,1,6401.55,0.779748459833333,10349.723,1.05273,0.618523800105568,0.740691782160035,9544.52,0.74069,2017,2026,20260910
draw-056,56,1596,2,596,1596,2023,1,6126.23,0.709891773666667,10349.723,0.777584,0.591922121973699,0.912945448551754,10471.6,0.912947,2017,2026,20260910
draw-056,56,1596,2,596,1596,2024,1,5862.85,1.28273179441667,10349.723,1.12334,0.566474097905809,1.14189096303583,10133.1,1.14189,2017,2026,20260910
draw-056,56,1596,2,596,1596,2025,1,5681.58,1.21920116375,10349.723,0.847889,0.548959619498995,1.43792544041732,9188.88,1.43793,2017,2026,20260910
draw-056,56,1596,2,596,1596,2026,1,5327.31,0.784666239916667,10349.723,0.744648,0.514729717887136,1.05374115006912,9197.63,1.05374,2017,2026,20260910
draw-057,57,1636,2,636,1636,2007,1,3293.41,1.10799286416667,6646.161,0.28737,0.495535693462738,3.85563163923397,6425.36,3.85562,2017,2026,20260910
draw-057,57,1636,2,636,1636,2008,1,2208.52,0.813394625833333,6646.161,0.198919,0.332300105278822,4.08907457725674,6168.67,4.08907,2017,2026,20260910
draw-057,57,1636,2,636,1636,2009,1,1831.52,0.8593732725,6646.161,0.194661,0.275575629299381,4.41471723920046,5909.58,4.41472,2017,2026,20260910
draw-057,57,1636,2,636,1636,2010,1,1815.99,0.5267677375,6646.161,0.167299,0.27323894199975,3.14866040741427,5859.38,3.14866,2017,2026,20260910
draw-057,57,1636,2,636,1636,2011,1,1701.1,0.470338153333333,6646.161,0.190494,0.255952270792116,2.46904444934399,6339.34,2.46905,2017,2026,20260910
draw-057,57,1636,2,636,1636,2012,1,1657.64,0.431986244166667,6646.161,0.207717,0.249413157460375,2.07968651659068,6557.94,2.07968,2017,2026,20260910
draw-057,57,1636,2,636,1636,2013,1,1747.38,0.380161501416666,6646.161,0.212261,0.262915689222696,1.79100965988414,6938.94,1.79101,2017,2026,20260910
draw-057,57,1636,2,636,1636,2014,1,1988.68,0.397371100833333,6646.161,0.25238,0.299222363105558,1.57449520894418,7130.93,1.5745,2017,2026,20260910
draw-057,57,1636,2,636,1636,2015,1,2280.85,0.390220801916667,6646.161,0.349159,0.34318307967562,1.11760201488911,5995.64,1.1176,2017,2026,20260910
draw-057,57,1636,2,636,1636,2016,1,2718.8,0.428220444416667,6646.161,0.389057,0.409078263376406,1.10066248497435,6427.11,1.10066,2017,2026,20260910
draw-057,57,1636,2,636,1636,2017,1,3493.25,0.412571123916667,6646.161,0.364602,0.525604179615872,1.13156571800667,7070.12,1.13156,2017,2026,20260910
draw-057,57,1636,2,636,1636,2018,1,4577.9,0.429964883916666,6646.161,0.306645,0.688803656727546,1.40215846962014,7842.31,1.40216,2017,2026,20260910
draw-057,57,1636,2,636,1636,2019,1,5578.52,0.455367415666667,6646.161,0.349159,0.839359744670646,1.30418352574806,7234.92,1.30419,2017,2026,20260910
draw-057,57,1636,2,636,1636,2020,1,6217.38,0.594945630083333,6646.161,0.713108,0.935484409721643,0.834299475091197,6490.2,0.834298,2017,2026,20260910
draw-057,57,1636,2,636,1636,2021,1,6782.92,0.64398670175,6646.161,0.794594,1.02057714220284,0.810460061050046,6346.4,0.810459,2017,2026,20260910
draw-057,57,1636,2,636,1636,2022,1,7294.02,0.612205393083334,6646.161,0.986562,1.09747867979725,0.620544266942507,6188.72,0.620543,2017,2026,20260910
draw-057,57,1636,2,636,1636,2023,1,7059.55,0.779687859916666,6646.161,0.944776,1.06219966684527,0.82526213612186,6554.48,0.825263,2017,2026,20260910
draw-057,57,1636,2,636,1636,2024,1,6493.66,1.15388824266667,6646.161,1.22491,0.977054272383712,0.942018795394491,6536.6,0.942019,2017,2026,20260910
draw-057,57,1636,2,636,1636,2025,1,6189.69,1.256050561,6646.161,1.17303,0.931318094761773,1.07077445674876,6034.91,1.07078,2017,2026,20260910
draw-057,57,1636,2,636,1636,2026,1,6159.3,0.732997343716666,6646.161,0.847889,0.926745530239186,0.864496819414648,6162.95,0.864496,2017,2026,20260910
draw-058,58,1685,2,685,1685,2007,1,3507.6,0.823994368333334,6402.772,0.236516,0.547825223200201,3.48388425448314,6154.2,3.48388,2017,2026,20260910
draw-058,58,1685,2,685,1685,2008,1,2356.1,0.687283300833334,6402.772,0.194661,0.367981243124072,3.53066767782624,6045.39,3.53067,2017,2026,20260910
draw-058,58,1685,2,685,1685,2009,1,1857.66,0.7358126725,6402.772,0.182425,0.290133710836494,4.0335078662464,5757.35,4.0335,2017,2026,20260910
draw-058,58,1685,2,685,1685,2010,1,1758.02,0.500290654,6402.772,0.167299,0.274571701131947,2.99039835265005,5880.42,2.9904,2017,2026,20260910
draw-058,58,1685,2,685,1685,2011,1,1668.91,0.418386748333334,6402.772,0.182425,0.260654291609947,2.29347265086109,6093.21,2.29347,2017,2026,20260910
draw-058,58,1685,2,685,1685,2012,1,1641.57,0.3601457325,6402.772,0.186416,0.256384266064761,1.93194646650502,6354.66,1.93195,2017,2026,20260910
draw-058,58,1685,2,685,1685,2013,1,1699.3,0.333813713083333,6402.772,0.212261,0.265400673333363,1.57265683796521,6713.82,1.57265,2017,2026,20260910
draw-058,58,1685,2,685,1685,2014,1,1912.15,0.3450529275,6402.772,0.24169,0.298644087279697,1.42766737349497,6689.15,1.42767,2017,2026,20260910
draw-058,58,1685,2,685,1685,2015,1,2251.4,0.40147599375,6402.772,0.341685,0.351628950710724,1.17498864085342,6014.24,1.17499,2017,2026,20260910
draw-058,58,1685,2,685,1685,2016,1,2660,0.33695499125,6402.772,0.320208,0.415445060358232,1.05230035242717,6285.22,1.0523,2017,2026,20260910
draw-058,58,1685,2,685,1685,2017,1,3299.83,0.387484541358333,6402.772,0.33437,0.515375215609739,1.15884960181336,6857.24,1.15885,2017,2026,20260910
draw-058,58,1685,2,685,1685,2018,1,4209.03,0.390738234833333,6402.772,0.300081,0.657376211428425,1.30210921329019,7452.28,1.30211,2017,2026,20260910
draw-058,58,1685,2,685,1685,2019,1,4938.91,0.431385121083333,6402.772,0.341685,0.77137058761424,1.26252285316398,6951.69,1.26253,2017,2026,20260910
draw-058,58,1685,2,685,1685,2020,1,5414.11,0.477838286416666,6402.772,0.51545,0.845588442006056,0.927031305493581,6436.12,0.927033,2017,2026,20260910
draw-058,58,1685,2,685,1685,2021,1,6053.5,0.486969672833333,6402.772,0.562054,0.945449877022015,0.866410830335401,6266.01,0.866413,2017,2026,20260910
draw-058,58,1685,2,685,1685,2022,1,6452.8,0.53396236225,6402.772,0.811976,1.00781349078181,0.657608552777422,5862.31,0.657609,2017,2026,20260910
draw-058,58,1685,2,685,1685,2023,1,6174.55,0.667937237333333,6402.772,0.697843,0.964355750915385,0.957145428604046,6329.71,0.957148,2017,2026,20260910
draw-058,58,1685,2,685,1685,2024,1,6013.45,0.912755345666667,6402.772,0.944776,0.939194773763614,0.966107675964109,6182.22,0.966108,2017,2026,20260910
draw-058,58,1685,2,685,1685,2025,1,6606.3,1.07113665383333,6402.772,0.924551,1.03178748204684,1.15854793714282,5797.06,1.15855,2017,2026,20260910
draw-058,58,1685,2,685,1685,2026,1,7335.99,0.450588689083333,6402.772,0.574349,1.14575218358548,0.784520716643249,5893.08,0.78452,2017,2026,20260910
draw-059,59,1718,2,718,1718,2007,1,3779.04,0.7409312775,7458.527,0.231453,0.506673770839738,3.20121699653925,7064.92,3.20122,2017,2026,20260910
draw-059,59,1718,2,718,1718,2008,1,2387.31,0.76364911,7458.527,0.198919,0.320077945685522,3.83899531970299,6976.69,3.83899,2017,2026,20260910
draw-059,59,1718,2,718,1718,2009,1,1757.32,0.713082381666667,7458.527,0.182425,0.235612206002606,3.90890712164817,6693.06,3.9089,2017,2026,20260910
draw-059,59,1718,2,718,1718,2010,1,1691.53,0.53475909925,7458.527,0.163718,0.226791429460536,3.2663427310986,6904.11,3.26635,2017,2026,20260910
draw-059,59,1718,2,718,1718,2011,1,1592.05,0.451610184166667,7458.527,0.167299,0.213453675236411,2.69941950738897,7000.74,2.69942,2017,2026,20260910
draw-059,59,1718,2,718,1718,2012,1,1610.66,0.3575478575,7458.527,0.174699,0.215948805977373,2.04665085375417,7227.34,2.04666,2017,2026,20260910
draw-059,59,1718,2,718,1718,2013,1,1756.2,0.317771765833333,7458.527,0.194661,0.235462042304064,1.63243672761022,7674.5,1.63244,2017,2026,20260910
draw-059,59,1718,2,718,1718,2014,1,2032.05,0.3200379975,7458.527,0.216905,0.272446556806726,1.47547542703027,7727.69,1.47548,2017,2026,20260910
draw-059,59,1718,2,718,1718,2015,1,2317.01,0.379920256833333,7458.527,0.33437,0.310652492107356,1.13622710420592,6939.49,1.13623,2017,2026,20260910
draw-059,59,1718,2,718,1718,2016,1,2747.63,0.334998431416667,7458.527,0.33437,0.368387752702377,1.0018794491631,7232.75,1.00188,2017,2026,20260910
draw-059,59,1718,2,718,1718,2017,1,3460.83,0.368256156766667,7458.527,0.327212,0.464009850738624,1.1254359765738,7769.18,1.12544,2017,2026,20260910
draw-059,59,1718,2,718,1718,2018,1,4450.78,0.407188490083334,7458.527,0.28737,0.596737130535292,1.41694849874146,8596.33,1.41695,2017,2026,20260910
draw-059,59,1718,2,718,1718,2019,1,5339.96,0.352678126583333,7458.527,0.28737,0.715953699705049,1.22726146286437,7919.91,1.22726,2017,2026,20260910
draw-059,59,1718,2,718,1718,2020,1,5865.97,0.501549826916667,7458.527,0.504415,0.786478348875053,0.994319809911812,7629.68,0.994317,2017,2026,20260910
draw-059,59,1718,2,718,1718,2021,1,6570.82,0.524062747916667,7458.527,0.653979,0.880980922908773,0.801344917675746,7248.68,0.801347,2017,2026,20260910
draw-059,59,1718,2,718,1718,2022,1,7130.88,0.553748261666667,7458.527,0.829738,0.956070816663934,0.667377246391833,7074.35,0.667376,2017,2026,20260910
draw-059,59,1718,2,718,1718,2023,1,6862.14,0.66240898025,7458.527,0.728708,0.920039573497555,0.909018400031288,7450.1,0.909018,2017,2026,20260910
draw-059,59,1718,2,718,1718,2024,1,6525.42,0.90712494575,7458.527,1.09929,0.874893930128563,0.825191665302149,7236.24,0.825188,2017,2026,20260910
draw-059,59,1718,2,718,1718,2025,1,6702.57,0.982694930416666,7458.527,0.986562,0.898645268697157,0.99608025690901,6600.53,0.996079,2017,2026,20260910
draw-059,59,1718,2,718,1718,2026,1,7099.26,0.696779090916667,7458.527,0.944776,0.951831373674722,0.737507187858992,7060.27,0.737508,2017,2026,20260910
draw-060,60,1723,2,723,1723,2007,1,3530.85,0.90366753,6993.302,0.24169,0.504890250699884,3.73895291489098,6675.05,3.73895,2017,2026,20260910
draw-060,60,1723,2,723,1723,2008,1,2321.39,0.706506649166667,6993.302,0.186416,0.331944766578077,3.7899464057091,6513.01,3.78995,2017,2026,20260910
draw-060,60,1723,2,723,1723,2009,1,1759.84,0.7193009,6993.302,0.17852,0.251646504040581,4.02924546269326,6212.06,4.02924,2017,2026,20260910
draw-060,60,1723,2,723,1723,2010,1,1667.21,0.467329882083333,6993.302,0.153427,0.238400972816561,3.0459429049863,6275.18,3.04594,2017,2026,20260910
draw-060,60,1723,2,723,1723,2011,1,1522.7,0.426131713333333,6993.302,0.167299,0.217736914550523,2.54712648212681,6607.73,2.54713,2017,2026,20260910
draw-060,60,1723,2,723,1723,2012,1,1506.62,0.353445328333333,6993.302,0.194661,0.215437571550607,1.81569666411522,7001.78,1.8157,2017,2026,20260910
draw-060,60,1723,2,723,1723,2013,1,1609.97,0.379073766666667,6993.302,0.207717,0.230215998107904,1.82495302101738,7365.66,1.82495,2017,2026,20260910
draw-060,60,1723,2,723,1723,2014,1,1896.03,0.338265776666667,6993.302,0.226498,0.271120852495717,1.49346032488882,7258.4,1.49346,2017,2026,20260910
draw-060,60,1723,2,723,1723,2015,1,2201.7,0.394984441666667,6993.302,0.33437,0.314829818589273,1.18127954561314,6473.16,1.18128,2017,2026,20260910
draw-060,60,1723,2,723,1723,2016,1,2658.51,0.35948044425,6993.302,0.33437,0.38015089295443,1.07509777865837,6845.06,1.0751,2017,2026,20260910
draw-060,60,1723,2,723,1723,2017,1,3328.19,0.396780623958333,6993.302,0.313353,0.475911093214622,1.26624166342219,7286.64,1.26624,2017,2026,20260910
draw-060,60,1723,2,723,1723,2018,1,4283.85,0.472452078083334,6993.302,0.300081,0.612564708345214,1.57441516818237,8298.23,1.57442,2017,2026,20260910
draw-060,60,1723,2,723,1723,2019,1,5181.94,0.389707918,6993.302,0.306645,0.740986160757822,1.27087647931647,7368.81,1.27088,2017,2026,20260910
draw-060,60,1723,2,723,1723,2020,1,5814.07,0.463775380416667,6993.302,0.48305,0.831376937532513,0.960098085946935,7095.02,0.960097,2017,2026,20260910
draw-060,60,1723,2,723,1723,2021,1,6617.23,0.528660371583333,6993.302,0.668285,0.946223972595492,0.79107023438104,6702.96,0.79107,2017,2026,20260910
draw-060,60,1723,2,723,1723,2022,1,7183.04,0.561711926083334,6993.302,0.904759,1.02713138943521,0.620841490477943,6501.99,0.62084,2017,2026,20260910
draw-060,60,1723,2,723,1723,2023,1,7229.14,0.659091755,6993.302,0.829738,1.03372341134417,0.794337194391482,7002.33,0.794337,2017,2026,20260910
draw-060,60,1723,2,723,1723,2024,1,7011.51,0.946309621250001,6993.302,1.12334,1.00260363416309,0.84240712629302,6782.69,0.842405,2017,2026,20260910
draw-060,60,1723,2,723,1723,2025,1,7561.5,0.899814567666667,6993.302,0.944776,1.08124888643448,0.952410484248824,6418.07,0.952411,2017,2026,20260910
draw-060,60,1723,2,723,1723,2026,1,8014.39,0.500733561083333,6993.302,0.653979,1.14600942444642,0.76567223272205,6476.28,0.765674,2017,2026,20260910
draw-061,61,1746,2,746,1746,2007,1,3319.14,1.000001295,5534.519,0.269307,0.599716072887274,3.71323914714434,5424,3.71324,2017,2026,20260910
draw-061,61,1746,2,746,1746,2008,1,2281.63,0.818107398333333,5534.519,0.203271,0.412254434396196,4.02471281360023,5393.14,4.02472,2017,2026,20260910
draw-061,61,1746,2,746,1746,2009,1,1748.57,0.921765555000001,5534.519,0.203271,0.315938928026085,4.53466335581564,5049.04,4.53467,2017,2026,20260910
draw-061,61,1746,2,746,1746,2010,1,1596.15,0.597520025916667,5534.519,0.170959,0.288399046059829,3.49510716555821,5080.11,3.49511,2017,2026,20260910
draw-061,61,1746,2,746,1746,2011,1,1462.57,0.5345671875,5534.519,0.182425,0.26426325395215,2.93033952309168,5434.08,2.93034,2017,2026,20260910
draw-061,61,1746,2,746,1746,2012,1,1459.85,0.439980804166667,5534.519,0.190494,0.263771792995923,2.30968326648958,5842.79,2.30968,2017,2026,20260910
draw-061,61,1746,2,746,1746,2013,1,1611.67,0.404115281583333,5534.519,0.226498,0.291203264457128,1.78418918305386,6091.44,1.78419,2017,2026,20260910
draw-061,61,1746,2,746,1746,2014,1,1889.77,0.462339465583333,5534.519,0.269307,0.341451533547902,1.71677477965048,5824.63,1.71677,2017,2026,20260910
draw-061,61,1746,2,746,1746,2015,1,2228.03,0.46045794775,5534.519,0.372578,0.40256976261171,1.23586993260472,5112.29,1.23587,2017,2026,20260910
draw-061,61,1746,2,746,1746,2016,1,2644.45,0.441778567108333,5534.519,0.364602,0.47781026680006,1.2116734606731,5461.42,1.21167,2017,2026,20260910
draw-061,61,1746,2,746,1746,2017,1,3254.89,0.399882281541667,5534.519,0.320208,0.588107114638147,1.24882039655994,5747.92,1.24882,2017,2026,20260910
draw-061,61,1746,2,746,1746,2018,1,4107.18,0.515047977166667,5534.519,0.306645,0.742102430220224,1.6796229423818,6566.73,1.67963,2017,2026,20260910
draw-061,61,1746,2,746,1746,2019,1,4793.95,0.391466529,5534.519,0.28737,0.866190901142448,1.36223867835891,6150.45,1.36224,2017,2026,20260910
draw-061,61,1746,2,746,1746,2020,1,5166.52,0.5478396255,5534.519,0.562054,0.933508404253378,0.974709948688204,5550.63,0.974708,2017,2026,20260910
draw-061,61,1746,2,746,1746,2021,1,5512.48,0.667509173916667,5534.519,0.760938,0.996017901465331,0.877218871861659,5336.41,0.877217,2017,2026,20260910
draw-061,61,1746,2,746,1746,2022,1,5761.66,0.8326417015,5534.519,1.07576,1.04104078421268,0.774003217725143,5066.48,0.774002,2017,2026,20260910
draw-061,61,1746,2,746,1746,2023,1,5595.78,0.771083835666667,5534.519,0.777584,1.0110688932498,0.991640563163165,5457.33,0.991642,2017,2026,20260910
draw-061,61,1746,2,746,1746,2024,1,5105.43,1.126030282,5534.519,1.05273,0.922470407997515,1.06962875761116,5353.73,1.06963,2017,2026,20260910
draw-061,61,1746,2,746,1746,2025,1,4738.33,1.05851648583333,5534.519,0.794594,0.856141247324293,1.3321475946626,5018.87,1.33215,2017,2026,20260910
draw-061,61,1746,2,746,1746,2026,1,4334.5,1.04406602108333,5534.519,0.829738,0.783175556900248,1.25830806963564,5096.64,1.25831,2017,2026,20260910
draw-062,62,1753,2,753,1753,2007,1,3378.86,0.958660663333333,7859.924,0.263542,0.429884563769319,3.63760107813302,7539.53,3.63759,2017,2026,20260910
draw-062,62,1753,2,753,1753,2008,1,2316.26,0.810206751666667,7859.924,0.198919,0.294692416873242,4.07304858594034,7478.87,4.07304,2017,2026,20260910
draw-062,62,1753,2,753,1753,2009,1,1849.19,0.786250051666666,7859.924,0.190494,0.23526817816559,4.12742685683888,7022.28,4.12743,2017,2026,20260910
draw-062,62,1753,2,753,1753,2010,1,1652.69,0.55044896425,7859.924,0.167299,0.210267936432973,3.29021072600553,7390.14,3.29021,2017,2026,20260910
draw-062,62,1753,2,753,1753,2011,1,1457.65,0.458732728333334,7859.924,0.17852,0.185453447132568,2.56964333594742,7649.66,2.56964,2017,2026,20260910
draw-062,62,1753,2,753,1753,2012,1,1481.31,0.411095030833333,7859.924,0.194661,0.188463654355945,2.11185101706728,8116.71,2.11185,2017,2026,20260910
draw-062,62,1753,2,753,1753,2013,1,1615.42,0.414212838666667,7859.924,0.216905,0.20552616030384,1.90965094703518,8558.78,1.90965,2017,2026,20260910
draw-062,62,1753,2,753,1753,2014,1,1854.46,0.3761021395,7859.924,0.231453,0.235938668109259,1.62496117786332,8337.91,1.62496,2017,2026,20260910
draw-062,62,1753,2,753,1753,2015,1,2099.88,0.433204366166667,7859.924,0.341685,0.267162888597905,1.2678471872241,7331.86,1.26785,2017,2026,20260910
draw-062,62,1753,2,753,1753,2016,1,2429.38,0.394031532058333,7859.924,0.320208,0.309084413538859,1.23054868103962,7711.09,1.23055,2017,2026,20260910
draw-062,62,1753,2,753,1753,2017,1,3161.14,0.369728976775,7859.924,0.313353,0.402184550384965,1.17991203778167,8312.29,1.17991,2017,2026,20260910
draw-062,62,1753,2,753,1753,2018,1,4079.48,0.59769198325,7859.924,0.320208,0.519022830246196,1.86657417444286,9522.54,1.86658,2017,2026,20260910
draw-062,62,1753,2,753,1753,2019,1,4767.17,0.46715120525,7859.924,0.327212,0.606516042648758,1.42767137284085,8226.13,1.42767,2017,2026,20260910
draw-062,62,1753,2,753,1753,2020,1,5311.62,0.416723712,7859.924,0.433514,0.675785160263636,0.961269329248882,7840.47,0.96127,2017,2026,20260910
draw-062,62,1753,2,753,1753,2021,1,5774.38,0.54277382075,7859.924,0.639979,0.734661047613183,0.848111923594368,7634.51,0.848111,2017,2026,20260910
draw-062,62,1753,2,753,1753,2022,1,5987.86,0.706966327083333,7859.924,0.924551,0.761821615577962,0.764659090827151,7313.21,0.76466,2017,2026,20260910
draw-062,62,1753,2,753,1753,2023,1,5690.97,0.730349207666667,7859.924,0.744648,0.724048985715383,0.980797917494798,7883.65,0.980796,2017,2026,20260910
draw-062,62,1753,2,753,1753,2024,1,5546.99,0.990470718083333,7859.924,0.965443,0.70573074243466,1.02592355849422,7535.76,1.02592,2017,2026,20260910
draw-062,62,1753,2,753,1753,2025,1,5435.22,1.06845788625,7859.924,0.88539,0.691510503154992,1.20676525175346,7188.62,1.20677,2017,2026,20260910
draw-062,62,1753,2,753,1753,2026,1,5210.69,0.590426249333333,7859.924,0.653979,0.662944069179295,0.902821419851911,7142.06,0.902824,2017,2026,20260910
draw-063,63,1800,2,800,1800,2007,1,3671.44,0.913795901666666,6657.053,0.257901,0.551511306880086,3.54320418170797,6543.29,3.54321,2017,2026,20260910
draw-063,63,1800,2,800,1800,2008,1,2454.45,0.684237385833333,6657.053,0.17852,0.36869918265635,3.83283321663306,6399.88,3.83283,2017,2026,20260910
draw-063,63,1800,2,800,1800,2009,1,1888.09,0.796290075,6657.053,0.190494,0.283622497822986,4.1801320514032,6123.63,4.18014,2017,2026,20260910
draw-063,63,1800,2,800,1800,2010,1,1654.05,0.480356084333334,6657.053,0.153427,0.248465800107044,3.13084453409982,6134.02,3.13085,2017,2026,20260910
draw-063,63,1800,2,800,1800,2011,1,1563.18,0.393082806666667,6657.053,0.160213,0.234815615858849,2.45350131803703,6465.55,2.4535,2017,2026,20260910
draw-063,63,1800,2,800,1800,2012,1,1597.29,0.400660948333334,6657.053,0.182425,0.239939504762843,2.19630504773651,6848.89,2.1963,2017,2026,20260910
draw-063,63,1800,2,800,1800,2013,1,1665.38,0.3197380815,6657.053,0.198919,0.250167754410247,1.607378287142,7147.2,1.60738,2017,2026,20260910
draw-063,63,1800,2,800,1800,2014,1,1891.61,0.285623118916667,6657.053,0.216905,0.284151260324952,1.31681205558501,6857.45,1.31681,2017,2026,20260910
draw-063,63,1800,2,800,1800,2015,1,2235.09,0.373172505416667,6657.053,0.327212,0.335747664920198,1.14046094096997,6270.19,1.14046,2017,2026,20260910
draw-063,63,1800,2,800,1800,2016,1,2660.42,0.357033117833333,6657.053,0.313353,0.399639299852352,1.13939588206698,6549.02,1.1394,2017,2026,20260910
draw-063,63,1800,2,800,1800,2017,1,3426.07,0.336170228258333,6657.053,0.306645,0.514652654860942,1.09628472095855,6913.34,1.09628,2017,2026,20260910
draw-063,63,1800,2,800,1800,2018,1,4475.3,0.376982973166667,6657.053,0.281219,0.672264438934165,1.34053166097122,7731.94,1.34053,2017,2026,20260910
draw-063,63,1800,2,800,1800,2019,1,5292.58,0.341894740083333,6657.053,0.293657,0.795033478026989,1.1642655890489,7084.95,1.16427,2017,2026,20260910
draw-063,63,1800,2,800,1800,2020,1,5873.59,0.478981964166666,6657.053,0.504415,0.882310836341546,0.949579144487508,6893.72,0.949578,2017,2026,20260910
draw-063,63,1800,2,800,1800,2021,1,6304.33,0.481952897,6657.053,0.612872,0.947015143187233,0.786384264577269,6424.42,0.786382,2017,2026,20260910
draw-063,63,1800,2,800,1800,2022,1,6458.44,0.5407589345,6657.053,0.829738,0.97016502647643,0.651722513010131,6255.88,0.651722,2017,2026,20260910
draw-063,63,1800,2,800,1800,2023,1,6178.63,0.553490273666667,6657.053,0.682904,0.928132914068733,0.810494994416004,6658.55,0.810496,2017,2026,20260910
draw-063,63,1800,2,800,1800,2024,1,5774.85,0.937904855666667,6657.053,1.00814,0.867478447294922,0.93033195356465,6457.73,0.930328,2017,2026,20260910
draw-063,63,1800,2,800,1800,2025,1,5570.1,0.897959752833334,6657.053,0.794594,0.836721594375169,1.1300862488684,5994.43,1.13009,2017,2026,20260910
draw-063,63,1800,2,800,1800,2026,1,5420.58,0.498551261916667,6657.053,0.48305,0.814261205371206,1.03209038798606,6155.57,1.03209,2017,2026,20260910
draw-064,64,1877,2,877,1877,2007,1,3876.72,0.992930260833333,7211.201,0.293657,0.53759699667226,3.3812586140747,7149.68,3.38126,2017,2026,20260910
draw-064,64,1877,2,877,1877,2008,1,2512.2,0.901630333333334,7211.201,0.216905,0.348374702078059,4.15679829111055,7107.86,4.15681,2017,2026,20260910
draw-064,64,1877,2,877,1877,2009,1,1776.7,0.8804902575,7211.201,0.194661,0.246380595964528,4.5231980597038,6541.63,4.5232,2017,2026,20260910
draw-064,64,1877,2,877,1877,2010,1,1616.63,0.548667618583333,7211.201,0.163718,0.224183183910697,3.35129685546692,6614.44,3.3513,2017,2026,20260910
draw-064,64,1877,2,877,1877,2011,1,1477.89,0.43161376,7211.201,0.174699,0.204943670270736,2.47061379859072,6910.09,2.47062,2017,2026,20260910
draw-064,64,1877,2,877,1877,2012,1,1404.97,0.423546326416666,7211.201,0.190494,0.194831623747556,2.22341032482213,7400.62,2.22341,2017,2026,20260910
draw-064,64,1877,2,877,1877,2013,1,1523.26,0.404535808416667,7211.201,0.226498,0.211235271350778,1.78604583005884,7748.31,1.78604,2017,2026,20260910
draw-064,64,1877,2,877,1877,2014,1,1774.69,0.4312290515,7211.201,0.263542,0.246101862921308,1.6362820783784,7527.48,1.63628,2017,2026,20260910
draw-064,64,1877,2,877,1877,2015,1,2113.74,0.464106338775,7211.201,0.372578,0.29311899640573,1.24566222046122,6621.07,1.24566,2017,2026,20260910
draw-064,64,1877,2,877,1877,2016,1,2549.46,0.458151408408333,7211.201,0.364602,0.353541663864313,1.25657952619112,7087.75,1.25658,2017,2026,20260910
draw-064,64,1877,2,877,1877,2017,1,3279.36,0.545004338125,7211.201,0.389057,0.454759200305192,1.40083416600909,7776.08,1.40083,2017,2026,20260910
draw-064,64,1877,2,877,1877,2018,1,4310.92,0.6147644915,7211.201,0.341685,0.59780888093398,1.79921416363024,8716.54,1.79922,2017,2026,20260910
draw-064,64,1877,2,877,1877,2019,1,5099.43,0.472041884666667,7211.201,0.364602,0.7071540510381,1.29467716761473,7481.07,1.29468,2017,2026,20260910
draw-064,64,1877,2,877,1877,2020,1,5460.47,0.567272975,7211.201,0.526725,0.757220607219241,1.07698129953961,7233.75,1.07698,2017,2026,20260910
draw-064,64,1877,2,877,1877,2021,1,6001.96,0.58322043975,7211.201,0.668285,0.832310734370045,0.872712150878742,6917.37,0.872712,2017,2026,20260910
draw-064,64,1877,2,877,1877,2022,1,6458.95,0.66661746025,7211.201,0.924551,0.895682979853148,0.721017510391531,6666.64,0.721018,2017,2026,20260910
draw-064,64,1877,2,877,1877,2023,1,6289.69,0.711637479416667,7211.201,0.777584,0.872211161497232,0.915190486708403,7151.85,0.91519,2017,2026,20260910
draw-064,64,1877,2,877,1877,2024,1,5778,1.16799703775,7211.201,1.17303,0.801253494390185,0.995709434328193,6939.96,0.995711,2017,2026,20260910
draw-064,64,1877,2,877,1877,2025,1,5709.74,1.08351136966667,7211.201,0.904759,0.791787664773177,1.19756904287956,6596.08,1.19757,2017,2026,20260910
draw-064,64,1877,2,877,1877,2026,1,5644.88,0.667587531666667,7211.201,0.653979,0.782793323885993,1.02080882056865,6632.67,1.02081,2017,2026,20260910
draw-065,65,1888,2,888,1888,2007,1,3429.75,0.887103754166667,5231.603,0.246977,0.655583001997667,3.5918476383091,5043.73,3.59185,2017,2026,20260910
draw-065,65,1888,2,888,1888,2008,1,2309.92,0.734037988333333,5231.603,0.194661,0.441531974043137,3.77085285873048,4883.82,3.77085,2017,2026,20260910
draw-065,65,1888,2,888,1888,2009,1,1849.83,0.718563033333333,5231.603,0.17852,0.353587609763203,4.02511221898573,4573.71,4.02511,2017,2026,20260910
draw-065,65,1888,2,888,1888,2010,1,1740.94,0.462033796333333,5231.603,0.153427,0.332773721553413,3.01142430167658,4777.39,3.01143,2017,2026,20260910
draw-065,65,1888,2,888,1888,2011,1,1598.79,0.367311185833333,5231.603,0.163718,0.305602317301217,2.24356018173526,4958.95,2.24357,2017,2026,20260910
draw-065,65,1888,2,888,1888,2012,1,1620.2,0.334670650833333,5231.603,0.174699,0.309694753214263,1.91569872084748,5224.23,1.9157,2017,2026,20260910
draw-065,65,1888,2,888,1888,2013,1,1749.11,0.2837732775,5231.603,0.194661,0.334335384393655,1.45778187464361,5288.71,1.45778,2017,2026,20260910
draw-065,65,1888,2,888,1888,2014,1,2006.79,0.311545688333333,5231.603,0.226498,0.383589886312092,1.37548979829108,5504.31,1.37549,2017,2026,20260910
draw-065,65,1888,2,888,1888,2015,1,2343.82,0.367928381916667,5231.603,0.364602,0.448011823527129,1.00912332328585,4817.54,1.00912,2017,2026,20260910
draw-065,65,1888,2,888,1888,2016,1,2772.02,0.408995877666667,5231.603,0.380728,0.529860541788052,1.07424691030517,5169.93,1.07425,2017,2026,20260910
draw-065,65,1888,2,888,1888,2017,1,3436.97,0.373839886691667,5231.603,0.320208,0.656963076135555,1.16749077690647,5520.64,1.16749,2017,2026,20260910
draw-065,65,1888,2,888,1888,2018,1,4448.38,0.430408548583333,5231.603,0.28737,0.85029005450146,1.49775045614829,6184.29,1.49775,2017,2026,20260910
draw-065,65,1888,2,888,1888,2019,1,5505.6,0.409167701333333,5231.603,0.349159,1.05237343124086,1.17186640279452,5398.18,1.17187,2017,2026,20260910
draw-065,65,1888,2,888,1888,2020,1,6153.31,0.471313491833333,5231.603,0.493617,1.17618060850565,0.954816166852708,5317.86,0.954815,2017,2026,20260910
draw-065,65,1888,2,888,1888,2021,1,6862.13,0.55784211475,5231.603,0.668285,1.31166871798185,0.834736848425447,5033.23,0.834738,2017,2026,20260910
draw-065,65,1888,2,888,1888,2022,1,7486.09,0.532320410083333,5231.603,0.847889,1.43093617768779,0.627818511719498,4922.34,0.627819,2017,2026,20260910
draw-065,65,1888,2,888,1888,2023,1,7365.86,0.618405195416667,5231.603,0.829738,1.40795469380991,0.745301764432468,5150.94,0.745301,2017,2026,20260910
draw-065,65,1888,2,888,1888,2024,1,7033.12,0.9527492895,5231.603,1.0302,1.3443527729455,0.924819733546884,5198.74,0.924821,2017,2026,20260910
draw-065,65,1888,2,888,1888,2025,1,8072.05,0.943962517833334,5231.603,1.05273,1.54294008929959,0.896680552310026,4750.43,0.896678,2017,2026,20260910
draw-065,65,1888,2,888,1888,2026,1,8887.34,0.415431476575,5231.603,0.697843,1.69877951365958,0.595307936849693,4839.38,0.595308,2017,2026,20260910
draw-066,66,1956,2,956,1956,2007,1,3867.01,0.793316600833334,6413.898,0.24169,0.602911053465459,3.28237246403796,6373.96,3.28238,2017,2026,20260910
draw-066,66,1956,2,956,1956,2008,1,2555.14,0.763394785,6413.898,0.207717,0.398375527643252,3.67516758377985,6288.03,3.67516,2017,2026,20260910
draw-066,66,1956,2,956,1956,2009,1,1854.31,0.80773455,6413.898,0.194661,0.289108121145675,4.14944210704763,5839.35,4.14944,2017,2026,20260910
draw-066,66,1956,2,956,1956,2010,1,1683.11,0.534437075833333,6413.898,0.163718,0.262416084571348,3.26437579150328,5996.73,3.26438,2017,2026,20260910
draw-066,66,1956,2,956,1956,2011,1,1530.88,0.440981176666667,6413.898,0.170959,0.238681687797343,2.57945575644843,6202.98,2.57946,2017,2026,20260910
draw-066,66,1956,2,956,1956,2012,1,1497.77,0.421616200833333,6413.898,0.194661,0.233519460396782,2.16589969656651,6605.98,2.1659,2017,2026,20260910
draw-066,66,1956,2,956,1956,2013,1,1617.04,0.382728786666667,6413.898,0.212261,0.252115016484515,1.80310460549355,6965.95,1.8031,2017,2026,20260910
draw-066,66,1956,2,956,1956,2014,1,1953.34,0.383439536916667,6413.898,0.24169,0.304548029918779,1.58649318100321,6897.2,1.58649,2017,2026,20260910
draw-066,66,1956,2,956,1956,2015,1,2344.84,0.381231538166667,6413.898,0.349159,0.365587354211121,1.09185654148015,6008.53,1.09186,2017,2026,20260910
draw-066,66,1956,2,956,1956,2016,1,2713.25,0.355523416416667,6413.898,0.341685,0.423026683617357,1.04050050899708,6320.82,1.0405,2017,2026,20260910
draw-066,66,1956,2,956,1956,2017,1,3262.55,0.388913831108333,6413.898,0.327212,0.508668831340941,1.18856836273833,6829.95,1.18857,2017,2026,20260910
draw-066,66,1956,2,956,1956,2018,1,4010.17,0.434625535583333,6413.898,0.28737,0.625231333582168,1.51242487240607,7410.37,1.51242,2017,2026,20260910
draw-066,66,1956,2,956,1956,2019,1,4861.48,0.368156488,6413.898,0.300081,0.757960291853721,1.22685704193201,6862.56,1.22686,2017,2026,20260910
draw-066,66,1956,2,956,1956,2020,1,5426.55,0.38491181525,6413.898,0.415152,0.846061162806144,0.9271587641394,6600.67,0.92716,2017,2026,20260910
draw-066,66,1956,2,956,1956,2021,1,5850.47,0.481172689166667,6413.898,0.612872,0.91215513561332,0.78511122904402,6234.74,0.78511,2017,2026,20260910
draw-066,66,1956,2,956,1956,2022,1,6138.12,0.546196513333333,6413.898,0.794594,0.95700305804676,0.687390684215251,5846.96,0.687391,2017,2026,20260910
draw-066,66,1956,2,956,1956,2023,1,6196.79,0.596440083666666,6413.898,0.668285,0.966150381562039,0.892493597292572,6400.76,0.892494,2017,2026,20260910
draw-066,66,1956,2,956,1956,2024,1,6193.98,1.03709617716667,6413.898,0.965443,0.965712270447706,1.07421792603672,6156.58,1.07422,2017,2026,20260910
draw-066,66,1956,2,956,1956,2025,1,6376.58,0.945332944083333,6413.898,0.760938,0.99418169730794,1.24232584531635,5908.09,1.24233,2017,2026,20260910
draw-066,66,1956,2,956,1956,2026,1,6851.54,0.582722528583333,6413.898,0.744648,1.06823338943027,0.782547631341698,5888.3,0.782549,2017,2026,20260910
draw-067,67,2013,3,13,1013,2007,1,3707.8,0.7430894775,7014.615,0.236516,0.528582110351031,3.14181483493717,6791.03,3.14181,2017,2026,20260910
draw-067,67,2013,3,13,1013,2008,1,2505.1,0.625053756666666,7014.615,0.174699,0.357125800917085,3.577889722704,6805.06,3.5779,2017,2026,20260910
draw-067,67,2013,3,13,1013,2009,1,1891.32,0.679757344166667,7014.615,0.174699,0.26962563162768,3.89102023575789,6493.65,3.89103,2017,2026,20260910
draw-067,67,2013,3,13,1013,2010,1,1710.54,0.466042549916666,7014.615,0.160213,0.243853725400467,2.90889347254384,6560.68,2.90889,2017,2026,20260910
draw-067,67,2013,3,13,1013,2011,1,1557.3,0.413806981666667,7014.615,0.170959,0.222007907775409,2.4205042242097,6697.47,2.42051,2017,2026,20260910
draw-067,67,2013,3,13,1013,2012,1,1587.91,0.3642310175,7014.615,0.17852,0.226371654039459,2.04028129901412,6874.78,2.04028,2017,2026,20260910
draw-067,67,2013,3,13,1013,2013,1,1813.88,0.276183112,7014.615,0.194661,0.25858582402598,1.41879016341229,7180.96,1.41879,2017,2026,20260910
draw-067,67,2013,3,13,1013,2014,1,2146.88,0.305934311083333,7014.615,0.236516,0.306058137189283,1.2935036576102,7245.34,1.2935,2017,2026,20260910
draw-067,67,2013,3,13,1013,2015,1,2447.65,0.303294677666667,7014.615,0.313353,0.348935757700173,0.967900986001942,6515.53,0.967901,2017,2026,20260910
draw-067,67,2013,3,13,1013,2016,1,2892.05,0.319996777716667,7014.615,0.327212,0.412289199050839,0.97794939585549,6886.36,0.977949,2017,2026,20260910
draw-067,67,2013,3,13,1013,2017,1,3630.39,0.305305943808333,7014.615,0.306645,0.517546579534301,0.995633203894841,7309.78,0.995633,2017,2026,20260910
draw-067,67,2013,3,13,1013,2018,1,4371.03,0.382321295,7014.615,0.28737,0.623131846865437,1.33041477885653,8202.99,1.33041,2017,2026,20260910
draw-067,67,2013,3,13,1013,2019,1,4839.88,0.32463249375,7014.615,0.293657,0.689970867966382,1.10548188447747,7553.9,1.10548,2017,2026,20260910
draw-067,67,2013,3,13,1013,2020,1,5105.12,0.397612450583333,7014.615,0.433514,0.727783349478197,0.917184798145695,7157.88,0.917186,2017,2026,20260910
draw-067,67,2013,3,13,1013,2021,1,5652.13,0.3658934675,7014.615,0.493617,0.805764821020113,0.741249729040937,6783.83,0.741249,2017,2026,20260910
draw-067,67,2013,3,13,1013,2022,1,5944.39,0.530291948583333,7014.615,0.744648,0.847429260194608,0.712137746402775,6509.26,0.712138,2017,2026,20260910
draw-067,67,2013,3,13,1013,2023,1,5584.95,0.564833636416667,7014.615,0.599752,0.796187673878039,0.941778662541628,7058.99,0.941778,2017,2026,20260910
draw-067,67,2013,3,13,1013,2024,1,4857.28,0.874079332583334,7014.615,0.744648,0.692451403248788,1.17381545721379,6872.54,1.17381,2017,2026,20260910
draw-067,67,2013,3,13,1013,2025,1,4729.75,0.900634115666667,7014.615,0.639979,0.674270790342734,1.40728698233328,6427.21,1.40729,2017,2026,20260910
draw-067,67,2013,3,13,1013,2026,1,4717.02,0.449300393916667,7014.615,0.415152,0.672456007920606,1.08225515935529,6269.77,1.08226,2017,2026,20260910
draw-068,68,2045,3,45,1045,2007,1,3808.14,0.742707669166667,6672.461,0.24169,0.570724954405878,3.07297641262223,6527.02,3.07298,2017,2026,20260910
draw-068,68,2045,3,45,1045,2008,1,2527.32,0.809060928333333,6672.461,0.198919,0.378768793103474,4.06728833511798,6612.2,4.06728,2017,2026,20260910
draw-068,68,2045,3,45,1045,2009,1,1892.89,0.802773676666667,6672.461,0.203271,0.283686933501747,3.9492779425824,6120.4,3.94929,2017,2026,20260910
draw-068,68,2045,3,45,1045,2010,1,1695.68,0.494801462916667,6672.461,0.156783,0.25413112193537,3.15596373915965,6359.25,3.15596,2017,2026,20260910
draw-068,68,2045,3,45,1045,2011,1,1540.83,0.400380796666666,6672.461,0.163718,0.230923792585674,2.44555147672624,6471.22,2.44556,2017,2026,20260910
draw-068,68,2045,3,45,1045,2012,1,1542.87,0.388447484166667,6672.461,0.182425,0.231229526856732,2.12935444246494,6831.62,2.12935,2017,2026,20260910
draw-068,68,2045,3,45,1045,2013,1,1654.95,0.352918843333333,6672.461,0.207717,0.248026927396054,1.69903687870195,7392.25,1.69903,2017,2026,20260910
draw-068,68,2045,3,45,1045,2014,1,1910.23,0.322832225,6672.461,0.231453,0.286285674805743,1.39480682903224,7218.57,1.39481,2017,2026,20260910
draw-068,68,2045,3,45,1045,2015,1,2256.01,0.4400228485,6672.461,0.380728,0.338107633750126,1.15574070858986,6354.82,1.15574,2017,2026,20260910
draw-068,68,2045,3,45,1045,2016,1,2655.09,0.372319061666667,6672.461,0.341685,0.397917649874612,1.08965585749057,6620.53,1.08966,2017,2026,20260910
draw-068,68,2045,3,45,1045,2017,1,3307.25,0.404410873558333,6672.461,0.320208,0.495656699979213,1.26296305388477,7063.28,1.26296,2017,2026,20260910
draw-068,68,2045,3,45,1045,2018,1,4290.68,0.429092759166667,6672.461,0.281219,0.643043099090426,1.525831324223,7654.1,1.52583,2017,2026,20260910
draw-068,68,2045,3,45,1045,2019,1,5198.85,0.38317215175,6672.461,0.327212,0.779150301515438,1.17102108648216,6922.7,1.17102,2017,2026,20260910
draw-068,68,2045,3,45,1045,2020,1,5846.73,0.453322054,6672.461,0.46259,0.87624790912978,0.979965096521758,6900.61,0.979965,2017,2026,20260910
draw-068,68,2045,3,45,1045,2021,1,6592.95,0.4808661135,6672.461,0.599752,0.988083707046021,0.801774922801424,6499.51,0.801774,2017,2026,20260910
draw-068,68,2045,3,45,1045,2022,1,7260.07,0.55749612625,6672.461,0.866437,1.08806480847172,0.643435271404615,6256.79,0.643434,2017,2026,20260910
draw-068,68,2045,3,45,1045,2023,1,7385.44,0.639707939333334,6672.461,0.866437,1.10685397786514,0.738320200237679,6640.25,0.738321,2017,2026,20260910
draw-068,68,2045,3,45,1045,2024,1,7434.78,0.92531199125,6672.461,1.0302,1.11424855087201,0.898186751358959,6560.81,0.898189,2017,2026,20260910
draw-068,68,2045,3,45,1045,2025,1,8196.05,0.890827038166666,6672.461,1.12334,1.22833988838601,0.79301639589676,6086.47,0.793015,2017,2026,20260910
draw-068,68,2045,3,45,1045,2026,1,8550.1,0.446120124666667,6672.461,0.794594,1.2814012700861,0.561444114436639,6140.09,0.561444,2017,2026,20260910
draw-069,69,2082,3,82,1082,2007,1,3666.73,0.69242389,8019.565,0.221649,0.457223053868882,3.12396577471588,7652.28,3.12396,2017,2026,20260910
draw-069,69,2082,3,82,1082,2008,1,2479.42,0.669500261666667,8019.565,0.186416,0.309171382737094,3.59143132384917,7720.78,3.59143,2017,2026,20260910
draw-069,69,2082,3,82,1082,2009,1,1926.75,0.753202201666667,8019.565,0.182425,0.240256173495695,4.12883213192636,7208.35,4.12882,2017,2026,20260910
draw-069,69,2082,3,82,1082,2010,1,1745.71,0.498321034666667,8019.565,0.160213,0.217681382967779,3.11036579220579,7602.88,3.11037,2017,2026,20260910
draw-069,69,2082,3,82,1082,2011,1,1583.85,0.3842633475,8019.565,0.174699,0.197498243358586,2.19957382412034,7593.06,2.19958,2017,2026,20260910
draw-069,69,2082,3,82,1082,2012,1,1551.99,0.311476755,8019.565,0.17852,0.193525459298603,1.74477232242886,8042.54,1.74477,2017,2026,20260910
draw-069,69,2082,3,82,1082,2013,1,1679.27,0.294344863333333,8019.565,0.203271,0.209396644331706,1.44804159635823,8508.09,1.44804,2017,2026,20260910
draw-069,69,2082,3,82,1082,2014,1,1918.57,0.393878489166666,8019.565,0.257901,0.239236168046521,1.52724684730446,8640.31,1.52725,2017,2026,20260910
draw-069,69,2082,3,82,1082,2015,1,2202.9,0.355331176416667,8019.565,0.320208,0.274690709533497,1.10968862869343,7504.99,1.10969,2017,2026,20260910
draw-069,69,2082,3,82,1082,2016,1,2728.94,0.349084823166667,8019.565,0.320208,0.340285289788162,1.09018145445044,7901.04,1.09018,2017,2026,20260910
draw-069,69,2082,3,82,1082,2017,1,3513.7,0.396111908725,8019.565,0.313353,0.438140971486608,1.26410759981554,8414.73,1.26411,2017,2026,20260910
draw-069,69,2082,3,82,1082,2018,1,4607.15,0.427057655333333,8019.565,0.28737,0.574488765911867,1.48608990268063,9001.38,1.48609,2017,2026,20260910
draw-069,69,2082,3,82,1082,2019,1,5660.43,0.341527594416667,8019.565,0.300081,0.70582756047242,1.13811802285605,8239.83,1.13812,2017,2026,20260910
draw-069,69,2082,3,82,1082,2020,1,6216.95,0.37010898325,8019.565,0.415152,0.775222845628161,0.891502349139592,8266.49,0.891503,2017,2026,20260910
draw-069,69,2082,3,82,1082,2021,1,6700.41,0.496503901416667,8019.565,0.626279,0.835507910965246,0.792783889315571,7831.39,0.792784,2017,2026,20260910
draw-069,69,2082,3,82,1082,2022,1,7253.9,0.505328527666667,8019.565,0.829738,0.904525370141647,0.609021796840288,7478.68,0.609023,2017,2026,20260910
draw-069,69,2082,3,82,1082,2023,1,7385.71,0.616164225916666,8019.565,0.728708,0.920961423718119,0.845557103691282,8186.99,0.845559,2017,2026,20260910
draw-069,69,2082,3,82,1082,2024,1,7586.4,0.764162664416667,8019.565,0.924551,0.945986471834819,0.826522998100339,7928.37,0.826523,2017,2026,20260910
draw-069,69,2082,3,82,1082,2025,1,7973.64,0.776859770833334,8019.565,0.904759,0.994273380164635,0.858637240230087,7312.93,0.858636,2017,2026,20260910
draw-069,69,2082,3,82,1082,2026,1,7976.63,0.35019688725,8019.565,0.538248,0.994646218342267,0.650623666506889,7534.86,0.650624,2017,2026,20260910
draw-070,70,2108,3,108,1108,2007,1,3455.64,0.855149293333333,5729.785,0.246977,0.603101163481701,3.46246530378672,5564.15,3.46246,2017,2026,20260910
draw-070,70,2108,3,108,1108,2008,1,2282.03,0.758840788333333,5729.785,0.194661,0.398274978904095,3.89826821157465,5395.88,3.89827,2017,2026,20260910
draw-070,70,2108,3,108,1108,2009,1,1864.1,0.715736489166667,5729.785,0.17852,0.325335069291431,4.0092790116887,5113.29,4.00928,2017,2026,20260910
draw-070,70,2108,3,108,1108,2010,1,1755.58,0.478992432416667,5729.785,0.153427,0.306395440666622,3.1219565814144,5224.7,3.12196,2017,2026,20260910
draw-070,70,2108,3,108,1108,2011,1,1580.42,0.412040370833334,5729.785,0.174699,0.275825358194068,2.35857315058091,5455.66,2.35858,2017,2026,20260910
draw-070,70,2108,3,108,1108,2012,1,1612.37,0.375919940833333,5729.785,0.186416,0.281401483650783,2.01656478431751,5963.6,2.01657,2017,2026,20260910
draw-070,70,2108,3,108,1108,2013,1,1811.58,0.333887749833333,5729.785,0.207717,0.316168931294979,1.60741658041149,6248.38,1.60741,2017,2026,20260910
draw-070,70,2108,3,108,1108,2014,1,2090.28,0.386908573916667,5729.785,0.257901,0.364809499832891,1.50022130164934,6262.79,1.50022,2017,2026,20260910
draw-070,70,2108,3,108,1108,2015,1,2394.64,0.36265230275,5729.785,0.356797,0.41792842139801,1.01641073986048,5391.73,1.01641,2017,2026,20260910
draw-070,70,2108,3,108,1108,2016,1,2864.61,0.310142831875,5729.785,0.320208,0.499950696230312,0.968566781201594,5628.61,0.968568,2017,2026,20260910
draw-070,70,2108,3,108,1108,2017,1,3613.75,0.354003621616667,5729.785,0.320208,0.630695567111157,1.10554271478747,6126.84,1.10554,2017,2026,20260910
draw-070,70,2108,3,108,1108,2018,1,4477.49,0.38389640625,5729.785,0.281219,0.78144118845646,1.36511546606026,6675.54,1.36512,2017,2026,20260910
draw-070,70,2108,3,108,1108,2019,1,5149.27,0.419206292416667,5729.785,0.356797,0.898684680140703,1.17491540684666,6160.04,1.17492,2017,2026,20260910
draw-070,70,2108,3,108,1108,2020,1,5554.18,0.445782355,5729.785,0.526725,0.969352253182275,0.846328454126916,5834.43,0.846328,2017,2026,20260910
draw-070,70,2108,3,108,1108,2021,1,6057.58,0.507659717666667,5729.785,0.668285,1.05720895286647,0.759645536959032,5542.47,0.759645,2017,2026,20260910
draw-070,70,2108,3,108,1108,2022,1,6349.66,0.591319890666667,5729.785,0.866437,1.10818468755808,0.682473036893239,5436.81,0.682472,2017,2026,20260910
draw-070,70,2108,3,108,1108,2023,1,6091.86,0.64320260475,5729.785,0.744648,1.06319172534397,0.863767316571051,5613.97,0.863765,2017,2026,20260910
draw-070,70,2108,3,108,1108,2024,1,5702.84,0.93095103975,5729.785,0.965443,0.995297380268195,0.964273436909274,5503.92,0.964273,2017,2026,20260910
draw-070,70,2108,3,108,1108,2025,1,5604.55,0.997040580583333,5729.785,0.88539,0.978143158949245,1.12610327718105,5054.14,1.1261,2017,2026,20260910
draw-070,70,2108,3,108,1108,2026,1,5705.11,0.58753679825,5729.785,0.668285,0.99569355569188,0.879171009748835,5349.69,0.879171,2017,2026,20260910
draw-071,71,2113,3,113,1113,2007,1,3648.53,0.81869718,7029.508,0.246977,0.519030634860932,3.31487215408722,6712.58,3.31487,2017,2026,20260910
draw-071,71,2113,3,113,1113,2008,1,2458.25,0.720862634166666,7029.508,0.203271,0.349704417435758,3.54631321815048,6615.31,3.54632,2017,2026,20260910
draw-071,71,2113,3,113,1113,2009,1,1771.72,0.776139845,7029.508,0.194661,0.252040398844414,3.98713581559737,6196.38,3.98714,2017,2026,20260910
draw-071,71,2113,3,113,1113,2010,1,1646.8,0.522188923583334,7029.508,0.160213,0.234269596108291,3.25934177365965,6391.21,3.25934,2017,2026,20260910
draw-071,71,2113,3,113,1113,2011,1,1596.52,0.410718263333334,7029.508,0.167299,0.227116890684241,2.45499532772661,6595.89,2.45499,2017,2026,20260910
draw-071,71,2113,3,113,1113,2012,1,1665.63,0.354897071666667,7029.508,0.17852,0.236948304205643,1.98799614422287,6770.08,1.98799,2017,2026,20260910
draw-071,71,2113,3,113,1113,2013,1,1817.74,0.3083102375,7029.508,0.198919,0.25858708746046,1.54992855131988,7263.09,1.54993,2017,2026,20260910
draw-071,71,2113,3,113,1113,2014,1,2096.19,0.362777703333333,7029.508,0.246977,0.298198679054068,1.46887241861928,7258.32,1.46887,2017,2026,20260910
draw-071,71,2113,3,113,1113,2015,1,2419.46,0.378301460666667,7029.508,0.364602,0.34418625030372,1.03757373976738,6382.01,1.03757,2017,2026,20260910
draw-071,71,2113,3,113,1113,2016,1,2842.09,0.325706564416667,7029.508,0.320208,0.40430852344147,1.01717185209822,6740.11,1.01717,2017,2026,20260910
draw-071,71,2113,3,113,1113,2017,1,3585.64,0.457215866558334,7029.508,0.372578,0.510084062782203,1.22716818104755,7675.78,1.22717,2017,2026,20260910
draw-071,71,2113,3,113,1113,2018,1,4523.38,0.504539671416667,7029.508,0.327212,0.643484579575128,1.54193511062145,8606.34,1.54193,2017,2026,20260910
draw-071,71,2113,3,113,1113,2019,1,5337.77,0.43798529075,7029.508,0.364602,0.759337637854598,1.2012695781976,7557.7,1.20127,2017,2026,20260910
draw-071,71,2113,3,113,1113,2020,1,5876.81,0.423501302666667,7029.508,0.48305,0.83602010268713,0.876723533105614,7044.19,0.876723,2017,2026,20260910
draw-071,71,2113,3,113,1113,2021,1,6372.02,0.509652865583333,7029.508,0.626279,0.906467422755618,0.81377926704126,6739.11,0.813778,2017,2026,20260910
draw-071,71,2113,3,113,1113,2022,1,6819.08,0.569163991,7029.508,0.904759,0.970065045804059,0.629078009724137,6450.04,0.629077,2017,2026,20260910
draw-071,71,2113,3,113,1113,2023,1,6809.31,0.652781434,7029.508,0.811976,0.968675190354716,0.803941783993616,6816.17,0.803942,2017,2026,20260910
draw-071,71,2113,3,113,1113,2024,1,6590.61,1.0514866495,7029.508,1.05273,0.9375634823945,0.998818927455283,6763.09,0.998816,2017,2026,20260910
draw-071,71,2113,3,113,1113,2025,1,6861.99,1.05042911508333,7029.508,0.965443,0.976169313698768,1.08802810221145,6329.36,1.08803,2017,2026,20260910
draw-071,71,2113,3,113,1113,2026,1,6933.16,0.487780316125,7029.508,0.668285,0.986293777601505,0.729898645226213,6313.3,0.729899,2017,2026,20260910
draw-072,72,2132,3,132,1132,2007,1,3766.95,0.8245024955,6736.754,0.24169,0.559163953441079,3.41140508709504,6615.49,3.41141,2017,2026,20260910
draw-072,72,2132,3,132,1132,2008,1,2513.08,0.758301363083333,6736.754,0.203271,0.37304019116625,3.73049457661611,6543.75,3.7305,2017,2026,20260910
draw-072,72,2132,3,132,1132,2009,1,1830.3,0.79399902625,6736.754,0.194661,0.271688709428903,4.07888085569272,6196.89,4.07888,2017,2026,20260910
draw-072,72,2132,3,132,1132,2010,1,1589.18,0.562538170833333,6736.754,0.170959,0.23589699134034,3.29048585235836,6315.74,3.29049,2017,2026,20260910
draw-072,72,2132,3,132,1132,2011,1,1468.06,0.427228795,6736.754,0.167299,0.217918006208925,2.55368409255285,6519.43,2.55368,2017,2026,20260910
draw-072,72,2132,3,132,1132,2012,1,1521.41,0.386243350833333,6736.754,0.190494,0.22583725040279,2.02758801239584,6704.45,2.02759,2017,2026,20260910
draw-072,72,2132,3,132,1132,2013,1,1651.12,0.351739792083333,6736.754,0.212261,0.245091330335054,1.65710984157868,7025.17,1.65711,2017,2026,20260910
draw-072,72,2132,3,132,1132,2014,1,1882.53,0.42608204725,6736.754,0.25238,0.279441701448502,1.68825599195657,7258.52,1.68826,2017,2026,20260910
draw-072,72,2132,3,132,1132,2015,1,2179.12,0.3672225435,6736.754,0.313353,0.323467355346507,1.17191328469809,6288.72,1.17191,2017,2026,20260910
draw-072,72,2132,3,132,1132,2016,1,2639.23,0.424899655916667,6736.754,0.349159,0.391765826687452,1.21692310929023,6734.02,1.21692,2017,2026,20260910
draw-072,72,2132,3,132,1132,2017,1,3315.68,0.437494873983334,6736.754,0.349159,0.49217768676131,1.25299612492685,7275.72,1.253,2017,2026,20260910
draw-072,72,2132,3,132,1132,2018,1,4170.25,0.47806714575,6736.754,0.300081,0.619029580121227,1.59312700820778,7987.84,1.59313,2017,2026,20260910
draw-072,72,2132,3,132,1132,2019,1,4761.07,0.429289717,6736.754,0.372578,0.706730570835747,1.1522143470629,6678.16,1.15221,2017,2026,20260910
draw-072,72,2132,3,132,1132,2020,1,5106.89,0.471811688416666,6736.754,0.47271,0.758063898429422,0.99809965606115,6907.94,0.998101,2017,2026,20260910
draw-072,72,2132,3,132,1132,2021,1,5472.35,0.498321838333333,6736.754,0.574349,0.812312576650417,0.867628982262237,6555.96,0.86763,2017,2026,20260910
draw-072,72,2132,3,132,1132,2022,1,5715.02,0.499969295333334,6736.754,0.697843,0.848334375873009,0.716449538554279,6299.47,0.716448,2017,2026,20260910
draw-072,72,2132,3,132,1132,2023,1,5561.21,0.63745464,6736.754,0.682904,0.825502905405185,0.933446926654405,6772.64,0.933448,2017,2026,20260910
draw-072,72,2132,3,132,1132,2024,1,5096.15,1.05942114541667,6736.754,0.866437,0.756469658829757,1.22273303819743,6605.74,1.22273,2017,2026,20260910
draw-072,72,2132,3,132,1132,2025,1,5166.44,1.00519244208333,6736.754,0.760938,0.766903467159406,1.32099125301054,6232.55,1.32099,2017,2026,20260910
draw-072,72,2132,3,132,1132,2026,1,5049.66,0.713089442999999,6736.754,0.682904,0.749568709203275,1.04420159056031,6051.52,1.0442,2017,2026,20260910
draw-073,73,2173,3,173,1173,2007,1,4054.28,0.684358416666667,7087.339,0.226498,0.572045446111721,3.0214766429137,7101.06,3.02148,2017,2026,20260910
draw-073,73,2173,3,173,1173,2008,1,2842.63,0.568742295,7087.339,0.174699,0.401085654291406,3.2555555269349,7089.24,3.25556,2017,2026,20260910
draw-073,73,2173,3,173,1173,2009,1,2078.52,0.675909989166667,7087.339,0.17852,0.293272270452987,3.7861863610053,6625.66,3.78618,2017,2026,20260910
draw-073,73,2173,3,173,1173,2010,1,1826.63,0.447849218083333,7087.339,0.156783,0.257731427832082,2.85649093385975,6748.32,2.85649,2017,2026,20260910
draw-073,73,2173,3,173,1173,2011,1,1640.8,0.339420175833333,7087.339,0.160213,0.231511431864625,2.11855577158741,6885.13,2.11856,2017,2026,20260910
draw-073,73,2173,3,173,1173,2012,1,1614.4,0.3127731575,7087.339,0.174699,0.227786479523556,1.79035459561875,7187.59,1.79036,2017,2026,20260910
draw-073,73,2173,3,173,1173,2013,1,1704.42,0.23727815125,7087.339,0.186416,0.240488002619883,1.2728421983628,7178.25,1.27284,2017,2026,20260910
draw-073,73,2173,3,173,1173,2014,1,1908.78,0.296729172583333,7087.339,0.231453,0.269322520060068,1.28202776625636,7406.75,1.28203,2017,2026,20260910
draw-073,73,2173,3,173,1173,2015,1,2256.18,0.34291144375,7087.339,0.300081,0.318339506548226,1.14272960883895,6752.62,1.14273,2017,2026,20260910
draw-073,73,2173,3,173,1173,2016,1,2755.09,0.317932423225,7087.339,0.320208,0.388734050960452,0.992893441840929,6922.29,0.992895,2017,2026,20260910
draw-073,73,2173,3,173,1173,2017,1,3443.09,0.310949077225,7087.339,0.300081,0.485808566515585,1.03621714545406,7350.45,1.03622,2017,2026,20260910
draw-073,73,2173,3,173,1173,2018,1,4300.56,0.356853497833333,7087.339,0.275198,0.606794736360149,1.29671544790781,8088.08,1.29671,2017,2026,20260910
draw-073,73,2173,3,173,1173,2019,1,5050.06,0.315354320916667,7087.339,0.281219,0.712546697709817,1.12138340907502,7584.58,1.12138,2017,2026,20260910
draw-073,73,2173,3,173,1173,2020,1,5497.64,0.343293684833333,7087.339,0.389057,0.775698749558896,0.882373752003776,7300.56,0.882374,2017,2026,20260910
draw-073,73,2173,3,173,1173,2021,1,5881.47,0.403381895583333,7087.339,0.493617,0.829855888084371,0.817196116793654,6954.82,0.817196,2017,2026,20260910
draw-073,73,2173,3,173,1173,2022,1,6263.14,0.447709281166667,7087.339,0.682904,0.88370825778194,0.655596220210552,6603.28,0.655597,2017,2026,20260910
draw-073,73,2173,3,173,1173,2023,1,6142.84,0.487715320166666,7087.339,0.586913,0.866734327227751,0.83098401324671,7130.62,0.830985,2017,2026,20260910
draw-073,73,2173,3,173,1173,2024,1,5890.47,0.747474158833334,7087.339,0.794594,0.831125758200645,0.940699475245639,7000.11,0.940699,2017,2026,20260910
draw-073,73,2173,3,173,1173,2025,1,6171.32,0.854512751,7087.339,0.760938,0.870752760662358,1.12297289792335,6425,1.12297,2017,2026,20260910
draw-073,73,2173,3,173,1173,2026,1,6271.17,0.684826095166666,7087.339,0.811976,0.884841264119016,0.843406818879704,6435.89,0.843408,2017,2026,20260910
draw-074,74,2221,3,221,1221,2007,1,3865.33,0.965323896666666,4805.884,0.293657,0.804291156424083,3.28724973920821,4760.95,3.28726,2017,2026,20260910
draw-074,74,2221,3,221,1221,2008,1,2554.83,0.708353915,4805.884,0.207717,0.531604591371743,3.41018749067241,4679.26,3.41018,2017,2026,20260910
draw-074,74,2221,3,221,1221,2009,1,1873.43,0.749963306666667,4805.884,0.194661,0.38982006224037,3.85266338232448,4375.66,3.85266,2017,2026,20260910
draw-074,74,2221,3,221,1221,2010,1,1709.34,0.506451070916667,4805.884,0.174699,0.355676499890551,2.89899238642847,4473.32,2.899,2017,2026,20260910
draw-074,74,2221,3,221,1221,2011,1,1565.72,0.4421409675,4805.884,0.17852,0.325792299606066,2.47670270838001,4586.9,2.4767,2017,2026,20260910
draw-074,74,2221,3,221,1221,2012,1,1583.54,0.3723785625,4805.884,0.182425,0.329500254271639,2.04126935727011,4887.48,2.04126,2017,2026,20260910
draw-074,74,2221,3,221,1221,2013,1,1752.14,0.293293169166667,4805.884,0.194661,0.364582249592375,1.50668685132958,5070.16,1.50669,2017,2026,20260910
draw-074,74,2221,3,221,1221,2014,1,2026.42,0.35546274625,4805.884,0.24169,0.421653955859109,1.47073832698912,5107.4,1.47074,2017,2026,20260910
draw-074,74,2221,3,221,1221,2015,1,2234.54,0.378580396833333,4805.884,0.33437,0.464959204175548,1.13221998634248,4547.73,1.13222,2017,2026,20260910
draw-074,74,2221,3,221,1221,2016,1,2529.27,0.397005945083333,4805.884,0.33437,0.526286110942337,1.18732525371096,4816.11,1.18732,2017,2026,20260910
draw-074,74,2221,3,221,1221,2017,1,3146.43,0.389831315983333,4805.884,0.313353,0.654703692390411,1.24406441292515,5115.84,1.24406,2017,2026,20260910
draw-074,74,2221,3,221,1221,2018,1,4224.04,0.463534039916666,4805.884,0.293657,0.878930910525514,1.5784879635652,5656.26,1.57849,2017,2026,20260910
draw-074,74,2221,3,221,1221,2019,1,5141.71,0.409996486416666,4805.884,0.349159,1.06987809110665,1.17424006374364,4889.95,1.17424,2017,2026,20260910
draw-074,74,2221,3,221,1221,2020,1,5606.41,0.499187824166667,4805.884,0.452688,1.16657206041594,1.10271936558218,4950.01,1.10272,2017,2026,20260910
draw-074,74,2221,3,221,1221,2021,1,6312.93,0.559870009833333,4805.884,0.626279,1.31358351554053,0.893962610646906,4711.31,0.893962,2017,2026,20260910
draw-074,74,2221,3,221,1221,2022,1,6826.49,0.614102868583333,4805.884,0.965443,1.42044418883186,0.636084024207885,4446.47,0.636085,2017,2026,20260910
draw-074,74,2221,3,221,1221,2023,1,6613.92,0.704306650333333,4805.884,0.847889,1.37621299224035,0.830659025336256,4748.67,0.83066,2017,2026,20260910
draw-074,74,2221,3,221,1221,2024,1,5881.14,1.04958600391667,4805.884,0.965443,1.2237374019015,1.08715481278197,4775.66,1.08716,2017,2026,20260910
draw-074,74,2221,3,221,1221,2025,1,5495.59,0.846834118833333,4805.884,0.794594,1.14351282719267,1.06574441643573,4383.24,1.06574,2017,2026,20260910
draw-074,74,2221,3,221,1221,2026,1,5321.4,0.566353811916667,4805.884,0.653979,1.10726767437583,0.866012229623072,4381.43,0.866012,2017,2026,20260910
draw-075,75,2262,3,262,1262,2007,1,3657.14,0.745334064583334,7561.89,0.226498,0.483627770306101,3.29068717862115,7167.72,3.29068,2017,2026,20260910
draw-075,75,2262,3,262,1262,2008,1,2473.08,0.713880955,7561.89,0.186416,0.327045222821279,3.82950473671788,7308.94,3.8295,2017,2026,20260910
draw-075,75,2262,3,262,1262,2009,1,1869.68,0.75066933275,7561.89,0.186416,0.247250356722989,4.02685033875848,6862.86,4.02685,2017,2026,20260910
draw-075,75,2262,3,262,1262,2010,1,1715.5,0.467903791833333,7561.89,0.156783,0.226861274099465,2.98440386925453,6838.69,2.9844,2017,2026,20260910
draw-075,75,2262,3,262,1262,2011,1,1570.85,0.386644325,7561.89,0.174699,0.207732458419787,2.21320285176218,7256.26,2.21321,2017,2026,20260910
draw-075,75,2262,3,262,1262,2012,1,1554.83,0.341670561666667,7561.89,0.182425,0.205613940430236,1.87293716139053,7557.12,1.87293,2017,2026,20260910
draw-075,75,2262,3,262,1262,2013,1,1713.34,0.30037704375,7561.89,0.203271,0.226575631224469,1.47771715468513,7986.57,1.47772,2017,2026,20260910
draw-075,75,2262,3,262,1262,2014,1,2007.17,0.331972002166667,7561.89,0.236516,0.265432319168885,1.40359215514666,8049.92,1.40359,2017,2026,20260910
draw-075,75,2262,3,262,1262,2015,1,2295.96,0.346526635083333,7561.89,0.320208,0.303622507071645,1.08219230963415,7157.95,1.08219,2017,2026,20260910
draw-075,75,2262,3,262,1262,2016,1,2693.96,0.291626556083333,7561.89,0.320208,0.356254851631008,0.910741006106447,7361.49,0.910742,2017,2026,20260910
draw-075,75,2262,3,262,1262,2017,1,3386.02,0.38776350155,7561.89,0.306645,0.44777429981129,1.26453554289162,7939.56,1.26454,2017,2026,20260910
draw-075,75,2262,3,262,1262,2018,1,4352.62,0.410490434166666,7561.89,0.281219,0.575599486371793,1.45968243314522,8761.33,1.45968,2017,2026,20260910
draw-075,75,2262,3,262,1262,2019,1,5209.52,0.336504136083333,7561.89,0.28737,0.688917717660532,1.17097865498602,7804.77,1.17098,2017,2026,20260910
draw-075,75,2262,3,262,1262,2020,1,5785.16,0.381408252166667,7561.89,0.415152,0.765041543846842,0.918719534451638,7870.98,0.91872,2017,2026,20260910
draw-075,75,2262,3,262,1262,2021,1,6151.6,0.529089919333334,7561.89,0.639979,0.813500328621548,0.826730126040594,7387.08,0.826729,2017,2026,20260910
draw-075,75,2262,3,262,1262,2022,1,6338.71,0.521870583666667,7561.89,0.728708,0.838244142668037,0.716158713320928,7143.24,0.716159,2017,2026,20260910
draw-075,75,2262,3,262,1262,2023,1,6091.86,0.619175794333334,7561.89,0.682904,0.805600187254773,0.906680579310318,7601.37,0.906682,2017,2026,20260910
draw-075,75,2262,3,262,1262,2024,1,5817.74,0.8411369955,7561.89,0.847889,0.769349990544692,0.992036688174985,7393.1,0.992038,2017,2026,20260910
draw-075,75,2262,3,262,1262,2025,1,5696.31,0.871904889,7561.89,0.760938,0.753291835771216,1.14582908068726,6708.78,1.14583,2017,2026,20260910
draw-075,75,2262,3,262,1262,2026,1,5313.46,0.559365863333333,7561.89,0.586913,0.702662958598975,0.953064361043857,7008.69,0.953065,2017,2026,20260910
draw-076,76,2287,3,287,1287,2007,1,3620.64,0.813779603333333,8310.683,0.24169,0.435660943871882,3.36703878246238,8175.73,3.36704,2017,2026,20260910
draw-076,76,2287,3,287,1287,2008,1,2520.88,0.617799185,8310.683,0.17852,0.303330063245103,3.46067210956756,7817.66,3.46067,2017,2026,20260910
draw-076,76,2287,3,287,1287,2009,1,1919.51,0.699113516666667,8310.683,0.174699,0.230968982934375,4.00181750706453,7663.37,4.00183,2017,2026,20260910
draw-076,76,2287,3,287,1287,2010,1,1775.3,0.43594972725,8310.683,0.150143,0.213616618513785,2.90356345117654,7671.47,2.90357,2017,2026,20260910
draw-076,76,2287,3,287,1287,2011,1,1617.87,0.3551322275,8310.683,0.156783,0.194673530442684,2.26511948042836,7994.74,2.26512,2017,2026,20260910
draw-076,76,2287,3,287,1287,2012,1,1569.49,0.3119375425,8310.683,0.170959,0.188852107582494,1.82463364022953,8430.46,1.82464,2017,2026,20260910
draw-076,76,2287,3,287,1287,2013,1,1651.68,0.302984406583333,8310.683,0.198919,0.198741788129808,1.5231546839836,9159.97,1.52315,2017,2026,20260910
draw-076,76,2287,3,287,1287,2014,1,1859.76,0.3259340335,8310.683,0.226498,0.223779441473102,1.43901506194315,8685.81,1.43902,2017,2026,20260910
draw-076,76,2287,3,287,1287,2015,1,2095.03,0.312252503416667,8310.683,0.281219,0.252088787407726,1.11035350889046,7840.39,1.11036,2017,2026,20260910
draw-076,76,2287,3,287,1287,2016,1,2447.13,0.277458862266667,8310.683,0.28737,0.294455943031397,0.965510882369999,8113.81,0.96551,2017,2026,20260910
draw-076,76,2287,3,287,1287,2017,1,3064.01,0.415436290075,8310.683,0.327212,0.368683295945712,1.2696242499511,8979.98,1.26962,2017,2026,20260910
draw-076,76,2287,3,287,1287,2018,1,3919.77,0.373988113666667,8310.683,0.263542,0.471654375458672,1.41908353760185,9221.51,1.41908,2017,2026,20260910
draw-076,76,2287,3,287,1287,2019,1,4696.77,0.354118861833333,8310.683,0.293657,0.565148496218662,1.20589279953597,8721.82,1.2059,2017,2026,20260910
draw-076,76,2287,3,287,1287,2020,1,5365.98,0.378457423916667,8310.683,0.372578,0.645672563855462,1.01578038401802,8511.94,1.01578,2017,2026,20260910
draw-076,76,2287,3,287,1287,2021,1,6128.48,0.4845532795,8310.683,0.493617,0.737421942336147,0.981638151643886,8035.64,0.981638,2017,2026,20260910
draw-076,76,2287,3,287,1287,2022,1,6716.64,0.5861241775,8310.683,0.744648,0.808193502266902,0.787115761406732,7967.25,0.787115,2017,2026,20260910
draw-076,76,2287,3,287,1287,2023,1,6685.01,0.64223354925,8310.683,0.744648,0.804387557556942,0.862465956062462,8157.96,0.862465,2017,2026,20260910
draw-076,76,2287,3,287,1287,2024,1,6303.73,0.829445398083333,8310.683,0.904759,0.758509258504987,0.916758383263757,8172.99,0.916758,2017,2026,20260910
draw-076,76,2287,3,287,1287,2025,1,6491.6,0.8039205105,8310.683,0.794594,0.781115102092091,1.0117374539702,7623.09,1.01174,2017,2026,20260910
draw-076,76,2287,3,287,1287,2026,1,7072.11,0.57037329875,8310.683,0.668285,0.850966160061694,0.853488105748296,7714.65,0.853489,2017,2026,20260910
draw-077,77,2325,3,325,1325,2007,1,3380.43,0.939226325833334,5702.234,0.25238,0.592825548723535,3.72147684378054,5446.73,3.72148,2017,2026,20260910
draw-077,77,2325,3,325,1325,2008,1,2238.29,0.837156584999999,5702.234,0.203271,0.39252861247013,4.11842606667945,5426.26,4.11843,2017,2026,20260910
draw-077,77,2325,3,325,1325,2009,1,1725.96,0.83623033,5702.234,0.194661,0.302681370143702,4.29582879981095,5080.1,4.29583,2017,2026,20260910
draw-077,77,2325,3,325,1325,2010,1,1586.73,0.571182738666666,5702.234,0.170959,0.278264624005258,3.34105100443186,5230.22,3.34106,2017,2026,20260910
draw-077,77,2325,3,325,1325,2011,1,1372.98,0.498883881666667,5702.234,0.170959,0.240779315615599,2.91814927360751,5167.86,2.91815,2017,2026,20260910
draw-077,77,2325,3,325,1325,2012,1,1335.61,0.4237713625,5702.234,0.182425,0.234225743804972,2.32298951623955,5634.88,2.32299,2017,2026,20260910
draw-077,77,2325,3,325,1325,2013,1,1511.6,0.327529213333333,5702.234,0.190494,0.265089086137118,1.71936760912855,5825.11,1.71937,2017,2026,20260910
draw-077,77,2325,3,325,1325,2014,1,1881.93,0.417808023583333,5702.234,0.246977,0.330033807802346,1.69168798545344,6235.02,1.69169,2017,2026,20260910
draw-077,77,2325,3,325,1325,2015,1,2229.25,0.404791707416667,5702.234,0.349159,0.390943268901276,1.15933344813299,5278.29,1.15933,2017,2026,20260910
draw-077,77,2325,3,325,1325,2016,1,2608.67,0.515477724166667,5702.234,0.397568,0.457482102628549,1.29657750162656,5586.41,1.29658,2017,2026,20260910
draw-077,77,2325,3,325,1325,2017,1,3419.83,0.482784923858333,5702.234,0.33437,0.599735121357699,1.44386435343581,6178.75,1.44386,2017,2026,20260910
draw-077,77,2325,3,325,1325,2018,1,4481.7,0.506992589833333,5702.234,0.293657,0.785955118642974,1.72647881655582,6656.44,1.72648,2017,2026,20260910
draw-077,77,2325,3,325,1325,2019,1,5238.21,0.456803685416667,5702.234,0.349159,0.918624174314839,1.30829703778699,6167.8,1.3083,2017,2026,20260910
draw-077,77,2325,3,325,1325,2020,1,5545.53,0.522365131166667,5702.234,0.538248,0.972518840861319,0.97049154138365,5810.06,0.970493,2017,2026,20260910
draw-077,77,2325,3,325,1325,2021,1,5879.8,0.62455994375,5702.234,0.760938,1.03113972523751,0.820776388812229,5552.14,0.820778,2017,2026,20260910
draw-077,77,2325,3,325,1325,2022,1,6093.81,0.643459224083334,5702.234,0.924551,1.06867062979176,0.695969420922516,5311.54,0.695969,2017,2026,20260910
draw-077,77,2325,3,325,1325,2023,1,5912.02,0.708129863166667,5702.234,0.744648,1.03679014224951,0.950959195709472,5628.08,0.950958,2017,2026,20260910
draw-077,77,2325,3,325,1325,2024,1,5498.46,1.14187620891667,5702.234,1.00814,0.964264181371722,1.13265638593515,5494.22,1.13265,2017,2026,20260910
draw-077,77,2325,3,325,1325,2025,1,5484.91,1.14111876508333,5702.234,0.829738,0.961887919717079,1.37527600891285,5042.13,1.37528,2017,2026,20260910
draw-077,77,2325,3,325,1325,2026,1,5452.72,0.722032268166667,5702.234,0.639979,0.956242763800995,1.12821243848106,5181.18,1.12821,2017,2026,20260910
draw-078,78,2329,3,329,1329,2007,1,3540.18,1.1326213325,10453.355,0.300081,0.338664476620186,3.77438535762011,10218.4,3.77439,2017,2026,20260910
draw-078,78,2329,3,329,1329,2008,1,2329.26,0.893226976666666,10453.355,0.207717,0.222824155498402,4.30021123291144,9991.68,4.3002,2017,2026,20260910
draw-078,78,2329,3,329,1329,2009,1,1777.78,0.834844423333333,10453.355,0.190494,0.170067887295514,4.38252345655681,9193.56,4.38253,2017,2026,20260910
draw-078,78,2329,3,329,1329,2010,1,1621.67,0.549658035083334,10453.355,0.163718,0.155133925902258,3.35734638270278,9514.22,3.35735,2017,2026,20260910
draw-078,78,2329,3,329,1329,2011,1,1418,0.439725545,10453.355,0.170959,0.135650229041298,2.57211112021011,9961.89,2.57212,2017,2026,20260910
draw-078,78,2329,3,329,1329,2012,1,1392.62,0.408031955833334,10453.355,0.186416,0.133222300400206,2.18882475663749,10749.1,2.18882,2017,2026,20260910
draw-078,78,2329,3,329,1329,2013,1,1484.77,0.354469538333333,10453.355,0.198919,0.14203765202655,1.78197928972764,10716.4,1.78198,2017,2026,20260910
draw-078,78,2329,3,329,1329,2014,1,1746.58,0.362095957166666,10453.355,0.231453,0.167083199604338,1.5644470245219,10818.5,1.56445,2017,2026,20260910
draw-078,78,2329,3,329,1329,2015,1,2191.89,0.41294393275,10453.355,0.327212,0.209682919981193,1.26200730031295,9570.06,1.26201,2017,2026,20260910
draw-078,78,2329,3,329,1329,2016,1,2719.04,0.417454078833333,10453.355,0.341685,0.260111705763365,1.22175125871295,10083.2,1.22175,2017,2026,20260910
draw-078,78,2329,3,329,1329,2017,1,3462.84,0.432708399033333,10453.355,0.320208,0.33126589501648,1.35133537898283,10692,1.35134,2017,2026,20260910
draw-078,78,2329,3,329,1329,2018,1,4581.62,0.454270536083333,10453.355,0.28737,0.43829182114259,1.58078622014592,11815.2,1.58078,2017,2026,20260910
draw-078,78,2329,3,329,1329,2019,1,5623.03,0.385694475333333,10453.355,0.327212,0.537916295772984,1.17872961668072,11392.5,1.17873,2017,2026,20260910
draw-078,78,2329,3,329,1329,2020,1,6215.5,0.531579547333333,10453.355,0.612872,0.594593793093222,0.867358187897854,10315.8,0.867358,2017,2026,20260910
draw-078,78,2329,3,329,1329,2021,1,6690.25,0.617884861583333,10453.355,0.777584,0.64000983416329,0.794621367702182,10300.2,0.794622,2017,2026,20260910
draw-078,78,2329,3,329,1329,2022,1,7053.69,0.614589180833333,10453.355,0.944776,0.674777619242817,0.650513117218614,9933.09,0.650513,2017,2026,20260910
draw-078,78,2329,3,329,1329,2023,1,6882.37,0.731755973000001,10453.355,0.904759,0.658388622600113,0.808785514153494,10442.3,0.808786,2017,2026,20260910
draw-078,78,2329,3,329,1329,2024,1,6388.64,1.10555100233333,10453.355,1.19869,0.611156896517912,0.922299345396503,10253.5,0.922301,2017,2026,20260910
draw-078,78,2329,3,329,1329,2025,1,6571.41,0.942743298833334,10453.355,0.924551,0.628641235278052,1.01967690136437,9361.56,1.01968,2017,2026,20260910
draw-078,78,2329,3,329,1329,2026,1,6645.84,0.812859863750001,10453.355,1.07576,0.635761437356715,0.755614508579981,10027.4,0.755613,2017,2026,20260910
draw-079,79,2397,3,397,1397,2007,1,3690.85,0.768292773333333,7619.424,0.231453,0.484400133133423,3.3194332038614,7444.73,3.31943,2017,2026,20260910
draw-079,79,2397,3,397,1397,2008,1,2453.82,0.663221963333334,7619.424,0.182425,0.322047965830488,3.63558702663195,7258.94,3.63558,2017,2026,20260910
draw-079,79,2397,3,397,1397,2009,1,1921.14,0.655927263333333,7619.424,0.17852,0.25213716942383,3.67425085891403,6837.78,3.67425,2017,2026,20260910
draw-079,79,2397,3,397,1397,2010,1,1881.65,0.4627114415,7619.424,0.160213,0.24695436295447,2.88810172395498,7081.08,2.8881,2017,2026,20260910
draw-079,79,2397,3,397,1397,2011,1,1748.27,0.369107066666667,7619.424,0.167299,0.229449102714326,2.20627180477269,7288.8,2.20627,2017,2026,20260910
draw-079,79,2397,3,397,1397,2012,1,1718.41,0.30647044,7619.424,0.17852,0.225530171309537,1.71672888191799,7589.65,1.71673,2017,2026,20260910
draw-079,79,2397,3,397,1397,2013,1,1788.51,0.2563669875,7619.424,0.194661,0.234730341821114,1.31699204000801,8039.19,1.31699,2017,2026,20260910
draw-079,79,2397,3,397,1397,2014,1,2042.54,0.286759048916667,7619.424,0.221649,0.268070132335463,1.29375295587468,8067.95,1.29375,2017,2026,20260910
draw-079,79,2397,3,397,1397,2015,1,2397.04,0.323062583166667,7619.424,0.313353,0.314595958959627,1.03098608651159,7145.45,1.03099,2017,2026,20260910
draw-079,79,2397,3,397,1397,2016,1,2790.48,0.295635506,7619.424,0.28737,0.366232408119039,1.02876259178063,7406.15,1.02876,2017,2026,20260910
draw-079,79,2397,3,397,1397,2017,1,3502.56,0.28243625735,7619.424,0.28737,0.459688291398405,0.982831392803702,7788.51,0.982831,2017,2026,20260910
draw-079,79,2397,3,397,1397,2018,1,4560.9,0.285706787916667,7619.424,0.246977,0.598588554725396,1.1568153630365,8269.27,1.15682,2017,2026,20260910
draw-079,79,2397,3,397,1397,2019,1,5590.49,0.300331833,7619.424,0.293657,0.733715566950993,1.02273003197608,7944.72,1.02273,2017,2026,20260910
draw-079,79,2397,3,397,1397,2020,1,6205.9,0.4492179035,7619.424,0.48305,0.814484139483509,0.929961501914915,7832.01,0.92996,2017,2026,20260910
draw-079,79,2397,3,397,1397,2021,1,6753.41,0.454172871166667,7619.424,0.574349,0.886341277240904,0.790761142035011,7537.01,0.790761,2017,2026,20260910
draw-079,79,2397,3,397,1397,2022,1,7061.43,0.484866838416666,7619.424,0.728708,0.926766905214882,0.665378777804918,7341.5,0.665378,2017,2026,20260910
draw-079,79,2397,3,397,1397,2023,1,6768.28,0.526498820833333,7619.424,0.626279,0.888292868332304,0.840677750384946,7695.39,0.840676,2017,2026,20260910
draw-079,79,2397,3,397,1397,2024,1,6455.25,0.91103112375,7619.424,0.944776,0.847209710340309,0.964282669913292,7572.71,0.964283,2017,2026,20260910
draw-079,79,2397,3,397,1397,2025,1,6787.73,0.784764573416666,7619.424,0.811976,0.890845554729596,0.966487400387039,7119.87,0.966489,2017,2026,20260910
draw-079,79,2397,3,397,1397,2026,1,6902.26,0.50495745125,7619.424,0.599752,0.905876874682391,0.841943755502274,7093.25,0.841944,2017,2026,20260910
draw-080,80,2505,3,505,1505,2007,1,3580.84,0.952310594166667,9355.253,0.275198,0.38276249717672,3.46045608676904,9457.25,3.46045,2017,2026,20260910
draw-080,80,2505,3,505,1505,2008,1,2462.69,0.767216125,9355.253,0.207717,0.263241411001926,3.69356444104238,9323.86,3.69356,2017,2026,20260910
draw-080,80,2505,3,505,1505,2009,1,1860.16,0.809310806666667,9355.253,0.198919,0.198835883968077,4.06854451644472,8623.47,4.06854,2017,2026,20260910
draw-080,80,2505,3,505,1505,2010,1,1646.79,0.5884914375,9355.253,0.174699,0.176028376784679,3.36860221008706,8950.72,3.36861,2017,2026,20260910
draw-080,80,2505,3,505,1505,2011,1,1430.15,0.495111514166667,9355.253,0.174699,0.152871333356778,2.83408327561501,9245.49,2.83409,2017,2026,20260910
draw-080,80,2505,3,505,1505,2012,1,1413.22,0.393648696666667,9355.253,0.186416,0.151061654879884,2.11166797199096,9794.55,2.11167,2017,2026,20260910
draw-080,80,2505,3,505,1505,2013,1,1583.75,0.350994128,9355.253,0.203271,0.169289916584832,1.72672997131908,10072.2,1.72673,2017,2026,20260910
draw-080,80,2505,3,505,1505,2014,1,1888.9,0.41002650575,9355.253,0.257901,0.201907954814263,1.58986008487753,10063.9,1.58986,2017,2026,20260910
draw-080,80,2505,3,505,1505,2015,1,2179.19,0.47514173625,9355.253,0.389057,0.232937580629834,1.22126510061508,8807.54,1.22127,2017,2026,20260910
draw-080,80,2505,3,505,1505,2016,1,2550.38,0.401389656075,9355.253,0.349159,0.272614754512786,1.149589889062,9159.29,1.14959,2017,2026,20260910
draw-080,80,2505,3,505,1505,2017,1,3270.91,0.3841352774,9355.253,0.300081,0.34963351605777,1.28010529623668,9645.62,1.28011,2017,2026,20260910
draw-080,80,2505,3,505,1505,2018,1,4202.36,0.51612789325,9355.253,0.300081,0.449197899832319,1.71996192111463,11147.9,1.71996,2017,2026,20260910
draw-080,80,2505,3,505,1505,2019,1,4879.61,0.445709906,9355.253,0.364602,0.521590383498982,1.2224560095666,9587.77,1.22245,2017,2026,20260910
draw-080,80,2505,3,505,1505,2020,1,5323.09,0.460928096833333,9355.253,0.452688,0.568994766897272,1.01820259612213,9588.94,1.0182,2017,2026,20260910
draw-080,80,2505,3,505,1505,2021,1,5914.96,0.575580111083333,9355.253,0.653979,0.632260827152403,0.880120173710981,9123.59,0.880123,2017,2026,20260910
draw-080,80,2505,3,505,1505,2022,1,6216.44,0.690589688583333,9355.253,0.924551,0.664486572410174,0.746946018752165,8776.71,0.746947,2017,2026,20260910
draw-080,80,2505,3,505,1505,2023,1,5839.48,0.8086223705,9355.253,0.811976,0.624192632737992,0.995869792333763,9279.14,0.99587,2017,2026,20260910
draw-080,80,2505,3,505,1505,2024,1,5468.06,1.15888018258333,9355.253,1.00814,0.584490873736926,1.14952306483557,9217.77,1.14952,2017,2026,20260910
draw-080,80,2505,3,505,1505,2025,1,5601.54,1.26742710558333,9355.253,0.965443,0.598758793589014,1.31279330378213,8662.03,1.31279,2017,2026,20260910
draw-080,80,2505,3,505,1505,2026,1,5747.06,0.774709944916666,9355.253,0.866437,0.614313690928508,0.89413303554288,8523.06,0.894133,2017,2026,20260910
draw-081,81,2508,3,508,1508,2007,1,3597.72,0.9474013825,4488.99,0.25238,0.801454224669692,3.75386869997623,4348.63,3.75387,2017,2026,20260910
draw-081,81,2508,3,508,1508,2008,1,2398.32,0.738599675,4488.99,0.190494,0.534267173684949,3.87728576753073,4328.25,3.87729,2017,2026,20260910
draw-081,81,2508,3,508,1508,2009,1,1801.95,0.827243349166667,4488.99,0.190494,0.401415463166548,4.34262154801026,4026.4,4.34262,2017,2026,20260910
draw-081,81,2508,3,508,1508,2010,1,1649.26,0.5256980605,4488.99,0.163718,0.367401130321074,3.21099732772206,4113.2,3.21101,2017,2026,20260910
draw-081,81,2508,3,508,1508,2011,1,1507.36,0.442765920833333,4488.99,0.170959,0.335790456205071,2.58989535990111,4325.59,2.5899,2017,2026,20260910
draw-081,81,2508,3,508,1508,2012,1,1505.31,0.407285844166666,4488.99,0.182425,0.335333783323197,2.23262077109314,4645.62,2.23262,2017,2026,20260910
draw-081,81,2508,3,508,1508,2013,1,1600.03,0.321818465,4488.99,0.198919,0.356434298138334,1.61783673253938,4636.22,1.61783,2017,2026,20260910
draw-081,81,2508,3,508,1508,2014,1,1825.07,0.380340726416667,4488.99,0.24169,0.406565842205039,1.57367175479609,4669.75,1.57367,2017,2026,20260910
draw-081,81,2508,3,508,1508,2015,1,2107.72,0.386001351833333,4488.99,0.320208,0.469531008088679,1.20547066854461,4145.75,1.20547,2017,2026,20260910
draw-081,81,2508,3,508,1508,2016,1,2548.13,0.410764674416667,4488.99,0.320208,0.567639936823205,1.28280578379262,4341.58,1.28281,2017,2026,20260910
draw-081,81,2508,3,508,1508,2017,1,3214.7,0.399439877391667,4488.99,0.327212,0.716129908955021,1.22073725105334,4712.52,1.22074,2017,2026,20260910
draw-081,81,2508,3,508,1508,2018,1,3996.36,0.450378417666667,4488.99,0.306645,0.890258164976977,1.46872904389984,5215.62,1.46873,2017,2026,20260910
draw-081,81,2508,3,508,1508,2019,1,4662.53,0.44861629475,4488.99,0.320208,1.03865903020501,1.40101526117399,5049.51,1.40102,2017,2026,20260910
draw-081,81,2508,3,508,1508,2020,1,5129.57,0.48625289925,4488.99,0.47271,1.1427002510587,1.02864948752935,4588.5,1.02865,2017,2026,20260910
draw-081,81,2508,3,508,1508,2021,1,5598.61,0.604165124,4488.99,0.639979,1.24718700643129,0.944038982529114,4313.09,0.944037,2017,2026,20260910
draw-081,81,2508,3,508,1508,2022,1,5998.16,0.628016492833334,4488.99,0.904759,1.33619366494468,0.69412572058784,4051.87,0.694126,2017,2026,20260910
draw-081,81,2508,3,508,1508,2023,1,5828.48,0.688579230083333,4488.99,0.668285,1.29839451636114,1.03036762770874,4488.86,1.03037,2017,2026,20260910
draw-081,81,2508,3,508,1508,2024,1,5315.7,1.09740625375,4488.99,0.944776,1.18416392106019,1.16155178978933,4342.47,1.16155,2017,2026,20260910
draw-081,81,2508,3,508,1508,2025,1,5076.37,0.966431364,4488.99,0.777584,1.13084903285594,1.24286426161032,4004.35,1.24287,2017,2026,20260910
draw-081,81,2508,3,508,1508,2026,1,5056.53,1.00601548258333,4488.99,0.986562,1.12642933042845,1.01971845923858,4123.11,1.01972,2017,2026,20260910
draw-082,82,2512,3,512,1512,2007,1,3605.74,0.889772975833334,5502.392,0.25238,0.655304093201648,3.52552886850517,5410.52,3.52553,2017,2026,20260910
draw-082,82,2512,3,512,1512,2008,1,2478.9,0.703339648333333,5502.392,0.207717,0.450513158640824,3.38604759520566,5407.6,3.38604,2017,2026,20260910
draw-082,82,2512,3,512,1512,2009,1,1933,0.801390168333334,5502.392,0.198919,0.35130176112498,4.02872610627106,5136.64,4.02872,2017,2026,20260910
draw-082,82,2512,3,512,1512,2010,1,1797.19,0.570534361583333,5502.392,0.167299,0.326619768275325,3.41026761417183,5124.9,3.41027,2017,2026,20260910
draw-082,82,2512,3,512,1512,2011,1,1584.27,0.449453415833333,5502.392,0.170959,0.287923870200451,2.62901289685441,5246.37,2.62902,2017,2026,20260910
draw-082,82,2512,3,512,1512,2012,1,1550.99,0.379599159166666,5502.392,0.190494,0.281875591560907,1.99270926730851,5524.34,1.99271,2017,2026,20260910
draw-082,82,2512,3,512,1512,2013,1,1645.26,0.3145501975,5502.392,0.194661,0.29900814045964,1.61588709345991,5791.16,1.61589,2017,2026,20260910
draw-082,82,2512,3,512,1512,2014,1,1834.04,0.316032978416667,5502.392,0.231453,0.333316855651142,1.36543046932495,5737.15,1.36543,2017,2026,20260910
draw-082,82,2512,3,512,1512,2015,1,2090.37,0.41537024575,5502.392,0.33437,0.379902049872128,1.24224734799773,5244.64,1.24225,2017,2026,20260910
draw-082,82,2512,3,512,1512,2016,1,2493.41,0.414751142833334,5502.392,0.364602,0.453150193588534,1.13754489233008,5463.26,1.13754,2017,2026,20260910
draw-082,82,2512,3,512,1512,2017,1,3122.86,0.443196329666667,5502.392,0.341685,0.567545896402874,1.29709038929619,5843.35,1.29709,2017,2026,20260910
draw-082,82,2512,3,512,1512,2018,1,4020.31,0.45686503425,5502.392,0.28737,0.73064768922316,1.58981464401295,6378.45,1.58981,2017,2026,20260910
draw-082,82,2512,3,512,1512,2019,1,4854.02,0.419848693083333,5502.392,0.320208,0.882165429144271,1.31117490219899,5822.47,1.31118,2017,2026,20260910
draw-082,82,2512,3,512,1512,2020,1,5346.51,0.4647841,5502.392,0.442997,0.97167013909587,1.04918114569625,5636.01,1.04918,2017,2026,20260910
draw-082,82,2512,3,512,1512,2021,1,5859.34,0.531964473583333,5502.392,0.586913,1.06487142319195,0.906377050062502,5376.8,0.906377,2017,2026,20260910
draw-082,82,2512,3,512,1512,2022,1,6202.62,0.662872681083333,5502.392,0.944776,1.1272588357936,0.701618882235931,5159.57,0.701619,2017,2026,20260910
draw-082,82,2512,3,512,1512,2023,1,5971.43,0.689002960166667,5502.392,0.760938,1.0852425635978,0.905465307510818,5458.48,0.905464,2017,2026,20260910
draw-082,82,2512,3,512,1512,2024,1,5912.99,1.09707576883333,5502.392,1.05273,1.07462172815023,1.04212454174701,5389.17,1.04212,2017,2026,20260910
draw-082,82,2512,3,512,1512,2025,1,6810.38,1.07065805666667,5502.392,0.866437,1.23771261662201,1.23570214183682,4997.97,1.2357,2017,2026,20260910
draw-082,82,2512,3,512,1512,2026,1,7223.84,0.76202981075,5502.392,0.88539,1.31285448219611,0.860671354713742,4961.65,0.860672,2017,2026,20260910
draw-083,83,2540,3,540,1540,2007,1,3554.13,0.944057829166667,7865.589,0.257901,0.451858087169314,3.66054349989596,7552.3,3.66055,2017,2026,20260910
draw-083,83,2540,3,540,1540,2008,1,2490.12,0.723256864166667,7865.589,0.190494,0.316584047297666,3.79674354135388,7502.01,3.79674,2017,2026,20260910
draw-083,83,2540,3,540,1540,2009,1,1844.32,0.803957805833334,7865.589,0.194661,0.234479579342374,4.1300404592257,7034.32,4.13004,2017,2026,20260910
draw-083,83,2540,3,540,1540,2010,1,1663.5,0.528643577666667,7865.589,0.167299,0.211490836859134,3.15987290818634,7243.36,3.15987,2017,2026,20260910
draw-083,83,2540,3,540,1540,2011,1,1447.2,0.4571539275,7865.589,0.170959,0.183991306944718,2.67405592861446,7685.99,2.67406,2017,2026,20260910
draw-083,83,2540,3,540,1540,2012,1,1460.33,0.375332355833333,7865.589,0.17852,0.185660603420799,2.10246670307715,8128.88,2.10246,2017,2026,20260910
draw-083,83,2540,3,540,1540,2013,1,1623.54,0.3509192375,7865.589,0.203271,0.206410479876332,1.72636154444067,8307.43,1.72636,2017,2026,20260910
draw-083,83,2540,3,540,1540,2014,1,1904.5,0.400542023416667,7865.589,0.25238,0.242130627471128,1.58705928923317,8407.26,1.58706,2017,2026,20260910
draw-083,83,2540,3,540,1540,2015,1,2218.75,0.44632832275,7865.589,0.356797,0.282083134524319,1.25093070499472,7203.58,1.25093,2017,2026,20260910
draw-083,83,2540,3,540,1540,2016,1,2648.5,0.3940575055,7865.589,0.341685,0.336719856580353,1.15327715732327,7669.93,1.15328,2017,2026,20260910
draw-083,83,2540,3,540,1540,2017,1,3332.65,0.482642290058334,7865.589,0.33437,0.423699992460832,1.4434377786833,8310.67,1.44344,2017,2026,20260910
draw-083,83,2540,3,540,1540,2018,1,4420.55,0.448056540416667,7865.589,0.281219,0.562011312820947,1.59326553474931,9238.24,1.59327,2017,2026,20260910
draw-083,83,2540,3,540,1540,2019,1,5327.18,0.46352594125,7865.589,0.33437,0.67727667947054,1.38626653482669,8392.78,1.38627,2017,2026,20260910
draw-083,83,2540,3,540,1540,2020,1,5825.34,0.486049258583333,7865.589,0.46259,0.740610779434318,1.05071285281423,8160.95,1.05071,2017,2026,20260910
draw-083,83,2540,3,540,1540,2021,1,6398.19,0.549500171666667,7865.589,0.697843,0.813440671766603,0.78742664419743,7608.09,0.787425,2017,2026,20260910
draw-083,83,2540,3,540,1540,2022,1,6692.6,0.75863837175,7865.589,1.09929,0.850870799376881,0.690116685997325,7289.42,0.690114,2017,2026,20260910
draw-083,83,2540,3,540,1540,2023,1,6559.44,0.6282075,7865.589,0.760938,0.8339413615433,0.825569888742578,7805.19,0.825569,2017,2026,20260910
draw-083,83,2540,3,540,1540,2024,1,6056.79,1.11607298066667,7865.589,1.17303,0.770036420667289,0.951444533103728,7637.07,0.951448,2017,2026,20260910
draw-083,83,2540,3,540,1540,2025,1,6068.62,1.03785144041667,7865.589,0.944776,0.77154044026455,1.09851588145409,7001.22,1.09852,2017,2026,20260910
draw-083,83,2540,3,540,1540,2026,1,6416.25,0.424660297458333,7865.589,0.526725,0.815736749021593,0.806227723116111,7212.26,0.806227,2017,2026,20260910
draw-084,84,2609,3,609,1609,2007,1,3562.74,0.846820380833334,4528.634,0.24169,0.786714051080304,3.50374604176149,4383.74,3.50375,2017,2026,20260910
draw-084,84,2609,3,609,1609,2008,1,2409.75,0.764708823333333,4528.634,0.203271,0.532114098865132,3.7620163394352,4342.17,3.76202,2017,2026,20260910
draw-084,84,2609,3,609,1609,2009,1,1848.56,0.791922435,4528.634,0.190494,0.408193729058255,4.15720408516803,4106.08,4.15721,2017,2026,20260910
draw-084,84,2609,3,609,1609,2010,1,1689.21,0.53503783825,4528.634,0.163718,0.373006518080286,3.26804528671252,4206.75,3.26805,2017,2026,20260910
draw-084,84,2609,3,609,1609,2011,1,1510.62,0.4564767425,4528.634,0.170959,0.33357078536265,2.67009483267918,4239.23,2.6701,2017,2026,20260910
draw-084,84,2609,3,609,1609,2012,1,1483.74,0.3791573025,4528.634,0.17852,0.327635220686856,2.12389257506162,4479.58,2.12389,2017,2026,20260910
draw-084,84,2609,3,609,1609,2013,1,1657.6,0.317884055,4528.634,0.198919,0.366026488340634,1.59805777728623,4673.96,1.59806,2017,2026,20260910
draw-084,84,2609,3,609,1609,2014,1,1977.07,0.349397428,4528.634,0.24169,0.436570939493013,1.44564288137697,4799.39,1.44564,2017,2026,20260910
draw-084,84,2609,3,609,1609,2015,1,2270.95,0.397081036083333,4528.634,0.341685,0.501464680077922,1.16212604031003,4173.63,1.16213,2017,2026,20260910
draw-084,84,2609,3,609,1609,2016,1,2595.3,0.3798516625,4528.634,0.364602,0.573086718864894,1.04182550424847,4408.34,1.04182,2017,2026,20260910
draw-084,84,2609,3,609,1609,2017,1,3219.01,0.390038792333333,4528.634,0.327212,0.710812576154311,1.19200638220277,4773.63,1.19201,2017,2026,20260910
draw-084,84,2609,3,609,1609,2018,1,4184.96,0.4869122705,4528.634,0.300081,0.924110890833748,1.62260279891096,5279.65,1.6226,2017,2026,20260910
draw-084,84,2609,3,609,1609,2019,1,5065.74,0.446355934583333,4528.634,0.341685,1.11860220984959,1.30633751725517,4842.62,1.30634,2017,2026,20260910
draw-084,84,2609,3,609,1609,2020,1,5509.63,0.490026092,4528.634,0.452688,1.21662072934134,1.08248085215424,4589.24,1.08248,2017,2026,20260910
draw-084,84,2609,3,609,1609,2021,1,5823.71,0.541901698833333,4528.634,0.599752,1.28597497611863,0.903542962480047,4376.46,0.903545,2017,2026,20260910
draw-084,84,2609,3,609,1609,2022,1,6137.18,0.588680242833333,4528.634,0.794594,1.35519452444159,0.740856642302023,4274.09,0.740858,2017,2026,20260910
draw-084,84,2609,3,609,1609,2023,1,6058.65,0.65226216625,4528.634,0.682904,1.33785375457588,0.955130100643722,4589.89,0.955129,2017,2026,20260910
draw-084,84,2609,3,609,1609,2024,1,5877.24,0.974119244666666,4528.634,0.904759,1.29779531752842,1.07666156917662,4383.41,1.07666,2017,2026,20260910
draw-084,84,2609,3,609,1609,2025,1,5933.53,1.01954700466667,4528.634,0.829738,1.31022511423975,1.22875775807142,4017.2,1.22876,2017,2026,20260910
draw-084,84,2609,3,609,1609,2026,1,5961.32,0.608364832166667,4528.634,0.599752,1.31636162251134,1.0143606560156,4160.15,1.01436,2017,2026,20260910
draw-085,85,2612,3,612,1612,2007,1,3455.78,1.04138057583333,5715.905,0.281219,0.604590174259369,3.70309465517384,5620.81,3.7031,2017,2026,20260910
draw-085,85,2612,3,612,1612,2008,1,2352.04,0.790036966666667,5715.905,0.207717,0.411490393909626,3.80342950585011,5408.4,3.80342,2017,2026,20260910
draw-085,85,2612,3,612,1612,2009,1,1743.4,0.847760931666667,5715.905,0.194661,0.305008568196987,4.35506306690435,5025.9,4.35506,2017,2026,20260910
draw-085,85,2612,3,612,1612,2010,1,1546.85,0.604466911,5715.905,0.167299,0.270622062473047,3.61309338967955,5183.56,3.61309,2017,2026,20260910
draw-085,85,2612,3,612,1612,2011,1,1407.02,0.508932910833333,5715.905,0.17852,0.246158744765702,2.85084534412577,5388.68,2.85084,2017,2026,20260910
draw-085,85,2612,3,612,1612,2012,1,1417.41,0.457129195,5715.905,0.198919,0.247976479665075,2.29806702728246,5629.23,2.29806,2017,2026,20260910
draw-085,85,2612,3,612,1612,2013,1,1566.29,0.422281525833333,5715.905,0.216905,0.274023098704405,1.94685012255749,6098.3,1.94685,2017,2026,20260910
draw-085,85,2612,3,612,1612,2014,1,1864.46,0.442222011666667,5715.905,0.257901,0.326188066456668,1.71469676994919,6091.74,1.7147,2017,2026,20260910
draw-085,85,2612,3,612,1612,2015,1,2189.83,0.474112365583333,5715.905,0.380728,0.383111685726057,1.24527842865073,5281.4,1.24528,2017,2026,20260910
draw-085,85,2612,3,612,1612,2016,1,2642.23,0.421779451583334,5715.905,0.349159,0.462259257282967,1.20798676701255,5608.78,1.20799,2017,2026,20260910
draw-085,85,2612,3,612,1612,2017,1,3460.84,0.521389907158333,5715.905,0.372578,0.605475423401893,1.39941141763156,6172.92,1.39941,2017,2026,20260910
draw-085,85,2612,3,612,1612,2018,1,4464.02,0.51095299825,5715.905,0.306645,0.780982189172143,1.66626880676352,6695.61,1.66627,2017,2026,20260910
draw-085,85,2612,3,612,1612,2019,1,5223.2,0.43093862475,5715.905,0.380728,0.913801051626995,1.13188056762308,5906.5,1.13188,2017,2026,20260910
draw-085,85,2612,3,612,1612,2020,1,5647.35,0.5944800205,5715.905,0.550022,0.988006273722184,1.0808295313642,5999.18,1.08083,2017,2026,20260910
draw-085,85,2612,3,612,1612,2021,1,5973.67,0.676795999583333,5715.905,0.794594,1.04509609589383,0.851750704867308,5564.9,0.851751,2017,2026,20260910
draw-085,85,2612,3,612,1612,2022,1,6112.55,0.674490267,5715.905,0.986562,1.06939321069892,0.683677525588863,5410.05,0.683678,2017,2026,20260910
draw-085,85,2612,3,612,1612,2023,1,5888.06,0.86754565325,5715.905,0.944776,1.03011859014452,0.918255388843493,5701.61,0.918256,2017,2026,20260910
draw-085,85,2612,3,612,1612,2024,1,5515.36,1.25713105133333,5715.905,1.14792,0.964914567334482,1.09513820765675,5538.47,1.09514,2017,2026,20260910
draw-085,85,2612,3,612,1612,2025,1,5312.82,1.27656891516667,5715.905,0.944776,0.929480108574232,1.3511868582253,5207.53,1.35119,2017,2026,20260910
draw-085,85,2612,3,612,1612,2026,1,5231.23,0.77430556425,5715.905,0.847889,0.915205903527088,0.913215720748824,4962.28,0.913217,2017,2026,20260910
draw-086,86,2630,3,630,1630,2007,1,3434.03,1.0576466375,6291.36,0.28737,0.545832697540755,3.68043510978877,6160.47,3.68043,2017,2026,20260910
draw-086,86,2630,3,630,1630,2008,1,2303.22,0.8364171775,6291.36,0.203271,0.366092545967804,4.1147885212352,6000.84,4.11479,2017,2026,20260910
draw-086,86,2630,3,630,1630,2009,1,1707.81,0.906218861666667,6291.36,0.198919,0.271453231097887,4.55571796392837,5629.84,4.55571,2017,2026,20260910
draw-086,86,2630,3,630,1630,2010,1,1572.66,0.6445436295,6291.36,0.17852,0.249971389333944,3.61048414463366,5776.68,3.61048,2017,2026,20260910
draw-086,86,2630,3,630,1630,2011,1,1403.78,0.503487133333333,6291.36,0.174699,0.223128226647339,2.88202641877362,5919.03,2.88203,2017,2026,20260910
draw-086,86,2630,3,630,1630,2012,1,1371.58,0.428871910833333,6291.36,0.186416,0.218010096386155,2.30061749438532,6119.1,2.30062,2017,2026,20260910
draw-086,86,2630,3,630,1630,2013,1,1488.13,0.4358315075,6291.36,0.207717,0.236535502657613,2.0981985465802,6695.84,2.0982,2017,2026,20260910
draw-086,86,2630,3,630,1630,2014,1,1754.39,0.413617195,6291.36,0.24169,0.27885703568068,1.71135419338822,6297.15,1.71136,2017,2026,20260910
draw-086,86,2630,3,630,1630,2015,1,2050.76,0.4788094205,6291.36,0.356797,0.325964497342387,1.3419659372136,5871.07,1.34197,2017,2026,20260910
draw-086,86,2630,3,630,1630,2016,1,2401.73,0.511468428416667,6291.36,0.364602,0.381750527707841,1.40281300820255,6229.71,1.40281,2017,2026,20260910
draw-086,86,2630,3,630,1630,2017,1,3137.55,0.531790550008333,6291.36,0.349159,0.498707751583124,1.52306127010426,6758.68,1.52306,2017,2026,20260910
draw-086,86,2630,3,630,1630,2018,1,4120.81,0.555973082416667,6291.36,0.306645,0.654995104397142,1.8130838018447,7304.91,1.81308,2017,2026,20260910
draw-086,86,2630,3,630,1630,2019,1,4908.99,0.521826054583333,6291.36,0.380728,0.780274853131914,1.37060067708005,6608.45,1.3706,2017,2026,20260910
draw-086,86,2630,3,630,1630,2020,1,5463.82,0.610262748,6291.36,0.562054,0.868464052287582,1.0857724489106,6378.99,1.08577,2017,2026,20260910
draw-086,86,2630,3,630,1630,2021,1,5960.82,0.749656565416667,6291.36,0.777584,0.947461280231937,0.964084350265266,6005.84,0.964085,2017,2026,20260910
draw-086,86,2630,3,630,1630,2022,1,6278.95,0.680060053666666,6291.36,0.88539,0.998027453523563,0.768090958410041,5907.23,0.76809,2017,2026,20260910
draw-086,86,2630,3,630,1630,2023,1,6224.35,0.699421814416667,6291.36,0.794594,0.989348884819817,0.8802253911012,6224.96,0.880225,2017,2026,20260910
draw-086,86,2630,3,630,1630,2024,1,5884.73,1.22091334083333,6291.36,1.17303,0.935366915897358,1.04082021843715,6146.05,1.04082,2017,2026,20260910
draw-086,86,2630,3,630,1630,2025,1,6098.47,1.16183803925,6291.36,1.05273,0.969340492357773,1.10364294667199,5703.7,1.10364,2017,2026,20260910
draw-086,86,2630,3,630,1630,2026,1,6625.79,1.03803723333333,6291.36,1.12334,1.05315702805117,0.924063269654187,5874.79,0.92406,2017,2026,20260910
draw-087,87,2645,3,645,1645,2007,1,3429.55,0.901576315833333,5949.361,0.257901,0.576456866544155,3.49582326487037,5785.24,3.49583,2017,2026,20260910
draw-087,87,2645,3,645,1645,2008,1,2295.03,0.716168485,5949.361,0.194661,0.385760756491327,3.67905479269089,5658,3.67905,2017,2026,20260910
draw-087,87,2645,3,645,1645,2009,1,1848.29,0.793707944166667,5949.361,0.190494,0.310670339217943,4.16657713191317,5358.26,4.16658,2017,2026,20260910
draw-087,87,2645,3,645,1645,2010,1,1681.03,0.517980716666667,5949.361,0.167299,0.282556395552396,3.09613755411967,5504.04,3.09614,2017,2026,20260910
draw-087,87,2645,3,645,1645,2011,1,1512.54,0.481573059166667,5949.361,0.17852,0.254235706994415,2.69758603611173,5809.25,2.69758,2017,2026,20260910
draw-087,87,2645,3,645,1645,2012,1,1505.12,0.412951888333333,5949.361,0.186416,0.252988514228671,2.21521697887163,5900.89,2.21522,2017,2026,20260910
draw-087,87,2645,3,645,1645,2013,1,1628.6,0.348252855,5949.361,0.198919,0.273743684405771,1.75072695418738,5972.35,1.75072,2017,2026,20260910
draw-087,87,2645,3,645,1645,2014,1,1874.75,0.357688681666667,5949.361,0.236516,0.315117875684464,1.51232340165852,5919.4,1.51232,2017,2026,20260910
draw-087,87,2645,3,645,1645,2015,1,2189.95,0.365139074416667,5949.361,0.327212,0.368098355436828,1.11590979064541,5394.17,1.11591,2017,2026,20260910
draw-087,87,2645,3,645,1645,2016,1,2654.53,0.36613463575,5949.361,0.33437,0.446187414076907,1.09499846203308,5789.53,1.095,2017,2026,20260910
draw-087,87,2645,3,645,1645,2017,1,3378.69,0.390173133625,5949.361,0.313353,0.567908049284621,1.24515525182462,6143.1,1.24516,2017,2026,20260910
draw-087,87,2645,3,645,1645,2018,1,4469.79,0.482481845083333,5949.361,0.300081,0.751305896549226,1.60783870049531,7028.65,1.60784,2017,2026,20260910
draw-087,87,2645,3,645,1645,2019,1,5338.5,0.389386097333333,5949.361,0.327212,0.897323258749973,1.19001166623881,6029.31,1.19001,2017,2026,20260910
draw-087,87,2645,3,645,1645,2020,1,5823.27,0.467577389666667,5949.361,0.424233,0.978805959160992,1.10217118815997,6031.05,1.10217,2017,2026,20260910
draw-087,87,2645,3,645,1645,2021,1,6394.4,0.493330006,5949.361,0.586913,1.07480450421482,0.840550483632156,5734.65,0.84055,2017,2026,20260910
draw-087,87,2645,3,645,1645,2022,1,6771.52,0.55622876575,5949.361,0.777584,1.13819282440585,0.715329489482808,5573.68,0.71533,2017,2026,20260910
draw-087,87,2645,3,645,1645,2023,1,6537.99,0.6529726385,5949.361,0.697843,1.09893986934059,0.935701351880008,6034.13,0.935701,2017,2026,20260910
draw-087,87,2645,3,645,1645,2024,1,5950.96,1.04267183916667,5949.361,1.0302,1.00026876836017,1.01210623099075,5904.4,1.01211,2017,2026,20260910
draw-087,87,2645,3,645,1645,2025,1,5790.13,1.00222466625,5949.361,0.904759,0.973235613034744,1.10772555592152,5367.83,1.10773,2017,2026,20260910
draw-087,87,2645,3,645,1645,2026,1,5860.62,0.539372265416667,5949.361,0.626279,0.985083944309313,0.861233197052219,5646.81,0.861233,2017,2026,20260910
draw-088,88,2657,3,657,1657,2007,1,3376.22,1.03657083166667,6917.736,0.281219,0.48805273864166,3.68599145742879,6603.96,3.68599,2017,2026,20260910
draw-088,88,2657,3,657,1657,2008,1,2240.32,0.856599310833334,6917.736,0.203271,0.323851618506402,4.21407535178817,6510.47,4.21408,2017,2026,20260910
draw-088,88,2657,3,657,1657,2009,1,1728.16,0.840371714166667,6917.736,0.198919,0.24981583570116,4.22469303669668,6129.08,4.22469,2017,2026,20260910
draw-088,88,2657,3,657,1657,2010,1,1547.69,0.597905636583334,6917.736,0.167299,0.223727820778359,3.57387453949715,6303.4,3.57387,2017,2026,20260910
draw-088,88,2657,3,657,1657,2011,1,1424.57,0.479038913333333,6917.736,0.174699,0.205930090422647,2.74208159939859,6498.98,2.74209,2017,2026,20260910
draw-088,88,2657,3,657,1657,2012,1,1421.65,0.501655101666667,6917.736,0.198919,0.205507987006154,2.52190641249286,6895.87,2.5219,2017,2026,20260910
draw-088,88,2657,3,657,1657,2013,1,1522.07,0.43290720025,6917.736,0.216905,0.220024296966522,1.99583781033171,7126.98,1.99584,2017,2026,20260910
draw-088,88,2657,3,657,1657,2014,1,1776.87,0.450951649416667,6917.736,0.257901,0.256857156734515,1.74854556367237,7260.87,1.74855,2017,2026,20260910
draw-088,88,2657,3,657,1657,2015,1,2112.22,0.52260763675,6917.736,0.397568,0.305333999447218,1.31451132070489,6298.39,1.31452,2017,2026,20260910
draw-088,88,2657,3,657,1657,2016,1,2592.92,0.448687745,6917.736,0.372578,0.374822051607636,1.20427868795259,6704.7,1.20428,2017,2026,20260910
draw-088,88,2657,3,657,1657,2017,1,3310.96,0.522689951816667,6917.736,0.372578,0.478619016394959,1.40290073975561,7397.34,1.4029,2017,2026,20260910
draw-088,88,2657,3,657,1657,2018,1,4313.71,0.542323298583334,6917.736,0.313353,0.623572509850043,1.73071040833607,8151.7,1.73071,2017,2026,20260910
draw-088,88,2657,3,657,1657,2019,1,5130.73,0.515139659166666,6917.736,0.364602,0.74167762400878,1.41288215414799,7555.34,1.41288,2017,2026,20260910
draw-088,88,2657,3,657,1657,2020,1,5538.6,0.574496022833333,6917.736,0.574349,0.800637665270834,1.00025598169986,6959.88,1.00025,2017,2026,20260910
draw-088,88,2657,3,657,1657,2021,1,6135.96,0.630079404083333,6917.736,0.728708,0.886989616255954,0.8646527883368,6792.74,0.864652,2017,2026,20260910
draw-088,88,2657,3,657,1657,2022,1,6486.38,0.727928855,6917.736,1.0302,0.937644917354464,0.706589841778295,6381.86,0.706592,2017,2026,20260910
draw-088,88,2657,3,657,1657,2023,1,6135.46,0.831815252833334,6917.736,0.944776,0.886917338273678,0.880436476829782,6792.52,0.880438,2017,2026,20260910
draw-088,88,2657,3,657,1657,2024,1,5581.05,1.10255091566667,6917.736,1.17303,0.806774065966091,0.939917065775527,6656.28,0.93992,2017,2026,20260910
draw-088,88,2657,3,657,1657,2025,1,5481.61,1.27944238016667,6917.736,0.965443,0.792399420850984,1.32523865227327,6180.56,1.32524,2017,2026,20260910
draw-088,88,2657,3,657,1657,2026,1,5741.25,0.518009564166667,6917.736,0.526725,0.829931931487412,0.983453536791811,6309.14,0.983452,2017,2026,20260910
draw-089,89,2659,3,659,1659,2007,1,3561.98,0.95397014,11154.81,0.25238,0.319322337180104,3.77989595055076,10659.2,3.7799,2017,2026,20260910
draw-089,89,2659,3,659,1659,2008,1,2392.11,0.7786862425,11154.81,0.203271,0.214446503346987,3.83077882482007,10541.4,3.83079,2017,2026,20260910
draw-089,89,2659,3,659,1659,2009,1,1786.84,0.908057812500001,11154.81,0.212261,0.160185606030044,4.27802475490081,10083.3,4.27802,2017,2026,20260910
draw-089,89,2659,3,659,1659,2010,1,1615.4,0.558142423583334,11154.81,0.163718,0.144816451378374,3.40916956952402,10287.6,3.40918,2017,2026,20260910
draw-089,89,2659,3,659,1659,2011,1,1554.98,0.462032014166667,11154.81,0.182425,0.139399953921223,2.53272311452195,10671.9,2.53272,2017,2026,20260910
draw-089,89,2659,3,659,1659,2012,1,1604.04,0.393286478333334,11154.81,0.190494,0.143798056623107,2.06456097479886,11107.6,2.06456,2017,2026,20260910
draw-089,89,2659,3,659,1659,2013,1,1676.24,0.371121671666667,11154.81,0.203271,0.150270600754293,1.82574824577371,11890.1,1.82575,2017,2026,20260910
draw-089,89,2659,3,659,1659,2014,1,1906.23,0.443831458333333,11154.81,0.257901,0.170888612177168,1.72093732995736,11741.2,1.72094,2017,2026,20260910
draw-089,89,2659,3,659,1659,2015,1,2254.14,0.4525120655,11154.81,0.349159,0.202077848031477,1.29600573234544,10410.9,1.29601,2017,2026,20260910
draw-089,89,2659,3,659,1659,2016,1,2737.2,0.385583762416667,11154.81,0.364602,0.245382933460991,1.05754703050632,11048.1,1.05755,2017,2026,20260910
draw-089,89,2659,3,659,1659,2017,1,3372.4,0.394457604441667,11154.81,0.33437,0.30232697822733,1.17970393408998,11594.1,1.1797,2017,2026,20260910
draw-089,89,2659,3,659,1659,2018,1,4320.01,0.5507488185,11154.81,0.313353,0.387277775237767,1.75759867784894,13328.5,1.7576,2017,2026,20260910
draw-089,89,2659,3,659,1659,2019,1,5165.61,0.44331052025,11154.81,0.364602,0.463083638358699,1.21587517416251,11603.6,1.21588,2017,2026,20260910
draw-089,89,2659,3,659,1659,2020,1,5785.18,0.514956615833333,11154.81,0.526725,0.518626493862289,0.977657441422627,11474.2,0.977656,2017,2026,20260910
draw-089,89,2659,3,659,1659,2021,1,6517.19,0.605504107333333,11154.81,0.728708,0.584249305904807,0.830928310562439,10816.2,0.83093,2017,2026,20260910
draw-089,89,2659,3,659,1659,2022,1,7086.64,0.645355929083333,11154.81,0.965443,0.635299032435335,0.668455754594868,10417,0.668456,2017,2026,20260910
draw-089,89,2659,3,659,1659,2023,1,6926.86,0.753316309333334,11154.81,0.924551,0.620975166766624,0.814791514295408,10887.6,0.814792,2017,2026,20260910
draw-089,89,2659,3,659,1659,2024,1,6627,1.14833573208333,11154.81,1.27909,0.594093489714303,0.897775552997313,10919.3,0.897779,2017,2026,20260910
draw-089,89,2659,3,659,1659,2025,1,7099.92,0.988591061166666,11154.81,1.07576,0.63648955024783,0.918969901434025,10235.2,0.918969,2017,2026,20260910
draw-089,89,2659,3,659,1659,2026,1,7399.91,0.893943222999999,11154.81,1.36488,0.663382881465484,0.654961039065705,10272.4,0.654963,2017,2026,20260910
draw-090,90,2662,3,662,1662,2007,1,3406.84,0.998250308333333,7136.989,0.257901,0.477349761923411,3.87067249965426,6882.65,3.87068,2017,2026,20260910
draw-090,90,2662,3,662,1662,2008,1,2377.31,0.761791598333333,7136.989,0.194661,0.333097052552554,3.91342692338647,6695.15,3.91342,2017,2026,20260910
draw-090,90,2662,3,662,1662,2009,1,1845.49,0.8102633375,7136.989,0.198919,0.258581034663217,4.07333305264957,6406.44,4.07333,2017,2026,20260910
draw-090,90,2662,3,662,1662,2010,1,1675.34,0.547474802916667,7136.989,0.163718,0.234740448668199,3.34401106119466,6555.35,3.34402,2017,2026,20260910
draw-090,90,2662,3,662,1662,2011,1,1598.29,0.437295558333333,7136.989,0.174699,0.223944579429785,2.50313715781621,6779.7,2.50314,2017,2026,20260910
draw-090,90,2662,3,662,1662,2012,1,1620.26,0.3823932625,7136.989,0.186416,0.227022908400167,2.05128992414814,7184.11,2.05129,2017,2026,20260910
draw-090,90,2662,3,662,1662,2013,1,1719.31,0.328039876583333,7136.989,0.207717,0.240901310062269,1.57926350074059,7816.38,1.57926,2017,2026,20260910
draw-090,90,2662,3,662,1662,2014,1,2005.67,0.388933420416667,7136.989,0.257901,0.281024673009865,1.50807255658825,7917.81,1.50807,2017,2026,20260910
draw-090,90,2662,3,662,1662,2015,1,2348.93,0.408645095,7136.989,0.364602,0.329120585725997,1.12079773287036,6677.36,1.1208,2017,2026,20260910
draw-090,90,2662,3,662,1662,2016,1,2730.02,0.423162749333333,7136.989,0.364602,0.382517053059771,1.16061554608404,7037.61,1.16062,2017,2026,20260910
draw-090,90,2662,3,662,1662,2017,1,3292.22,0.441609424908333,7136.989,0.349159,0.461289767995999,1.26478030040278,7523.89,1.26478,2017,2026,20260910
draw-090,90,2662,3,662,1662,2018,1,4221.16,0.448433209916667,7136.989,0.28737,0.591448298435096,1.5604732919813,8185.55,1.56047,2017,2026,20260910
draw-090,90,2662,3,662,1662,2019,1,5039.21,0.441806751666667,7136.989,0.320208,0.706069464307707,1.37974926193807,7743.2,1.37975,2017,2026,20260910
draw-090,90,2662,3,662,1662,2020,1,5532.06,0.458234770083333,7136.989,0.493617,0.775125196353812,0.928320479406773,7102.86,0.92832,2017,2026,20260910
draw-090,90,2662,3,662,1662,2021,1,5981.46,0.521675114075,7136.989,0.599752,0.838092926863135,0.869818048251611,6892.16,0.869817,2017,2026,20260910
draw-090,90,2662,3,662,1662,2022,1,6284.47,0.647260059,7136.989,0.88539,0.880549206395022,0.731045142818419,6605.03,0.731045,2017,2026,20260910
draw-090,90,2662,3,662,1662,2023,1,6045.82,0.73191581775,7136.989,0.744648,0.847110735353522,0.982901743844071,7134.52,0.9829,2017,2026,20260910
draw-090,90,2662,3,662,1662,2024,1,5771.92,1.12247886125,7136.989,1.05273,0.808733206678615,1.06625522332412,6976.86,1.06625,2017,2026,20260910
draw-090,90,2662,3,662,1662,2025,1,6463.74,0.923047480833334,7136.989,0.811976,0.905667642194769,1.136791581073,6422.83,1.13679,2017,2026,20260910
draw-090,90,2662,3,662,1662,2026,1,7079.53,0.6954852605,7136.989,0.744648,0.991949125884879,0.933978551610963,6782.99,0.933978,2017,2026,20260910
draw-091,91,2793,3,793,1793,2007,1,3684.89,0.718297116666667,5798.703,0.221649,0.635467965853744,3.24069640136733,5622.04,3.24069,2017,2026,20260910
draw-091,91,2793,3,793,1793,2008,1,2516.18,0.611879899166667,5798.703,0.170959,0.433921171682702,3.57910317191061,5679.57,3.57911,2017,2026,20260910
draw-091,91,2793,3,793,1793,2009,1,1943.89,0.696899768333334,5798.703,0.174699,0.335228412284609,3.98914572111651,5314.29,3.98916,2017,2026,20260910
draw-091,91,2793,3,793,1793,2010,1,1812.59,0.426746820416667,5798.703,0.146928,0.312585417808086,2.90446218839613,5394.34,2.90445,2017,2026,20260910
draw-091,91,2793,3,793,1793,2011,1,1634.81,0.339623008333333,5798.703,0.153427,0.281926837777344,2.2135804541139,5610.18,2.21358,2017,2026,20260910
draw-091,91,2793,3,793,1793,2012,1,1578.01,0.3350242175,5798.703,0.17852,0.272131543898696,1.87667610071701,5990.44,1.87667,2017,2026,20260910
draw-091,91,2793,3,793,1793,2013,1,1677.17,0.28771892575,5798.703,0.194661,0.289231919620646,1.47805120568578,6166.19,1.47805,2017,2026,20260910
draw-091,91,2793,3,793,1793,2014,1,1990.54,0.285407020583333,5798.703,0.212261,0.34327331473952,1.3446041457608,6027.26,1.3446,2017,2026,20260910
draw-091,91,2793,3,793,1793,2015,1,2327.75,0.258757149416667,5798.703,0.257901,0.401425974049714,1.00331968242336,5426.59,1.00332,2017,2026,20260910
draw-091,91,2793,3,793,1793,2016,1,2751.83,0.280066989808333,5798.703,0.281219,0.474559569614102,0.995903512238979,5617.26,0.995906,2017,2026,20260910
draw-091,91,2793,3,793,1793,2017,1,3575.2,0.298241373591667,5798.703,0.281219,0.616551666812389,1.0605306668172,6025.44,1.06053,2017,2026,20260910
draw-091,91,2793,3,793,1793,2018,1,4595.74,0.32163206775,5798.703,0.257901,0.792546195244006,1.24711446543441,6390.02,1.24712,2017,2026,20260910
draw-091,91,2793,3,793,1793,2019,1,5379.81,0.3176729615,5798.703,0.300081,0.927760914811467,1.05862404317501,5965.37,1.05863,2017,2026,20260910
draw-091,91,2793,3,793,1793,2020,1,5901.24,0.329472291083333,5798.703,0.389057,1.0176827473316,0.846848382327868,6078.53,0.846849,2017,2026,20260910
draw-091,91,2793,3,793,1793,2021,1,6433.27,0.4534199363,5798.703,0.612872,1.10943257483613,0.739828114679737,5725.83,0.739828,2017,2026,20260910
draw-091,91,2793,3,793,1793,2022,1,6738.15,0.485026364016667,5798.703,0.713108,1.16200984944392,0.680158354718594,5628.71,0.680158,2017,2026,20260910
draw-091,91,2793,3,793,1793,2023,1,6591.05,0.506216892416667,5798.703,0.626279,1.1366421077265,0.808292937199981,5893.88,0.808293,2017,2026,20260910
draw-091,91,2793,3,793,1793,2024,1,6429.98,0.775447672416667,5798.703,0.760938,1.10886520658154,1.01906814013319,5742.29,1.01907,2017,2026,20260910
draw-091,91,2793,3,793,1793,2025,1,7200.83,0.769423017250001,5798.703,0.760938,1.24180010598922,1.01115073402827,5296.29,1.01115,2017,2026,20260910
draw-091,91,2793,3,793,1793,2026,1,7675,0.390905914141667,5798.703,0.526725,1.32357184011666,0.74214421973832,5240.67,0.742143,2017,2026,20260910
draw-092,92,2819,3,819,1819,2007,1,3904.63,0.627649374166667,4623.049,0.212261,0.844600608818985,2.95696983509296,4376.17,2.95697,2017,2026,20260910
draw-092,92,2819,3,819,1819,2008,1,2672.02,0.610674183333334,4623.049,0.182425,0.577977866987782,3.34753560824083,4329.73,3.34753,2017,2026,20260910
draw-092,92,2819,3,819,1819,2009,1,1996.06,0.6084295495,4623.049,0.170959,0.431762674373557,3.55892084944343,4125.9,3.55892,2017,2026,20260910
draw-092,92,2819,3,819,1819,2010,1,1783.93,0.450777274166667,4623.049,0.156783,0.385877372270984,2.87516678572719,4141.93,2.87516,2017,2026,20260910
draw-092,92,2819,3,819,1819,2011,1,1649.57,0.338775118333333,4623.049,0.153427,0.356814301557262,2.20805411259643,4294.17,2.20806,2017,2026,20260910
draw-092,92,2819,3,819,1819,2012,1,1555.64,0.284247339166667,4623.049,0.163718,0.33649654156813,1.73620090134662,4438.99,1.7362,2017,2026,20260910
draw-092,92,2819,3,819,1819,2013,1,1667.82,0.2355769315,4623.049,0.17852,0.36076191275498,1.31961086432893,4581.34,1.31961,2017,2026,20260910
draw-092,92,2819,3,819,1819,2014,1,1983.14,0.246322110916667,4623.049,0.186416,0.428967981953036,1.32135713091509,4521.32,1.32136,2017,2026,20260910
draw-092,92,2819,3,819,1819,2015,1,2390.29,0.24819138475,4623.049,0.25238,0.517037565468157,0.98340353732467,4209.97,0.983404,2017,2026,20260910
draw-092,92,2819,3,819,1819,2016,1,2832.04,0.268032223708333,4623.049,0.281219,0.612591387199227,0.953108515812706,4458.73,0.95311,2017,2026,20260910
draw-092,92,2819,3,819,1819,2017,1,3537.75,0.281805172266667,4623.049,0.269307,0.76524172683439,1.04640864242915,4732.36,1.04641,2017,2026,20260910
draw-092,92,2819,3,819,1819,2018,1,4654.24,0.306277697083333,4623.049,0.257901,1.00674684607496,1.18757855566025,5334.73,1.18758,2017,2026,20260910
draw-092,92,2819,3,819,1819,2019,1,5623.92,0.31696831675,4623.049,0.275198,1.21649586668885,1.15178277730943,4912.93,1.15178,2017,2026,20260910
draw-092,92,2819,3,819,1819,2020,1,6179.84,0.297209635583333,4623.049,0.380728,1.33674551145791,0.780635087472771,4678.67,0.780635,2017,2026,20260910
draw-092,92,2819,3,819,1819,2021,1,6649.23,0.419722405166666,4623.049,0.538248,1.43827807146323,0.779793710643916,4588.58,0.779794,2017,2026,20260910
draw-092,92,2819,3,819,1819,2022,1,6913.97,0.44810789725,4623.049,0.713108,1.49554330918837,0.628387140867863,4300.48,0.628386,2017,2026,20260910
draw-092,92,2819,3,819,1819,2023,1,6566.04,0.507374125916666,4623.049,0.612872,1.42028345362552,0.827863119732451,4630.18,0.827863,2017,2026,20260910
draw-092,92,2819,3,819,1819,2024,1,5931.72,0.708151899416667,4623.049,0.760938,1.28307530376598,0.930630221406563,4534.02,0.930629,2017,2026,20260910
draw-092,92,2819,3,819,1819,2025,1,5564.08,0.64168330025,4623.049,0.550022,1.20355202810959,1.16665024353571,4157.19,1.16665,2017,2026,20260910
draw-092,92,2819,3,819,1819,2026,1,5441.86,0.494799531,4623.049,0.46259,1.17711492999533,1.06962867982447,4361.35,1.06963,2017,2026,20260910
draw-093,93,2856,3,856,1856,2007,1,3819.65,0.806005831666667,10011.004,0.246977,0.38154514771945,3.26348539202706,9844.25,3.26349,2017,2026,20260910
draw-093,93,2856,3,856,1856,2008,1,2531.15,0.712451299166667,10011.004,0.182425,0.252836778409039,3.90544771367229,9987.53,3.90544,2017,2026,20260910
draw-093,93,2856,3,856,1856,2009,1,1897.66,0.742552765,10011.004,0.186416,0.189557411024908,3.9833102577032,9219.52,3.98331,2017,2026,20260910
draw-093,93,2856,3,856,1856,2010,1,1799.38,0.457112277666667,10011.004,0.156783,0.179740213868659,2.91557297453593,9490.22,2.91557,2017,2026,20260910
draw-093,93,2856,3,856,1856,2011,1,1668.54,0.352827835833333,10011.004,0.160213,0.166670595676518,2.20224223897769,9428.64,2.20224,2017,2026,20260910
draw-093,93,2856,3,856,1856,2012,1,1568.39,0.408775513333334,10011.004,0.182425,0.156666604068883,2.24078669772966,10027,2.24078,2017,2026,20260910
draw-093,93,2856,3,856,1856,2013,1,1664.82,0.2532518525,10011.004,0.186416,0.166299004575365,1.35853066528624,10246.8,1.35853,2017,2026,20260910
draw-093,93,2856,3,856,1856,2014,1,1864.73,0.2784440475,10011.004,0.212261,0.186268030659063,1.31180031894696,10723.2,1.3118,2017,2026,20260910
draw-093,93,2856,3,856,1856,2015,1,2075.34,0.339211498,10011.004,0.306645,0.207305880608978,1.10620260561888,9437.87,1.1062,2017,2026,20260910
draw-093,93,2856,3,856,1856,2016,1,2464.17,0.36536195275,10011.004,0.300081,0.246146140786678,1.21754443883485,9934.25,1.21755,2017,2026,20260910
draw-093,93,2856,3,856,1856,2017,1,3074.74,0.366179608433334,10011.004,0.281219,0.307136027515322,1.30211546315624,10402.2,1.30212,2017,2026,20260910
draw-093,93,2856,3,856,1856,2018,1,3889.74,0.359458485833333,10011.004,0.25238,0.38854644349358,1.42427484679188,11104.4,1.42428,2017,2026,20260910
draw-093,93,2856,3,856,1856,2019,1,4785.94,0.350475949833333,10011.004,0.269307,0.478067934045377,1.30139933174159,10529,1.3014,2017,2026,20260910
draw-093,93,2856,3,856,1856,2020,1,5328.43,0.395959453333333,10011.004,0.364602,0.53225730406261,1.08600461142104,10170.4,1.086,2017,2026,20260910
draw-093,93,2856,3,856,1856,2021,1,5751.91,0.556455467416667,10011.004,0.562054,0.574558755545398,0.990039155342132,9793.85,0.99004,2017,2026,20260910
draw-093,93,2856,3,856,1856,2022,1,6098.96,0.494875157,10011.004,0.682904,0.609225608140802,0.724662847193749,9415.9,0.724663,2017,2026,20260910
draw-093,93,2856,3,856,1856,2023,1,5876.76,0.507268512416667,10011.004,0.526725,0.587030032152619,0.96306139335833,10125.4,0.963063,2017,2026,20260910
draw-093,93,2856,3,856,1856,2024,1,5453.47,0.958571708416666,10011.004,0.866437,0.544747559785213,1.10633745836877,9947.95,1.10634,2017,2026,20260910
draw-093,93,2856,3,856,1856,2025,1,5554.77,0.968491573,10011.004,0.760938,0.554866424985946,1.27276016311447,9248.01,1.27276,2017,2026,20260910
draw-093,93,2856,3,856,1856,2026,1,5986.55,0.915975995583333,10011.004,0.811976,0.59799696414066,1.1280825979873,9372.93,1.12808,2017,2026,20260910
draw-094,94,2885,3,885,1885,2007,1,3537.42,0.793539836666667,6913.849,0.226498,0.51164264652005,3.50351807374311,6833.04,3.50352,2017,2026,20260910
draw-094,94,2885,3,885,1885,2008,1,2386.04,0.753928699166667,6913.849,0.182425,0.345110227313324,4.13281457676671,6758.12,4.13281,2017,2026,20260910
draw-094,94,2885,3,885,1885,2009,1,1742.82,0.796562628333334,6913.849,0.17852,0.252076665255489,4.46203578497274,6298.17,4.46203,2017,2026,20260910
draw-094,94,2885,3,885,1885,2010,1,1650.72,0.472245183416666,6913.849,0.153427,0.238755575946192,3.07797964775865,6563.48,3.07798,2017,2026,20260910
draw-094,94,2885,3,885,1885,2011,1,1554.42,0.3704697775,6913.849,0.156783,0.224827010251453,2.36294609428318,6586.2,2.36294,2017,2026,20260910
draw-094,94,2885,3,885,1885,2012,1,1524.16,0.360755603333333,6913.849,0.174699,0.220450287531591,2.06501241182453,6747.25,2.06502,2017,2026,20260910
draw-094,94,2885,3,885,1885,2013,1,1603.4,0.325311283333333,6913.849,0.198919,0.231911342003564,1.63539573059051,7399.23,1.63539,2017,2026,20260910
draw-094,94,2885,3,885,1885,2014,1,1832.67,0.336311129166667,6913.849,0.231453,0.265072320786873,1.45304286039354,7272.54,1.45304,2017,2026,20260910
draw-094,94,2885,3,885,1885,2015,1,2140.31,0.355766121666667,6913.849,0.306645,0.309568519648028,1.16018888834537,6529.96,1.16019,2017,2026,20260910
draw-094,94,2885,3,885,1885,2016,1,2531.78,0.387962159083333,6913.849,0.327212,0.366189657888103,1.18565993632059,6936.45,1.18566,2017,2026,20260910
draw-094,94,2885,3,885,1885,2017,1,3118.28,0.355745515558333,6913.849,0.300081,0.451019395997801,1.18549830065327,7111.22,1.1855,2017,2026,20260910
draw-094,94,2885,3,885,1885,2018,1,3974.45,0.449150460333333,6913.849,0.281219,0.574853457169805,1.59715545654217,8041.04,1.59716,2017,2026,20260910
draw-094,94,2885,3,885,1885,2019,1,4663.43,0.392728471833333,6913.849,0.300081,0.674505619084247,1.30874154589372,7275.82,1.30874,2017,2026,20260910
draw-094,94,2885,3,885,1885,2020,1,5102.03,0.419761611916667,6913.849,0.406265,0.737943510192369,1.03322120270431,6961.73,1.03322,2017,2026,20260910
draw-094,94,2885,3,885,1885,2021,1,5632.82,0.4528264045,6913.849,0.504415,0.814715507960906,0.897725889396627,6696.63,0.897725,2017,2026,20260910
draw-094,94,2885,3,885,1885,2022,1,5965.2,0.53338562275,6913.849,0.760938,0.862790032006774,0.700958058015239,6415.87,0.700957,2017,2026,20260910
draw-094,94,2885,3,885,1885,2023,1,5781.22,0.536213072333333,6913.849,0.599752,0.836179673579796,0.894057997861338,6930.16,0.894057,2017,2026,20260910
draw-094,94,2885,3,885,1885,2024,1,5668.89,0.879935794333333,6913.849,0.847889,0.819932573013961,1.03779597840441,6795.27,1.0378,2017,2026,20260910
draw-094,94,2885,3,885,1885,2025,1,5661.73,0.774443247083334,6913.849,0.668285,0.81889697041402,1.1588517579825,6315.31,1.15885,2017,2026,20260910
draw-094,94,2885,3,885,1885,2026,1,5482.47,0.5296295365,6913.849,0.562054,0.79296929973449,0.942310768182416,6595.44,0.942311,2017,2026,20260910
draw-095,95,2908,3,908,1908,2007,1,3476.15,1.06349947,6088.878,0.281219,0.570901568400615,3.78174828158837,5907.24,3.78175,2017,2026,20260910
draw-095,95,2908,3,908,1908,2008,1,2333.63,0.8497591425,6088.878,0.198919,0.383261086853768,4.27188525228862,5864.01,4.27188,2017,2026,20260910
draw-095,95,2908,3,908,1908,2009,1,1689.48,0.9096376275,6088.878,0.198919,0.277469839270881,4.57290468733505,5381.69,4.5729,2017,2026,20260910
draw-095,95,2908,3,908,1908,2010,1,1561.3,0.550799323416667,6088.878,0.163718,0.256418341770027,3.3643174447322,5491.8,3.36432,2017,2026,20260910
draw-095,95,2908,3,908,1908,2011,1,1472.32,0.427504550833333,6088.878,0.163718,0.241804811986708,2.61122509945964,5638.46,2.61123,2017,2026,20260910
draw-095,95,2908,3,908,1908,2012,1,1502.52,0.4313898975,6088.878,0.182425,0.246764674871134,2.3647520761957,5944.35,2.36475,2017,2026,20260910
draw-095,95,2908,3,908,1908,2013,1,1590.61,0.452444319416667,6088.878,0.216905,0.261232036509846,2.08591005009874,6468.35,2.08591,2017,2026,20260910
draw-095,95,2908,3,908,1908,2014,1,1813.9,0.404449446583333,6088.878,0.246977,0.297903817419236,1.63759964119466,6582.05,1.6376,2017,2026,20260910
draw-095,95,2908,3,908,1908,2015,1,2097.87,0.487566947,6088.878,0.364602,0.344541309581174,1.3372580155896,5561.23,1.33726,2017,2026,20260910
draw-095,95,2908,3,908,1908,2016,1,2482.16,0.457338981466667,6088.878,0.364602,0.407654743616147,1.25435126923787,5892.21,1.25435,2017,2026,20260910
draw-095,95,2908,3,908,1908,2017,1,3219.07,0.537113928366667,6088.878,0.364602,0.52868032501226,1.47315134959947,6526.48,1.47315,2017,2026,20260910
draw-095,95,2908,3,908,1908,2018,1,4279.04,0.46849276475,6088.878,0.300081,0.702763300562107,1.56122101949141,7084.56,1.56123,2017,2026,20260910
draw-095,95,2908,3,908,1908,2019,1,5117.71,0.485609897833333,6088.878,0.33437,0.840501320604552,1.45231300006978,6698.71,1.45231,2017,2026,20260910
draw-095,95,2908,3,908,1908,2020,1,5758.5,0.5498386165,6088.878,0.538248,0.945740742383079,1.02153397040026,6052.21,1.02154,2017,2026,20260910
draw-095,95,2908,3,908,1908,2021,1,6417.47,0.657226615416667,6088.878,0.697843,1.05396593592448,0.941797245822723,5870.47,0.941798,2017,2026,20260910
draw-095,95,2908,3,908,1908,2022,1,6857.66,0.641970578333334,6088.878,0.904759,1.12626004331176,0.709548706709006,5572.14,0.709549,2017,2026,20260910
draw-095,95,2908,3,908,1908,2023,1,6611.76,0.79262400075,6088.878,0.866437,1.08587493459386,0.91480857898497,6002.53,0.914809,2017,2026,20260910
draw-095,95,2908,3,908,1908,2024,1,6170.19,1.16449324216667,6088.878,1.27909,1.01335418446551,0.910407588337542,5850,0.91041,2017,2026,20260910
draw-095,95,2908,3,908,1908,2025,1,6101.16,1.1133235485,6088.878,1.0302,1.00201712039558,1.08068680693069,5473.36,1.08069,2017,2026,20260910
draw-095,95,2908,3,908,1908,2026,1,5934.56,0.56094473025,6088.878,0.728708,0.974655757596063,0.76977984357246,5758.32,0.769781,2017,2026,20260910
draw-096,96,2913,3,913,1913,2007,1,3659.14,1.13488401,6954.469,0.313353,0.526156633957244,3.62174292251869,6988.63,3.62175,2017,2026,20260910
draw-096,96,2913,3,913,1913,2008,1,2308.94,0.873186380833333,6954.469,0.207717,0.332008094363495,4.20373094562955,6874.77,4.20372,2017,2026,20260910
draw-096,96,2913,3,913,1913,2009,1,1739.59,0.8251958975,6954.469,0.190494,0.25013987408672,4.33187343170914,6286.31,4.33188,2017,2026,20260910
draw-096,96,2913,3,913,1913,2010,1,1598.11,0.520701926916667,6954.469,0.156783,0.229796121026638,3.3211631804256,6147.16,3.32116,2017,2026,20260910
draw-096,96,2913,3,913,1913,2011,1,1471.2,0.457041341666667,6954.469,0.167299,0.211547423678213,2.7318832848174,6571.85,2.73188,2017,2026,20260910
draw-096,96,2913,3,913,1913,2012,1,1497.76,0.424444091666666,6954.469,0.174699,0.215366550630968,2.42957367624695,6701.43,2.42958,2017,2026,20260910
draw-096,96,2913,3,913,1913,2013,1,1649.37,0.339858639333333,6954.469,0.207717,0.237166921011511,1.63616189013578,7226.49,1.63616,2017,2026,20260910
draw-096,96,2913,3,913,1913,2014,1,1881.01,0.451305670916666,6954.469,0.257901,0.270474999600976,1.74991826676386,7524.73,1.74992,2017,2026,20260910
draw-096,96,2913,3,913,1913,2015,1,2182.2,0.4265432285,6954.469,0.33437,0.313783841728247,1.27566237551216,6455.73,1.27566,2017,2026,20260910
draw-096,96,2913,3,913,1913,2016,1,2569.4,0.41447488125,6954.469,0.364602,0.369460270798533,1.13678718506755,6815.22,1.13679,2017,2026,20260910
draw-096,96,2913,3,913,1913,2017,1,3210.2,0.399708551566667,6954.469,0.33437,0.461602460230968,1.19540793601898,7287.38,1.19541,2017,2026,20260910
draw-096,96,2913,3,913,1913,2018,1,4291.29,0.444919612666667,6954.469,0.28737,0.617055018866286,1.54824655554396,8088.46,1.54824,2017,2026,20260910
draw-096,96,2913,3,913,1913,2019,1,5146.9,0.450709297583333,6954.469,0.33437,0.740085260283711,1.34793581237352,7299.37,1.34794,2017,2026,20260910
draw-096,96,2913,3,913,1913,2020,1,5672.6,0.519218622833333,6954.469,0.504415,0.815676940971338,1.02934810192665,7048.05,1.02935,2017,2026,20260910
draw-096,96,2913,3,913,1913,2021,1,6233.42,0.591479482583333,6954.469,0.639979,0.896318611816373,0.924217017407342,6700.13,0.924217,2017,2026,20260910
draw-096,96,2913,3,913,1913,2022,1,6660.77,0.625611238583334,6954.469,0.866437,0.957768306969231,0.722050464815484,6515.72,0.722052,2017,2026,20260910
draw-096,96,2913,3,913,1913,2023,1,6575.09,0.681330174333334,6954.469,0.777584,0.945448171528265,0.876214240948031,6963.45,0.876215,2017,2026,20260910
draw-096,96,2913,3,913,1913,2024,1,6228.9,1.01833964258333,6954.469,1.12334,0.895668670030739,0.906528426463344,6806.47,0.906527,2017,2026,20260910
draw-096,96,2913,3,913,1913,2025,1,6354.02,0.960020982666667,6954.469,1.0302,0.913659978928657,0.931878259237689,6326.15,0.931881,2017,2026,20260910
draw-096,96,2913,3,913,1913,2026,1,6737.99,0.868444788083333,6954.469,1.05273,0.968871958448589,0.824945416282744,6509.51,0.824942,2017,2026,20260910
draw-097,97,2924,3,924,1924,2007,1,3628.05,0.898565506666667,6463.444,0.263542,0.561318393104358,3.40957231358443,6222.92,3.40957,2017,2026,20260910
draw-097,97,2924,3,924,1924,2008,1,2407.71,0.913718743333333,6463.444,0.226498,0.372511930172212,4.03411395832781,6271.77,4.03411,2017,2026,20260910
draw-097,97,2924,3,924,1924,2009,1,1824.05,0.881559673333334,6463.444,0.203271,0.282210227241081,4.33686887619647,5750.21,4.33688,2017,2026,20260910
draw-097,97,2924,3,924,1924,2010,1,1682.39,0.603728796333333,6463.444,0.174699,0.260293119272017,3.45582285149505,5818.12,3.45583,2017,2026,20260910
draw-097,97,2924,3,924,1924,2011,1,1519.3,0.488794738333334,6463.444,0.182425,0.23506044146124,2.67942846832032,5893.27,2.67942,2017,2026,20260910
draw-097,97,2924,3,924,1924,2012,1,1556.58,0.393561183333334,6463.444,0.190494,0.240828264312339,2.06600304121565,6325.11,2.066,2017,2026,20260910
draw-097,97,2924,3,924,1924,2013,1,1707.03,0.3529359025,6463.444,0.212261,0.264105328366735,1.66274493430258,6768.09,1.66274,2017,2026,20260910
draw-097,97,2924,3,924,1924,2014,1,1943.11,0.397328552416667,6463.444,0.263542,0.300630747322944,1.50764793625558,6727.32,1.50765,2017,2026,20260910
draw-097,97,2924,3,924,1924,2015,1,2269.42,0.448207376916667,6463.444,0.397568,0.351116216060664,1.12737286933724,5953.36,1.12737,2017,2026,20260910
draw-097,97,2924,3,924,1924,2016,1,2695.86,0.42697924125,6463.444,0.372578,0.417093425734021,1.14601302613144,6321.84,1.14601,2017,2026,20260910
draw-097,97,2924,3,924,1924,2017,1,3373.54,0.478451124308333,6463.444,0.364602,0.521941553141019,1.31225589631525,7068.16,1.31225,2017,2026,20260910
draw-097,97,2924,3,924,1924,2018,1,4230.25,0.552164433666667,6463.444,0.33437,0.654488535833218,1.65135757892953,7908.58,1.65136,2017,2026,20260910
draw-097,97,2924,3,924,1924,2019,1,4807.54,0.504467646416667,6463.444,0.364602,0.743804696072249,1.38361184638775,6929.91,1.38361,2017,2026,20260910
draw-097,97,2924,3,924,1924,2020,1,5106.8,0.574398658333333,6463.444,0.612872,0.790105089484801,0.937224507455608,6476.34,0.937224,2017,2026,20260910
draw-097,97,2924,3,924,1924,2021,1,5314.98,0.590589977333334,6463.444,0.653979,0.822313924279378,0.903071776514741,6216.86,0.903073,2017,2026,20260910
draw-097,97,2924,3,924,1924,2022,1,5327.57,0.617590820083333,6463.444,0.794594,0.82426180222185,0.777240729332632,5984.14,0.777242,2017,2026,20260910
draw-097,97,2924,3,924,1924,2023,1,5054.11,0.672500086416667,6463.444,0.682904,0.781953088786721,0.984765188689284,6330.89,0.984765,2017,2026,20260910
draw-097,97,2924,3,924,1924,2024,1,4716.35,1.06621913658333,6463.444,0.944776,0.729696118663672,1.12854172479332,6066.93,1.12854,2017,2026,20260910
draw-097,97,2924,3,924,1924,2025,1,4492.38,1.109413239,6463.444,0.668285,0.695044313836401,1.66008999004916,5694.17,1.66009,2017,2026,20260910
draw-097,97,2924,3,924,1924,2026,1,3996.53,1.64583646375,6463.444,0.965443,0.618328247293548,1.70474742035521,5958.46,1.70475,2017,2026,20260910
draw-098,98,2947,3,947,1947,2007,1,3454,0.818422138333334,6000.368,0.226498,0.575631361276508,3.6133746802768,5885.69,3.61337,2017,2026,20260910
draw-098,98,2947,3,947,1947,2008,1,2374.3,0.6842472625,6000.368,0.186416,0.395692397532951,3.67053934479873,5689.54,3.67054,2017,2026,20260910
draw-098,98,2947,3,947,1947,2009,1,1869.52,0.746134088333334,6000.368,0.17852,0.311567557189826,4.17955460639331,5456.57,4.17955,2017,2026,20260910
draw-098,98,2947,3,947,1947,2010,1,1777.34,0.45873121975,6000.368,0.153427,0.296205166083147,2.98989890794971,5506.5,2.9899,2017,2026,20260910
draw-098,98,2947,3,947,1947,2011,1,1643.73,0.413603415,6000.368,0.17852,0.273938198457161,2.31684637575622,5782.47,2.31684,2017,2026,20260910
draw-098,98,2947,3,947,1947,2012,1,1585.5,0.345164970833333,6000.368,0.182425,0.264233793660655,1.89209248092824,6079.46,1.89209,2017,2026,20260910
draw-098,98,2947,3,947,1947,2013,1,1604.44,0.344515623916667,6000.368,0.207717,0.267390266730307,1.65858174302858,6409.73,1.65858,2017,2026,20260910
draw-098,98,2947,3,947,1947,2014,1,1844.93,0.316949183416667,6000.368,0.231453,0.307469475205521,1.36938896197788,6379.35,1.36939,2017,2026,20260910
draw-098,98,2947,3,947,1947,2015,1,2158.34,0.33664286125,6000.368,0.313353,0.359701271655339,1.07432467935523,5583.51,1.07432,2017,2026,20260910
draw-098,98,2947,3,947,1947,2016,1,2591.85,0.444890283716667,6000.368,0.356797,0.431948507158228,1.24690029265007,6035.77,1.2469,2017,2026,20260910
draw-098,98,2947,3,947,1947,2017,1,3480.67,0.374522846258333,6000.368,0.320208,0.580076088666562,1.16962363919182,6345.9,1.16963,2017,2026,20260910
draw-098,98,2947,3,947,1947,2018,1,4551.21,0.360555639833333,6000.368,0.269307,0.758488479373265,1.33882758277109,6784.44,1.33883,2017,2026,20260910
draw-098,98,2947,3,947,1947,2019,1,5192.49,0.42324502525,6000.368,0.349159,0.865361924468633,1.21218420619259,6261.09,1.21218,2017,2026,20260910
draw-098,98,2947,3,947,1947,2020,1,5601.97,0.410202285833334,6000.368,0.424233,0.933604405596457,0.966926867625417,6122.71,0.966926,2017,2026,20260910
draw-098,98,2947,3,947,1947,2021,1,6187,0.4451188158,6000.368,0.550022,1.03110342565656,0.809274566835508,5886.9,0.809274,2017,2026,20260910
draw-098,98,2947,3,947,1947,2022,1,6559.98,0.538941082941667,6000.368,0.760938,1.09326294653928,0.708258863326141,5686.56,0.708258,2017,2026,20260910
draw-098,98,2947,3,947,1947,2023,1,6494.75,0.605483388916667,6000.368,0.728708,1.08239194662727,0.830899878849507,6017.74,0.8309,2017,2026,20260910
draw-098,98,2947,3,947,1947,2024,1,6141.22,0.91604638175,6000.368,0.965443,1.02347389360119,0.948835282611195,5826.43,0.948836,2017,2026,20260910
draw-098,98,2947,3,947,1947,2025,1,6294.61,0.915890974583333,6000.368,0.866437,1.04903732571069,1.05707740387741,5464.19,1.05708,2017,2026,20260910
draw-098,98,2947,3,947,1947,2026,1,6478.88,0.604363382425,6000.368,0.599752,1.07974710884399,1.00768881541871,5607.72,1.00769,2017,2026,20260910
draw-099,99,2959,3,959,1959,2007,1,3681.74,0.836150394166667,5869.065,0.25238,0.627312868404081,3.31306123372164,5702.94,3.31307,2017,2026,20260910
draw-099,99,2959,3,959,1959,2008,1,2494.21,0.692152083333333,5869.065,0.186416,0.424975698854928,3.71294354204217,5596.79,3.71294,2017,2026,20260910
draw-099,99,2959,3,959,1959,2009,1,1884.75,0.763033206666667,5869.065,0.186416,0.321132923216901,4.09317444139273,5273.68,4.09317,2017,2026,20260910
draw-099,99,2959,3,959,1959,2010,1,1727.76,0.489650459166667,5869.065,0.167299,0.294384199186753,2.92679848156096,5397.46,2.9268,2017,2026,20260910
draw-099,99,2959,3,959,1959,2011,1,1603.23,0.399561383333334,5869.065,0.170959,0.273166168716823,2.33717665249173,5565.05,2.33718,2017,2026,20260910
draw-099,99,2959,3,959,1959,2012,1,1605.09,0.381746525833333,5869.065,0.182425,0.273483084613989,2.09262176693618,5804.52,2.09262,2017,2026,20260910
draw-099,99,2959,3,959,1959,2013,1,1731.91,0.357734264166667,5869.065,0.216905,0.295091296484193,1.64926702550272,6350.43,1.64927,2017,2026,20260910
draw-099,99,2959,3,959,1959,2014,1,2018.96,0.3389749725,5869.065,0.236516,0.344000279431221,1.43320102022696,6470.07,1.4332,2017,2026,20260910
draw-099,99,2959,3,959,1959,2015,1,2314.36,0.370491296166667,5869.065,0.320208,0.394331976217677,1.15703322892203,5507.83,1.15703,2017,2026,20260910
draw-099,99,2959,3,959,1959,2016,1,2714.92,0.372926896333333,5869.065,0.349159,0.462581348136373,1.06807184215023,5715.32,1.06807,2017,2026,20260910
draw-099,99,2959,3,959,1959,2017,1,3378.63,0.349126260083333,5869.065,0.293657,0.575667504108406,1.18889132587792,6174.94,1.18889,2017,2026,20260910
draw-099,99,2959,3,959,1959,2018,1,4337.43,0.44234370775,5869.065,0.300081,0.7390325375507,1.47408102395687,7015.75,1.47408,2017,2026,20260910
draw-099,99,2959,3,959,1959,2019,1,5214.21,0.445120023666666,5869.065,0.341685,0.888422602237324,1.30272041109989,6411.49,1.30272,2017,2026,20260910
draw-099,99,2959,3,959,1959,2020,1,5803.83,0.435238435916666,5869.065,0.493617,0.988884941638915,0.88173307628519,5905.82,0.881732,2017,2026,20260910
draw-099,99,2959,3,959,1959,2021,1,6247.05,0.486457212333333,5869.065,0.626279,1.06440293300551,0.776742014874095,5687.76,0.776743,2017,2026,20260910
draw-099,99,2959,3,959,1959,2022,1,6456.9,0.551170816583333,5869.065,0.794594,1.10015820237125,0.693650866459265,5465.3,0.693651,2017,2026,20260910
draw-099,99,2959,3,959,1959,2023,1,6197.4,0.68001922325,5869.065,0.744648,1.05594332316987,0.913208956782264,5797.88,0.913209,2017,2026,20260910
draw-099,99,2959,3,959,1959,2024,1,5660.31,0.982954494416667,5869.065,0.924551,0.964431302089856,1.0631695757364,5659.64,1.06317,2017,2026,20260910
draw-099,99,2959,3,959,1959,2025,1,5830.07,0.900826779749999,5869.065,0.794594,0.993355841177428,1.1336944146948,5256.51,1.13369,2017,2026,20260910
draw-099,99,2959,3,959,1959,2026,1,6059.06,0.487170942908333,5869.065,0.538248,1.03237227735593,0.905104975602944,5315.56,0.905104,2017,2026,20260910
draw-100,100,2960,3,960,1960,2007,1,3641.2,0.743957855833333,8218.779,0.236516,0.443034178191189,3.1454863765383,7863.91,3.14549,2017,2026,20260910
draw-100,100,2960,3,960,1960,2008,1,2372.02,0.717893089166667,8218.779,0.198919,0.28860978011454,3.60897193916452,7796.68,3.60897,2017,2026,20260910
draw-100,100,2960,3,960,1960,2009,1,1840.29,0.690075723333333,8218.779,0.182425,0.223912822087076,3.7827914119958,7302.02,3.78278,2017,2026,20260910
draw-100,100,2960,3,960,1960,2010,1,1563.71,0.5361540305,8218.779,0.160213,0.190260621437807,3.34650765231286,7610.68,3.34651,2017,2026,20260910
draw-100,100,2960,3,960,1960,2011,1,1412.2,0.391754279166667,8218.779,0.163718,0.171826009678567,2.3928601568958,7842.17,2.39287,2017,2026,20260910
draw-100,100,2960,3,960,1960,2012,1,1441.29,0.378361325,8218.779,0.174699,0.175365464870147,2.16578987286705,8019.4,2.1658,2017,2026,20260910
draw-100,100,2960,3,960,1960,2013,1,1540.64,0.361226674166667,8218.779,0.207717,0.187453635144588,1.73903279060773,8894.78,1.73903,2017,2026,20260910
draw-100,100,2960,3,960,1960,2014,1,1760.92,0.361681510833334,8218.779,0.231453,0.214255669850716,1.56265639604297,8822.63,1.56266,2017,2026,20260910
draw-100,100,2960,3,960,1960,2015,1,2094.21,0.368624499416667,8218.779,0.306645,0.254807922198662,1.20212134362754,7530.76,1.20212,2017,2026,20260910
draw-100,100,2960,3,960,1960,2016,1,2571.74,0.424661775,8218.779,0.341685,0.31291022668939,1.24284582290706,8045.85,1.24285,2017,2026,20260910
draw-100,100,2960,3,960,1960,2017,1,3265.38,0.459282437683333,8218.779,0.320208,0.397307191250671,1.43432530631131,8622.56,1.43433,2017,2026,20260910
draw-100,100,2960,3,960,1960,2018,1,4264.49,0.433832429,8218.779,0.281219,0.518871477137906,1.54268534131762,9390.9,1.54269,2017,2026,20260910
draw-100,100,2960,3,960,1960,2019,1,5142.76,0.384575308166667,8218.779,0.300081,0.625732849125156,1.28157166953811,8590.99,1.28157,2017,2026,20260910
draw-100,100,2960,3,960,1960,2020,1,5694.26,0.430589689166667,8218.779,0.442997,0.69283527395006,0.971992336667442,8389.13,0.971993,2017,2026,20260910
draw-100,100,2960,3,960,1960,2021,1,6340.81,0.524025507725,8218.779,0.626279,0.771502676979148,0.836728531093969,7941.54,0.836729,2017,2026,20260910
draw-100,100,2960,3,960,1960,2022,1,6790.35,0.646709601891667,8218.779,0.924551,0.826199366110222,0.699485049382529,7734.34,0.699485,2017,2026,20260910
draw-100,100,2960,3,960,1960,2023,1,6564,0.688221080083333,8218.779,0.794594,0.798658778877009,0.866129218296807,8075.72,0.866128,2017,2026,20260910
draw-100,100,2960,3,960,1960,2024,1,6291.01,0.950219484333333,8218.779,1.07576,0.765443382770117,0.883300628702808,8126.78,0.883299,2017,2026,20260910
draw-100,100,2960,3,960,1960,2025,1,6293.92,0.9968671205,8218.779,0.986562,0.76579744996185,1.01044548695368,7514.16,1.01045,2017,2026,20260910
draw-100,100,2960,3,960,1960,2026,1,6137.05,0.7229064613,8218.779,0.866437,0.746710673203404,0.834343941105932,7801.67,0.834345,2017,2026,20260910
