"variable","is_parameter","mean","median","sd","q2.5","q25","q75","q97.5","mcse_mean","rhat","ess_bulk","ess_tail","nonfinite_draws","stuck_chains","rhat_above_1_01","bulk_ess_below_400","tail_ess_below_400","diagnostics_nonfinite","passes_parameter_checks","diagnostic_status"
"mean_log_rec[1]",TRUE,9.27857449803459,9.27683966539522,0.0949608922969464,9.09528551165815,9.21400015025608,9.34441257402523,9.45890487871449,0.00665147023487076,1.01949420916154,203.133682020928,364.443962843489,0,0,TRUE,TRUE,TRUE,FALSE,FALSE,"Rhat > 1.01; bulk ESS < 400; tail ESS < 400"
"log_Rzero[1]",TRUE,9.39699664417485,9.38561245467732,0.207791916426777,9.01365736893964,9.25563911883834,9.53406481990504,9.8233539837652,0.00410094984058995,1.00201154937757,2580.0845538147,1972.10118546295,0,0,FALSE,FALSE,FALSE,FALSE,TRUE,"passes screening"
"rec_dev[1]",TRUE,-0.117422856558491,-0.117625852727186,0.579056112759768,-1.28338285871692,-0.498394805086357,0.275221510892017,1.01623683889741,0.00893803798095835,1.00430812153507,4212.97254254092,1960.21098131787,0,0,FALSE,FALSE,FALSE,FALSE,TRUE,"passes screening"
"rec_dev[2]",TRUE,-0.116601731161717,-0.110069282730249,0.552084396664164,-1.21833573929066,-0.492136578348468,0.268222251106762,0.921529437655134,0.00924486801536366,1.00168768472194,3564.17636413213,2319.89651670396,0,0,FALSE,FALSE,FALSE,FALSE,TRUE,"passes screening"
"rec_dev[3]",TRUE,-0.151904795611924,-0.152666634143853,0.56424912088207,-1.22151319233134,-0.530552406179568,0.230590594360438,0.969230303556803,0.0102480477227368,0.999708429405398,3039.79256144892,1941.66401254463,0,0,FALSE,FALSE,FALSE,FALSE,TRUE,"passes screening"
"rec_dev[4]",TRUE,-0.177469972405655,-0.178512843415996,0.55126681877283,-1.27207384598151,-0.55403911217381,0.195720351123619,0.861145414265316,0.010518870693878,1.00063583934072,2730.00838296966,2117.81996792631,0,0,FALSE,FALSE,FALSE,FALSE,TRUE,"passes screening"
"rec_dev[5]",TRUE,-0.248355003068785,-0.236814496815139,0.538223703010694,-1.3315991617338,-0.605610439206083,0.112314082883231,0.778577265357551,0.0108200544013201,1.0010000894217,2430.5955421669,2071.04734873308,0,0,FALSE,FALSE,FALSE,FALSE,TRUE,"passes screening"
"rec_dev[6]",TRUE,-0.30557468249372,-0.29691269058331,0.54363785382873,-1.35849558433948,-0.679259564710349,0.076577093692078,0.730293601415378,0.0101567997847972,1.00324556346071,2809.56561180903,1980.67111116173,0,0,FALSE,FALSE,FALSE,FALSE,TRUE,"passes screening"
"rec_dev[7]",TRUE,-0.351633492222603,-0.343091108568386,0.52513935774162,-1.42398703362105,-0.699523651169833,0.0123230129883836,0.635579592602885,0.0106399185422655,1.00258326797066,2403.15488712044,2135.41545577897,0,0,FALSE,FALSE,FALSE,FALSE,TRUE,"passes screening"
"rec_dev[8]",TRUE,-0.398037150350185,-0.38585958317341,0.513360338159718,-1.42086312617902,-0.749543557165948,-0.0336719298705423,0.54872849377643,0.0122225994119407,1.00283724741188,1737.84567936728,1849.63601967417,0,0,FALSE,FALSE,FALSE,FALSE,TRUE,"passes screening"
"rec_dev[9]",TRUE,-0.459243058831186,-0.44829195521,0.507965181887795,-1.49312230707542,-0.787745903608414,-0.112931224636017,0.486125103396807,0.0132813605784551,1.00349178297475,1475.33246228666,1965.0159610598,0,0,FALSE,FALSE,FALSE,FALSE,TRUE,"passes screening"
"rec_dev[10]",TRUE,-0.538521029553454,-0.523227541317599,0.493140795340408,-1.52408286914581,-0.863417297283824,-0.196547920754946,0.379814752350117,0.0135465327044829,1.00186402813506,1311.75088021322,1087.19775977634,0,0,FALSE,FALSE,FALSE,FALSE,TRUE,"passes screening"
"rec_dev[11]",TRUE,-0.582733876500884,-0.565251291431191,0.470486553946202,-1.53986724877389,-0.893800102973591,-0.255738330571027,0.299677229372376,0.0115158870369313,1.0016889523774,1631.83363630945,1467.40626220709,0,0,FALSE,FALSE,FALSE,FALSE,TRUE,"passes screening"
"rec_dev[12]",TRUE,-0.790374328442363,-0.770896184824103,0.42160252296119,-1.65251965113838,-1.07034381528458,-0.504488179629289,-0.00071905828111913,0.00962677296105443,1.00157364209641,1906.34624501145,1968.42423005641,0,0,FALSE,FALSE,FALSE,FALSE,TRUE,"passes screening"
"rec_dev[13]",TRUE,-0.551657537372585,-0.54043540710172,0.387361346616213,-1.32982060500828,-0.806979282185065,-0.287394868593861,0.156519094753909,0.0099650999271028,1.00125877358118,1490.7200002421,1922.83026514216,0,0,FALSE,FALSE,FALSE,FALSE,TRUE,"passes screening"
"rec_dev[14]",TRUE,-0.29843144622609,-0.286716804623365,0.347885846656092,-1.00520659559908,-0.526203095258182,-0.0647359546477122,0.367052571850618,0.0100476282978415,1.00238604531021,1188.41360470916,1398.90738372042,0,0,FALSE,FALSE,FALSE,FALSE,TRUE,"passes screening"
"rec_dev[15]",TRUE,-0.679051933575019,-0.668803475060223,0.385393105060071,-1.47720209323008,-0.936150462719672,-0.403088902184679,0.0445355025071978,0.00943058588857914,1.00139594405048,1629.97088523453,1636.91023833525,0,0,FALSE,FALSE,FALSE,FALSE,TRUE,"passes screening"
"rec_dev[16]",TRUE,-0.865515088150154,-0.851153238071579,0.354441492625521,-1.59583211486654,-1.0962576946705,-0.625818413788589,-0.212587838077486,0.00844404891294839,1.00170482136962,1783.63918471298,2145.45665728947,0,0,FALSE,FALSE,FALSE,FALSE,TRUE,"passes screening"
"rec_dev[17]",TRUE,-0.201830908026102,-0.200820279907781,0.239656669196425,-0.665707087046661,-0.370792666981301,-0.0419847422030069,0.270343194945198,0.00814265316315108,1.00492493122777,864.170515415096,1608.47599704154,0,0,FALSE,FALSE,FALSE,FALSE,TRUE,"passes screening"
"rec_dev[18]",TRUE,0.0941517544413814,0.094246213444622,0.203009082672165,-0.314670329532577,-0.0396117321246003,0.230180322398277,0.492757863803608,0.00777266161474046,1.00354807067115,680.064686162243,1576.25946589276,0,0,FALSE,FALSE,FALSE,FALSE,TRUE,"passes screening"
"rec_dev[19]",TRUE,0.147252797247761,0.147981384664039,0.181159309194574,-0.195121846451232,0.0226905332427587,0.275537850017035,0.495905848961998,0.00736365083744452,1.00351750263059,606.11578867198,1226.37937864612,0,0,FALSE,FALSE,FALSE,FALSE,TRUE,"passes screening"
"rec_dev[20]",TRUE,0.397403302472078,0.400565335185046,0.150355802468853,0.0997141389771427,0.294008046554851,0.502263853866499,0.676220665470282,0.00640933551940729,1.00295051587581,553.962037192695,1264.27862976733,0,0,FALSE,FALSE,FALSE,FALSE,TRUE,"passes screening"
"rec_dev[21]",TRUE,0.398920485346889,0.399773820106422,0.145310638971152,0.108910161838527,0.298235892269645,0.499353070609668,0.67218374047047,0.00645598099879333,1.004361504545,508.936973509241,1028.33225770408,0,0,FALSE,FALSE,FALSE,FALSE,TRUE,"passes screening"
"rec_dev[22]",TRUE,0.401944068840938,0.406492906932901,0.146280762032988,0.0989846448963417,0.303376403603912,0.502298188934222,0.680935565585131,0.00651427492073214,1.00881734476856,505.750687192119,1165.94762376243,0,0,FALSE,FALSE,FALSE,FALSE,TRUE,"passes screening"
"rec_dev[23]",TRUE,0.460632350182525,0.461669277940789,0.149839351810704,0.167119243953164,0.359664561258532,0.562472770999226,0.747816599940525,0.00655833362167953,1.00853442346166,522.493079010565,990.132472150106,0,0,FALSE,FALSE,FALSE,FALSE,TRUE,"passes screening"
"rec_dev[24]",TRUE,0.578500712566315,0.579660657389783,0.149793982476528,0.283045490584221,0.476109932770358,0.680933669904867,0.873668325356244,0.00719057446057002,1.01163822402131,433.969563712152,1072.42806109769,0,0,TRUE,FALSE,FALSE,FALSE,FALSE,"Rhat > 1.01"
"rec_dev[25]",TRUE,0.956405169465758,0.956856821825718,0.147612504658411,0.66452428599152,0.85671919148581,1.05765851184508,1.24823871938026,0.00704863804710693,1.01158410172795,438.419860203787,882.719314090166,0,0,TRUE,FALSE,FALSE,FALSE,FALSE,"Rhat > 1.01"
"rec_dev[26]",TRUE,0.705164254010526,0.707397853074679,0.157952873643546,0.387842905367895,0.601998084732701,0.81785737510913,0.998630515796581,0.00702673361141133,1.01040778378245,504.847055328819,1238.03589520304,0,0,TRUE,FALSE,FALSE,FALSE,FALSE,"Rhat > 1.01"
"rec_dev[27]",TRUE,0.831294025217217,0.830875078812511,0.151650389872555,0.537464395362021,0.725754377562315,0.933360390642156,1.12852100595234,0.00712194519622719,1.01146651173057,454.349959592979,901.965629482929,0,0,TRUE,FALSE,FALSE,FALSE,FALSE,"Rhat > 1.01"
"rec_dev[28]",TRUE,1.67596832611908,1.67543328796347,0.127360683858929,1.42018982692339,1.59269386328619,1.76633060285405,1.91423734043486,0.00754675193026983,1.01413089770809,282.557973562082,464.551989650887,0,0,TRUE,TRUE,FALSE,FALSE,FALSE,"Rhat > 1.01; bulk ESS < 400"
"rec_dev[29]",TRUE,1.66674622930898,1.66851054868767,0.129330877123136,1.41355243027309,1.57819253252701,1.75466530820469,1.91654060487358,0.00754648924865349,1.01183611530215,293.838537253076,653.652485085066,0,0,TRUE,TRUE,FALSE,FALSE,FALSE,"Rhat > 1.01; bulk ESS < 400"
"rec_dev[30]",TRUE,0.799742149038138,0.801971662690864,0.154432970487029,0.498974705364052,0.695646390912796,0.905019502782228,1.09275304811216,0.00747780211085985,1.0104487389636,424.18240930804,762.284251646549,0,0,TRUE,FALSE,FALSE,FALSE,FALSE,"Rhat > 1.01"
"rec_dev[31]",TRUE,0.300122047993347,0.303144768406729,0.178803096794138,-0.0535698434122409,0.180537725729413,0.421658951230998,0.642803969190063,0.00757572330033988,1.00290935968383,553.495834055912,903.351667564122,0,0,FALSE,FALSE,FALSE,FALSE,TRUE,"passes screening"
"rec_dev[32]",TRUE,0.415369395880446,0.412521677005452,0.168399249966658,0.0841129198541948,0.30151830263138,0.530080492144316,0.741728152798962,0.00803471173996987,1.00951239281678,439.247174400174,923.671398181134,0,0,FALSE,FALSE,FALSE,FALSE,TRUE,"passes screening"
"rec_dev[33]",TRUE,0.57728853488383,0.578711322417561,0.157084895358139,0.27764595490361,0.471254432285663,0.683989606770661,0.884542273675956,0.00749461375734312,1.0090795725018,437.6061693365,737.118695067117,0,0,FALSE,FALSE,FALSE,FALSE,TRUE,"passes screening"
"rec_dev[34]",TRUE,0.790276271518173,0.787557919517551,0.140368138881541,0.514724320399815,0.692504735918607,0.886720248260131,1.06520904058798,0.00738778867737764,1.01000692005965,364.571052764927,927.947869450994,0,0,TRUE,TRUE,FALSE,FALSE,FALSE,"Rhat > 1.01; bulk ESS < 400"
"rec_dev[35]",TRUE,0.320785267160464,0.320174146474908,0.152159813591604,0.0248048290538339,0.219534222445719,0.423207172144338,0.624774145393317,0.0069926548318336,1.00529653860134,474.158151372905,1117.03043622149,0,0,FALSE,FALSE,FALSE,FALSE,TRUE,"passes screening"
"rec_dev[36]",TRUE,0.237941686819987,0.237988799315063,0.147781281661394,-0.0565205946949026,0.144995928360478,0.335278899822187,0.53267650010251,0.00654990938389617,1.00559837023305,510.970874197647,1108.32438000924,0,0,FALSE,FALSE,FALSE,FALSE,TRUE,"passes screening"
"rec_dev[37]",TRUE,0.507914551739704,0.507099134442931,0.133575835415634,0.237916600736572,0.419551260775432,0.597569694200023,0.77978178524695,0.00694183579084829,1.00801201694464,370.793907951976,769.726029909905,0,0,FALSE,TRUE,FALSE,FALSE,FALSE,"bulk ESS < 400"
"rec_dev[38]",TRUE,0.20197361719989,0.199615462499152,0.144493590269436,-0.0808184643911355,0.10369681188404,0.301021827373714,0.49139320940766,0.0067330858276207,1.0040565951061,461.426806332745,696.833242744576,0,0,FALSE,FALSE,FALSE,FALSE,TRUE,"passes screening"
"rec_dev[39]",TRUE,0.424934595946105,0.429174446185383,0.135084936996644,0.169866565374857,0.331036916443991,0.521158387033537,0.686596725888591,0.00685815904789351,1.00510861282178,388.487034202083,831.055556638478,0,0,FALSE,TRUE,FALSE,FALSE,FALSE,"bulk ESS < 400"
"rec_dev[40]",TRUE,0.483980473851666,0.482696410097311,0.126871600025898,0.241104381235128,0.398064687364498,0.566699962412017,0.73605545495508,0.00669731218664009,1.01052413690584,358.965268071403,836.420469411242,0,0,TRUE,TRUE,FALSE,FALSE,FALSE,"Rhat > 1.01; bulk ESS < 400"
"rec_dev[41]",TRUE,0.681265158045333,0.68256919920266,0.124528812761,0.440215639259083,0.596559554037909,0.769601594757425,0.918008017266729,0.00658496838550898,1.01233117826024,356.900144917002,767.368126637411,0,0,TRUE,TRUE,FALSE,FALSE,FALSE,"Rhat > 1.01; bulk ESS < 400"
"rec_dev[42]",TRUE,0.838800658815354,0.838471056149673,0.122245596073157,0.595154803167862,0.756160602805946,0.92298517980263,1.07228672409952,0.00706515140974757,1.01428089476412,299.795870377216,697.149227768495,0,0,TRUE,TRUE,FALSE,FALSE,FALSE,"Rhat > 1.01; bulk ESS < 400"
"rec_dev[43]",TRUE,0.446041432300677,0.446640267612056,0.125792823549594,0.196848882240545,0.361263727316644,0.53365365672011,0.68654955199715,0.00700177004266515,1.01978677616583,321.900196377331,730.225404162005,0,0,TRUE,TRUE,FALSE,FALSE,FALSE,"Rhat > 1.01; bulk ESS < 400"
"rec_dev[44]",TRUE,0.583892298743522,0.587210350289487,0.121745152004939,0.343354709932463,0.499660416267369,0.666409036253619,0.814155243551892,0.00696423802357136,1.01239775956784,303.581677386126,661.619027725793,0,0,TRUE,TRUE,FALSE,FALSE,FALSE,"Rhat > 1.01; bulk ESS < 400"
"rec_dev[45]",TRUE,-0.151648267392101,-0.151509466411555,0.134709360045673,-0.414733248104456,-0.240167226198316,-0.0604823556362684,0.112309412376395,0.00675273537226884,1.00791527790485,397.463304918435,865.693287060479,0,0,FALSE,TRUE,FALSE,FALSE,FALSE,"bulk ESS < 400"
"rec_dev[46]",TRUE,-0.0866292340294964,-0.0862136778879217,0.129948242837774,-0.344281209346176,-0.174632316531099,0.00624032904016802,0.15859183540371,0.00689046618452626,1.0056918785967,355.585299434565,744.31166294544,0,0,FALSE,TRUE,FALSE,FALSE,FALSE,"bulk ESS < 400"
"rec_dev[47]",TRUE,0.224358582506802,0.224494819016198,0.122333055798958,-0.017435671898079,0.140627679199121,0.309379456964867,0.456881145524106,0.00644912841497296,1.00786520683,359.146643397033,716.856035036631,0,0,FALSE,TRUE,FALSE,FALSE,FALSE,"bulk ESS < 400"
"rec_dev[48]",TRUE,-0.312149377468376,-0.312193395125024,0.134834849595725,-0.576080080279231,-0.404652248008716,-0.220653799898421,-0.0489373847284948,0.00644474250530853,1.00594162255373,437.111667735899,828.963543890591,0,0,FALSE,FALSE,FALSE,FALSE,TRUE,"passes screening"
"rec_dev[49]",TRUE,-1.42249440791961,-1.42413974435439,0.180665571121513,-1.77138570066317,-1.54557799609622,-1.29884773624825,-1.07402328070124,0.00693929564024751,1.00390705152696,679.837420660593,951.473582017548,0,0,FALSE,FALSE,FALSE,FALSE,TRUE,"passes screening"
"rec_dev[50]",TRUE,-0.712092323035611,-0.713776997233109,0.150105955519724,-1.00267204099395,-0.815218760995613,-0.612244328770637,-0.418320772645751,0.00797370455197113,1.0091025304297,355.160907342585,914.623663218954,0,0,FALSE,TRUE,FALSE,FALSE,FALSE,"bulk ESS < 400"
"rec_dev[51]",TRUE,-0.315649679769802,-0.31490456394803,0.127744327231271,-0.570281065379404,-0.400109239406379,-0.229495128359122,-0.0721028983719172,0.00730355584910493,1.01291907675298,305.469843200219,987.726529212211,0,0,TRUE,TRUE,FALSE,FALSE,FALSE,"Rhat > 1.01; bulk ESS < 400"
"rec_dev[52]",TRUE,-0.84339089019263,-0.839421702001786,0.13764277338515,-1.12225276207091,-0.93305377701455,-0.751538495175216,-0.578514286747228,0.00744218001467105,1.00986586475636,337.655644536621,802.893560379048,0,0,FALSE,TRUE,FALSE,FALSE,FALSE,"bulk ESS < 400"
"rec_dev[53]",TRUE,-1.16569109165927,-1.16543483961627,0.136884820534413,-1.44004333580711,-1.26062022549394,-1.07269464000604,-0.898885297289283,0.00692400031303404,1.009026392293,389.719684897825,730.906039797772,0,0,FALSE,TRUE,FALSE,FALSE,FALSE,"bulk ESS < 400"
"rec_dev[54]",TRUE,-1.11899469352668,-1.11523099083388,0.132297739970143,-1.38265032383596,-1.2087992728834,-1.02866661615162,-0.863625097447035,0.00659755697377949,1.00595826913977,401.439050720098,927.795928873278,0,0,FALSE,FALSE,FALSE,FALSE,TRUE,"passes screening"
"rec_dev[55]",TRUE,-1.11028566346531,-1.11082314468321,0.138038541239603,-1.37932948649755,-1.20301730376764,-1.01508366809484,-0.844959846481067,0.00682231143568415,1.00704688310914,409.146254571095,1034.4719002475,0,0,FALSE,FALSE,FALSE,FALSE,TRUE,"passes screening"
"rec_dev[56]",TRUE,-0.7355706695986,-0.734919902904474,0.125868689607998,-0.983311885469175,-0.821098327853218,-0.653174370550864,-0.487034824358934,0.00696385968683617,1.0118497066239,327.049061267674,785.533774217023,0,0,TRUE,TRUE,FALSE,FALSE,FALSE,"Rhat > 1.01; bulk ESS < 400"
"rec_dev[57]",TRUE,-0.773170635748049,-0.772823707645694,0.129043402167276,-1.0269113451555,-0.860865530159385,-0.684037787127603,-0.527800811250752,0.00691390422669298,1.01042324569213,348.2343757438,831.45904841471,0,0,TRUE,TRUE,FALSE,FALSE,FALSE,"Rhat > 1.01; bulk ESS < 400"
"rec_dev[58]",TRUE,-0.465295928365047,-0.465591754346505,0.124838014864261,-0.715019915299705,-0.54713100315647,-0.380236676459575,-0.222655369630577,0.00677743517071036,1.00947214319152,338.617500523716,865.221729772227,0,0,FALSE,TRUE,FALSE,FALSE,FALSE,"bulk ESS < 400"
"rec_dev[59]",TRUE,-0.105850769099365,-0.103243526331768,0.121092639375106,-0.351915518780414,-0.186540105079932,-0.0251715733777527,0.132937485120306,0.00686617578751981,1.01347313515125,309.283962027703,669.462547879586,0,0,TRUE,TRUE,FALSE,FALSE,FALSE,"Rhat > 1.01; bulk ESS < 400"
"rec_dev[60]",TRUE,0.106488567405674,0.108807651719152,0.13345769315065,-0.159094336023922,0.0186832424309449,0.199624623467659,0.361664620812829,0.00691227819745412,1.01036112123249,371.270892059225,993.589694674454,0,0,TRUE,TRUE,FALSE,FALSE,FALSE,"Rhat > 1.01; bulk ESS < 400"
"rec_dev[61]",TRUE,-0.113361179435249,-0.111185296089229,0.145017721294851,-0.403775841675998,-0.208754863454619,-0.0148691332288213,0.168007043569969,0.00698029341266294,1.00930361019194,429.539459450428,1312.23114102173,0,0,FALSE,FALSE,FALSE,FALSE,TRUE,"passes screening"
"rec_dev[62]",TRUE,-0.312247994633912,-0.311817854704652,0.158250684642758,-0.628474980114197,-0.416529139453188,-0.204971150769428,-0.00246995105659275,0.00656827167252422,1.00482558345788,577.731751471155,1617.24723380648,0,0,FALSE,FALSE,FALSE,FALSE,TRUE,"passes screening"
"rec_dev[63]",TRUE,-0.0234581258990346,-0.0241263578774173,0.157730998431758,-0.331820766928297,-0.130433702047084,0.0864134178488376,0.27799672039986,0.00688543560306544,1.00430847733383,522.072051939658,1387.38429097677,0,0,FALSE,FALSE,FALSE,FALSE,TRUE,"passes screening"
"rec_dev[64]",TRUE,-0.515794932267376,-0.517620740229463,0.19660972406057,-0.899934348408713,-0.646754301779502,-0.382888756113587,-0.135035792079789,0.00698261359581127,1.0035803262437,794.524618131147,1349.47963503996,0,0,FALSE,FALSE,FALSE,FALSE,TRUE,"passes screening"
"rec_dev[65]",TRUE,-0.768117755322774,-0.769323612092502,0.23602643433097,-1.22069648178202,-0.930242259327117,-0.611576269593936,-0.300626286330481,0.00685005404379517,1.00262382476395,1202.01706054476,1831.91204474802,0,0,FALSE,FALSE,FALSE,FALSE,TRUE,"passes screening"
"rec_dev[66]",TRUE,-0.268701195475842,-0.260022776028912,0.260426239014253,-0.78445767394893,-0.443506603732223,-0.0975825232977723,0.232960341876524,0.00602682699404397,1.0002388864529,1864.43369377784,1573.92569904836,0,0,FALSE,FALSE,FALSE,FALSE,TRUE,"passes screening"
"rec_dev[67]",TRUE,0.275644318913337,0.280252095576448,0.27118100475176,-0.258181284611202,0.100352873467931,0.4557493178151,0.803309601646202,0.00541997410380889,1.00065113492981,2509.78073057357,2247.25746156219,0,0,FALSE,FALSE,FALSE,FALSE,TRUE,"passes screening"
"rec_dev[68]",TRUE,-0.687050346617569,-0.69149024381756,0.364388086840182,-1.40512706247988,-0.928275168223712,-0.42557251300703,0.00620876180999568,0.00643660132955665,0.999893824170871,3202.67665834694,2377.4964830463,0,0,FALSE,FALSE,FALSE,FALSE,TRUE,"passes screening"
"fmort[1]",TRUE,-4.74575720002307,-4.74098074549478,0.222782010558003,-5.1938935899083,-4.89528465798127,-4.59585611129707,-4.31151585012076,0.0122985059389682,1.0234294182155,329.7568292814,777.8105851975,0,0,TRUE,TRUE,FALSE,FALSE,FALSE,"Rhat > 1.01; bulk ESS < 400"
"fmort[2]",TRUE,-4.32829375255592,-4.32580834458415,0.21989425569121,-4.75801509741412,-4.47569827631961,-4.17978484046454,-3.89423616826181,0.0126110060347686,1.02429043428012,304.04924651506,608.701330754974,0,0,TRUE,TRUE,FALSE,FALSE,FALSE,"Rhat > 1.01; bulk ESS < 400"
"fmort[3]",TRUE,-5.05621485457476,-5.05551322930278,0.217409359044794,-5.47611518018568,-5.20139896898665,-4.90664637568538,-4.64580318837579,0.0135153699989658,1.02415832939333,263.336216530653,657.576896835045,0,0,TRUE,TRUE,FALSE,FALSE,FALSE,"Rhat > 1.01; bulk ESS < 400"
"fmort[4]",TRUE,-4.72840279091552,-4.72652545196747,0.210400568496303,-5.14132180447374,-4.87179980467849,-4.58262701947182,-4.33815081543337,0.0145723232189448,1.02532413538718,215.811428143357,543.915117805,0,0,TRUE,TRUE,FALSE,FALSE,FALSE,"Rhat > 1.01; bulk ESS < 400"
"fmort[5]",TRUE,-3.96987407508394,-3.96748251418773,0.205634731223804,-4.38129676700764,-4.10822766219295,-3.82742176486905,-3.56583971053063,0.0134142896768483,1.02697788714523,233.390806784052,622.597969668073,0,0,TRUE,TRUE,FALSE,FALSE,FALSE,"Rhat > 1.01; bulk ESS < 400"
"fmort[6]",TRUE,-3.68799314053874,-3.69200633243544,0.205272919033908,-4.07889347063998,-3.82556405965775,-3.55335495449041,-3.27324496196996,0.0132549717521161,1.02667815179509,239.298509140449,740.914257619903,0,0,TRUE,TRUE,FALSE,FALSE,FALSE,"Rhat > 1.01; bulk ESS < 400"
"fmort[7]",TRUE,-3.4525396151087,-3.46129962637821,0.212123850810244,-3.86537129114947,-3.59078669396882,-3.31004696432743,-3.03864933136846,0.0135328286121284,1.02696099920712,246.166264379638,616.507772913228,0,0,TRUE,TRUE,FALSE,FALSE,FALSE,"Rhat > 1.01; bulk ESS < 400"
"fmort[8]",TRUE,-3.52901573914486,-3.5348018828766,0.208893416000463,-3.9191722315019,-3.67133994994548,-3.389089615633,-3.10579278457314,0.0133437469647674,1.02760742857672,246.385327455727,529.960293596299,0,0,TRUE,TRUE,FALSE,FALSE,FALSE,"Rhat > 1.01; bulk ESS < 400"
"fmort[9]",TRUE,-2.86389037349107,-2.87159926979494,0.210236935006183,-3.26300017243182,-3.00846397149553,-2.72657436757177,-2.4274763500616,0.014568158682197,1.02899626200085,209.581735958572,415.311320281609,0,0,TRUE,TRUE,FALSE,FALSE,FALSE,"Rhat > 1.01; bulk ESS < 400"
"fmort[10]",TRUE,-3.00685819829753,-3.01870259197609,0.228455213870121,-3.43489725478401,-3.16243801178618,-2.85448701407925,-2.54796801161757,0.016422023485429,1.02804274250096,196.711717126418,321.730495562586,0,0,TRUE,TRUE,TRUE,FALSE,FALSE,"Rhat > 1.01; bulk ESS < 400; tail ESS < 400"
"fmort[11]",TRUE,-3.33623067952406,-3.3520203808318,0.23280358480274,-3.78600684284903,-3.48922069951266,-3.19048321831533,-2.84626386134,0.0171225302208319,1.027447391908,192.387130856297,235.854574059232,0,0,TRUE,TRUE,TRUE,FALSE,FALSE,"Rhat > 1.01; bulk ESS < 400; tail ESS < 400"
"fmort[12]",TRUE,-2.94434985084327,-2.95588711516335,0.223821722720337,-3.37669634503592,-3.09543409551904,-2.80054405817896,-2.46414860249248,0.016430948266672,1.02701419871923,193.18196814893,271.419772694449,0,0,TRUE,TRUE,TRUE,FALSE,FALSE,"Rhat > 1.01; bulk ESS < 400; tail ESS < 400"
"fmort[13]",TRUE,-2.20122917349602,-2.21267079371838,0.224540612259485,-2.61828039657273,-2.35173159781296,-2.06000813453267,-1.71117133480056,0.0166229646054342,1.02581408132759,188.690487617893,285.603589289081,0,0,TRUE,TRUE,TRUE,FALSE,FALSE,"Rhat > 1.01; bulk ESS < 400; tail ESS < 400"
"fmort[14]",TRUE,-3.14721297648123,-3.1576385796533,0.221896894590603,-3.54602822261771,-3.30015972998453,-3.013017569489,-2.68364414132252,0.0162767262663059,1.02538962232201,191.443093138969,325.193126839777,0,0,TRUE,TRUE,TRUE,FALSE,FALSE,"Rhat > 1.01; bulk ESS < 400; tail ESS < 400"
"fmort[15]",TRUE,-2.31119228893347,-2.32770708371298,0.233414140754325,-2.73297024039537,-2.47204261165836,-2.16232574281196,-1.8138639116184,0.0162622515483024,1.02056953682786,209.989487091363,262.647555182852,0,0,TRUE,TRUE,TRUE,FALSE,FALSE,"Rhat > 1.01; bulk ESS < 400; tail ESS < 400"
"fmort[16]",TRUE,-2.86038973608927,-2.87823045286848,0.237536160265415,-3.29274040896318,-3.0265422166027,-2.70625862428919,-2.35590705126708,0.0155818139277514,1.01511385436324,235.043788500139,464.361879148871,0,0,TRUE,TRUE,FALSE,FALSE,FALSE,"Rhat > 1.01; bulk ESS < 400"
"fmort[17]",TRUE,-5.22360042051504,-5.23964269222974,0.223418057284805,-5.60933948519615,-5.38482841877779,-5.08183910024598,-4.74880913051298,0.0135667348132988,1.00988913739118,276.60025946747,493.748505423423,0,0,FALSE,TRUE,FALSE,FALSE,FALSE,"bulk ESS < 400"
"fmort[18]",TRUE,-3.8772305587984,-3.89430411451461,0.229993307407561,-4.27717730731113,-4.03925953877132,-3.73305283552606,-3.36002914631812,0.0126479182707498,1.00715347669697,343.827079893446,553.41844050753,0,0,FALSE,TRUE,FALSE,FALSE,FALSE,"bulk ESS < 400"
"fmort[19]",TRUE,-4.23841856563408,-4.2535460216617,0.203415323418016,-4.59668718458745,-4.377038125416,-4.11212594400095,-3.79302526720144,0.00982521446730143,1.004047613064,437.192377756559,792.816061763488,0,0,FALSE,FALSE,FALSE,FALSE,TRUE,"passes screening"
"fmort[20]",TRUE,-4.31219819133311,-4.3258554122544,0.186323535935074,-4.6405378047477,-4.44336872494611,-4.20405730090649,-3.89738548597777,0.00830910486121671,1.00435473570619,515.674694282489,1155.97914864393,0,0,FALSE,FALSE,FALSE,FALSE,TRUE,"passes screening"
"fmort[21]",TRUE,-4.33821427411715,-4.35148737718096,0.165463201005127,-4.62717406371125,-4.45413587834654,-4.23441269581445,-3.98219234386979,0.00719797909628837,1.00534969701144,553.481029873208,884.88380739178,0,0,FALSE,FALSE,FALSE,FALSE,TRUE,"passes screening"
"fmort[22]",TRUE,-3.94981635758148,-3.96070545669613,0.145134857963608,-4.20452632830196,-4.05205322927166,-3.8619009152121,-3.62549403307419,0.0062016192079898,1.00363661742936,567.287432660257,1059.49131156334,0,0,FALSE,FALSE,FALSE,FALSE,TRUE,"passes screening"
"fmort[23]",TRUE,-3.82620249980803,-3.83576501029606,0.134909045656216,-4.05450033201973,-3.92063463425957,-3.74359700045454,-3.52997732500442,0.00507147538639907,1.00278718370304,728.194450906835,1303.29333999033,0,0,FALSE,FALSE,FALSE,FALSE,TRUE,"passes screening"
"fmort[24]",TRUE,-3.62260731965869,-3.63563117608913,0.13724859516499,-3.85556016200222,-3.71917336446258,-3.53944189573972,-3.31743813920595,0.00520413974630878,1.00285019699867,728.832641597528,1152.59557218718,0,0,FALSE,FALSE,FALSE,FALSE,TRUE,"passes screening"
"fmort[25]",TRUE,-4.05124623025644,-4.06249778647464,0.148633172336345,-4.30963178097666,-4.15153629050927,-3.96537290755933,-3.72647287960653,0.00558157299507555,1.00210793641016,740.646529857199,1296.70788530886,0,0,FALSE,FALSE,FALSE,FALSE,TRUE,"passes screening"
"fmort[26]",TRUE,-3.74639712794015,-3.75981742988854,0.147892213594552,-3.99596745449013,-3.84887024906875,-3.65998565970516,-3.42423620981623,0.00631865227005195,1.00306526130445,558.96884485145,1271.29457090454,0,0,FALSE,FALSE,FALSE,FALSE,TRUE,"passes screening"
"fmort[27]",TRUE,-3.33820964868214,-3.35342740731146,0.180240231581281,-3.64445849370108,-3.4623807525936,-3.23213936611943,-2.91977701585157,0.00750233750524012,1.00387863995776,580.817418891483,1103.19236645259,0,0,FALSE,FALSE,FALSE,FALSE,TRUE,"passes screening"
"fmort[28]",TRUE,-4.21910919396353,-4.2394564341819,0.201686541608145,-4.56578953143731,-4.35401790109102,-4.09744956154434,-3.77931359214227,0.0086430568165558,1.00519133479897,555.051893356736,787.071745004418,0,0,FALSE,FALSE,FALSE,FALSE,TRUE,"passes screening"
"fmort[29]",TRUE,-5.33994181432899,-5.35828084352295,0.217725687368369,-5.7177709064461,-5.49115356905311,-5.20533311796246,-4.84873178616215,0.00946637930025516,1.00395725384879,546.136489384403,994.392144722418,0,0,FALSE,FALSE,FALSE,FALSE,TRUE,"passes screening"
"fmort[30]",TRUE,-4.76147041173264,-4.78389856526595,0.214126158880397,-5.1282622776134,-4.91116715729672,-4.63563527787862,-4.28265417733651,0.0100366226385009,1.00388366645685,459.704230777468,856.524629017918,0,0,FALSE,FALSE,FALSE,FALSE,TRUE,"passes screening"
"fmort[31]",TRUE,-4.41026340948111,-4.43204647099172,0.224150223151053,-4.77965785130866,-4.56696169925801,-4.27969300973352,-3.9027301983773,0.0102024840865529,1.00260541895211,476.756387886402,825.808702953142,0,0,FALSE,FALSE,FALSE,FALSE,TRUE,"passes screening"
"fmort[32]",TRUE,-3.702285524077,-3.71952483988772,0.201427598828478,-4.0245347734283,-3.84730774668344,-3.58779480104025,-3.24183166504654,0.00941361535815613,1.00200312094372,460.554823009905,810.986919460868,0,0,FALSE,FALSE,FALSE,FALSE,TRUE,"passes screening"
"fmort[33]",TRUE,-4.53834670222591,-4.56080451796785,0.183008198131468,-4.84166616438746,-4.66680188669018,-4.42803664961923,-4.125912715857,0.00839393962353891,1.00075591356016,475.702191327809,954.264469066813,0,0,FALSE,FALSE,FALSE,FALSE,TRUE,"passes screening"
"fmort[34]",TRUE,-4.09487987874875,-4.11430450577217,0.168783091615388,-4.3679037351966,-4.21161463193418,-3.99696411540008,-3.70831046845229,0.00733889898824252,1.0029385050963,531.992186677343,1010.76381294641,0,0,FALSE,FALSE,FALSE,FALSE,TRUE,"passes screening"
"fmort[35]",TRUE,-3.95501297644383,-3.96726532201398,0.15236694643711,-4.21780207629421,-4.06019713062629,-3.86334749322939,-3.628189428906,0.00662792406323093,1.00269804358778,530.411803727305,1073.10487207893,0,0,FALSE,FALSE,FALSE,FALSE,TRUE,"passes screening"
"fmort[36]",TRUE,-3.66939561261425,-3.68179365411056,0.142465810282979,-3.91325130550794,-3.7687080828456,-3.58550699218356,-3.3416210868293,0.00570577905526745,1.00217906648002,624.182134720085,1339.78432328688,0,0,FALSE,FALSE,FALSE,FALSE,TRUE,"passes screening"
"fmort[37]",TRUE,-3.70792852354416,-3.72518483293598,0.139337049887317,-3.94255149112061,-3.8070537179337,-3.62384814138434,-3.39692371507231,0.00534782267438166,1.00291527476367,682.984092717802,1335.79961157462,0,0,FALSE,FALSE,FALSE,FALSE,TRUE,"passes screening"
"fmort[38]",TRUE,-3.22586277639445,-3.23468333140859,0.141842452520479,-3.48049377834363,-3.32353717711362,-3.13766115164103,-2.92716867136626,0.00553578407149013,1.00130091004459,666.148767446705,1007.95387985446,0,0,FALSE,FALSE,FALSE,FALSE,TRUE,"passes screening"
"fmort[39]",TRUE,-2.57643818786471,-2.58181041923733,0.141958355382443,-2.83768234310706,-2.67648479998177,-2.48796564716989,-2.27544373672255,0.00536937252202289,1.00217134225945,705.370182958595,1480.24422509412,0,0,FALSE,FALSE,FALSE,FALSE,TRUE,"passes screening"
"fmort[40]",TRUE,-2.76214658872715,-2.77521465023261,0.157109253737207,-3.03852948542392,-2.871691972297,-2.66145435211238,-2.42755779893612,0.00641558805395529,1.00332275633614,615.275152380506,1092.70179390881,0,0,FALSE,FALSE,FALSE,FALSE,TRUE,"passes screening"
"fmort[41]",TRUE,-2.38845836347735,-2.40440010602732,0.193639122760812,-2.72264449932185,-2.52447701166968,-2.26906054616827,-1.96437304490368,0.00834395658925907,1.0019567669559,557.511315752037,1165.51350056694,0,0,FALSE,FALSE,FALSE,FALSE,TRUE,"passes screening"
"fmort[42]",TRUE,-3.91032833050583,-3.9328614917088,0.207083123619941,-4.26846527805143,-4.05464543599128,-3.78888607816832,-3.44022007015927,0.00928771063126506,1.00182731760574,516.905618988963,1171.26000884949,0,0,FALSE,FALSE,FALSE,FALSE,TRUE,"passes screening"
"fmort[43]",TRUE,-4.75543671281449,-4.77714983772107,0.227878126898774,-5.15804013314067,-4.91363185543019,-4.61145642726457,-4.26831674968107,0.0105114519415581,1.00345499130542,477.892704574163,939.050470669309,0,0,FALSE,FALSE,FALSE,FALSE,TRUE,"passes screening"
"fmort[44]",TRUE,-4.20701277045216,-4.22046034894232,0.226183036574417,-4.60381627327143,-4.36903928932607,-4.05922039670878,-3.73366713199519,0.010908653975052,1.00581432161169,435.354653970333,1230.21823388229,0,0,FALSE,FALSE,FALSE,FALSE,TRUE,"passes screening"
"fmort[45]",TRUE,-4.0964064567412,-4.10604337077194,0.248794321423656,-4.55063969058323,-4.27467545464776,-3.92825841100177,-3.57506575584008,0.0129046500614165,1.01058560464974,373.728450559995,1142.50187741084,0,0,TRUE,TRUE,FALSE,FALSE,FALSE,"Rhat > 1.01; bulk ESS < 400"
"fmort[46]",TRUE,-3.71687160262683,-3.71835048406675,0.268763137210792,-4.21159383059882,-3.90623358627034,-3.53623414656227,-3.17332153984744,0.0135975597893829,1.0100339324006,390.06340378238,992.662125184292,0,0,TRUE,TRUE,FALSE,FALSE,FALSE,"Rhat > 1.01; bulk ESS < 400"
"fmort[47]",TRUE,-4.00406830215219,-4.00755462279479,0.257412973164997,-4.47438027664509,-4.18796745559106,-3.82964536211829,-3.4903949525372,0.0135320195883381,1.01051389848516,359.467915278828,935.451070261027,0,0,TRUE,TRUE,FALSE,FALSE,FALSE,"Rhat > 1.01; bulk ESS < 400"
"fmort[48]",TRUE,-3.52827389822759,-3.52473372641618,0.262710217776313,-4.04248557415201,-3.70691558867262,-3.34921447448475,-2.9990443562627,0.0134128094440549,1.01016766675517,385.516033707003,915.873834270657,0,0,TRUE,TRUE,FALSE,FALSE,FALSE,"Rhat > 1.01; bulk ESS < 400"
"fmort[49]",TRUE,-4.61921436234591,-4.6237117054355,0.254926195819062,-5.11203863792324,-4.79261022138448,-4.45185269345863,-4.10511841738238,0.0133199003042288,1.01094890387444,366.503489081884,1001.81792781768,0,0,TRUE,TRUE,FALSE,FALSE,FALSE,"Rhat > 1.01; bulk ESS < 400"
"fmort[50]",TRUE,-4.81384381368416,-4.81556539044246,0.258259101630699,-5.2990128410212,-4.99206909361337,-4.64041697685636,-4.30623872612972,0.0131588347423365,1.0109183850848,384.65155840875,1048.24562663514,0,0,TRUE,TRUE,FALSE,FALSE,FALSE,"Rhat > 1.01; bulk ESS < 400"
"fmort[51]",TRUE,-3.56623415595649,-3.55852833376236,0.245976736340902,-4.04584007428552,-3.73237194057671,-3.40044238795141,-3.07057946200787,0.0121060413586019,1.00953336489285,413.51911938387,1056.48116588873,0,0,FALSE,FALSE,FALSE,FALSE,TRUE,"passes screening"
"fmort[52]",TRUE,-3.47832827592202,-3.48411505136538,0.258179238246121,-3.97374560936176,-3.65892539871646,-3.30260152104132,-2.98376243106851,0.0126246191055086,1.01199081453452,417.23052214253,1005.96438033762,0,0,TRUE,FALSE,FALSE,FALSE,FALSE,"Rhat > 1.01"
"fmort[53]",TRUE,-3.55301034411995,-3.55672267373695,0.261699288987037,-4.03450191194981,-3.74354066389747,-3.37003167155924,-3.04310256602277,0.0126653577824225,1.01213495829872,425.209395090631,1278.48080771975,0,0,TRUE,FALSE,FALSE,FALSE,FALSE,"Rhat > 1.01"
"fmort[54]",TRUE,-3.64320013214989,-3.65039087861523,0.266107589643484,-4.15238434940825,-3.82422498081909,-3.4595709814189,-3.12782054705108,0.0123410903252048,1.01175780778558,463.591726932121,1144.90021952085,0,0,TRUE,FALSE,FALSE,FALSE,FALSE,"Rhat > 1.01"
"fmort[55]",TRUE,-3.23873753104856,-3.23629712545558,0.25961371822168,-3.74861476237762,-3.4150834313326,-3.06495362750253,-2.71976357403101,0.012772859058007,1.01398120535066,411.760787209285,1378.65756994291,0,0,TRUE,FALSE,FALSE,FALSE,FALSE,"Rhat > 1.01"
"fmort[56]",TRUE,-2.66568663393214,-2.67155525988034,0.269370181644506,-3.18374427789605,-2.85452730901621,-2.48560129711655,-2.12714746158376,0.0163734094028514,1.0221336931735,264.265382171567,1007.76354204736,0,0,TRUE,TRUE,FALSE,FALSE,FALSE,"Rhat > 1.01; bulk ESS < 400"
"fmort[57]",TRUE,-3.05512211737151,-3.06573308840744,0.306948862781346,-3.62312681687087,-3.26643890570687,-2.84836997512553,-2.44576889456772,0.0170064057797267,1.02489540760265,320.415028576128,974.240851154328,0,0,TRUE,TRUE,FALSE,FALSE,FALSE,"Rhat > 1.01; bulk ESS < 400"
"fmort[58]",TRUE,-7.12156515929168,-7.11965668106899,0.202280413153422,-7.52715290909107,-7.2581381033463,-6.97814930481373,-6.73357182413112,0.0117204338530896,1.02067647342231,300.185984640324,501.387515864272,0,0,TRUE,TRUE,FALSE,FALSE,FALSE,"Rhat > 1.01; bulk ESS < 400"
"fmort[59]",TRUE,-6.67099383015416,-6.67400520582685,0.19948471406261,-7.06191188203215,-6.80784375040167,-6.53191741169988,-6.28874138661912,0.0124745426047694,1.02128012606929,262.326073680582,560.981705435762,0,0,TRUE,TRUE,FALSE,FALSE,FALSE,"Rhat > 1.01; bulk ESS < 400"
"fmort[60]",TRUE,-6.19776541837724,-6.19445796539724,0.190175834730471,-6.58067780496467,-6.32649464544509,-6.06640269206589,-5.8385074296726,0.0126153973462128,1.02330722279158,228.229773327131,593.730285891742,0,0,TRUE,TRUE,FALSE,FALSE,FALSE,"Rhat > 1.01; bulk ESS < 400"
"fmort[61]",TRUE,-5.63116877862901,-5.63350861812878,0.183520862494177,-5.99743726676844,-5.75279647476606,-5.50333831291536,-5.26191765490009,0.0127395592638042,1.02770735660005,206.111132307655,667.973523674046,0,0,TRUE,TRUE,FALSE,FALSE,FALSE,"Rhat > 1.01; bulk ESS < 400"
"fmort[62]",TRUE,-5.9030073957698,-5.90661513322484,0.188351203280958,-6.26911776121119,-6.02950439485158,-5.77479621424406,-5.53535730418788,0.0120933693827927,1.02786674927417,242.6995357403,719.573031920051,0,0,TRUE,TRUE,FALSE,FALSE,FALSE,"Rhat > 1.01; bulk ESS < 400"
"fmort[63]",TRUE,-5.23340771953599,-5.23695358578407,0.191915141985286,-5.60940773333423,-5.36271708457903,-5.1064241164335,-4.85165128759503,0.0122581106554289,1.02671984579164,245.624146791156,649.203906974234,0,0,TRUE,TRUE,FALSE,FALSE,FALSE,"Rhat > 1.01; bulk ESS < 400"
"fmort[64]",TRUE,-4.73730783084817,-4.7401431177582,0.182638355968126,-5.08130599796724,-4.86484589977863,-4.61130466435166,-4.38338561284973,0.0120181283815981,1.0253501745667,230.996432912309,456.329002459573,0,0,TRUE,TRUE,FALSE,FALSE,FALSE,"Rhat > 1.01; bulk ESS < 400"
"fmort[65]",TRUE,-4.45146561927518,-4.45947003057811,0.179749659387413,-4.79778485898174,-4.57303310647273,-4.33072150685895,-4.09529726395245,0.0127507727925599,1.02832008043011,200.79455919089,394.563342902616,0,0,TRUE,TRUE,TRUE,FALSE,FALSE,"Rhat > 1.01; bulk ESS < 400; tail ESS < 400"
"fmort[66]",TRUE,-4.03277980510407,-4.04286637629049,0.192522632269426,-4.40670426799209,-4.15900669504465,-3.91006971283646,-3.64425439573059,0.0135799501794131,1.02933966653989,205.522419241861,353.20891522294,0,0,TRUE,TRUE,TRUE,FALSE,FALSE,"Rhat > 1.01; bulk ESS < 400; tail ESS < 400"
"fmort[67]",TRUE,-3.84348691583291,-3.84795805524565,0.195980682734858,-4.22044093739094,-3.97535385915967,-3.72007501683637,-3.4338470064385,0.0140820453505318,1.02639858587034,200.166906423718,298.639047765134,0,0,TRUE,TRUE,TRUE,FALSE,FALSE,"Rhat > 1.01; bulk ESS < 400; tail ESS < 400"
"fmort[68]",TRUE,-3.70358331545526,-3.71081959193379,0.186860926997531,-4.05236389026312,-3.82764375808598,-3.58554185412172,-3.31789457633647,0.0132160221317178,1.02657366403098,207.550046787203,309.500862541917,0,0,TRUE,TRUE,TRUE,FALSE,FALSE,"Rhat > 1.01; bulk ESS < 400; tail ESS < 400"
"fmort[69]",TRUE,-2.93426688651752,-2.94364319969048,0.17876474261526,-3.26171636436539,-3.05801924893776,-2.82697546210812,-2.56352895174946,0.0122955046395257,1.02109805979833,216.903062353637,309.635861186812,0,0,TRUE,TRUE,TRUE,FALSE,FALSE,"Rhat > 1.01; bulk ESS < 400; tail ESS < 400"
"fmort[70]",TRUE,-2.68839351980878,-2.69722382467167,0.175198580148452,-3.01003086734595,-2.80819414470392,-2.57904759977993,-2.31348305520717,0.0120230523937702,1.02264727870233,220.627521152256,295.087229244731,0,0,TRUE,TRUE,TRUE,FALSE,FALSE,"Rhat > 1.01; bulk ESS < 400; tail ESS < 400"
"fmort[71]",TRUE,-2.9662792359766,-2.97700870227621,0.169448562930736,-3.26586638010261,-3.08173124794593,-2.86040368368959,-2.6087928844175,0.0113435155102454,1.01848998548779,232.48921542863,359.475248950022,0,0,TRUE,TRUE,TRUE,FALSE,FALSE,"Rhat > 1.01; bulk ESS < 400; tail ESS < 400"
"fmort[72]",TRUE,-2.61987628633247,-2.6369759533266,0.211775836222412,-2.98716956736952,-2.76868977609511,-2.48549894528641,-2.15860932213612,0.0135949842321757,1.01480771982649,249.606658266263,431.367354769696,0,0,TRUE,TRUE,FALSE,FALSE,FALSE,"Rhat > 1.01; bulk ESS < 400"
"fmort[73]",TRUE,-2.29029156668244,-2.30847159467464,0.227516046236306,-2.69577239659238,-2.44416420754815,-2.14604917730354,-1.79620535754482,0.0141202553336462,1.01128800716419,265.102237032128,530.837816948802,0,0,TRUE,TRUE,FALSE,FALSE,FALSE,"Rhat > 1.01; bulk ESS < 400"
"fmort[74]",TRUE,-2.17952223689561,-2.18900002395419,0.231286839038716,-2.59113147297556,-2.3445258164118,-2.03433624923006,-1.70700756538444,0.0143266191378331,1.0096308229996,270.703143548474,552.369229258848,0,0,FALSE,TRUE,FALSE,FALSE,FALSE,"bulk ESS < 400"
"fmort[75]",TRUE,-1.93298746101035,-1.94789011254676,0.250232191638975,-2.38401724998959,-2.10349613760477,-1.77846883188593,-1.39301986681048,0.0153645114745234,1.00700735035119,276.032898518946,471.033760655711,0,0,FALSE,TRUE,FALSE,FALSE,FALSE,"bulk ESS < 400"
"fmort[76]",TRUE,-1.91306306618359,-1.92789965758271,0.270927261980088,-2.40320002158375,-2.10544643811021,-1.73889914167728,-1.34130088236099,0.0166780164566478,1.00769454992839,273.509549803961,607.233072358642,0,0,FALSE,TRUE,FALSE,FALSE,FALSE,"bulk ESS < 400"
"fmort[77]",TRUE,-1.84896549449644,-1.86355382778064,0.264919360362065,-2.32794365810592,-2.02969244707759,-1.67634554663112,-1.30071393159106,0.0152602452041688,1.00491700894825,307.387844635342,705.864875223565,0,0,FALSE,TRUE,FALSE,FALSE,FALSE,"bulk ESS < 400"
"fmort[78]",TRUE,-1.81576130355812,-1.83568579493364,0.226613400971696,-2.20736629787412,-1.97987359957288,-1.674890664033,-1.32821165480247,0.0129605628689879,1.00423877217609,316.234770747753,668.72351217553,0,0,FALSE,TRUE,FALSE,FALSE,FALSE,"bulk ESS < 400"
"fmort[79]",TRUE,-1.40736124502896,-1.41641502875281,0.203350575442103,-1.77896491023755,-1.54904717812601,-1.27594247446553,-0.990862499514198,0.0107472241998885,1.00554095490944,360.971149128727,799.985424665608,0,0,FALSE,TRUE,FALSE,FALSE,FALSE,"bulk ESS < 400"
"fmort[80]",TRUE,-0.971144169434138,-0.978681898110652,0.21165152055673,-1.3680345419138,-1.11539915685524,-0.836652927472483,-0.521228805465448,0.011256653064394,1.0089533132157,352.276495977923,815.963367211612,0,0,FALSE,TRUE,FALSE,FALSE,FALSE,"bulk ESS < 400"
"fmort[81]",TRUE,-0.866672950556772,-0.879528965315348,0.234661502950066,-1.28537137458585,-1.03239262712932,-0.715734050465861,-0.358081419680509,0.0131924887178027,1.01179144553694,309.915512596607,807.011170892718,0,0,TRUE,TRUE,FALSE,FALSE,FALSE,"Rhat > 1.01; bulk ESS < 400"
"fmort[82]",TRUE,-0.471097589166602,-0.482866759842136,0.233861686730252,-0.880008363699115,-0.634004232834513,-0.330376328699141,0.0503888677324936,0.0130137305555194,1.01033664030573,318.354304068111,643.86117372023,0,0,TRUE,TRUE,FALSE,FALSE,FALSE,"Rhat > 1.01; bulk ESS < 400"
"fmort[83]",TRUE,0.092287355498137,0.0789906490631447,0.263708191717295,-0.371457813547079,-0.0928710654252733,0.262533584088917,0.660135646815746,0.0150259127774604,1.01168462051707,312.36881306601,645.676547399154,0,0,TRUE,TRUE,FALSE,FALSE,FALSE,"Rhat > 1.01; bulk ESS < 400"
"fmort[84]",TRUE,0.384120655335468,0.368268253692316,0.268051014501921,-0.125678218520935,0.20301940954686,0.558164553375814,0.944893593376642,0.0158270031845352,1.01365631645833,289.418352016824,809.078026464391,0,0,TRUE,TRUE,FALSE,FALSE,FALSE,"Rhat > 1.01; bulk ESS < 400"
"fmort[85]",TRUE,0.636983663931398,0.631455204804237,0.24541421292057,0.166945175446171,0.476091791898475,0.799385884860826,1.14791039756491,0.0133604108746204,1.01218359232197,338.60708107945,1022.22148233208,0,0,TRUE,TRUE,FALSE,FALSE,FALSE,"Rhat > 1.01; bulk ESS < 400"
"fmort[86]",TRUE,0.253717471058128,0.258677109706664,0.203718390517284,-0.146351182527269,0.113763944428988,0.395829075435045,0.642976164196312,0.0134796537940725,1.01814031675087,229.18266111509,796.707700817232,0,0,TRUE,TRUE,FALSE,FALSE,FALSE,"Rhat > 1.01; bulk ESS < 400"
"fmort[87]",TRUE,-0.10026691755744,-0.0986764974555383,0.197199669118634,-0.476117867216803,-0.236783563263614,0.0373124382774206,0.276200671913743,0.015261195260131,1.02534769909748,166.246976091042,952.95355250773,0,0,TRUE,TRUE,FALSE,FALSE,FALSE,"Rhat > 1.01; bulk ESS < 400"
"fmort[88]",TRUE,-0.433865192051398,-0.43289294711681,0.17627844380831,-0.782324929382524,-0.552213234734857,-0.317273819505255,-0.0888636329115705,0.014858958463534,1.02799310744498,140.377156302972,723.17508849475,0,0,TRUE,TRUE,FALSE,FALSE,FALSE,"Rhat > 1.01; bulk ESS < 400"
"fmort[89]",TRUE,-0.225161691578016,-0.226196676342914,0.171264542525827,-0.556891218269677,-0.340602354401439,-0.109279173576635,0.102748363790392,0.0147954360071963,1.03189645558588,133.352013310581,758.642451112844,0,0,TRUE,TRUE,FALSE,FALSE,FALSE,"Rhat > 1.01; bulk ESS < 400"
"fmort[90]",TRUE,-0.149297870180992,-0.149228035806418,0.164784075801812,-0.463637506145671,-0.26018739486287,-0.0341653159843709,0.173417506720671,0.0173719025829434,1.0420804329551,91.8682365246365,615.319776711629,0,0,TRUE,TRUE,FALSE,FALSE,FALSE,"Rhat > 1.01; bulk ESS < 400"
"fmort[91]",TRUE,-0.352569482163142,-0.354153123738823,0.165867339728757,-0.673194381492201,-0.462992227385881,-0.236813848504964,-0.0358992960104864,0.014859377171659,1.03243241568414,124.756401410434,602.984073758218,0,0,TRUE,TRUE,FALSE,FALSE,FALSE,"Rhat > 1.01; bulk ESS < 400"
"fmort[92]",TRUE,-0.464025697785412,-0.461788902975059,0.152769714543231,-0.754357207739505,-0.571189654353053,-0.354794486918558,-0.171511039230276,0.0148324792896699,1.03622243058318,106.479104490485,588.430777527556,0,0,TRUE,TRUE,FALSE,FALSE,FALSE,"Rhat > 1.01; bulk ESS < 400"
"fmort[93]",TRUE,-0.380042306587805,-0.381810095185849,0.153438153273698,-0.681215803095727,-0.483751485370397,-0.273980337145698,-0.0819677634993032,0.0144360711154859,1.03263836800696,113.724265147581,551.978065715821,0,0,TRUE,TRUE,FALSE,FALSE,FALSE,"Rhat > 1.01; bulk ESS < 400"
"fmort[94]",TRUE,-0.462271020592586,-0.467789282099577,0.176130430060108,-0.793693908143085,-0.582266312170807,-0.34748966600909,-0.105236045305228,0.0136043813703892,1.02144928059316,169.801058238688,722.329008699968,0,0,TRUE,TRUE,FALSE,FALSE,FALSE,"Rhat > 1.01; bulk ESS < 400"
"fmort[95]",TRUE,-0.373468561930594,-0.377686174473943,0.164033676712813,-0.69136647133251,-0.487130944314933,-0.260776164151357,-0.0510125502955187,0.0133895213436526,1.02754017638598,150.495923738094,847.285053740383,0,0,TRUE,TRUE,FALSE,FALSE,FALSE,"Rhat > 1.01; bulk ESS < 400"
"fmort[96]",TRUE,-0.735795444008559,-0.736611558651591,0.143700877522574,-1.006816664906,-0.839597204303926,-0.633987879126946,-0.455789186630953,0.0129079460901469,1.03158493666128,125.221781530926,589.543253010457,0,0,TRUE,TRUE,FALSE,FALSE,FALSE,"Rhat > 1.01; bulk ESS < 400"
"fmort[97]",TRUE,-0.666117276678268,-0.665265328885017,0.136572579417329,-0.927581778787867,-0.760917122477126,-0.57365384384905,-0.404384062629825,0.0125373426640566,1.02886539148908,118.893331730156,553.867127355974,0,0,TRUE,TRUE,FALSE,FALSE,FALSE,"Rhat > 1.01; bulk ESS < 400"
"fmort[98]",TRUE,-1.26683907298073,-1.26674257311214,0.134480575844632,-1.52116996812198,-1.35914098257896,-1.17422946067823,-1.01463157720518,0.0128038358656699,1.03245239313718,111.43371202794,653.86618707186,0,0,TRUE,TRUE,FALSE,FALSE,FALSE,"Rhat > 1.01; bulk ESS < 400"
"fmort[99]",TRUE,-1.31825277106264,-1.32216727194391,0.153343601692125,-1.61433579338194,-1.42227558866426,-1.21638568301411,-1.02021328602839,0.0142784832514469,1.0336944472496,115.718029952856,451.077258652272,0,0,TRUE,TRUE,FALSE,FALSE,FALSE,"Rhat > 1.01; bulk ESS < 400"
"fmort[100]",TRUE,-1.29992398277979,-1.29972586524309,0.154823569926231,-1.60727086664877,-1.40562781434015,-1.19789722347522,-0.997228097629641,0.0149261786342322,1.03565042064751,107.865337271311,500.634721016505,0,0,TRUE,TRUE,FALSE,FALSE,FALSE,"Rhat > 1.01; bulk ESS < 400"
"fmort[101]",TRUE,-1.35893285821541,-1.36240451565242,0.160412686199569,-1.66892352858684,-1.46880564477749,-1.24836832381624,-1.04309595818001,0.0151941377225042,1.03219857059143,112.740008772459,489.390448285815,0,0,TRUE,TRUE,FALSE,FALSE,FALSE,"Rhat > 1.01; bulk ESS < 400"
"fmort[102]",TRUE,-1.30582033744894,-1.30919543468016,0.178398377045418,-1.65256017658635,-1.43117333589803,-1.18165145322978,-0.959630328776462,0.0168654576239898,1.02970764734409,112.440039909363,397.019574845662,0,0,TRUE,TRUE,TRUE,FALSE,FALSE,"Rhat > 1.01; bulk ESS < 400; tail ESS < 400"
"fmort[103]",TRUE,-1.19126107009536,-1.19079819001124,0.16107318896833,-1.50394519955674,-1.30073498954463,-1.08002580481961,-0.884311822855099,0.015488666605416,1.03248354358226,107.153791774855,401.088992633955,0,0,TRUE,TRUE,FALSE,FALSE,FALSE,"Rhat > 1.01; bulk ESS < 400"
"fmort[104]",TRUE,-1.14359046392691,-1.13943759462294,0.163835309407946,-1.46184459887198,-1.25655620679354,-1.02627586471314,-0.839479582220338,0.013651963502586,1.02342252733034,145.14382764736,649.7875355392,0,0,TRUE,TRUE,FALSE,FALSE,FALSE,"Rhat > 1.01; bulk ESS < 400"
"fmort[105]",TRUE,-1.1030471819409,-1.10404956929593,0.167939350148917,-1.4399779364435,-1.21826878684314,-0.985955525681461,-0.77478500608101,0.0126582820845708,1.01927165140117,175.889734543736,729.145243595779,0,0,TRUE,TRUE,FALSE,FALSE,FALSE,"Rhat > 1.01; bulk ESS < 400"
"fmort[106]",TRUE,-0.967880003718286,-0.967504705702107,0.173036683780486,-1.29068811590801,-1.08832552117669,-0.852136590076062,-0.623231174271838,0.0146571139511434,1.02661020738732,140.457965744203,686.092774027787,0,0,TRUE,TRUE,FALSE,FALSE,FALSE,"Rhat > 1.01; bulk ESS < 400"
"fmort[107]",TRUE,-1.08561944161527,-1.08442005551742,0.160837848719677,-1.3895655115897,-1.20097015400744,-0.973674516792137,-0.778545310849616,0.0142890231572797,1.02884661586081,127.210796509492,630.534538434379,0,0,TRUE,TRUE,FALSE,FALSE,FALSE,"Rhat > 1.01; bulk ESS < 400"
"fmort[108]",TRUE,-0.931979069563321,-0.932913801996729,0.156196879311132,-1.22771332233998,-1.03864145006967,-0.824029341123565,-0.627736338152105,0.0146451122973734,1.03334537096925,114.471677874754,694.763248246204,0,0,TRUE,TRUE,FALSE,FALSE,FALSE,"Rhat > 1.01; bulk ESS < 400"
"fmort[109]",TRUE,-0.787325682897233,-0.785856394187108,0.160732201329481,-1.10283041077464,-0.898033040601379,-0.676980878144285,-0.488241951621167,0.0142202868055594,1.02714724334626,128.222334562236,592.77671837972,0,0,TRUE,TRUE,FALSE,FALSE,FALSE,"Rhat > 1.01; bulk ESS < 400"
"fmort[110]",TRUE,-0.697768376983108,-0.699294038880091,0.162258754673917,-1.01439507746796,-0.807099739705496,-0.587215883926677,-0.380325438423436,0.0146142671453483,1.03030033172253,123.43455588998,558.194625172729,0,0,TRUE,TRUE,FALSE,FALSE,FALSE,"Rhat > 1.01; bulk ESS < 400"
"fmort[111]",TRUE,-0.60588467952389,-0.604673948615341,0.16150261130308,-0.918940276247002,-0.714279709011875,-0.492847305513674,-0.300782410118655,0.0145052686762956,1.02993174961812,123.224336176026,577.865272246424,0,0,TRUE,TRUE,FALSE,FALSE,FALSE,"Rhat > 1.01; bulk ESS < 400"
"fmort[112]",TRUE,-0.142823190088454,-0.144245141579009,0.149386165492821,-0.431093119435584,-0.247993977811082,-0.0367258911784996,0.142540041807476,0.0141115523862927,1.03251683580738,113.405490866796,508.717078916489,0,0,TRUE,TRUE,FALSE,FALSE,FALSE,"Rhat > 1.01; bulk ESS < 400"
"fmort[113]",TRUE,-0.202757437282023,-0.197371212618027,0.149493222360198,-0.483904921287344,-0.310633626491867,-0.101302792064457,0.0835069692233106,0.0143914409800224,1.0372132330362,108.575109694425,570.323551869658,0,0,TRUE,TRUE,FALSE,FALSE,FALSE,"Rhat > 1.01; bulk ESS < 400"
"fmort[114]",TRUE,-0.655409616495314,-0.657528556822923,0.29326088268443,-1.24769769059939,-0.846478639586575,-0.454192279368385,-0.0899166288778703,0.0166049521608387,1.01606598456799,310.164699719872,1437.5557820891,0,0,TRUE,TRUE,FALSE,FALSE,FALSE,"Rhat > 1.01; bulk ESS < 400"
"fmort[115]",TRUE,-8.42598829099475,-8.4246953743627,0.217551223281224,-8.87304889067746,-8.57100335288394,-8.27703745633779,-8.01762972450098,0.0116132969612061,1.01424575103659,360.057619528478,843.637557762033,0,0,TRUE,TRUE,FALSE,FALSE,FALSE,"Rhat > 1.01; bulk ESS < 400"
"fmort[116]",TRUE,-7.69563625831322,-7.69043217602777,0.211380242893446,-8.13928732181564,-7.82833957655675,-7.5568177957157,-7.2886786775595,0.0117055755061815,1.01567236199341,332.158600372879,914.395066402423,0,0,TRUE,TRUE,FALSE,FALSE,FALSE,"Rhat > 1.01; bulk ESS < 400"
"fmort[117]",TRUE,-6.76130435201395,-6.75930130107492,0.191582026025461,-7.13183238720576,-6.89067371878806,-6.63247563490791,-6.38994681362598,0.0102272496981795,1.01326213278094,350.771408424067,956.508828173368,0,0,TRUE,TRUE,FALSE,FALSE,FALSE,"Rhat > 1.01; bulk ESS < 400"
"fmort[118]",TRUE,-5.9463740982948,-5.94717119165853,0.194530095209569,-6.32158941565079,-6.078422137033,-5.81990668670389,-5.56998026520658,0.01071714557504,1.01738710634301,329.07129539498,842.631252784253,0,0,TRUE,TRUE,FALSE,FALSE,FALSE,"Rhat > 1.01; bulk ESS < 400"
"fmort[119]",TRUE,-4.8843990740434,-4.88572693464034,0.213856202617791,-5.28593469999593,-5.02881834428288,-4.73767619583712,-4.46664018978721,0.0118531379113296,1.01858039544682,325.237414325049,1023.88557572479,0,0,TRUE,TRUE,FALSE,FALSE,FALSE,"Rhat > 1.01; bulk ESS < 400"
"fmort[120]",TRUE,-5.97288909752008,-5.96927061531443,0.196226947423523,-6.36052458545185,-6.10746310470077,-5.84005065365041,-5.59088878889012,0.0112143053112768,1.02030840624716,305.634444802161,712.421282020708,0,0,TRUE,TRUE,FALSE,FALSE,FALSE,"Rhat > 1.01; bulk ESS < 400"
"fmort[121]",TRUE,-5.48162336845395,-5.4863685892556,0.186898103934038,-5.83438626747376,-5.61020852736728,-5.34840727361157,-5.1146325153375,0.0110768120431704,1.02065501527428,285.227430034905,647.281291028176,0,0,TRUE,TRUE,FALSE,FALSE,FALSE,"Rhat > 1.01; bulk ESS < 400"
"fmort[122]",TRUE,-3.28389390604095,-3.28711688835058,0.183367746567874,-3.6345817177881,-3.40639726217484,-3.1630820982264,-2.91757729710937,0.0121804791453337,1.02238566310082,227.686282590972,437.648934932026,0,0,TRUE,TRUE,FALSE,FALSE,FALSE,"Rhat > 1.01; bulk ESS < 400"
"fmort[123]",TRUE,-3.72337743948332,-3.72108542932829,0.171559543609052,-4.05964076722718,-3.83878419209802,-3.60616523525289,-3.38296209825952,0.0119450716068033,1.02520092847505,207.37150795731,403.621656321338,0,0,TRUE,TRUE,FALSE,FALSE,FALSE,"Rhat > 1.01; bulk ESS < 400"
"fmort[124]",TRUE,-3.94456470695424,-3.94353275634613,0.160075785918043,-4.25948614053377,-4.05013103737327,-3.83634566601526,-3.63147246022574,0.0104355585455684,1.02186295853014,234.809358430278,440.516611744989,0,0,TRUE,TRUE,FALSE,FALSE,FALSE,"Rhat > 1.01; bulk ESS < 400"
"fmort[125]",TRUE,-3.76556693061309,-3.7701114693331,0.151694745362284,-4.06195807137188,-3.86451018968798,-3.66543402187725,-3.45207789765252,0.012844833649293,1.03070936888998,145.085990485904,308.281611645567,0,0,TRUE,TRUE,TRUE,FALSE,FALSE,"Rhat > 1.01; bulk ESS < 400; tail ESS < 400"
"fmort[126]",TRUE,-3.68465667107051,-3.68694990338946,0.150539839241925,-3.96941128262661,-3.78581042861671,-3.58790750711128,-3.37035107372313,0.013598366170849,1.03887645075766,118.686083250567,300.96915219375,0,0,TRUE,TRUE,TRUE,FALSE,FALSE,"Rhat > 1.01; bulk ESS < 400; tail ESS < 400"
"fmort[127]",TRUE,-4.73545072242192,-4.74197086069648,0.152084081608483,-5.01575899302752,-4.83891560185198,-4.63964527011917,-4.42260011382031,0.0126850761721334,1.02710815306684,188.909993098558,284.822274019186,0,0,TRUE,TRUE,TRUE,FALSE,FALSE,"Rhat > 1.01; bulk ESS < 400; tail ESS < 400"
"fmort[128]",TRUE,-4.90612013179792,-4.91103243870356,0.153335356382576,-5.18950449888141,-5.00980034458163,-4.80678067575973,-4.58989686049384,0.0108394198355159,1.02625199563633,210.828660520654,349.311536167881,0,0,TRUE,TRUE,TRUE,FALSE,FALSE,"Rhat > 1.01; bulk ESS < 400; tail ESS < 400"
"fmort[129]",TRUE,-4.58358995539739,-4.59094434728698,0.151971095825683,-4.86801942377456,-4.68758717199012,-4.48633602519835,-4.26955697937733,0.0100072264573051,1.01955713379024,246.265520035612,347.180288906988,0,0,TRUE,TRUE,TRUE,FALSE,FALSE,"Rhat > 1.01; bulk ESS < 400; tail ESS < 400"
"fmort[130]",TRUE,-5.33893940268055,-5.35057609253742,0.152703632735831,-5.61695864725903,-5.44151541780461,-5.24249450766363,-5.00733445963881,0.00971022933187745,1.01984907676407,269.390723468617,346.598952794943,0,0,TRUE,TRUE,TRUE,FALSE,FALSE,"Rhat > 1.01; bulk ESS < 400; tail ESS < 400"
"fmort[131]",TRUE,-6.07301309614354,-6.07910869707081,0.149439574595195,-6.34150463635289,-6.17774512069014,-5.97864223592497,-5.76436611498807,0.00964755845511817,1.02012855674013,253.97448918674,406.700885987511,0,0,TRUE,TRUE,FALSE,FALSE,FALSE,"Rhat > 1.01; bulk ESS < 400"
"fmort[132]",TRUE,-6.29546001902408,-6.30073299658866,0.138403216403054,-6.54484714314091,-6.39149734161293,-6.20824611679252,-6.01141445088836,0.00861279103176469,1.01885336872554,279.350247350244,479.042440846084,0,0,TRUE,TRUE,FALSE,FALSE,FALSE,"Rhat > 1.01; bulk ESS < 400"
"fmort[133]",TRUE,-5.28302589374825,-5.292024733001,0.130880678808114,-5.5184241392511,-5.3734787293897,-5.19849554962394,-5.0146510881231,0.00796377931759649,1.02143574154539,279.206133646292,694.570855535692,0,0,TRUE,TRUE,FALSE,FALSE,FALSE,"Rhat > 1.01; bulk ESS < 400"
"fmort[134]",TRUE,-5.10543734108243,-5.11450653989704,0.132130954710576,-5.3416649736263,-5.19639444766755,-5.02366309162913,-4.8253023955026,0.00838732680685864,1.02394769426174,252.393870298919,530.474928158994,0,0,TRUE,TRUE,FALSE,FALSE,FALSE,"Rhat > 1.01; bulk ESS < 400"
"fmort[135]",TRUE,-4.34094948498177,-4.34729703733338,0.132790369213419,-4.58423446194732,-4.43126244759838,-4.25573890638689,-4.06855894448114,0.00817965980270587,1.02230540760948,273.565872576339,527.691263576224,0,0,TRUE,TRUE,FALSE,FALSE,FALSE,"Rhat > 1.01; bulk ESS < 400"
"fmort[136]",TRUE,-4.44240458794859,-4.44714389467843,0.13275772578363,-4.68939686172028,-4.53370715723912,-4.35762150526562,-4.17918419287579,0.00839735783263492,1.02278848505038,259.198720594159,677.249178803713,0,0,TRUE,TRUE,FALSE,FALSE,FALSE,"Rhat > 1.01; bulk ESS < 400"
"fmort[137]",TRUE,-5.10341716516748,-5.10763055218295,0.13523404616167,-5.35169343393411,-5.19722055851022,-5.01565497582959,-4.82869984925927,0.00714211457901721,1.01877238256916,355.493333898097,960.839218976293,0,0,TRUE,TRUE,FALSE,FALSE,FALSE,"Rhat > 1.01; bulk ESS < 400"
"fmort[138]",TRUE,-5.03709023268243,-5.03906140442503,0.130671081140459,-5.27174895382765,-5.12768056714398,-4.95130931427821,-4.76443921229923,0.00642710044796795,1.01617201285786,425.885789773419,1153.20161906281,0,0,TRUE,FALSE,FALSE,FALSE,FALSE,"Rhat > 1.01"
"fmort[139]",TRUE,-4.57531853538953,-4.57995359602007,0.125656897242162,-4.81138779795693,-4.66048272692952,-4.49415238073991,-4.31304034721478,0.0070485829551169,1.01629456907068,333.936775421043,552.712357985331,0,0,TRUE,TRUE,FALSE,FALSE,FALSE,"Rhat > 1.01; bulk ESS < 400"
"fmort[140]",TRUE,-3.16492756937546,-3.16995498513712,0.13247806194996,-3.40531157674517,-3.25340724633599,-3.08105527081874,-2.88766109661851,0.00863941082199936,1.02101804032078,206.785186104646,748.936358330423,0,0,TRUE,TRUE,FALSE,FALSE,FALSE,"Rhat > 1.01; bulk ESS < 400"
"fmort[141]",TRUE,-2.82951672375635,-2.83202887532023,0.149213465470497,-3.11337243420169,-2.93160834974439,-2.73086944026513,-2.53511990126695,0.00978622459172121,1.01954984409526,244.214996693972,939.306346089453,0,0,TRUE,TRUE,FALSE,FALSE,FALSE,"Rhat > 1.01; bulk ESS < 400"
"fmort[142]",TRUE,-2.35925142061725,-2.36200582851843,0.165049157949126,-2.66302968533753,-2.47576922952959,-2.25188669993568,-2.02483832403811,0.0101145023844313,1.02125424668715,271.746517321949,956.161941961248,0,0,TRUE,TRUE,FALSE,FALSE,FALSE,"Rhat > 1.01; bulk ESS < 400"
"fmort[143]",TRUE,-2.4232022419946,-2.4305509966986,0.175825068319744,-2.75249589788753,-2.54710169163818,-2.31044819311969,-2.05208980278724,0.0115570691098252,1.02315203717237,249.022573402731,933.81026608487,0,0,TRUE,TRUE,FALSE,FALSE,FALSE,"Rhat > 1.01; bulk ESS < 400"
"fmort[144]",TRUE,-3.15088910812882,-3.14780283808467,0.217704126271184,-3.58113822937064,-3.29860160200257,-3.00577901919223,-2.72960173732609,0.0190567279357936,1.04839050256246,130.610248144268,451.304339950604,0,0,TRUE,TRUE,FALSE,FALSE,FALSE,"Rhat > 1.01; bulk ESS < 400"
"fmort[145]",TRUE,-3.09616693039825,-3.09216621214428,0.204770006994074,-3.50423605508021,-3.23904765887183,-2.95443336898164,-2.70583000801782,0.0175019982262467,1.04620021704351,137.093798605465,452.219457311774,0,0,TRUE,TRUE,FALSE,FALSE,FALSE,"Rhat > 1.01; bulk ESS < 400"
"fmort[146]",TRUE,-2.22397198451411,-2.22276036191798,0.194287325618563,-2.61331334105171,-2.35609609816028,-2.08718015678517,-1.85360778941466,0.016337109234322,1.04527694394262,140.59362145595,489.624168365004,0,0,TRUE,TRUE,FALSE,FALSE,FALSE,"Rhat > 1.01; bulk ESS < 400"
"fmort[147]",TRUE,-3.97834954648332,-3.97901185446849,0.187796546540714,-4.34533714392903,-4.10313226902376,-3.84788340071496,-3.61844204189529,0.0163192302405882,1.04704377512339,131.994318535511,468.04803290854,0,0,TRUE,TRUE,FALSE,FALSE,FALSE,"Rhat > 1.01; bulk ESS < 400"
"fmort[148]",TRUE,-3.63567495034524,-3.63634705847472,0.18222725298856,-3.9958765223691,-3.75572178556221,-3.51483833946234,-3.28643981358164,0.0159540765890064,1.04616194965205,130.596288219137,449.772110065352,0,0,TRUE,TRUE,FALSE,FALSE,FALSE,"Rhat > 1.01; bulk ESS < 400"
"fmort[149]",TRUE,-3.66156564123745,-3.66274337841603,0.181703916332355,-4.00462560399151,-3.78844158365651,-3.53855485002804,-3.30973953168457,0.0160764403958716,1.04717837114472,127.902401350168,472.041056693804,0,0,TRUE,TRUE,FALSE,FALSE,FALSE,"Rhat > 1.01; bulk ESS < 400"
"fmort[150]",TRUE,-4.22459147049047,-4.22612468684519,0.169601406977174,-4.55543334191592,-4.3438155449195,-4.10651233773354,-3.8945366276205,0.0143652481689339,1.04278739461302,139.647017923126,491.01492537972,0,0,TRUE,TRUE,FALSE,FALSE,FALSE,"Rhat > 1.01; bulk ESS < 400"
"fmort[151]",TRUE,-3.02386067031756,-3.01917612561349,0.164799153893903,-3.35905793204253,-3.13709564701402,-2.91399258036749,-2.70677138592523,0.0147185663965855,1.05166587259409,125.625341857318,503.856019243489,0,0,TRUE,TRUE,FALSE,FALSE,FALSE,"Rhat > 1.01; bulk ESS < 400"
"fmort[152]",TRUE,-2.97571164099547,-2.97365225889848,0.171132761330811,-3.32129270054346,-3.088584827229,-2.86023513324638,-2.64763080395677,0.0153352964762127,1.04884058830585,124.773200563744,407.274613504555,0,0,TRUE,TRUE,FALSE,FALSE,FALSE,"Rhat > 1.01; bulk ESS < 400"
"fmort[153]",TRUE,-2.85208357856927,-2.84968237185786,0.163238028987403,-3.1785533029414,-2.96231328486689,-2.74485630789381,-2.54086054248225,0.0148585768969481,1.05040963266159,121.078427922179,459.608088560317,0,0,TRUE,TRUE,FALSE,FALSE,FALSE,"Rhat > 1.01; bulk ESS < 400"
"fmort[154]",TRUE,-3.07481866458723,-3.07054934468386,0.155763387257745,-3.382905648959,-3.17767119010475,-2.96942003081267,-2.77974239736573,0.0167537110132312,1.05475198710002,89.3868678664899,442.344275272135,0,0,TRUE,TRUE,FALSE,FALSE,FALSE,"Rhat > 1.01; bulk ESS < 400"
"fmort[155]",TRUE,-4.79565814086696,-4.79770035551329,0.128244156073696,-5.0365399471988,-4.88308603955257,-4.71023292029721,-4.54087157281463,0.00962132872351797,1.03909402340942,177.334375902968,816.534654950692,0,0,TRUE,TRUE,FALSE,FALSE,FALSE,"Rhat > 1.01; bulk ESS < 400"
"fmort[156]",TRUE,-2.40258432377001,-2.40373852644792,0.1329688633271,-2.6596939428488,-2.49319633825858,-2.31620335303478,-2.13413465428422,0.00954080408873644,1.03526932054572,193.969037100395,884.359968759106,0,0,TRUE,TRUE,FALSE,FALSE,FALSE,"Rhat > 1.01; bulk ESS < 400"
"fmort[157]",TRUE,-2.85285071347567,-2.85625018382814,0.134120258303999,-3.10328399731659,-2.94567805212947,-2.76185369599653,-2.57630745852114,0.00786390996972607,1.02929598789016,289.976176652163,697.304182201937,0,0,TRUE,TRUE,FALSE,FALSE,FALSE,"Rhat > 1.01; bulk ESS < 400"
"fmort[158]",TRUE,-3.58635662865508,-3.59072490915776,0.138415026855251,-3.84629957405953,-3.68166053345975,-3.49685688542596,-3.30337502575593,0.00905313893180087,1.02909650544898,232.299367539157,818.280375445038,0,0,TRUE,TRUE,FALSE,FALSE,FALSE,"Rhat > 1.01; bulk ESS < 400"
"fmort[159]",TRUE,-3.77710448260127,-3.77999858998991,0.13738830010702,-4.03050018820193,-3.87321613771044,-3.68436929600911,-3.4989528648397,0.00987191231993766,1.03530259999589,194.712261742099,741.725569326253,0,0,TRUE,TRUE,FALSE,FALSE,FALSE,"Rhat > 1.01; bulk ESS < 400"
"fmort[160]",TRUE,-5.07393028494985,-5.0777392399042,0.13518766748453,-5.32236522346009,-5.16917196704454,-4.98303182825856,-4.80136126143921,0.0101449419881387,1.03594839967307,178.83841039086,714.822579214924,0,0,TRUE,TRUE,FALSE,FALSE,FALSE,"Rhat > 1.01; bulk ESS < 400"
"fmort[161]",TRUE,-5.68675605843892,-5.69006174467593,0.132172511446601,-5.92769579162585,-5.77772096569516,-5.59998502636422,-5.41622526626696,0.0093351236292598,1.03135914020397,200.740034902744,847.829851457877,0,0,TRUE,TRUE,FALSE,FALSE,FALSE,"Rhat > 1.01; bulk ESS < 400"
"fmort[162]",TRUE,-6.36330664976034,-6.36534593725192,0.131085581882156,-6.60600439257476,-6.45401086459604,-6.27742741460041,-6.09024742907434,0.00998914639007717,1.03842218462477,168.885084483909,699.587282728495,0,0,TRUE,TRUE,FALSE,FALSE,FALSE,"Rhat > 1.01; bulk ESS < 400"
"fmort[163]",TRUE,-4.79183016167543,-4.79777729836771,0.132095018072017,-5.03970854734386,-4.88398979659241,-4.70183952992059,-4.52028781934366,0.0102009985430496,1.03806795520317,166.615208136551,540.902974774224,0,0,TRUE,TRUE,FALSE,FALSE,FALSE,"Rhat > 1.01; bulk ESS < 400"
"fmort[164]",TRUE,-4.22640846883702,-4.23052560980812,0.137561129458921,-4.48059535226,-4.3215040209364,-4.13293440650524,-3.95401815735615,0.0114564215400488,1.04179913479485,139.259124348471,556.006918126746,0,0,TRUE,TRUE,FALSE,FALSE,FALSE,"Rhat > 1.01; bulk ESS < 400"
"fmort[165]",TRUE,-4.24951817596107,-4.25249123633338,0.178672919433197,-4.58728403798687,-4.37227255384495,-4.13086501963697,-3.87953300341275,0.0137841866219573,1.03480243905697,167.303278098313,638.812752790064,0,0,TRUE,TRUE,FALSE,FALSE,FALSE,"Rhat > 1.01; bulk ESS < 400"
"fmort[166]",TRUE,-4.4288920645631,-4.43267033668013,0.173423377829306,-4.76975618803492,-4.54593525522267,-4.3069367389164,-4.09721482226663,0.0139761064748334,1.03893716378895,154.596900277096,414.715805504245,0,0,TRUE,TRUE,FALSE,FALSE,FALSE,"Rhat > 1.01; bulk ESS < 400"
"fmort[167]",TRUE,-4.2742028181388,-4.27440005681236,0.17617290713637,-4.61262838199222,-4.39589098535982,-4.15498733807125,-3.9197135449619,0.0139739026507206,1.03699594051581,158.838836432844,429.449421168833,0,0,TRUE,TRUE,FALSE,FALSE,FALSE,"Rhat > 1.01; bulk ESS < 400"
"fmort[168]",TRUE,-3.87124640464257,-3.87109481892216,0.17113445873345,-4.20586448280438,-3.98872395621534,-3.75374244149518,-3.5361264885923,0.0138103888088984,1.03897830435936,153.287684851036,543.265642624573,0,0,TRUE,TRUE,FALSE,FALSE,FALSE,"Rhat > 1.01; bulk ESS < 400"
"fmort[169]",TRUE,-3.87888645537298,-3.87817343921036,0.167036813861922,-4.20080773238458,-3.98813463012871,-3.76476765035677,-3.54832244720286,0.0135557231160149,1.04375360042185,152.449954721341,551.037872440328,0,0,TRUE,TRUE,FALSE,FALSE,FALSE,"Rhat > 1.01; bulk ESS < 400"
"fmort[170]",TRUE,-3.85743413702833,-3.85464490000196,0.1764202144632,-4.19639059758074,-3.97924441951438,-3.74320316157618,-3.51811975236613,0.0135890603906765,1.0443585855314,168.359772440615,742.038990438373,0,0,TRUE,TRUE,FALSE,FALSE,FALSE,"Rhat > 1.01; bulk ESS < 400"
"fmort[171]",TRUE,-4.27089485093729,-4.26962185508791,0.195940751121933,-4.64850622522983,-4.40205083391572,-4.14098954904172,-3.88924781478885,0.0143042284136989,1.04161269870192,186.638933792065,611.062813813475,0,0,TRUE,TRUE,FALSE,FALSE,FALSE,"Rhat > 1.01; bulk ESS < 400"
"fmort[172]",TRUE,-9.65939455644834,-9.65631030979371,0.191975151709925,-10.0416195652256,-9.78862445572726,-9.53170943274436,-9.29146876321359,0.0105601704341803,1.0175076771805,330.488859824998,602.393437392822,0,0,TRUE,TRUE,FALSE,FALSE,FALSE,"Rhat > 1.01; bulk ESS < 400"
"fmort[173]",TRUE,-9.59979099160131,-9.60134423656373,0.190556505339951,-9.97509383849243,-9.73091862881888,-9.47065929476114,-9.23001420120695,0.0118727569787135,1.02352498282544,259.025151291075,682.419682091818,0,0,TRUE,TRUE,FALSE,FALSE,FALSE,"Rhat > 1.01; bulk ESS < 400"
"fmort[174]",TRUE,-7.83898277521237,-7.83880486906015,0.19156841827826,-8.21000815503901,-7.97045807130086,-7.70769571862501,-7.46939213039705,0.0143547029163292,1.03015121192486,178.220561100037,503.369686798261,0,0,TRUE,TRUE,FALSE,FALSE,FALSE,"Rhat > 1.01; bulk ESS < 400"
"fmort[175]",TRUE,-9.48465601036476,-9.48778052432002,0.192095051876471,-9.85902049835747,-9.61373785445269,-9.35413063110589,-9.10995156055234,0.0154953586382959,1.03553269210646,154.15352629489,384.961491311067,0,0,TRUE,TRUE,TRUE,FALSE,FALSE,"Rhat > 1.01; bulk ESS < 400; tail ESS < 400"
"fmort[176]",TRUE,-9.4137962681839,-9.41419768860976,0.193835207557375,-9.7841957264955,-9.54597530675873,-9.28067109254335,-9.04177653827933,0.0166417469575088,1.03472513302991,135.661822361256,432.466508199796,0,0,TRUE,TRUE,FALSE,FALSE,FALSE,"Rhat > 1.01; bulk ESS < 400"
"fmort[177]",TRUE,-9.34646869791579,-9.34556138712614,0.193635283311731,-9.7067961140295,-9.47594588924808,-9.21773761042695,-8.96490665809698,0.0149717650629144,1.03459830390674,167.336326297536,522.192543366869,0,0,TRUE,TRUE,FALSE,FALSE,FALSE,"Rhat > 1.01; bulk ESS < 400"
"fmort[178]",TRUE,-9.25021839574582,-9.25860662021277,0.195732344197985,-9.61657904817479,-9.38277851278912,-9.121177369404,-8.84570814756177,0.0138189162051568,1.02915905572249,200.687894687806,478.762411010667,0,0,TRUE,TRUE,FALSE,FALSE,FALSE,"Rhat > 1.01; bulk ESS < 400"
"fmort[179]",TRUE,-8.40514155751097,-8.41475625363992,0.201158362253025,-8.78334899880446,-8.54387015556938,-8.27325994228848,-7.98119772600138,0.014145594810738,1.02851420426845,202.606473391922,474.108118257328,0,0,TRUE,TRUE,FALSE,FALSE,FALSE,"Rhat > 1.01; bulk ESS < 400"
"fmort[180]",TRUE,-5.22132703752319,-5.2321721216071,0.212782292529579,-5.61610450717028,-5.36675395732199,-5.08337778534543,-4.77445336956376,0.0148933596702994,1.02603502006439,204.929785357251,481.338358354705,0,0,TRUE,TRUE,FALSE,FALSE,FALSE,"Rhat > 1.01; bulk ESS < 400"
"fmort[181]",TRUE,-3.16377580918312,-3.17774643812925,0.243534597202287,-3.61746612655627,-3.3258794087026,-3.00940896392158,-2.64839663477113,0.0168913131149998,1.02090170430588,208.35459790719,451.602245040922,0,0,TRUE,TRUE,FALSE,FALSE,FALSE,"Rhat > 1.01; bulk ESS < 400"
"fmort[182]",TRUE,-3.1912686639958,-3.2013425103753,0.271919986534471,-3.69735892326657,-3.37324955516132,-3.02028308702745,-2.6366618918564,0.0189114865675515,1.01632719771824,206.088260409246,399.38807192368,0,0,TRUE,TRUE,TRUE,FALSE,FALSE,"Rhat > 1.01; bulk ESS < 400; tail ESS < 400"
"fmort[183]",TRUE,-2.88809481355057,-2.90074753095153,0.296418149907913,-3.42592834248621,-3.09059873183166,-2.69800963514827,-2.2725988535993,0.0209647455166301,1.01099745929226,199.035516418999,388.601517760566,0,0,TRUE,TRUE,TRUE,FALSE,FALSE,"Rhat > 1.01; bulk ESS < 400; tail ESS < 400"
"fmort[184]",TRUE,-2.27845804033605,-2.29650855718831,0.323392133674108,-2.87468334376694,-2.50125611623158,-2.0711620663596,-1.59553037618436,0.0231163931363548,1.00805753885814,194.283963340284,426.814337788188,0,0,FALSE,TRUE,FALSE,FALSE,FALSE,"bulk ESS < 400"
"fmort[185]",TRUE,-2.0274079895122,-2.03884415450365,0.359031698111056,-2.67240052536367,-2.27407320444944,-1.80575580997263,-1.28421850845091,0.0269861072629685,1.00685821550601,176.875716391077,389.149766454416,0,0,FALSE,TRUE,TRUE,FALSE,FALSE,"bulk ESS < 400; tail ESS < 400"
"fmort[186]",TRUE,-1.82521457807609,-1.8374885156927,0.389726581698707,-2.53986788766658,-2.09667228661547,-1.59182466160805,-0.964088559728641,0.0312390392501477,1.0060351521583,157.622414830514,313.637086087201,0,0,FALSE,TRUE,TRUE,FALSE,FALSE,"bulk ESS < 400; tail ESS < 400"
"fmort[187]",TRUE,-2.13171669109039,-2.15700919021815,0.406656754045963,-2.8476724538388,-2.41638622830476,-1.88361858877986,-1.22853671570041,0.0344832541332537,1.00644719398272,141.143867089378,245.778291555907,0,0,FALSE,TRUE,TRUE,FALSE,FALSE,"bulk ESS < 400; tail ESS < 400"
"fmort[188]",TRUE,-2.33865296024722,-2.35121396624453,0.440202340499509,-3.16185620851163,-2.65417157176202,-2.0539480518123,-1.39251761789808,0.0395817272694936,1.00754272676585,126.46150114802,201.621509720322,0,0,FALSE,TRUE,TRUE,FALSE,FALSE,"bulk ESS < 400; tail ESS < 400"
"fmort[189]",TRUE,-2.60048474448132,-2.62118612521242,0.446923308550986,-3.43225269152071,-2.91495012065215,-2.31798303176798,-1.64317526892951,0.0429848829306864,1.01004524690334,110.730344613565,173.368919060418,0,0,TRUE,TRUE,TRUE,FALSE,FALSE,"Rhat > 1.01; bulk ESS < 400; tail ESS < 400"
"fmort[190]",TRUE,-2.80750069837614,-2.83822788671548,0.414226957630401,-3.53239191788844,-3.1085725078641,-2.53241984115847,-1.93094401196771,0.0415609789144369,1.01124883942223,102.047027694902,150.260537446818,0,0,TRUE,TRUE,TRUE,FALSE,FALSE,"Rhat > 1.01; bulk ESS < 400; tail ESS < 400"
"fmort[191]",TRUE,-2.94029981375798,-2.96432232551327,0.371092118506642,-3.56430699972174,-3.21480907946027,-2.7028100700588,-2.1206494611803,0.0364098779279746,1.00856470135179,106.988792368704,174.031090735298,0,0,FALSE,TRUE,TRUE,FALSE,FALSE,"bulk ESS < 400; tail ESS < 400"
"fmort[192]",TRUE,-3.02743927938555,-3.04705422472712,0.324356690487714,-3.58209771071537,-3.26221773930868,-2.82245539258625,-2.31888549526218,0.0295312339810081,1.0052485966522,122.436587135034,213.143727891869,0,0,FALSE,TRUE,TRUE,FALSE,FALSE,"bulk ESS < 400; tail ESS < 400"
"fmort[193]",TRUE,-3.49797352826879,-3.51960539952788,0.276383902957433,-3.96508644445578,-3.69932696822495,-3.32520544366204,-2.90232547012886,0.0232605435430463,1.00259460760636,144.200259932089,296.667232531783,0,0,FALSE,TRUE,TRUE,FALSE,FALSE,"bulk ESS < 400; tail ESS < 400"
"fmort[194]",TRUE,-6.05025018172844,-6.0783665244604,0.255815441630161,-6.46079718238176,-6.2379304869783,-5.89316501099265,-5.46797095014217,0.0224497721721073,1.00254715243686,133.391733612674,339.641954331008,0,0,FALSE,TRUE,TRUE,FALSE,FALSE,"bulk ESS < 400; tail ESS < 400"
"fmort[195]",TRUE,-9.52447731324672,-9.55311563784362,0.243964614634919,-9.9236734432269,-9.69654922329349,-9.36947321913178,-8.99238976599452,0.0216743308670676,1.00353452698073,130.221376329587,354.547487492093,0,0,FALSE,TRUE,TRUE,FALSE,FALSE,"bulk ESS < 400; tail ESS < 400"
"fmort[196]",TRUE,-9.32580104322843,-9.35200126034037,0.257586242050818,-9.75490570005872,-9.51732373529406,-9.15661315226309,-8.75707401299859,0.0243890487255936,1.00489685529445,113.063913181425,253.351282340093,0,0,FALSE,TRUE,TRUE,FALSE,FALSE,"bulk ESS < 400; tail ESS < 400"
"fmort[197]",TRUE,-9.05384917004487,-9.08262680074212,0.307561341417219,-9.57186928312273,-9.28210948816775,-8.85193657316253,-8.38661075319896,0.0306218668530899,1.00568078096534,104.114869355692,217.195568361447,0,0,FALSE,TRUE,TRUE,FALSE,FALSE,"bulk ESS < 400; tail ESS < 400"
"fmort[198]",TRUE,-8.66980642685778,-8.70901642773205,0.350710733502826,-9.26758460784727,-8.92235895857632,-8.44381735763463,-7.89627222547431,0.0355568583091267,1.00745055528767,101.941183077552,179.57588474245,0,0,FALSE,TRUE,TRUE,FALSE,FALSE,"bulk ESS < 400; tail ESS < 400"
"fmort[199]",TRUE,-8.33756381009588,-8.37441557786204,0.413728127496581,-9.08294066023629,-8.62155922475886,-8.07476108486706,-7.4268997733007,0.0420463439531964,1.00885886933444,101.717547748228,176.100530445656,0,0,FALSE,TRUE,TRUE,FALSE,FALSE,"bulk ESS < 400; tail ESS < 400"
"fmort[200]",TRUE,-8.20437357062078,-8.24399173834528,0.477404295798482,-9.0615034950661,-8.53245001888066,-7.89833218589227,-7.18621491927918,0.0473835868296735,1.01225119095998,106.720124783823,170.880671260044,0,0,TRUE,TRUE,TRUE,FALSE,FALSE,"Rhat > 1.01; bulk ESS < 400; tail ESS < 400"
"fmort[201]",TRUE,-8.3608493552972,-8.40738105932742,0.500286229679347,-9.25260900561236,-8.70493656040429,-8.04485336597859,-7.26514172694602,0.0502434664906991,1.01118698862691,105.329038113384,172.595795201411,0,0,TRUE,TRUE,TRUE,FALSE,FALSE,"Rhat > 1.01; bulk ESS < 400; tail ESS < 400"
"fmort[202]",TRUE,-7.91337354147005,-7.95721055925404,0.469068799255152,-8.73896827589716,-8.24517104926564,-7.62218642548696,-6.91725270361588,0.0449382126472073,1.00919739631597,117.76154446275,174.474815371788,0,0,FALSE,TRUE,TRUE,FALSE,FALSE,"bulk ESS < 400; tail ESS < 400"
"fmort[203]",TRUE,-5.9323089810777,-5.97364336019594,0.385741450573536,-6.5861593658762,-6.20193230647307,-5.69136260644161,-5.06937663070129,0.036647652884131,1.00889151918736,120.888508025084,172.621348931885,0,0,FALSE,TRUE,TRUE,FALSE,FALSE,"bulk ESS < 400; tail ESS < 400"
"fmort[204]",TRUE,-4.76292234265734,-4.79495813179388,0.333897821371019,-5.32996632240199,-5.00218143065375,-4.55217948048563,-4.0341172358084,0.029967142681737,1.00685052238694,136.09024712469,209.636536514763,0,0,FALSE,TRUE,TRUE,FALSE,FALSE,"bulk ESS < 400; tail ESS < 400"
"fmort[205]",TRUE,-4.07215215416466,-4.09728266177014,0.263820047141587,-4.52261827190118,-4.25899345901166,-3.91689159689708,-3.4855660100354,0.0215670483245393,1.00339884343666,162.496534186608,441.683397612314,0,0,FALSE,TRUE,FALSE,FALSE,FALSE,"bulk ESS < 400"
"fmort[206]",TRUE,-3.36707346309837,-3.3956109036294,0.233575527452169,-3.74365345928154,-3.53259608340255,-3.22818878183551,-2.8423881635794,0.0181410820866034,1.0035782181982,179.815370029518,591.635727761497,0,0,FALSE,TRUE,FALSE,FALSE,FALSE,"bulk ESS < 400"
"fmort[207]",TRUE,-3.5098004151664,-3.52959389965218,0.227378871403578,-3.88041911355108,-3.66905146911325,-3.38147070119946,-3.00168514402545,0.0174714768761543,1.003352241927,185.952302778584,411.02298999057,0,0,FALSE,TRUE,FALSE,FALSE,FALSE,"bulk ESS < 400"
"fmort[208]",TRUE,-3.00876214511837,-3.02892214610121,0.197637848439661,-3.35072164073983,-3.14817952485779,-2.88761508781595,-2.57568999461831,0.0137564232362798,1.00295318167358,227.17339565194,433.541165690724,0,0,FALSE,TRUE,FALSE,FALSE,FALSE,"bulk ESS < 400"
"fmort[209]",TRUE,-2.54378212571567,-2.55253877264978,0.185560820493413,-2.87423511598142,-2.67569185406334,-2.41893168728902,-2.16215677860871,0.0102634391840137,1.000837934133,339.75908453625,860.816409855598,0,0,FALSE,TRUE,FALSE,FALSE,FALSE,"bulk ESS < 400"
"fmort[210]",TRUE,-2.31561019991002,-2.32472098168755,0.157223810010034,-2.59281777466976,-2.42698972512207,-2.21423317126441,-1.98586736920991,0.00701004147145952,1.00052979542544,505.636876693858,939.972243032338,0,0,FALSE,FALSE,FALSE,FALSE,TRUE,"passes screening"
"fmort[211]",TRUE,-2.10206203894709,-2.10039769766854,0.167097635453682,-2.42768079465119,-2.21709272960747,-1.98893843581126,-1.77271668812831,0.00782507738944302,1.00447314736186,455.856229906123,1116.99497475776,0,0,FALSE,FALSE,FALSE,FALSE,TRUE,"passes screening"
"fmort[212]",TRUE,-2.19079992352983,-2.19188030276465,0.190886158608308,-2.5708240564958,-2.3198000557669,-2.05949280493982,-1.82288854277644,0.00997722926192885,1.00779670716955,366.875673584317,978.600274267593,0,0,FALSE,TRUE,FALSE,FALSE,FALSE,"bulk ESS < 400"
"fmort[213]",TRUE,-3.34278990189272,-3.34325472651584,0.199587134922874,-3.72232249108892,-3.47855299982412,-3.20529131354114,-2.95189585111626,0.00975768761492161,1.00271822972727,418.240381597545,894.257668654635,0,0,FALSE,FALSE,FALSE,FALSE,TRUE,"passes screening"
"fmort[214]",TRUE,-3.67374085043827,-3.67541617764414,0.205140949232517,-4.06697925350181,-3.81565128318541,-3.53704964661822,-3.25544374508088,0.0102803016843404,1.00273254166016,398.019670399406,788.545825129129,0,0,FALSE,TRUE,FALSE,FALSE,FALSE,"bulk ESS < 400"
"fmort[215]",TRUE,-3.70179041939716,-3.70528260694534,0.195068753192662,-4.06961063635753,-3.83754437367601,-3.57147364355167,-3.31603280506081,0.00974377196391408,1.00181652272216,401.457633611925,793.102712296714,0,0,FALSE,FALSE,FALSE,FALSE,TRUE,"passes screening"
"fmort[216]",TRUE,-3.3178132025468,-3.32692636390987,0.19521647464272,-3.6868744373034,-3.45705777769997,-3.17993987090784,-2.9304768155697,0.00955999072038563,1.00217196695428,418.196227153968,1044.81601061383,0,0,FALSE,FALSE,FALSE,FALSE,TRUE,"passes screening"
"fmort[217]",TRUE,-3.14467451903935,-3.14799770650182,0.182438637252071,-3.49355823047862,-3.27054400987073,-3.02445781775408,-2.76714479372883,0.00871685695110116,1.00439778348678,438.088566728803,1021.12041439065,0,0,FALSE,FALSE,FALSE,FALSE,TRUE,"passes screening"
"fmort[218]",TRUE,-3.63678104652832,-3.63420742613363,0.194491110464725,-4.01609495618687,-3.76812300227664,-3.50610095435628,-3.25653517364529,0.0095779591554385,1.00202570303944,411.635118252688,823.415686177572,0,0,FALSE,FALSE,FALSE,FALSE,TRUE,"passes screening"
"fmort[219]",TRUE,-3.7123951281941,-3.70802074473472,0.196389740549355,-4.09321071534876,-3.84262154711448,-3.57634271863285,-3.33740150498906,0.00957427057248899,1.00171296682769,421.417836624387,869.759885788912,0,0,FALSE,FALSE,FALSE,FALSE,TRUE,"passes screening"
"fmort[220]",TRUE,-3.72507332088763,-3.72554469381457,0.196112988903305,-4.10936405158808,-3.85975039482526,-3.58421759408124,-3.3471555249207,0.00970701832457785,1.00340791249341,408.412121989215,929.580301888704,0,0,FALSE,FALSE,FALSE,FALSE,TRUE,"passes screening"
"fmort[221]",TRUE,-3.88990543688211,-3.88703663771833,0.193911777341827,-4.28029084950449,-4.01837303146147,-3.75879876012524,-3.50908693061863,0.0095297951857643,1.00199445391429,416.646657337,771.53833560757,0,0,FALSE,FALSE,FALSE,FALSE,TRUE,"passes screening"
"fmort[222]",TRUE,-6.36196382345123,-6.35825877967892,0.202143655910922,-6.75559707602303,-6.49510777273199,-6.2283388442329,-5.97181023961566,0.00998197582817856,1.00351631656312,410.63291109803,851.099510195486,0,0,FALSE,FALSE,FALSE,FALSE,TRUE,"passes screening"
"fmort[223]",TRUE,-4.17563087667779,-4.17987644890557,0.251390567004493,-4.66748612543406,-4.34159986560185,-4.00754702242965,-3.66432658560091,0.01129547637393,1.00890708933176,495.63103022369,986.526818972663,0,0,FALSE,FALSE,FALSE,FALSE,TRUE,"passes screening"
"fmort[224]",TRUE,-4.01866457025755,-4.03403980390113,0.233238282629163,-4.44533416472833,-4.18035462991183,-3.8633823958999,-3.53551917716375,0.0111349424302064,1.01092030632475,438.061579073571,845.003341960992,0,0,TRUE,FALSE,FALSE,FALSE,FALSE,"Rhat > 1.01"
"fmort[225]",TRUE,-3.68619721488293,-3.69310106871731,0.246921498864767,-4.14187123205549,-3.85806837589127,-3.52636750580411,-3.17753727291842,0.0115839758619598,1.01128327618097,453.96279627122,799.306243294833,0,0,TRUE,FALSE,FALSE,FALSE,FALSE,"Rhat > 1.01"
"fmort[226]",TRUE,-4.65361580932173,-4.65735082226274,0.280997497917304,-5.2123801442448,-4.83927608454244,-4.46108954638746,-4.09593675233663,0.0127567751265136,1.01322252290278,485.194811089247,1005.83297351768,0,0,TRUE,FALSE,FALSE,FALSE,FALSE,"Rhat > 1.01"
"fmort[227]",TRUE,-4.32862685955784,-4.33411339489637,0.272499367300719,-4.84013218048393,-4.52085175191268,-4.14697016064279,-3.78272800324475,0.0125981260273765,1.01353451460796,468.359626342706,923.971859497721,0,0,TRUE,FALSE,FALSE,FALSE,FALSE,"Rhat > 1.01"
"fmort[228]",TRUE,-3.92031195756247,-3.92931800225844,0.364980103320092,-4.61269797713449,-4.17301507400424,-3.66952696375383,-3.19320220822277,0.0142555883631384,1.01032095772057,662.053448973782,1031.05281238696,0,0,TRUE,FALSE,FALSE,FALSE,FALSE,"Rhat > 1.01"
"log_selcoffs_fsh[1][1]",TRUE,-3.61044159117314,-3.60035003905745,0.514590467392848,-4.63611677178768,-3.96428586161921,-3.24676510232885,-2.64435130926999,0.0154252891478521,1.00221393153468,1130.779077361,2304.28285482148,0,0,FALSE,FALSE,FALSE,FALSE,TRUE,"passes screening"
"log_selcoffs_fsh[1][2]",TRUE,-1.96729993021857,-1.97074786620731,0.360380066773396,-2.6890533183003,-2.20668336879446,-1.71661427896908,-1.28441575866845,0.0151103066998197,1.00931828719542,580.488946954452,998.605867306061,0,0,FALSE,FALSE,FALSE,FALSE,TRUE,"passes screening"
"log_selcoffs_fsh[1][3]",TRUE,-0.957416535940918,-0.945873750394272,0.323372143357881,-1.59456368164632,-1.18414349072,-0.733089367968786,-0.357498427891432,0.0138275893560676,1.00747793900429,557.03884086835,871.832165332675,0,0,FALSE,FALSE,FALSE,FALSE,TRUE,"passes screening"
"log_selcoffs_fsh[1][4]",TRUE,0.0312340836223551,0.035767386916139,0.281244135753185,-0.529962189378098,-0.163097699045134,0.217604662300633,0.582422965964807,0.0109098299974263,1.00835019541356,676.694633642166,852.106371740575,0,0,FALSE,FALSE,FALSE,FALSE,TRUE,"passes screening"
"log_selcoffs_fsh[1][5]",TRUE,0.832893997612616,0.842500393297104,0.228269146601192,0.362805106955794,0.685190701294168,0.982120037907409,1.27202971482003,0.00617335512975029,1.00213843303503,1417.20116937958,1953.53782672252,0,0,FALSE,FALSE,FALSE,FALSE,TRUE,"passes screening"
"log_selcoffs_fsh[1][6]",TRUE,0.936635250043204,0.940870969801197,0.223210200330712,0.49023827180717,0.78715775774979,1.0879658182664,1.375759410319,0.00473791774591226,1.00034532724815,2212.29046226353,2067.6527734562,0,0,FALSE,FALSE,FALSE,FALSE,TRUE,"passes screening"
"log_selcoffs_fsh[1][7]",TRUE,0.289966707233971,0.304663185014785,0.303372739769481,-0.325668556687154,0.0908160301198531,0.502349209613552,0.843199208124315,0.00836356190774407,1.00314332394543,1301.51569282645,2356.41051546127,0,0,FALSE,FALSE,FALSE,FALSE,TRUE,"passes screening"
"log_selcoffs_fsh[1][8]",TRUE,-0.444213270463337,-0.444456525943148,0.38647764913434,-1.19568157492629,-0.703840328438242,-0.169445983121048,0.312588253113942,0.0112626818943365,1.00436115061192,1186.86679492522,1630.68970363325,0,0,FALSE,FALSE,FALSE,FALSE,TRUE,"passes screening"
"log_selcoffs_fsh[1][9]",TRUE,-0.920510205650372,-0.910379048264757,0.404047283987628,-1.69574282586767,-1.19374542803981,-0.650399319484406,-0.143240790926937,0.0128458084258366,1.00194954294721,989.319410638286,1844.02442937345,0,0,FALSE,FALSE,FALSE,FALSE,TRUE,"passes screening"
"log_selcoffs_fsh[1][10]",TRUE,-3.18216902227368,-3.18375593983987,0.505341073747421,-4.19803640655598,-3.51402771098086,-2.8301510002779,-2.19561181197311,0.0154548719639145,1.00319632411587,1073.28028670213,1951.27636319107,0,0,FALSE,FALSE,FALSE,FALSE,TRUE,"passes screening"
"log_selcoffs_fsh[1][11]",TRUE,-1.49247941733494,-1.49120601581988,0.375886784261642,-2.2263458701792,-1.7463008107427,-1.23441518006553,-0.775660810841897,0.0139149705288199,1.00714521144752,731.073822772461,1532.9069533225,0,0,FALSE,FALSE,FALSE,FALSE,TRUE,"passes screening"
"log_selcoffs_fsh[1][12]",TRUE,-0.799879771860882,-0.795812953288334,0.361238338891099,-1.53519642989607,-1.0418239167466,-0.554198305070447,-0.117054762920266,0.0138875337669879,1.00852771112958,675.836498914681,1664.64263430012,0,0,FALSE,FALSE,FALSE,FALSE,TRUE,"passes screening"
"log_selcoffs_fsh[1][13]",TRUE,-0.0404700179084762,-0.0366077973891547,0.329373586931747,-0.708248351742638,-0.260036975325919,0.182093373461115,0.583858741088657,0.0115369687889568,1.0052801344538,812.447198253834,1913.02729681511,0,0,FALSE,FALSE,FALSE,FALSE,TRUE,"passes screening"
"log_selcoffs_fsh[1][14]",TRUE,0.691623635259945,0.699043177173976,0.279652865688882,0.125114123659645,0.505929894088029,0.88891431449202,1.20913466937181,0.00721436407883756,1.00280252716229,1503.5964224515,2212.23106989086,0,0,FALSE,FALSE,FALSE,FALSE,TRUE,"passes screening"
"log_selcoffs_fsh[1][15]",TRUE,0.856543517145577,0.866401189097629,0.252560388343838,0.328577236297128,0.688124693363301,1.02929996645267,1.32656992194992,0.00474719363661268,1.00233137611254,2869.33461663348,2131.02834616867,0,0,FALSE,FALSE,FALSE,FALSE,TRUE,"passes screening"
"log_selcoffs_fsh[1][16]",TRUE,0.35512458218765,0.36613304316283,0.323087078046026,-0.281890914612344,0.137736699522311,0.575925826275246,0.966089634246557,0.00827750243769598,1.00343484695948,1535.19671568779,2373.72077710763,0,0,FALSE,FALSE,FALSE,FALSE,TRUE,"passes screening"
"log_selcoffs_fsh[1][17]",TRUE,-0.284514234931948,-0.275701898540924,0.380775366794783,-1.02436788003851,-0.541335122972929,-0.0314388177513658,0.45453333962943,0.0123741413065068,1.00277546892264,944.846567401088,1938.69233988105,0,0,FALSE,FALSE,FALSE,FALSE,TRUE,"passes screening"
"log_selcoffs_fsh[1][18]",TRUE,-0.709888702694168,-0.70231237583989,0.41447323470693,-1.54255769559519,-0.995616711639719,-0.428587980685664,0.0631962220689389,0.0154450252594646,1.00346073510222,721.764909471201,2003.98365832053,0,0,FALSE,FALSE,FALSE,FALSE,TRUE,"passes screening"
"log_selcoffs_fsh[1][19]",TRUE,-2.88690253556599,-2.88467260589926,0.49174143316876,-3.84806732676308,-3.2198060025739,-2.54359046268243,-1.96079963570834,0.0155196661555696,1.00439467402305,1004.08478768793,1828.68958535021,0,0,FALSE,FALSE,FALSE,FALSE,TRUE,"passes screening"
"log_selcoffs_fsh[1][20]",TRUE,-1.37186676354629,-1.37383415284113,0.387801329377125,-2.1243221369711,-1.63126621333039,-1.11923838660394,-0.60059338393434,0.0135701620700266,1.00628148350326,818.564040451341,1761.58267659791,0,0,FALSE,FALSE,FALSE,FALSE,TRUE,"passes screening"
"log_selcoffs_fsh[1][21]",TRUE,-0.541141532807238,-0.534260841081696,0.351334414204655,-1.24856844953194,-0.774310249913311,-0.302522222371411,0.12399240037608,0.011938041628036,1.00302299144491,867.844651804459,1443.17773305286,0,0,FALSE,FALSE,FALSE,FALSE,TRUE,"passes screening"
"log_selcoffs_fsh[1][22]",TRUE,0.176473986923335,0.185753295752225,0.32599991479923,-0.503089065323186,-0.0411772775237905,0.398904924086921,0.787335501030371,0.0112681586544792,1.00748328366664,843.241281050684,2096.15117069763,0,0,FALSE,FALSE,FALSE,FALSE,TRUE,"passes screening"
"log_selcoffs_fsh[1][23]",TRUE,0.650600798015491,0.657151674676377,0.28415436599893,0.0676029580226643,0.463374318542562,0.845464629230297,1.19403422859241,0.00730769166570329,1.00542973097606,1481.6431208408,2089.70971900951,0,0,FALSE,FALSE,FALSE,FALSE,TRUE,"passes screening"
"log_selcoffs_fsh[1][24]",TRUE,0.669357385623856,0.676341585879943,0.27461596367434,0.103632235553825,0.488488239404161,0.857236237306371,1.18371063864481,0.00488272364835139,1.00191032725282,3180.60967863098,2216.70257868169,0,0,FALSE,FALSE,FALSE,FALSE,TRUE,"passes screening"
"log_selcoffs_fsh[1][25]",TRUE,0.278229026939387,0.28542996812089,0.333606754076742,-0.400973973474392,0.0555452582438515,0.521380076932542,0.909059634611991,0.0098535115328805,1.00135605299471,1143.04411163467,2110.85304222356,0,0,FALSE,FALSE,FALSE,FALSE,TRUE,"passes screening"
"log_selcoffs_fsh[1][26]",TRUE,-0.219947851840683,-0.215800666242805,0.380702939388364,-0.959887936811143,-0.473734274112098,0.0480933741816141,0.495737108800335,0.01293306079582,1.00223130780473,866.972934768178,1917.52074782883,0,0,FALSE,FALSE,FALSE,FALSE,TRUE,"passes screening"
"log_selcoffs_fsh[1][27]",TRUE,-0.552898037535815,-0.556529366168332,0.420404979901565,-1.38469318796925,-0.838015510700661,-0.259608670681722,0.266103445136746,0.0162861741000246,1.0036992973162,671.861108246846,1672.76660355601,0,0,FALSE,FALSE,FALSE,FALSE,TRUE,"passes screening"
"log_selcoffs_fsh[1][28]",TRUE,-2.52460987946081,-2.51211047856959,0.444031443040487,-3.39832052298687,-2.82477061713225,-2.22752484479632,-1.67978171386073,0.01411027476105,1.0010159130261,992.106281939031,1694.82446085205,0,0,FALSE,FALSE,FALSE,FALSE,TRUE,"passes screening"
"log_selcoffs_fsh[1][29]",TRUE,-1.19699265853663,-1.19112402699995,0.379821380777667,-1.95034717351744,-1.45854117543177,-0.926262732499875,-0.445399392235063,0.012975756789592,1.00183483891756,856.897072491203,1847.24254032646,0,0,FALSE,FALSE,FALSE,FALSE,TRUE,"passes screening"
"log_selcoffs_fsh[1][30]",TRUE,-0.538531783900925,-0.533530767753227,0.363313293485252,-1.28012418136928,-0.779222152486061,-0.2972992859699,0.167924939300283,0.0119967841899385,1.00228364762243,916.267398549187,1852.97768736023,0,0,FALSE,FALSE,FALSE,FALSE,TRUE,"passes screening"
"log_selcoffs_fsh[1][31]",TRUE,0.0462368968170667,0.0592476482006312,0.324789878928311,-0.621717178343597,-0.165333744197846,0.268443083445167,0.661155910025284,0.0101257833201105,1.00187146990245,1039.90571592204,1613.0766369942,0,0,FALSE,FALSE,FALSE,FALSE,TRUE,"passes screening"
"log_selcoffs_fsh[1][32]",TRUE,0.676837715597944,0.683855426559518,0.275630006928796,0.119408674657773,0.4885022389276,0.868554278120357,1.2080819935401,0.00701896011443675,1.00101503763283,1550.39401954205,2152.58884067199,0,0,FALSE,FALSE,FALSE,FALSE,TRUE,"passes screening"
"log_selcoffs_fsh[1][33]",TRUE,0.664107920408637,0.671863068947401,0.27050505259797,0.110627814456585,0.485719378242727,0.846702634872418,1.17495676303731,0.00539945438409672,1.00070550562253,2532.48347785474,2121.12855718923,0,0,FALSE,FALSE,FALSE,FALSE,TRUE,"passes screening"
"log_selcoffs_fsh[1][34]",TRUE,0.238476778510264,0.248022135282393,0.322121931467089,-0.43222082774432,0.031534643544404,0.459685831440829,0.833998594345577,0.00833942123761483,1.00281537753124,1494.21188715386,1937.95453577662,0,0,FALSE,FALSE,FALSE,FALSE,TRUE,"passes screening"
"log_selcoffs_fsh[1][35]",TRUE,-0.197434627251146,-0.187631617070272,0.375996611779455,-0.951191302434443,-0.448923145007217,0.0695528559372024,0.516398505717825,0.0133524974142946,1.00462742746994,790.185633324372,1879.25047046355,0,0,FALSE,FALSE,FALSE,FALSE,TRUE,"passes screening"
"log_selcoffs_fsh[1][36]",TRUE,-0.457854690190891,-0.4579673940176,0.414323729407514,-1.25140268167452,-0.747416138059964,-0.169434620978089,0.345988273192461,0.0161622406041989,1.00426492606253,655.942337005854,1571.19716150083,0,0,FALSE,FALSE,FALSE,FALSE,TRUE,"passes screening"
"log_selcoffs_fsh[1][37]",TRUE,-1.9198809485531,-1.90723023190004,0.449042212782879,-2.81986299373835,-2.21539335731539,-1.61817889942269,-1.06860679884046,0.012634789619373,1.00051858348789,1271.84893291877,1820.17331598015,0,0,FALSE,FALSE,FALSE,FALSE,TRUE,"passes screening"
"log_selcoffs_fsh[1][38]",TRUE,-0.352335017700182,-0.344340832075375,0.359839581563942,-1.10059220873049,-0.58457805665443,-0.101431220413241,0.336735209986361,0.0124792161734506,1.00174285859814,842.931372347708,1466.17710378877,0,0,FALSE,FALSE,FALSE,FALSE,TRUE,"passes screening"
"log_selcoffs_fsh[1][39]",TRUE,-0.047307424814102,-0.0424290419297878,0.345014411473159,-0.730963892898354,-0.278975805450241,0.188844819249393,0.616449164606019,0.0115283350068309,1.00243507077643,910.510478378048,1633.39406335055,0,0,FALSE,FALSE,FALSE,FALSE,TRUE,"passes screening"
"log_selcoffs_fsh[1][40]",TRUE,0.152677404661589,0.163774114405719,0.340313006761777,-0.545327872538322,-0.0701602067378007,0.390111974896122,0.793476197028348,0.0100666533587517,1.0016878171397,1174.48773382287,1358.21920527545,0,0,FALSE,FALSE,FALSE,FALSE,TRUE,"passes screening"
"log_selcoffs_fsh[1][41]",TRUE,0.326194032407489,0.346709645491936,0.319970833908953,-0.321431063863819,0.115432220625175,0.540881010243211,0.920305427688789,0.00765375781398109,1.00175200370691,1786.56719985729,1619.06716365385,0,0,FALSE,FALSE,FALSE,FALSE,TRUE,"passes screening"
"log_selcoffs_fsh[1][42]",TRUE,0.359821591657005,0.37122880493983,0.311679310229078,-0.270352300724507,0.150318168353891,0.573694621519736,0.956156580041407,0.00657870431453561,1.00099095128212,2258.00742221502,2065.39550077544,0,0,FALSE,FALSE,FALSE,FALSE,TRUE,"passes screening"
"log_selcoffs_fsh[1][43]",TRUE,0.154131688179325,0.161317918411221,0.353195042481062,-0.571076753617379,-0.0854009936076762,0.404887621863234,0.810150748152854,0.00863272583790155,1.0044376339827,1675.56433322537,2145.07497467759,0,0,FALSE,FALSE,FALSE,FALSE,TRUE,"passes screening"
"log_selcoffs_fsh[1][44]",TRUE,-0.11714104163251,-0.100893362746606,0.395730821388257,-0.933538852396302,-0.385752154728409,0.164355606798201,0.598918215191692,0.0140546610547735,1.00199044927399,794.442945529606,1620.09662431214,0,0,FALSE,FALSE,FALSE,FALSE,TRUE,"passes screening"
"log_selcoffs_fsh[1][45]",TRUE,-0.291195076503401,-0.287792890877602,0.423897821416645,-1.12317968262903,-0.576587768498968,0.00390463102386666,0.50977162168025,0.0164367392304685,1.00335843675349,663.913326140037,1219.71345498279,0,0,FALSE,FALSE,FALSE,FALSE,TRUE,"passes screening"
"log_selcoffs_fsh[1][46]",TRUE,-1.81987165599349,-1.80970553047731,0.461999141860643,-2.77399474038854,-2.1148234442051,-1.50844149025651,-0.951744007267143,0.0121851188035898,1.00139419519445,1446.37094272457,2308.46063786423,0,0,FALSE,FALSE,FALSE,FALSE,TRUE,"passes screening"
"log_selcoffs_fsh[1][47]",TRUE,-0.604471361168785,-0.606039456374929,0.336973952444689,-1.27036369343464,-0.822579758491879,-0.380184447037233,0.0375883541329638,0.0101160396221238,1.00012283181972,1108.79201510596,2365.24579906916,0,0,FALSE,FALSE,FALSE,FALSE,TRUE,"passes screening"
"log_selcoffs_fsh[1][48]",TRUE,0.391324854059775,0.393159132832979,0.30476084714447,-0.214791954026705,0.182383813622206,0.604373616263073,0.967672594731328,0.00930870413812842,1.00155964427422,1073.94692214867,1542.12486583435,0,0,FALSE,FALSE,FALSE,FALSE,TRUE,"passes screening"
"log_selcoffs_fsh[1][49]",TRUE,0.571451614291307,0.581924791429303,0.295512773963883,-0.021885374672011,0.37066186392391,0.782225112037233,1.10803154074024,0.00832579175867453,1.00382450662043,1290.81669723578,1904.27306710134,0,0,FALSE,FALSE,FALSE,FALSE,TRUE,"passes screening"
"log_selcoffs_fsh[1][50]",TRUE,0.194003441429125,0.198246883934833,0.302773782009679,-0.40876944648757,-0.00646157418134362,0.400219778042712,0.761555216349668,0.00631676289083907,1.0008349941898,2289.53384886115,2421.91256504411,0,0,FALSE,FALSE,FALSE,FALSE,TRUE,"passes screening"
"log_selcoffs_fsh[1][51]",TRUE,0.0233130394304503,0.0307916030638088,0.334186156701731,-0.661404671696171,-0.199630519674094,0.260416021178508,0.664165330499227,0.00671444005325939,0.999593241255393,2484.20847163516,2065.68800030668,0,0,FALSE,FALSE,FALSE,FALSE,TRUE,"passes screening"
"log_selcoffs_fsh[1][52]",TRUE,-0.0958412668152934,-0.0867340251150897,0.360901986594452,-0.809101385297373,-0.349254909649018,0.160355635084663,0.589005027292816,0.00864252161499497,1.00201668609867,1760.01761851294,1796.19885652673,0,0,FALSE,FALSE,FALSE,FALSE,TRUE,"passes screening"
"log_selcoffs_fsh[1][53]",TRUE,-0.222152508815482,-0.216272301432593,0.398826782298646,-1.03826666501722,-0.485881174211213,0.0547024081138151,0.535661350653947,0.0142478608943089,1.00091536631573,784.57761865305,1654.74556243953,0,0,FALSE,FALSE,FALSE,FALSE,TRUE,"passes screening"
"log_selcoffs_fsh[1][54]",TRUE,-0.303427346610933,-0.295577850783361,0.415343771328291,-1.13410154286631,-0.578426867666168,-0.0146160798779837,0.473300565242991,0.0161869329485243,1.00237942546301,653.358801324081,1179.04353667496,0,0,FALSE,FALSE,FALSE,FALSE,TRUE,"passes screening"
"log_selcoffs_fsh[1][55]",TRUE,-1.54217933433803,-1.53948810682556,0.468088530736352,-2.44735194937333,-1.84988185435727,-1.21565057131923,-0.656989435899126,0.0108141210537321,1.00009171694377,1877.12898589638,2168.6882569388,0,0,FALSE,FALSE,FALSE,FALSE,TRUE,"passes screening"
"log_selcoffs_fsh[1][56]",TRUE,-0.468987008796661,-0.466292469196455,0.352661932082176,-1.20911645687236,-0.699479534003104,-0.228793564089771,0.207092340008416,0.00895478422024564,1.00122146091836,1554.05019361987,1753.47114685287,0,0,FALSE,FALSE,FALSE,FALSE,TRUE,"passes screening"
"log_selcoffs_fsh[1][57]",TRUE,0.423901199629448,0.437325074695916,0.294961245854286,-0.205423272547333,0.241039763108072,0.625373356737275,0.975783275586093,0.00761041009785255,1.00245775831719,1502.4538828271,1829.97613188869,0,0,FALSE,FALSE,FALSE,FALSE,TRUE,"passes screening"
"log_selcoffs_fsh[1][58]",TRUE,0.656924686052324,0.664759031952093,0.270314028201157,0.109256989642034,0.480622050678659,0.840702301574906,1.1651025584466,0.00692785702329833,1.00129912373149,1535.20032311854,1692.9234440432,0,0,FALSE,FALSE,FALSE,FALSE,TRUE,"passes screening"
"log_selcoffs_fsh[1][59]",TRUE,0.199016517794068,0.208785688337304,0.302807218829556,-0.398710271900491,-0.0060931747409422,0.397896386730022,0.77126449299923,0.00584046529138909,1.00079715671758,2726.47445903689,2566.19853431571,0,0,FALSE,FALSE,FALSE,FALSE,TRUE,"passes screening"
"log_selcoffs_fsh[1][60]",TRUE,-0.128179826691099,-0.117360763625239,0.326273182410589,-0.795022155792857,-0.342918229128538,0.0904934281276801,0.487114800160779,0.00617691949485917,0.999723592156097,2805.17910162591,2387.58360107608,0,0,FALSE,FALSE,FALSE,FALSE,TRUE,"passes screening"
"log_selcoffs_fsh[1][61]",TRUE,-0.266400241666592,-0.258809051920775,0.363163246502057,-1.00163733830289,-0.513234759950704,-0.0124082104449591,0.430754129049908,0.00896716681657715,1.00134111287241,1648.76868634203,1715.6304220717,0,0,FALSE,FALSE,FALSE,FALSE,TRUE,"passes screening"
"log_selcoffs_fsh[1][62]",TRUE,-0.311911099843524,-0.30582082690086,0.39937905391092,-1.11441692214204,-0.571392966470182,-0.0319427324895607,0.424352983378169,0.0134542553027912,1.00297179873179,874.845703161977,1294.70806818573,0,0,FALSE,FALSE,FALSE,FALSE,TRUE,"passes screening"
"log_selcoffs_fsh[1][63]",TRUE,-0.324470850018539,-0.308223520069475,0.420824155586448,-1.15733028310403,-0.603541867734644,-0.0392169416303884,0.485139678253648,0.0165222668900744,1.00386216080687,643.508408565087,1354.45074287035,0,0,FALSE,FALSE,FALSE,FALSE,TRUE,"passes screening"
"log_selcoffs_fsh[1][64]",TRUE,-1.12412279375102,-1.12075160343581,0.43039749785357,-1.94251837289978,-1.41373632148393,-0.829389508075339,-0.26562517618786,0.00911611353732516,0.999896247221037,2226.62552552993,1983.7547615709,0,0,FALSE,FALSE,FALSE,FALSE,TRUE,"passes screening"
"log_selcoffs_fsh[1][65]",TRUE,-0.288832857483002,-0.282975213875184,0.335093040962303,-0.968558443075878,-0.509366907006354,-0.0561925244809115,0.334029445793844,0.00765872624331853,1.00066530963941,1928.70613301805,1906.67016426007,0,0,FALSE,FALSE,FALSE,FALSE,TRUE,"passes screening"
"log_selcoffs_fsh[1][66]",TRUE,0.489374243706065,0.500889116271012,0.281576284673128,-0.0952805351957887,0.303872119347242,0.677157358789816,1.03411509738973,0.00698168013590817,1.0011568385238,1635.55868935921,2196.55832031497,0,0,FALSE,FALSE,FALSE,FALSE,TRUE,"passes screening"
"log_selcoffs_fsh[1][67]",TRUE,0.678875227766944,0.682386048538571,0.255701339804446,0.181512687097051,0.50380543058833,0.853546964315567,1.1694101761367,0.00585800103101099,1.00218684171062,1911.66090144132,1717.96726704414,0,0,FALSE,FALSE,FALSE,FALSE,TRUE,"passes screening"
"log_selcoffs_fsh[1][68]",TRUE,0.115238065872311,0.114339234390241,0.29488690486085,-0.493423198704874,-0.0789044199875109,0.317938512289103,0.673551117727693,0.00579280686742566,1.00196204982613,2627.51652097595,2307.62623289412,0,0,FALSE,FALSE,FALSE,FALSE,TRUE,"passes screening"
"log_selcoffs_fsh[1][69]",TRUE,-0.252327885293532,-0.247575672816891,0.329939193025236,-0.923923755980944,-0.464561632230242,-0.0293549649011451,0.375680060311794,0.00674711895495192,0.999600968781794,2407.61479993786,2122.78411073303,0,0,FALSE,FALSE,FALSE,FALSE,TRUE,"passes screening"
"log_selcoffs_fsh[1][70]",TRUE,-0.407190281907383,-0.402809539893455,0.36786331529133,-1.11109556238137,-0.661660902101401,-0.156134766005769,0.303879828282774,0.00897601299901085,1.00037504485308,1696.07706340812,1784.46610326805,0,0,FALSE,FALSE,FALSE,FALSE,TRUE,"passes screening"
"log_selcoffs_fsh[1][71]",TRUE,-0.394475903205002,-0.3970060683126,0.396827772533893,-1.15903608554657,-0.648955221698647,-0.121389610956253,0.356903222132914,0.0132000319684521,1.0024258586417,910.697892533017,1804.70122453638,0,0,FALSE,FALSE,FALSE,FALSE,TRUE,"passes screening"
"log_selcoffs_fsh[1][72]",TRUE,-0.342562858988,-0.341782740803747,0.425703476011333,-1.20288332455158,-0.627446825527226,-0.0494479431234546,0.44953392696207,0.0163210927608247,1.00321253170314,677.261655881682,1277.50800304637,0,0,FALSE,FALSE,FALSE,FALSE,TRUE,"passes screening"
"log_selcoffs_fsh[1][73]",TRUE,-0.835985559989731,-0.833969773380592,0.390680075240254,-1.5991585514372,-1.10023648525298,-0.564073068120431,-0.0821193034514679,0.0084039488382052,1.00069955034093,2166.40172889856,2489.66581907119,0,0,FALSE,FALSE,FALSE,FALSE,TRUE,"passes screening"
"log_selcoffs_fsh[1][74]",TRUE,0.173475505374874,0.183594930069447,0.313564779251927,-0.450519297407837,-0.0389094995597572,0.395132042743708,0.752723707363105,0.00713849924948187,1.00125467998383,1964.56807616563,2122.72663227384,0,0,FALSE,FALSE,FALSE,FALSE,TRUE,"passes screening"
"log_selcoffs_fsh[1][75]",TRUE,0.379905837987344,0.389153051814589,0.285265904161497,-0.226272815384263,0.195473273009115,0.577801230607751,0.90599046163924,0.00654662604395221,1.000813142414,1916.72587503207,2095.30263005027,0,0,FALSE,FALSE,FALSE,FALSE,TRUE,"passes screening"
"log_selcoffs_fsh[1][76]",TRUE,0.487449154805547,0.493912574096575,0.280823166287847,-0.0590957029335731,0.297854221642876,0.679384800048004,1.02323608087917,0.00625673300321361,1.00307717394127,2058.11783543121,2332.34100680732,0,0,FALSE,FALSE,FALSE,FALSE,TRUE,"passes screening"
"log_selcoffs_fsh[1][77]",TRUE,0.177302595606782,0.181556340233933,0.289384434160555,-0.402011685706918,-0.011372177782521,0.372417911051613,0.737637817655389,0.00589884321063594,1.00058319934332,2399.96535779792,2236.28066022282,0,0,FALSE,FALSE,FALSE,FALSE,TRUE,"passes screening"
"log_selcoffs_fsh[1][78]",TRUE,-0.267345916443303,-0.259764947133352,0.32298430975552,-0.899781189296559,-0.481617490745668,-0.0494136016983732,0.333412561196993,0.00639488833318863,1.00015541991457,2561.66971884702,2283.48060347743,0,0,FALSE,FALSE,FALSE,FALSE,TRUE,"passes screening"
"log_selcoffs_fsh[1][79]",TRUE,-0.462408751380918,-0.452042097383902,0.36612730873704,-1.19506882766484,-0.705595591299708,-0.21408174913944,0.245253024580764,0.00803047038484532,1.00067614182983,2085.08146088926,2332.96162693085,0,0,FALSE,FALSE,FALSE,FALSE,TRUE,"passes screening"
"log_selcoffs_fsh[1][80]",TRUE,-0.431794022303477,-0.434167206512187,0.389257202674643,-1.22576861382021,-0.695891721639677,-0.162422419158996,0.329295716609518,0.0128749371443624,1.00296632055749,906.300576320417,1742.25036929525,0,0,FALSE,FALSE,FALSE,FALSE,TRUE,"passes screening"
"log_selcoffs_fsh[1][81]",TRUE,-0.339639109565941,-0.331077322722612,0.418472203855662,-1.14424784357779,-0.624696137916356,-0.0528208103133586,0.454901715041515,0.0157510357695653,1.0017435699677,702.037542105483,1283.61277901221,0,0,FALSE,FALSE,FALSE,FALSE,TRUE,"passes screening"
"log_selcoffs_fsh[1][82]",TRUE,-0.661663392843932,-0.653177094320403,0.360832976604232,-1.364273630085,-0.908619180975282,-0.418007917205932,0.0376674908534979,0.0075098511980798,1.00239011795071,2313.88282101768,2029.35912802746,0,0,FALSE,FALSE,FALSE,FALSE,TRUE,"passes screening"
"log_selcoffs_fsh[1][83]",TRUE,0.325575545955577,0.333417891533278,0.282192936732046,-0.215930308655906,0.129512694660612,0.519898362631182,0.869112157751322,0.00581822820541944,0.999970742927981,2348.1015963344,2368.66617860219,0,0,FALSE,FALSE,FALSE,FALSE,TRUE,"passes screening"
"log_selcoffs_fsh[1][84]",TRUE,0.489168629212082,0.501482564520174,0.277392551287445,-0.0585037238874067,0.309024123731638,0.680168380088928,1.01719276898626,0.00550385413763046,1.00172992978862,2577.19506004694,2137.26708730254,0,0,FALSE,FALSE,FALSE,FALSE,TRUE,"passes screening"
"log_selcoffs_fsh[1][85]",TRUE,0.455091535596309,0.462639732123481,0.285726367060619,-0.124302192750654,0.261711984759338,0.65162151641082,1.01223747248733,0.00603066986958363,1.00122517533916,2259.66429380425,2482.81605417606,0,0,FALSE,FALSE,FALSE,FALSE,TRUE,"passes screening"
"log_selcoffs_fsh[1][86]",TRUE,0.0305077502071018,0.040119705143075,0.321124512614176,-0.612989285704208,-0.183327170260903,0.256462631950343,0.632562350919359,0.00709916997026359,1.00040974102054,2045.98440350089,2106.08627083786,0,0,FALSE,FALSE,FALSE,FALSE,TRUE,"passes screening"
"log_selcoffs_fsh[1][87]",TRUE,-0.405738159662106,-0.409687184520838,0.344818502006507,-1.09646482777131,-0.624810767782468,-0.163216357793891,0.258555098235609,0.00718522464673583,0.999818812881041,2306.79693557448,2037.06501386404,0,0,FALSE,FALSE,FALSE,FALSE,TRUE,"passes screening"
"log_selcoffs_fsh[1][88]",TRUE,-0.575757295676061,-0.57660158984495,0.368217116619002,-1.30315303727421,-0.81559849206938,-0.338922046817344,0.154157693677781,0.00809874829134697,1.00176247012947,2075.34415596514,2122.89153446913,0,0,FALSE,FALSE,FALSE,FALSE,TRUE,"passes screening"
"log_selcoffs_fsh[1][89]",TRUE,-0.511782159989411,-0.510430820663345,0.408424078554938,-1.29234245805251,-0.804269346524591,-0.223541219872174,0.294716237761724,0.011820537153774,1.0016330081894,1193.02182559362,2049.06999199326,0,0,FALSE,FALSE,FALSE,FALSE,TRUE,"passes screening"
"log_selcoffs_fsh[1][90]",TRUE,-0.372540396420602,-0.366577492446663,0.4262043103262,-1.21923357269945,-0.659231775605632,-0.089376768629744,0.447974945923773,0.0153541819311396,1.00082758147723,773.250756160547,1320.85734667974,0,0,FALSE,FALSE,FALSE,FALSE,TRUE,"passes screening"
"log_selcoffs_fsh[1][91]",TRUE,-0.192470466465146,-0.184103456248835,0.350778632423137,-0.895470558581319,-0.428904284758003,0.0470718622492243,0.481008370761262,0.00653124585356829,1.00126138114197,2959.4953294738,2315.61793230535,0,0,FALSE,FALSE,FALSE,FALSE,TRUE,"passes screening"
"log_selcoffs_fsh[1][92]",TRUE,0.797554744468937,0.802639515964173,0.257969609186525,0.272693800466403,0.625757842012324,0.977540290875253,1.28809270597335,0.00527751234399276,1.00052856353217,2375.51813796139,1975.88941140024,0,0,FALSE,FALSE,FALSE,FALSE,TRUE,"passes screening"
"log_selcoffs_fsh[1][93]",TRUE,0.376206220825906,0.377265852958906,0.279573956877326,-0.173698019115766,0.196190794238813,0.565598916511479,0.910892993633341,0.00596449701123823,1.00039100420383,2167.90474135844,2384.16751207378,0,0,FALSE,FALSE,FALSE,FALSE,TRUE,"passes screening"
"log_selcoffs_fsh[1][94]",TRUE,0.0772714860904839,0.0817952535915646,0.316891997234594,-0.575311617518397,-0.118014627862913,0.290503907394853,0.664276125177855,0.00664089019434341,1.00019107864709,2290.59680416641,1986.67472166254,0,0,FALSE,FALSE,FALSE,FALSE,TRUE,"passes screening"
"log_selcoffs_fsh[1][95]",TRUE,-0.304441049393965,-0.295561289163839,0.352384934149074,-1.01110542678524,-0.534671348328216,-0.060786280192444,0.357902886451576,0.00741603067803394,0.999982729740973,2295.34814319719,2352.11148926921,0,0,FALSE,FALSE,FALSE,FALSE,TRUE,"passes screening"
"log_selcoffs_fsh[1][96]",TRUE,-0.571667107603082,-0.570830411059148,0.366696750933116,-1.3052502731835,-0.811319534318414,-0.308506989595329,0.123686084168316,0.00739657668999367,1.00225630341534,2478.6951468013,2412.62606236379,0,0,FALSE,FALSE,FALSE,FALSE,TRUE,"passes screening"
"log_selcoffs_fsh[1][97]",TRUE,-0.664819694657169,-0.661807922668208,0.383740859750525,-1.41187995162912,-0.940767378012366,-0.39346046812084,0.0676644130062508,0.00827163139774716,1.00016886961769,2149.98905327112,2451.06263015357,0,0,FALSE,FALSE,FALSE,FALSE,TRUE,"passes screening"
"log_selcoffs_fsh[1][98]",TRUE,-0.564088348029016,-0.562089133956672,0.407903998647679,-1.3518782350217,-0.845202337571065,-0.277092054159559,0.233163793069399,0.0122065239509631,1.00126201463589,1115.69291518768,1781.2595049567,0,0,FALSE,FALSE,FALSE,FALSE,TRUE,"passes screening"
"log_selcoffs_fsh[1][99]",TRUE,-0.404346149098107,-0.409696613591445,0.423707092461218,-1.21767440135885,-0.686981830343449,-0.117406168915844,0.427285177194988,0.015454862354662,1.00118444698167,753.558833164325,1605.0229386497,0,0,FALSE,FALSE,FALSE,FALSE,TRUE,"passes screening"
"log_selcoffs_fsh[1][100]",TRUE,0.00707309929910017,0.00418657380960929,0.349165609468386,-0.698412660057655,-0.219459183146486,0.247830181249676,0.662863909678937,0.0063466915016941,1.0008674154844,3020.96282715616,2215.44823318782,0,0,FALSE,FALSE,FALSE,FALSE,TRUE,"passes screening"
"log_selcoffs_fsh[1][101]",TRUE,0.710127145596004,0.71230658331117,0.274521620561669,0.149101120145517,0.531801503701616,0.905079695953637,1.22546835980137,0.00527023462161474,1.00022861390936,2732.13972965737,2429.58674641098,0,0,FALSE,FALSE,FALSE,FALSE,TRUE,"passes screening"
"log_selcoffs_fsh[1][102]",TRUE,0.517786888298125,0.519018695636391,0.279278895475015,-0.0378562166863276,0.340341011534993,0.703441702074056,1.07044187115428,0.00536353218415428,0.999957675435361,2760.99097707526,2021.53865138182,0,0,FALSE,FALSE,FALSE,FALSE,TRUE,"passes screening"
"log_selcoffs_fsh[1][103]",TRUE,0.0708914028720344,0.0794412379900282,0.327416626884104,-0.596047874938387,-0.139669155927556,0.286705342799387,0.709610850542919,0.00668957665675514,1.00009159667732,2433.50563920936,2045.11426891743,0,0,FALSE,FALSE,FALSE,FALSE,TRUE,"passes screening"
"log_selcoffs_fsh[1][104]",TRUE,-0.448721059058193,-0.433547594144258,0.368398816403114,-1.19199841170842,-0.683998638412352,-0.196138439629428,0.247940030258224,0.00794218111337125,1.00010319560068,2161.92229908856,2405.1743222887,0,0,FALSE,FALSE,FALSE,FALSE,TRUE,"passes screening"
"log_selcoffs_fsh[1][105]",TRUE,-0.68250047461411,-0.679934155142005,0.390084029224868,-1.47254616685801,-0.934765117102931,-0.406445906663568,0.0417133597351853,0.00818090624941037,1.00105768486371,2315.10427433652,2231.34595450762,0,0,FALSE,FALSE,FALSE,FALSE,TRUE,"passes screening"
"log_selcoffs_fsh[1][106]",TRUE,-0.70066083451724,-0.69741633078264,0.402576514325487,-1.48814321783141,-0.970609880569264,-0.423624365032006,0.0740693835889203,0.0102166397839046,1.00479595874807,1559.93888414122,2147.22228996638,0,0,FALSE,FALSE,FALSE,FALSE,TRUE,"passes screening"
"log_selcoffs_fsh[1][107]",TRUE,-0.578428146971609,-0.574561201319389,0.423083067807481,-1.40548024386961,-0.868232849598936,-0.286795236694973,0.260037045125448,0.0143718657073874,1.00425381642202,865.097780027231,1654.967407937,0,0,FALSE,FALSE,FALSE,FALSE,TRUE,"passes screening"
"log_selcoffs_fsh[1][108]",TRUE,-0.412610960341344,-0.404503436225173,0.43683691943914,-1.26989143289404,-0.698225286225266,-0.127472905832938,0.433424460960956,0.0169576193503916,1.00302816735486,659.907060757668,1389.94412735925,0,0,FALSE,FALSE,FALSE,FALSE,TRUE,"passes screening"
"log_selcoffs_fsh[1][109]",TRUE,-0.359908434956399,-0.351623321754799,0.353566598161644,-1.0827235582045,-0.589378773149814,-0.116722112936129,0.317379347032541,0.00678364859881927,1.00090223445108,2734.21019996378,2181.0915454521,0,0,FALSE,FALSE,FALSE,FALSE,TRUE,"passes screening"
"log_selcoffs_fsh[1][110]",TRUE,1.00266938269067,1.00573188864071,0.250354525568161,0.481099018035592,0.83848624937437,1.18093493059125,1.46647652657866,0.00580137250063997,1.00248613852,1848.56861835693,2060.7488927219,0,0,FALSE,FALSE,FALSE,FALSE,TRUE,"passes screening"
"log_selcoffs_fsh[1][111]",TRUE,0.552489793179254,0.558654164106808,0.280956925808458,-0.0129991461474383,0.358104104820082,0.744342798454888,1.09616258272801,0.00614442992733655,0.999962063723522,2104.66175157131,1848.55950280624,0,0,FALSE,FALSE,FALSE,FALSE,TRUE,"passes screening"
"log_selcoffs_fsh[1][112]",TRUE,-0.139948665282336,-0.135845646652389,0.334987774823251,-0.823389139600572,-0.364340836763641,0.0889621613040892,0.487045278382213,0.00759677095470614,1.00130437593268,1955.37136002702,2369.67981498936,0,0,FALSE,FALSE,FALSE,FALSE,TRUE,"passes screening"
"log_selcoffs_fsh[1][113]",TRUE,-0.641065075469634,-0.63697209388156,0.37577534617484,-1.40492160431998,-0.897260776792231,-0.378357229286163,0.0586430074413299,0.00771293091691939,1.00006519695798,2381.91344994897,1990.10787381844,0,0,FALSE,FALSE,FALSE,FALSE,TRUE,"passes screening"
"log_selcoffs_fsh[1][114]",TRUE,-0.813519367638474,-0.80295498278942,0.391190749274169,-1.61219609701056,-1.06889389823945,-0.546385928208483,-0.0744679037108226,0.0083546193543674,1.00223714250408,2184.52471670985,2198.13495748759,0,0,FALSE,FALSE,FALSE,FALSE,TRUE,"passes screening"
"log_selcoffs_fsh[1][115]",TRUE,-0.77376055622457,-0.762936083690893,0.409332528698704,-1.60275894521421,-1.04893129904453,-0.499260446920445,0.0366069505271301,0.0109875726685717,1.00146452720504,1395.12522478564,1771.33689247531,0,0,FALSE,FALSE,FALSE,FALSE,TRUE,"passes screening"
"log_selcoffs_fsh[1][116]",TRUE,-0.622478492440018,-0.619160958235383,0.424853933176723,-1.46392680375348,-0.904298058742491,-0.334471759314233,0.20491141599379,0.0151934064784693,1.00463013490452,781.758005882419,1407.18663824877,0,0,FALSE,FALSE,FALSE,FALSE,TRUE,"passes screening"
"log_selcoffs_fsh[1][117]",TRUE,-0.466389826653212,-0.46896058288128,0.428732553612316,-1.30449139218113,-0.748866599476726,-0.171301784920541,0.363605464075776,0.0180059062486212,1.00239544903671,565.37808052618,1331.36740532487,0,0,FALSE,FALSE,FALSE,FALSE,TRUE,"passes screening"
"log_selcoffs_fsh[1][118]",TRUE,0.0317418696556957,0.0359769317475816,0.342964975959309,-0.651166008231161,-0.191187507240058,0.268555092739213,0.663774474137879,0.00719529594490995,1.00007906478548,2299.39646339837,2013.50105192621,0,0,FALSE,FALSE,FALSE,FALSE,TRUE,"passes screening"
"log_selcoffs_fsh[1][119]",TRUE,0.886925550480304,0.896891253007974,0.268210612502548,0.344861574147455,0.714223752959276,1.06939628351493,1.39119125705313,0.00652649237287451,1.00293500886681,1697.24359308012,1767.82150777338,0,0,FALSE,FALSE,FALSE,FALSE,TRUE,"passes screening"
"log_selcoffs_fsh[1][120]",TRUE,0.520526872623123,0.534027666830015,0.297408436515872,-0.073476802017957,0.322980185940338,0.731281940964926,1.06709455239522,0.00660662216248568,1.00165095280163,2100.67039964724,1833.69726044555,0,0,FALSE,FALSE,FALSE,FALSE,TRUE,"passes screening"
"log_selcoffs_fsh[1][121]",TRUE,-0.174709483118575,-0.160653199787719,0.345927340235007,-0.880160772503084,-0.404444799385564,0.0603676818104188,0.4705548240092,0.00743083675870012,1.00102747298451,2184.2545014781,2417.12062535045,0,0,FALSE,FALSE,FALSE,FALSE,TRUE,"passes screening"
"log_selcoffs_fsh[1][122]",TRUE,-0.70601765757032,-0.693425868535999,0.386024377121612,-1.51743209649091,-0.96022353779285,-0.451544325951106,0.0024832768948066,0.00825811811364448,1.00224023236092,2187.01849597419,1976.11409583264,0,0,FALSE,FALSE,FALSE,FALSE,TRUE,"passes screening"
"log_selcoffs_fsh[1][123]",TRUE,-0.847043906270172,-0.851449680925608,0.409051802717507,-1.62918617390946,-1.11892386841293,-0.56149950103181,-0.0712102878287107,0.00933274338803711,1.00064568957818,1911.05115619857,2085.3383341757,0,0,FALSE,FALSE,FALSE,FALSE,TRUE,"passes screening"
"log_selcoffs_fsh[1][124]",TRUE,-0.779784231424271,-0.774934826478603,0.434435790185547,-1.62873913873505,-1.07397187817848,-0.488072207525246,0.0618871082061236,0.01281367994451,1.00188759931356,1148.21227154553,1760.86113677517,0,0,FALSE,FALSE,FALSE,FALSE,TRUE,"passes screening"
"log_selcoffs_fsh[1][125]",TRUE,-0.596180339497929,-0.588163243378701,0.451193765315744,-1.50306234140979,-0.903771504390446,-0.287484057289912,0.284160877127824,0.0167510009111698,1.00282035554075,725.274238263409,1471.5065196006,0,0,FALSE,FALSE,FALSE,FALSE,TRUE,"passes screening"
"log_selcoffs_fsh[1][126]",TRUE,-0.44440588885083,-0.442084004156362,0.445066477388454,-1.30372832233914,-0.745195492242507,-0.140820362873131,0.419720856499184,0.0193093251713603,1.00296325569121,532.133929793476,1178.52698740173,0,0,FALSE,FALSE,FALSE,FALSE,TRUE,"passes screening"
"log_selcoffs_fsh[1][127]",TRUE,-0.0426145826727831,-0.0376895719318074,0.337158941777827,-0.714805401953247,-0.263471380075106,0.181267561579444,0.615909038547996,0.00834819423724496,1.00021293800568,1629.41422230853,2125.85130303873,0,0,FALSE,FALSE,FALSE,FALSE,TRUE,"passes screening"
"log_selcoffs_fsh[1][128]",TRUE,1.03248449191302,1.0455909258039,0.259228478208588,0.493034692983157,0.865926792183805,1.21256647366522,1.51394696805486,0.00712763319770482,1.00043587279578,1362.03575013151,1401.26006545667,0,0,FALSE,FALSE,FALSE,FALSE,TRUE,"passes screening"
"log_selcoffs_fsh[1][129]",TRUE,0.411117858465896,0.419982007935586,0.299667941573975,-0.200042502130785,0.213030886439701,0.614689297826208,0.985526465353654,0.00664977337851343,1.0004353071807,2068.45966252809,1784.4998675507,0,0,FALSE,FALSE,FALSE,FALSE,TRUE,"passes screening"
"log_selcoffs_fsh[1][130]",TRUE,-0.238981148236042,-0.231466689884552,0.356915054199455,-0.951036752427578,-0.47377700977661,-4.45575835955403e-05,0.458373489481365,0.00799675206458301,1.00089929936099,2014.29994562183,2069.76243873784,0,0,FALSE,FALSE,FALSE,FALSE,TRUE,"passes screening"
"log_selcoffs_fsh[1][131]",TRUE,-0.734768807139727,-0.73271353208247,0.397006628218489,-1.48920818246261,-1.00728805226933,-0.45724590510481,0.0188918901774542,0.00985553854842048,1.0009942444536,1625.62419814365,1981.4370290859,0,0,FALSE,FALSE,FALSE,FALSE,TRUE,"passes screening"
"log_selcoffs_fsh[1][132]",TRUE,-0.875174731180712,-0.881552717930235,0.41243835316904,-1.65887726106885,-1.15219462875433,-0.587587691800871,-0.0692590786587966,0.0112789231485789,1.00015400845785,1354.92705400376,1782.76661237603,0,0,FALSE,FALSE,FALSE,FALSE,TRUE,"passes screening"
"log_selcoffs_fsh[1][133]",TRUE,-0.795307863861518,-0.797867623566665,0.4268171452235,-1.65194360103565,-1.07760846605058,-0.504390557023878,0.0224594279979896,0.0138696782195026,1.00042571725809,952.854718835164,1733.59414111171,0,0,FALSE,FALSE,FALSE,FALSE,TRUE,"passes screening"
"log_selcoffs_fsh[1][134]",TRUE,-0.610347158646381,-0.603315361070396,0.449646330874991,-1.51885082066164,-0.913251176119276,-0.306826305175268,0.255090999440978,0.0175671798565785,1.00281159921671,651.926004667475,1275.03646443124,0,0,FALSE,FALSE,FALSE,FALSE,TRUE,"passes screening"
"log_selcoffs_fsh[1][135]",TRUE,-0.442844418215638,-0.438394240916025,0.458199064999734,-1.33552293397908,-0.752572209306554,-0.131821157019931,0.453939168094152,0.0195482505025244,1.00270995203503,548.885992432138,1138.63576646033,0,0,FALSE,FALSE,FALSE,FALSE,TRUE,"passes screening"
"log_selcoffs_fsh[1][136]",TRUE,-0.500081749140912,-0.504875994316748,0.362769256274368,-1.23486495349819,-0.746265743382607,-0.250426336329955,0.208531566552518,0.00863978688238103,1.00277517307652,1770.20469083224,2338.14796230015,0,0,FALSE,FALSE,FALSE,FALSE,TRUE,"passes screening"
"log_selcoffs_fsh[1][137]",TRUE,1.06211202351534,1.07457532345696,0.266554363840484,0.515850141732547,0.885653926416259,1.24657289960868,1.55784359919508,0.00739458328202644,1.00114020713635,1316.42785233698,1539.49032440807,0,0,FALSE,FALSE,FALSE,FALSE,TRUE,"passes screening"
"log_selcoffs_fsh[1][138]",TRUE,0.5851007677768,0.593371771432954,0.291921476939098,-0.0102461541782564,0.397881551088465,0.782727778094797,1.14115708807387,0.00638523161023719,1.00052337555277,2147.95874469638,2310.93132443395,0,0,FALSE,FALSE,FALSE,FALSE,TRUE,"passes screening"
"log_selcoffs_fsh[1][139]",TRUE,-0.196033565546508,-0.179576943428883,0.348891643591133,-0.904687148178387,-0.430290828186227,0.0386229785500631,0.472503208272523,0.00747735662227484,1.00175552655787,2186.15562527623,2175.67207197769,0,0,FALSE,FALSE,FALSE,FALSE,TRUE,"passes screening"
"log_selcoffs_fsh[1][140]",TRUE,-0.750461518896693,-0.746470622221518,0.399381050002278,-1.52297182032821,-1.0165863299564,-0.476163496468649,0.00696788042482471,0.0101890405740579,0.999754953782941,1532.19652062023,1812.59664675015,0,0,FALSE,FALSE,FALSE,FALSE,TRUE,"passes screening"
"log_selcoffs_fsh[1][141]",TRUE,-0.902011881546974,-0.892692560710214,0.428345685045323,-1.7808014467815,-1.1892504213404,-0.605125151522812,-0.0904259036155787,0.0124991345790476,1.00078789289556,1192.16840867538,1517.43293087368,0,0,FALSE,FALSE,FALSE,FALSE,TRUE,"passes screening"
"log_selcoffs_fsh[1][142]",TRUE,-0.813912919442777,-0.803732044454789,0.443037655747724,-1.6997977132344,-1.12353675265999,-0.51434102047631,0.0238655091985278,0.0155494289007628,1.00125302075275,814.090628463136,1786.55326219097,0,0,FALSE,FALSE,FALSE,FALSE,TRUE,"passes screening"
"log_selcoffs_fsh[1][143]",TRUE,-0.617835021614314,-0.611584916432073,0.461243655878173,-1.53028195136135,-0.924859065331432,-0.303889728052902,0.254349712142017,0.0187978638816211,1.00268299584164,603.15939257204,1620.54280138932,0,0,FALSE,FALSE,FALSE,FALSE,TRUE,"passes screening"
"log_selcoffs_fsh[1][144]",TRUE,-0.452246850297381,-0.441497907515365,0.457665957955585,-1.39508209080942,-0.760794745380768,-0.1378829093845,0.41835288805475,0.0205482880692691,1.00561986072435,493.589194727527,1251.13419487464,0,0,FALSE,FALSE,FALSE,FALSE,TRUE,"passes screening"
"log_selcoffs_fsh[1][145]",TRUE,-0.41057249616799,-0.403196740430968,0.360905576083353,-1.14340130127952,-0.64991853061213,-0.158921875424935,0.259636435612117,0.00890980852338813,1.00061008732447,1662.20500255004,1732.810445834,0,0,FALSE,FALSE,FALSE,FALSE,TRUE,"passes screening"
"log_selcoffs_fsh[1][146]",TRUE,1.10372503762463,1.11973726386129,0.267136477124863,0.534647589273575,0.931500387328719,1.28998697136628,1.58861940469632,0.00802574989008211,1.00022513287666,1151.98240920557,1242.26997249771,0,0,FALSE,FALSE,FALSE,FALSE,TRUE,"passes screening"
"log_selcoffs_fsh[1][147]",TRUE,0.499938104914997,0.508640774655765,0.294616039273558,-0.103065965867645,0.306539616537039,0.697926347193347,1.04854473491942,0.00712100947554208,0.99968826995716,1749.32457708394,2133.18049152114,0,0,FALSE,FALSE,FALSE,FALSE,TRUE,"passes screening"
"log_selcoffs_fsh[1][148]",TRUE,-0.227152426467049,-0.224198544019599,0.360335251261451,-0.967444874349623,-0.466277891287824,0.0103209696291848,0.461018041761187,0.00788968185904819,1.00196527744736,2093.31442796064,2036.86644870334,0,0,FALSE,FALSE,FALSE,FALSE,TRUE,"passes screening"
"log_selcoffs_fsh[1][149]",TRUE,-0.778580084021089,-0.767437831839812,0.416912528467135,-1.63576257215802,-1.04574608740385,-0.485451279307292,-0.0199505862872536,0.0114951098639919,1.00277625988926,1325.62879183147,1496.78641509436,0,0,FALSE,FALSE,FALSE,FALSE,TRUE,"passes screening"
"log_selcoffs_fsh[1][150]",TRUE,-0.91921635435735,-0.905988161595834,0.444670044156677,-1.8008574909937,-1.21780177261139,-0.603893024064827,-0.0941092001526276,0.0131531848506291,1.0024088166398,1151.95470187178,1684.4640648291,0,0,FALSE,FALSE,FALSE,FALSE,TRUE,"passes screening"
"log_selcoffs_fsh[1][151]",TRUE,-0.823995621722752,-0.827701970407312,0.452889498823323,-1.74764321436823,-1.13747926347982,-0.5031033722766,0.0276157898818262,0.0162776114769066,1.00054249245092,772.381521332305,1407.17209463573,0,0,FALSE,FALSE,FALSE,FALSE,TRUE,"passes screening"
"log_selcoffs_fsh[1][152]",TRUE,-0.61772053430086,-0.618984140089609,0.4632611724157,-1.5552348398412,-0.921218634642907,-0.295292688296418,0.238966943389413,0.0191045420956402,1.00330222178154,587.443708274789,1111.78746759523,0,0,FALSE,FALSE,FALSE,FALSE,TRUE,"passes screening"
"log_selcoffs_fsh[1][153]",TRUE,-0.444746419264526,-0.436009447802799,0.4642069594674,-1.33024437535785,-0.765615841033118,-0.122069789902103,0.434598618557456,0.0201699834238602,1.00414821289465,529.331743979976,1195.06766425838,0,0,FALSE,FALSE,FALSE,FALSE,TRUE,"passes screening"
"log_selcoffs_fsh[1][154]",TRUE,0.181163182265176,0.196191339737875,0.339459279129377,-0.499100276507419,-0.0466063373030718,0.419375482849787,0.795192120247196,0.0092370303963636,1.00068577509395,1361.92661631474,1917.42468490135,0,0,FALSE,FALSE,FALSE,FALSE,TRUE,"passes screening"
"log_selcoffs_fsh[1][155]",TRUE,0.886361092415189,0.897224234907755,0.282041251153411,0.292756078551979,0.706556598230724,1.08617103223335,1.39571375117597,0.00873907766903928,1.00034318873255,1049.11578930576,1775.30107584805,0,0,FALSE,FALSE,FALSE,FALSE,TRUE,"passes screening"
"log_selcoffs_fsh[1][156]",TRUE,0.506935689018256,0.511456903450768,0.29604614805075,-0.105889497711363,0.31100432797897,0.719071158368045,1.05509246051337,0.0070205034672139,1.00022914353481,1782.02439639629,1850.784768194,0,0,FALSE,FALSE,FALSE,FALSE,TRUE,"passes screening"
"log_selcoffs_fsh[1][157]",TRUE,-0.274837227992804,-0.268918018264825,0.370614658394579,-1.01869590237464,-0.519897943314036,-0.0222013588177953,0.446948720416501,0.00787234780577149,1.00031091585759,2219.69396453743,2294.63753749506,0,0,FALSE,FALSE,FALSE,FALSE,TRUE,"passes screening"
"log_selcoffs_fsh[1][158]",TRUE,-0.795181129504958,-0.794133172945564,0.422716107262985,-1.64483865374273,-1.06523719681068,-0.518421600187137,0.0270162059204935,0.011628184384977,1.00077463290531,1315.11585118601,2118.59936017028,0,0,FALSE,FALSE,FALSE,FALSE,TRUE,"passes screening"
"log_selcoffs_fsh[1][159]",TRUE,-0.918451735153372,-0.911444193714514,0.446522899026837,-1.81443969908568,-1.20944200032878,-0.622620706193495,-0.0557223637016065,0.0134433883007396,1.0000028797239,1106.22695957323,2015.85432174667,0,0,FALSE,FALSE,FALSE,FALSE,TRUE,"passes screening"
"log_selcoffs_fsh[1][160]",TRUE,-0.809347243996629,-0.801637618378543,0.465535371398979,-1.73615357594071,-1.12951927543461,-0.492842556184032,0.0990903310006562,0.0167861444967808,1.00050152012,771.677409626141,1565.27074924901,0,0,FALSE,FALSE,FALSE,FALSE,TRUE,"passes screening"
"log_selcoffs_fsh[1][161]",TRUE,-0.590394317454758,-0.579951416071763,0.471790116688985,-1.53976144454472,-0.903650532289084,-0.262575378977312,0.259756145939761,0.0186768340781323,1.00091781028724,639.951522129273,1481.77686108774,0,0,FALSE,FALSE,FALSE,FALSE,TRUE,"passes screening"
"log_selcoffs_fsh[1][162]",TRUE,-0.402316135194931,-0.397045134349104,0.481557485642745,-1.37115890756093,-0.722273752054697,-0.0670005561697321,0.498128568889378,0.0207737904653531,1.00213260981592,538.406462318352,1119.62500612821,0,0,FALSE,FALSE,FALSE,FALSE,TRUE,"passes screening"
"log_selcoffs_fsh[1][163]",TRUE,0.647303307927026,0.661118892724225,0.298179668944021,0.0111081865243615,0.460696527525047,0.857836417790469,1.18365545664087,0.00893524223891335,1.0013595683996,1142.5723973822,1594.94672110981,0,0,FALSE,FALSE,FALSE,FALSE,TRUE,"passes screening"
"log_selcoffs_fsh[1][164]",TRUE,0.841946017115227,0.849378154678646,0.26455008396137,0.288348138808791,0.663441006245725,1.03185706482785,1.33283975892181,0.00802284295713387,1.00099498065195,1105.94005037668,1429.10067075807,0,0,FALSE,FALSE,FALSE,FALSE,TRUE,"passes screening"
"log_selcoffs_fsh[1][165]",TRUE,0.217055459626488,0.223183965348033,0.311943686428716,-0.443996420483731,0.0154089296094357,0.438569781512598,0.781376787873028,0.00711717788233085,1.00004806539487,1989.51515078188,1593.19931460062,0,0,FALSE,FALSE,FALSE,FALSE,TRUE,"passes screening"
"log_selcoffs_fsh[1][166]",TRUE,-0.423938067119528,-0.421998989441987,0.364113994094525,-1.15205244787939,-0.662722204825542,-0.17828068907011,0.257162980111581,0.00778676253698183,1.00077970458272,2196.03271801617,2275.7042663559,0,0,FALSE,FALSE,FALSE,FALSE,TRUE,"passes screening"
"log_selcoffs_fsh[1][167]",TRUE,-0.871846781923772,-0.862772312388035,0.413462359339501,-1.68410506488239,-1.14742407469287,-0.60067443679697,-0.0693030581570807,0.0107828215334973,1.00172510487447,1474.10297724861,2194.61440140696,0,0,FALSE,FALSE,FALSE,FALSE,TRUE,"passes screening"
"log_selcoffs_fsh[1][168]",TRUE,-0.966473869882742,-0.966182232455477,0.437740520826621,-1.83606016005864,-1.25493471237312,-0.665991874157935,-0.14289042296336,0.0138399395136834,1.001259233823,999.130770105567,1885.84596342669,0,0,FALSE,FALSE,FALSE,FALSE,TRUE,"passes screening"
"log_selcoffs_fsh[1][169]",TRUE,-0.839995504678289,-0.839690362878454,0.449240722503939,-1.72104589851952,-1.15346240267168,-0.527864577978204,0.028973327289848,0.0160790263221533,1.00211253104327,782.252833706906,1501.15294451904,0,0,FALSE,FALSE,FALSE,FALSE,TRUE,"passes screening"
"log_selcoffs_fsh[1][170]",TRUE,-0.624831109813561,-0.61200120121584,0.462020149599656,-1.55843321214911,-0.942655795647879,-0.304348383844597,0.251362139840475,0.0188232820797029,1.00157890325679,607.308343304393,1446.24623777529,0,0,FALSE,FALSE,FALSE,FALSE,TRUE,"passes screening"
"log_selcoffs_fsh[1][171]",TRUE,-0.421353709099278,-0.413250819700504,0.467900132872762,-1.38505860651802,-0.714545920497738,-0.102999229115683,0.463731826711121,0.0203516162610609,1.00278377796845,531.32809869828,1246.7896904418,0,0,FALSE,FALSE,FALSE,FALSE,TRUE,"passes screening"
"log_selcoffs_fsh[1][172]",TRUE,0.288835693809386,0.294677098184984,0.317777955205076,-0.353948569156313,0.0898985379201764,0.510566421086996,0.881267630885943,0.00819153308253031,1.00153146420106,1525.61343428049,1535.07075011017,0,0,FALSE,FALSE,FALSE,FALSE,TRUE,"passes screening"
"log_selcoffs_fsh[1][173]",TRUE,1.05323839710565,1.05928712471311,0.250435869356953,0.52954639112388,0.895041828493493,1.22051407027717,1.51929914155048,0.00683948161499739,0.999903408428918,1368.47960563497,1523.56342145821,0,0,FALSE,FALSE,FALSE,FALSE,TRUE,"passes screening"
"log_selcoffs_fsh[1][174]",TRUE,0.359536881065567,0.366834540090061,0.293977557729939,-0.238803617020314,0.161755836628373,0.564331627061691,0.913216324428975,0.00642218968630045,1.00115199649371,2115.38447657305,2299.80685330279,0,0,FALSE,FALSE,FALSE,FALSE,TRUE,"passes screening"
"log_selcoffs_fsh[1][175]",TRUE,-0.446187608260961,-0.44713655762205,0.367327636899948,-1.17924395148809,-0.69301056767228,-0.20073049352634,0.271410060015857,0.00761438297500294,1.00096632328921,2328.70257287458,2273.16581077347,0,0,FALSE,FALSE,FALSE,FALSE,TRUE,"passes screening"
"log_selcoffs_fsh[1][176]",TRUE,-0.954399345468407,-0.935751469290504,0.41188235804752,-1.77375139271976,-1.2332823459775,-0.67820044206967,-0.170079799209108,0.0108218271073245,1.00046770433058,1451.87158194185,1805.31687026951,0,0,FALSE,FALSE,FALSE,FALSE,TRUE,"passes screening"
"log_selcoffs_fsh[1][177]",TRUE,-1.04918762707811,-1.04448841090703,0.439652253343204,-1.94952198763383,-1.33361310649402,-0.757808602672457,-0.209524038024343,0.014644596109259,1.00173193582771,901.382785274357,1580.4767373885,0,0,FALSE,FALSE,FALSE,FALSE,TRUE,"passes screening"
"log_selcoffs_fsh[1][178]",TRUE,-0.889497508554543,-0.891601908454141,0.458845544611054,-1.8013461177083,-1.1910610357814,-0.570043032670643,-0.0254297689849391,0.0150113488431319,1.00133434899194,936.455891621094,1652.32928065671,0,0,FALSE,FALSE,FALSE,FALSE,TRUE,"passes screening"
"log_selcoffs_fsh[1][179]",TRUE,-0.64358374375622,-0.626921756534691,0.464659075244849,-1.59254728339066,-0.941813430355222,-0.334493388155494,0.242039825181836,0.0181827581249236,1.00221600288028,662.639849071853,1260.50024118776,0,0,FALSE,FALSE,FALSE,FALSE,TRUE,"passes screening"
"log_selcoffs_fsh[1][180]",TRUE,-0.441080052356511,-0.430675041170913,0.473740497710908,-1.38284180549786,-0.755816006024563,-0.114154649331896,0.453326438551774,0.0206321159725046,1.00397880857843,529.248822942275,1046.69075699533,0,0,FALSE,FALSE,FALSE,FALSE,TRUE,"passes screening"
"log_selcoffs_fsh[1][181]",TRUE,0.427323534681603,0.427638463675151,0.313798942125464,-0.216209318025852,0.221326442349708,0.639074021088216,1.03875435672124,0.00679178020239016,0.99922783242919,2154.41472818887,1653.87002268707,0,0,FALSE,FALSE,FALSE,FALSE,TRUE,"passes screening"
"log_selcoffs_fsh[1][182]",TRUE,1.1128437318499,1.12070531697083,0.242802691064325,0.610735797099378,0.955530552303782,1.27852586711084,1.56410265739118,0.00568940365618695,1.00151329184725,1884.57321784496,1716.41662905868,0,0,FALSE,FALSE,FALSE,FALSE,TRUE,"passes screening"
"log_selcoffs_fsh[1][183]",TRUE,0.254708071409971,0.261660021005108,0.308100061976606,-0.36162636216706,0.0585959953838842,0.468759609211678,0.828364218947749,0.00666932025248302,1.00000417388097,2164.29176537081,2304.26150446149,0,0,FALSE,FALSE,FALSE,FALSE,TRUE,"passes screening"
"log_selcoffs_fsh[1][184]",TRUE,-0.563433808269968,-0.559947703954683,0.366918611933044,-1.31629174056676,-0.809787747211393,-0.317645020233293,0.173232652831195,0.00805326799967454,1.00011578319191,2077.05549911438,2035.76994873799,0,0,FALSE,FALSE,FALSE,FALSE,TRUE,"passes screening"
"log_selcoffs_fsh[1][185]",TRUE,-1.05329271316911,-1.05177595790224,0.403226605070253,-1.833502682524,-1.33624078918745,-0.764213379934115,-0.315174120502742,0.00981879768368321,1.00127132021702,1686.56469532944,2134.63678812233,0,0,FALSE,FALSE,FALSE,FALSE,TRUE,"passes screening"
"log_selcoffs_fsh[1][186]",TRUE,-1.11834183910219,-1.12010519204683,0.424524687548236,-1.93632076856667,-1.40769752546811,-0.81628662135303,-0.317591445580325,0.0122232049467689,1.00087712127157,1217.96091055968,1614.4772470669,0,0,FALSE,FALSE,FALSE,FALSE,TRUE,"passes screening"
"log_selcoffs_fsh[1][187]",TRUE,-0.941163479969732,-0.934563065066717,0.446459419481076,-1.83126898865711,-1.24942653450455,-0.63542152571366,-0.110840574225938,0.0148590080416677,0.999864820228376,909.230291425981,1865.74241170534,0,0,FALSE,FALSE,FALSE,FALSE,TRUE,"passes screening"
"log_selcoffs_fsh[1][188]",TRUE,-0.676392309109409,-0.672020501317968,0.45071860524456,-1.5439496920698,-0.983555398524044,-0.362615379194363,0.191714828476761,0.0180158375197643,1.00094757754684,623.656140377039,1513.87115083327,0,0,FALSE,FALSE,FALSE,FALSE,TRUE,"passes screening"
"log_selcoffs_fsh[1][189]",TRUE,-0.455000075980443,-0.43325556569551,0.455549567279986,-1.35283072636282,-0.763794983449131,-0.139434967487933,0.413054075018294,0.0203391699096065,1.00220642625633,502.28259147164,1201.64201924683,0,0,FALSE,FALSE,FALSE,FALSE,TRUE,"passes screening"
"log_selcoffs_fsh[1][190]",TRUE,0.224358354992208,0.222987918335773,0.318508523800708,-0.42603520868407,0.0181416211199006,0.435948127677447,0.844894707409586,0.00616447240403429,1.0019927184807,2683.28449134358,2407.16291898528,0,0,FALSE,FALSE,FALSE,FALSE,TRUE,"passes screening"
"log_selcoffs_fsh[1][191]",TRUE,1.21046112487728,1.21565449993931,0.230078965351752,0.753733597540209,1.05621775200827,1.36708225838265,1.64919102979286,0.00519302357585974,1.00113931902998,1970.43987277747,2312.18299005981,0,0,FALSE,FALSE,FALSE,FALSE,TRUE,"passes screening"
"log_selcoffs_fsh[1][192]",TRUE,0.378820488260666,0.382189850860053,0.281727460016116,-0.1657211944992,0.191520603530191,0.563828061291753,0.941484733222542,0.00596322140380027,1.00151732699146,2230.95277064194,2196.6476594811,0,0,FALSE,FALSE,FALSE,FALSE,TRUE,"passes screening"
"log_selcoffs_fsh[1][193]",TRUE,-0.620801270438495,-0.626452299359509,0.356203680687382,-1.31087046533229,-0.863963026377758,-0.371057863198658,0.0826867179968564,0.00782211300188027,1.00284246597972,2080.39625612431,2150.79923835173,0,0,FALSE,FALSE,FALSE,FALSE,TRUE,"passes screening"
"log_selcoffs_fsh[1][194]",TRUE,-1.15712388376563,-1.16170322875662,0.39038055477036,-1.95676781883228,-1.41587192753954,-0.886111816885314,-0.409701824691756,0.00976147895088766,1.00117144402595,1598.13877766518,1956.93911080356,0,0,FALSE,FALSE,FALSE,FALSE,TRUE,"passes screening"
"log_selcoffs_fsh[1][195]",TRUE,-1.19602204800771,-1.18008799557566,0.412934419693344,-2.0062521099977,-1.47730045627599,-0.90630324986049,-0.437090254832281,0.0115406865418741,1.00077737859015,1285.97755116545,2051.65386756748,0,0,FALSE,FALSE,FALSE,FALSE,TRUE,"passes screening"
"log_selcoffs_fsh[1][196]",TRUE,-1.01432480448109,-1.01681706717006,0.435345909432556,-1.87892335878815,-1.30464773161343,-0.720685352114456,-0.158475040296013,0.012897417449939,0.999970660538948,1141.89901468129,1864.7347498411,0,0,FALSE,FALSE,FALSE,FALSE,TRUE,"passes screening"
"log_selcoffs_fsh[1][197]",TRUE,-0.709658851662823,-0.701678505101481,0.446363558932375,-1.60794215153662,-1.00956983446847,-0.397498958520197,0.135459304810754,0.016894299550133,1.0018768364809,698.65200028669,1587.188200138,0,0,FALSE,FALSE,FALSE,FALSE,TRUE,"passes screening"
"log_selcoffs_fsh[1][198]",TRUE,-0.47538181398666,-0.462497904966083,0.440812228797439,-1.35216001792945,-0.770379579713819,-0.168721222610974,0.340207414133742,0.0183422538018258,1.00125301608084,581.195060442887,1310.08141684335,0,0,FALSE,FALSE,FALSE,FALSE,TRUE,"passes screening"
"log_selcoffs_fsh[1][199]",TRUE,0.411017676670621,0.424519014604696,0.298676902346147,-0.189086003650633,0.216895684309468,0.607856221562798,0.991455876736411,0.00557996556777709,1.00118480425734,2914.5833202635,2278.47794831974,0,0,FALSE,FALSE,FALSE,FALSE,TRUE,"passes screening"
"log_selcoffs_fsh[1][200]",TRUE,1.11270187466283,1.120474892183,0.236678441057239,0.640220442495872,0.959299137809073,1.27048368825998,1.56101442373474,0.00508541755013447,0.999538282256067,2179.80294325758,2051.12825225394,0,0,FALSE,FALSE,FALSE,FALSE,TRUE,"passes screening"
"log_selcoffs_fsh[1][201]",TRUE,0.403404232041136,0.410859345391473,0.300366109892938,-0.205127263373876,0.210779415529037,0.596694286863464,0.973164025711337,0.00591185205508391,1.00232606443352,2568.8760103241,2381.80681217294,0,0,FALSE,FALSE,FALSE,FALSE,TRUE,"passes screening"
"log_selcoffs_fsh[1][202]",TRUE,-0.573815440375625,-0.575453481425959,0.362171650130198,-1.28405685044063,-0.815913877537811,-0.317002494262538,0.127970228074721,0.00752054036300294,1.0003151274285,2331.15707802241,2534.53865845847,0,0,FALSE,FALSE,FALSE,FALSE,TRUE,"passes screening"
"log_selcoffs_fsh[1][203]",TRUE,-1.17148966749314,-1.16521194300084,0.400345398614881,-1.98164567897977,-1.43769950607396,-0.901892914792952,-0.404407534103713,0.0095530833122799,1.00028940667489,1765.67044727262,1916.29407262692,0,0,FALSE,FALSE,FALSE,FALSE,TRUE,"passes screening"
"log_selcoffs_fsh[1][204]",TRUE,-1.24670996745365,-1.22966558964014,0.410382236042088,-2.09023984810867,-1.51782768902379,-0.96458272848657,-0.440641067530313,0.0117071970971421,1.00085095132106,1237.2315627105,1562.79936547954,0,0,FALSE,FALSE,FALSE,FALSE,TRUE,"passes screening"
"log_selcoffs_fsh[1][205]",TRUE,-1.04579731116147,-1.0390904000722,0.431852083697117,-1.9232739361876,-1.32073069156958,-0.761364121545232,-0.200002815721382,0.0127187344808394,0.999943838274754,1152.6613800398,1985.14795886101,0,0,FALSE,FALSE,FALSE,FALSE,TRUE,"passes screening"
"log_selcoffs_fsh[1][206]",TRUE,-0.719781489712546,-0.709046483012488,0.441140556233452,-1.60417862162269,-1.01765124152516,-0.42479317796302,0.104896093820315,0.0159949354875279,1.00249934996598,760.869430995083,1743.60496191707,0,0,FALSE,FALSE,FALSE,FALSE,TRUE,"passes screening"
"log_selcoffs_fsh[1][207]",TRUE,-0.463014966164367,-0.457783610942496,0.452824722332995,-1.37541680464752,-0.768998447757827,-0.148051462568218,0.398359916549578,0.0188465569347169,1.00244077445742,580.011001057918,1069.07782316565,0,0,FALSE,FALSE,FALSE,FALSE,TRUE,"passes screening"
"log_selcoffs_fsh[1][208]",TRUE,0.244630387745538,0.24781417077122,0.317635137043366,-0.402954520090584,0.0389974826254971,0.461144339447945,0.856049965094056,0.00636013539287172,1.00061404227459,2518.10097331388,2221.90369208185,0,0,FALSE,FALSE,FALSE,FALSE,TRUE,"passes screening"
"log_selcoffs_fsh[1][209]",TRUE,1.22924309726049,1.23025978940402,0.223454776662851,0.77256567934544,1.0842092845234,1.38395625674073,1.65621909725787,0.00491839972599793,1.00007301884724,2073.53468317074,2129.41385081269,0,0,FALSE,FALSE,FALSE,FALSE,TRUE,"passes screening"
"log_selcoffs_fsh[1][210]",TRUE,0.332465326540199,0.341944672525626,0.295493938302675,-0.255212903297069,0.135805894505765,0.534630961248279,0.899783734438354,0.00555799788417203,0.999993588220698,2829.82409814917,2291.25464982581,0,0,FALSE,FALSE,FALSE,FALSE,TRUE,"passes screening"
"log_selcoffs_fsh[1][211]",TRUE,-0.59754544208298,-0.594884116318074,0.360573155131317,-1.29731749377094,-0.844668154722234,-0.352457975086155,0.103717904166429,0.00729190643052996,1.00022061392127,2446.81459723643,2359.04589099449,0,0,FALSE,FALSE,FALSE,FALSE,TRUE,"passes screening"
"log_selcoffs_fsh[1][212]",TRUE,-1.17067150774842,-1.17386852920477,0.39510990590554,-1.96361586358416,-1.4344400187173,-0.897230510141067,-0.413201328267999,0.00959137811218209,1.00038381502182,1705.3838555955,1668.3253440314,0,0,FALSE,FALSE,FALSE,FALSE,TRUE,"passes screening"
"log_selcoffs_fsh[1][213]",TRUE,-1.26204090568105,-1.25724838920837,0.411152792154607,-2.06548057201323,-1.53185651769198,-0.996759382082858,-0.445986464546378,0.0105908466375237,1.00023837810452,1515.29699538599,1573.40323165983,0,0,FALSE,FALSE,FALSE,FALSE,TRUE,"passes screening"
"log_selcoffs_fsh[1][214]",TRUE,-1.06942532195125,-1.05969125428962,0.417659651153989,-1.87006336361434,-1.35978810285107,-0.777683010227841,-0.259574208921742,0.0116891720650262,0.999507472196457,1280.1777257187,1970.48256202359,0,0,FALSE,FALSE,FALSE,FALSE,TRUE,"passes screening"
"log_selcoffs_fsh[1][215]",TRUE,-0.740959117965967,-0.735189249518632,0.43252101756565,-1.59929776986252,-1.02609914698526,-0.453964263488107,0.0896387605076484,0.0137499242405545,1.00203478834821,987.656385947896,1765.07754383377,0,0,FALSE,FALSE,FALSE,FALSE,TRUE,"passes screening"
"log_selcoffs_fsh[1][216]",TRUE,-0.464561811045462,-0.459969784344863,0.433621657662485,-1.33150120993957,-0.756890632614629,-0.165790186126082,0.389018165102459,0.0167265956666486,1.00220415448017,675.110914169328,1273.05558593527,0,0,FALSE,FALSE,FALSE,FALSE,TRUE,"passes screening"
"log_selcoffs_fsh[1][217]",TRUE,0.509308838184858,0.52703906852381,0.3167907675942,-0.15069089716508,0.305656767756184,0.727121174689412,1.08362029054837,0.00564629213098524,1.00180122358928,3174.71714415102,2340.63805486172,0,0,FALSE,FALSE,FALSE,FALSE,TRUE,"passes screening"
"log_selcoffs_fsh[1][218]",TRUE,1.12337593801663,1.13087526104069,0.236057441915909,0.628995123603888,0.970321247050789,1.28840562286667,1.5604758951122,0.00495211509216661,1.00077689552828,2285.09604924861,2017.67840905057,0,0,FALSE,FALSE,FALSE,FALSE,TRUE,"passes screening"
"log_selcoffs_fsh[1][219]",TRUE,0.239596351220462,0.244721018377281,0.292742806013016,-0.337413481580877,0.0512562615930754,0.433597638499161,0.80100046017404,0.00635425273719103,1.00142617481375,2137.69905604247,2184.22590781339,0,0,FALSE,FALSE,FALSE,FALSE,TRUE,"passes screening"
"log_selcoffs_fsh[1][220]",TRUE,-0.60272863678583,-0.594000597905888,0.34331234659115,-1.26184622999023,-0.838241143305902,-0.37044724615473,0.0582390852566999,0.00703571414906302,1.00116812399884,2385.58258920957,2560.84609096802,0,0,FALSE,FALSE,FALSE,FALSE,TRUE,"passes screening"
"log_selcoffs_fsh[1][221]",TRUE,-1.140645247682,-1.14635868902483,0.392191850332168,-1.91227026170722,-1.40985695744394,-0.858907387326754,-0.384744916593128,0.00944147791694034,1.00170766835942,1734.21574765717,2128.73839444713,0,0,FALSE,FALSE,FALSE,FALSE,TRUE,"passes screening"
"log_selcoffs_fsh[1][222]",TRUE,-1.24732569011676,-1.24551581645862,0.415848884325334,-2.07259153623529,-1.52569859591223,-0.965197804623571,-0.479725032122027,0.0107360966222298,0.999999540049249,1516.49543712512,1590.54242479675,0,0,FALSE,FALSE,FALSE,FALSE,TRUE,"passes screening"
"log_selcoffs_fsh[1][223]",TRUE,-1.05466557738623,-1.04795130182421,0.420966844951777,-1.86016951378938,-1.34602365454165,-0.772122863933331,-0.233539640776584,0.0123285741104127,1.00093956600683,1166.11324816135,1784.76174608331,0,0,FALSE,FALSE,FALSE,FALSE,TRUE,"passes screening"
"log_selcoffs_fsh[1][224]",TRUE,-0.712336974536541,-0.70644957190127,0.427603680614918,-1.56818633459111,-1.0002935400459,-0.419133147456212,0.116139692353768,0.0144560446452422,1.00248433324917,875.026857804842,1736.1094799461,0,0,FALSE,FALSE,FALSE,FALSE,TRUE,"passes screening"
"log_selcoffs_fsh[1][225]",TRUE,-0.42505208734967,-0.413909059635913,0.422310888162946,-1.27130344022038,-0.710306990995395,-0.133455019108714,0.3924157716536,0.0164242271281844,1.00247353879942,657.950769495214,1568.27998335021,0,0,FALSE,FALSE,FALSE,FALSE,TRUE,"passes screening"
"log_selcoffs_fsh[1][226]",TRUE,0.582643255291123,0.59699082317939,0.296253419751342,-0.0260904328150874,0.399387512921995,0.785758723360051,1.11872433247892,0.00653703740910576,1.00158448780155,2092.3040782013,1823.74019263985,0,0,FALSE,FALSE,FALSE,FALSE,TRUE,"passes screening"
"log_selcoffs_fsh[1][227]",TRUE,1.02618995701105,1.03519378294088,0.248188477628406,0.504837580439192,0.867133069761572,1.1971385653645,1.47730828247263,0.00516133682487959,0.999910643108784,2352.7582959021,2160.96872883592,0,0,FALSE,FALSE,FALSE,FALSE,TRUE,"passes screening"
"log_selcoffs_fsh[1][228]",TRUE,0.248945345567259,0.258176642734465,0.300003612031658,-0.355609560269406,0.0521499505763597,0.458028431180581,0.806171743332663,0.00636974900274051,1.00053905219871,2196.98401044203,2137.37259788658,0,0,FALSE,FALSE,FALSE,FALSE,TRUE,"passes screening"
"log_selcoffs_fsh[1][229]",TRUE,-0.495458431182712,-0.482343798068402,0.348618914813815,-1.19381835006156,-0.735274981253643,-0.260285927967591,0.160922727007758,0.00758611887089317,1.00133410104529,2116.60916548579,1927.71951895821,0,0,FALSE,FALSE,FALSE,FALSE,TRUE,"passes screening"
"log_selcoffs_fsh[1][230]",TRUE,-1.10173322454027,-1.09808292522505,0.388069298617142,-1.85898540983346,-1.36684647586706,-0.835857474621281,-0.359639896147284,0.00916616687908411,1.00144094793068,1787.71991501446,2275.95993588296,0,0,FALSE,FALSE,FALSE,FALSE,TRUE,"passes screening"
"log_selcoffs_fsh[1][231]",TRUE,-1.20396681549213,-1.19856004193704,0.418819737700051,-2.02116166808686,-1.49808325383085,-0.907477083160681,-0.408382310699098,0.0109782749966278,1.00025021174109,1459.57527863423,2232.20413092194,0,0,FALSE,FALSE,FALSE,FALSE,TRUE,"passes screening"
"log_selcoffs_fsh[1][232]",TRUE,-0.997539028597939,-1.00476770502775,0.426717947110457,-1.8387819230754,-1.28283911648861,-0.707774843596834,-0.167500869993182,0.0116709643420659,1.00088642095224,1334.15899465117,2025.11913084045,0,0,FALSE,FALSE,FALSE,FALSE,TRUE,"passes screening"
"log_selcoffs_fsh[1][233]",TRUE,-0.652311543871775,-0.644281806262903,0.41932966593572,-1.50834227457941,-0.922191858737916,-0.370921227551139,0.166703937297292,0.0130395319749299,1.0017773412249,1034.73358085318,1521.69338184801,0,0,FALSE,FALSE,FALSE,FALSE,TRUE,"passes screening"
"log_selcoffs_fsh[1][234]",TRUE,-0.346004210959494,-0.342247474616388,0.408104886927966,-1.15798050606984,-0.617821993899341,-0.0644000387741242,0.43386530321482,0.0148617628355229,1.00169897059763,752.114771849156,1289.21464202839,0,0,FALSE,FALSE,FALSE,FALSE,TRUE,"passes screening"
"log_selcoffs_fsh[1][235]",TRUE,-0.115215920640459,-0.110494938003367,0.321767390036911,-0.760849175733981,-0.327260920528781,0.0955753048113026,0.511055102465754,0.00697351061787151,1.00098096558941,2129.41132802007,2068.31897863774,0,0,FALSE,FALSE,FALSE,FALSE,TRUE,"passes screening"
"log_selcoffs_fsh[1][236]",TRUE,1.1358574946136,1.14100383881828,0.239377867697181,0.666804627335352,0.975408132700255,1.29878422862097,1.59020580333355,0.00546146842113171,1.00081007776151,1969.21815057791,2086.54956834904,0,0,FALSE,FALSE,FALSE,FALSE,TRUE,"passes screening"
"log_selcoffs_fsh[1][237]",TRUE,0.40800698242349,0.411175041951806,0.288536344756673,-0.167006288412012,0.21781696858306,0.608785095358624,0.950877948300347,0.00606737140461315,1.00074085539766,2279.26111427818,2419.83435679654,0,0,FALSE,FALSE,FALSE,FALSE,TRUE,"passes screening"
"log_selcoffs_fsh[1][238]",TRUE,-0.360712407011457,-0.360590818364604,0.357413717483374,-1.05254276981554,-0.605657068736396,-0.114890862288881,0.344020604023694,0.00724986702715076,1.00084470200948,2439.70020485448,2460.71680777441,0,0,FALSE,FALSE,FALSE,FALSE,TRUE,"passes screening"
"log_selcoffs_fsh[1][239]",TRUE,-1.00565251693814,-1.0087783124052,0.405745959500653,-1.7836997469909,-1.28503709121539,-0.723932300066497,-0.206685648569503,0.00928758491240063,1.00220820613719,1922.15448077733,2273.52965483792,0,0,FALSE,FALSE,FALSE,FALSE,TRUE,"passes screening"
"log_selcoffs_fsh[1][240]",TRUE,-1.1267101713809,-1.12300423103872,0.428789677759469,-1.97456213050278,-1.41996243795658,-0.827720245703988,-0.296175105951265,0.011160716737124,1.00079556727059,1475.50504479419,2032.92113271876,0,0,FALSE,FALSE,FALSE,FALSE,TRUE,"passes screening"
"log_selcoffs_fsh[1][241]",TRUE,-0.911713054257938,-0.913659698023237,0.428163986358426,-1.74240961162489,-1.19720763889264,-0.607559606663777,-0.0795272394439107,0.0116132739992236,1.00119805437967,1358.40329435271,1935.66559647602,0,0,FALSE,FALSE,FALSE,FALSE,TRUE,"passes screening"
"log_selcoffs_fsh[1][242]",TRUE,-0.549122293672041,-0.547330751125819,0.42417567301502,-1.38287187023697,-0.839561568642205,-0.256569062329436,0.246096173897641,0.0141700371480724,1.00214038502467,899.202389118384,1837.75191519382,0,0,FALSE,FALSE,FALSE,FALSE,TRUE,"passes screening"
"log_selcoffs_fsh[1][243]",TRUE,-0.255954514562215,-0.252917134472189,0.40912459658804,-1.06104452314341,-0.534111563136088,0.0232122423281295,0.540412166851897,0.0156390239327531,1.00251627853717,681.858410778871,1190.87373558081,0,0,FALSE,FALSE,FALSE,FALSE,TRUE,"passes screening"
"log_selcoffs_fsh[1][244]",TRUE,0.082539759642155,0.0805315904949082,0.331264843334845,-0.60379111780922,-0.140458429585265,0.319609958663594,0.71221570110676,0.00730900316803392,0.999926068909059,2076.69262395924,2350.42581044728,0,0,FALSE,FALSE,FALSE,FALSE,TRUE,"passes screening"
"log_selcoffs_fsh[1][245]",TRUE,0.940014423386187,0.947550565255863,0.263937669601241,0.385673441949672,0.773982861401359,1.12064081421816,1.42863194143972,0.00677943868167214,0.999988655947515,1544.09855974095,2115.68279162138,0,0,FALSE,FALSE,FALSE,FALSE,TRUE,"passes screening"
"log_selcoffs_fsh[1][246]",TRUE,0.375400746048218,0.389963575978625,0.312657559911148,-0.26233682018322,0.165469321453678,0.583918128776422,0.960286139794973,0.00708924083904951,1.00008402200017,1963.51955432653,2308.14842785566,0,0,FALSE,FALSE,FALSE,FALSE,TRUE,"passes screening"
"log_selcoffs_fsh[1][247]",TRUE,-0.403531244155327,-0.394799680049868,0.384082469416903,-1.1812835470865,-0.656753698039438,-0.140678844016906,0.340570518048133,0.00854624552829112,1.00128109949879,2024.80479149812,2210.35899391097,0,0,FALSE,FALSE,FALSE,FALSE,TRUE,"passes screening"
"log_selcoffs_fsh[1][248]",TRUE,-0.911283713428545,-0.888705568676907,0.428535130064252,-1.78729773572034,-1.19744948201926,-0.62017286872174,-0.0998625652542473,0.0105457129807902,1.00287095802956,1662.97165435932,2111.72135076348,0,0,FALSE,FALSE,FALSE,FALSE,TRUE,"passes screening"
"log_selcoffs_fsh[1][249]",TRUE,-0.975238364643922,-0.979314038329865,0.43471855303233,-1.84247729489506,-1.26443280921376,-0.677911961586113,-0.143547837212779,0.0116371206814034,1.0037438101735,1396.55382448262,2088.15826809083,0,0,FALSE,FALSE,FALSE,FALSE,TRUE,"passes screening"
"log_selcoffs_fsh[1][250]",TRUE,-0.745769132041762,-0.736514967622489,0.435573963417793,-1.63446921167644,-1.03483877553542,-0.433848211425133,0.0644188260558568,0.0125456879225016,0.999833926286752,1214.72373989993,1906.57571792611,0,0,FALSE,FALSE,FALSE,FALSE,TRUE,"passes screening"
"log_selcoffs_fsh[1][251]",TRUE,-0.397484256086382,-0.38238600742277,0.425470772644449,-1.28819376419107,-0.678600695546784,-0.104463042976214,0.403600387804878,0.0145689736780277,1.00019871734337,853.292172328934,1482.79627670368,0,0,FALSE,FALSE,FALSE,FALSE,TRUE,"passes screening"
"log_selcoffs_fsh[1][252]",TRUE,-0.108469249505105,-0.098596068010098,0.422977538984994,-0.94974679400609,-0.3956501294474,0.179273592612603,0.68907629466761,0.0162217787412351,1.00233663720198,675.421416175216,1218.83131502297,0,0,FALSE,FALSE,FALSE,FALSE,TRUE,"passes screening"
"log_selcoffs_fsh[1][253]",TRUE,0.914658626481271,0.925498385404999,0.28960790442652,0.289354855935357,0.726747225871139,1.116053077572,1.43518080832863,0.00829121486534407,0.999562678390188,1233.30843725115,1865.19952654262,0,0,FALSE,FALSE,FALSE,FALSE,TRUE,"passes screening"
"log_selcoffs_fsh[1][254]",TRUE,0.467085754151866,0.471167216527349,0.29100135255133,-0.118886337358897,0.28072912873688,0.661115417213684,1.02036063532433,0.00834816775733252,1.00116846150888,1243.89695864879,1439.56126045161,0,0,FALSE,FALSE,FALSE,FALSE,TRUE,"passes screening"
"log_selcoffs_fsh[1][255]",TRUE,-0.158061316566681,-0.153923368367256,0.334857744253439,-0.84606029177041,-0.364007176740631,0.074434851129612,0.469898710486272,0.0094178898142426,1.00212712069043,1280.6307130885,1703.70757651797,0,0,FALSE,FALSE,FALSE,FALSE,TRUE,"passes screening"
"log_selcoffs_fsh[1][256]",TRUE,-0.651935989493531,-0.636223107023317,0.378255512190213,-1.38824042948602,-0.912022444700284,-0.399601835014371,0.0830228587696851,0.00811503183994644,1.00112567956266,2200.92768522736,2129.5927484896,0,0,FALSE,FALSE,FALSE,FALSE,TRUE,"passes screening"
"log_selcoffs_fsh[1][257]",TRUE,-0.928480689142262,-0.923271941312834,0.41659027900304,-1.78818418421948,-1.20613574598208,-0.632784287867919,-0.142792277540443,0.0101654272143529,1.00172841866301,1681.02018281429,2213.2042881495,0,0,FALSE,FALSE,FALSE,FALSE,TRUE,"passes screening"
"log_selcoffs_fsh[1][258]",TRUE,-0.872312324723717,-0.866439081999314,0.42774284921902,-1.699677463864,-1.16643708314741,-0.57367582371866,-0.0497527808522297,0.0114915386260227,1.00282938024778,1380.54696654112,1751.02544266944,0,0,FALSE,FALSE,FALSE,FALSE,TRUE,"passes screening"
"log_selcoffs_fsh[1][259]",TRUE,-0.602557041869021,-0.599386111859424,0.423195404550769,-1.44301688208844,-0.881761530091923,-0.317037129569076,0.217317572956064,0.0115916694140183,1.00097252934367,1332.74859843753,2218.5900303743,0,0,FALSE,FALSE,FALSE,FALSE,TRUE,"passes screening"
"log_selcoffs_fsh[1][260]",TRUE,-0.256217740483469,-0.238270560087256,0.413734095421058,-1.09834092539062,-0.543837612547719,0.0218933958630198,0.513112908479413,0.0138209847441717,0.999668356593471,897.15250871213,1728.93905032211,0,0,FALSE,FALSE,FALSE,FALSE,TRUE,"passes screening"
"log_selcoffs_fsh[1][261]",TRUE,-0.0056486546282766,0.00618257048442914,0.412594383309736,-0.821264951940412,-0.277883036155477,0.27461243405944,0.77416620357811,0.0156316782602832,1.00102307691325,690.835755813637,1428.95931984892,0,0,FALSE,FALSE,FALSE,FALSE,TRUE,"passes screening"
"log_selcoffs_fsh[1][262]",TRUE,0.443594764284732,0.447212321211251,0.316816182789707,-0.185097788196191,0.228320904317825,0.658051996030471,1.05863466157524,0.00899149147200934,1.00205043067799,1251.64678760118,1838.1703940394,0,0,FALSE,FALSE,FALSE,FALSE,TRUE,"passes screening"
"log_selcoffs_fsh[1][263]",TRUE,0.794869544727425,0.808341772761997,0.287301458836663,0.209603867976811,0.609174683344361,0.994241209190408,1.3083425232935,0.0085318391945193,1.00135853103355,1145.84247575525,1564.85042770828,0,0,FALSE,FALSE,FALSE,FALSE,TRUE,"passes screening"
"log_selcoffs_fsh[1][264]",TRUE,-0.149324142493538,-0.143057237707419,0.341535816786538,-0.853702593802582,-0.37291534507031,0.0828427527030492,0.492274882871535,0.00936996225661665,1.0008299001031,1339.97472360283,1944.60705550221,0,0,FALSE,FALSE,FALSE,FALSE,TRUE,"passes screening"
"log_selcoffs_fsh[1][265]",TRUE,-0.798755331737425,-0.801991177275813,0.380560397308276,-1.54224054059428,-1.06320599982302,-0.523952328621944,-0.0739734647422704,0.00941609919376765,1.0014924327369,1641.60402121125,2089.12845378889,0,0,FALSE,FALSE,FALSE,FALSE,TRUE,"passes screening"
"log_selcoffs_fsh[1][266]",TRUE,-0.946955058577571,-0.94617252728598,0.407721136143445,-1.75596000153536,-1.22183446460729,-0.666393674948762,-0.159629279996879,0.0115732267173889,1.00589471296825,1253.7057399459,1912.08243632256,0,0,FALSE,FALSE,FALSE,FALSE,TRUE,"passes screening"
"log_selcoffs_fsh[1][267]",TRUE,-0.779261018321618,-0.768511259903104,0.426217357671632,-1.6225294412073,-1.0673795087948,-0.477561276944289,0.0333697009793025,0.0120116960765062,1.00493083235971,1254.7410700702,1749.53242129492,0,0,FALSE,FALSE,FALSE,FALSE,TRUE,"passes screening"
"log_selcoffs_fsh[1][268]",TRUE,-0.464902673274699,-0.45225177488317,0.417382587849694,-1.30374660428917,-0.740821102136974,-0.168799635962173,0.302312811171588,0.0116150073310811,1.0005392075481,1289.1313396813,1755.77424095863,0,0,FALSE,FALSE,FALSE,FALSE,TRUE,"passes screening"
"log_selcoffs_fsh[1][269]",TRUE,-0.121553669847281,-0.115354798846424,0.405237442517291,-0.980028624698887,-0.386733104507361,0.16767199843394,0.606982841850428,0.0138502023793445,1.00116859832013,862.264472874505,1307.63283948037,0,0,FALSE,FALSE,FALSE,FALSE,TRUE,"passes screening"
"log_selcoffs_fsh[1][270]",TRUE,0.132037802123739,0.13903252782886,0.401477217439157,-0.685987866181059,-0.126080257778275,0.408193466310072,0.893743084090047,0.015126829750885,1.0021071446671,708.416718011736,1832.51825888462,0,0,FALSE,FALSE,FALSE,FALSE,TRUE,"passes screening"
"log_selcoffs_fsh[1][271]",TRUE,0.238326399642167,0.245445575335675,0.336145664967822,-0.4512078472839,0.0179078829247862,0.468082294453018,0.861617223679677,0.00847026209889343,1.00132939261817,1595.87995943145,2149.04836221444,0,0,FALSE,FALSE,FALSE,FALSE,TRUE,"passes screening"
"log_selcoffs_fsh[1][272]",TRUE,0.753738804429688,0.763774971428079,0.291242701527611,0.151257374812691,0.55969968722893,0.959923571896522,1.29244657739555,0.00819714298506524,1.00111461281935,1271.43610684485,2261.59443123501,0,0,FALSE,FALSE,FALSE,FALSE,TRUE,"passes screening"
"log_selcoffs_fsh[1][273]",TRUE,-0.254450589571181,-0.250786870669214,0.352030607166125,-0.918912451278526,-0.499496268142656,-0.0101116368755348,0.410474872016316,0.00888697029158041,1.00069890388554,1567.17863063725,1780.55868002781,0,0,FALSE,FALSE,FALSE,FALSE,TRUE,"passes screening"
"log_selcoffs_fsh[1][274]",TRUE,-0.819408191450877,-0.823724460113586,0.383934620692342,-1.57413439889823,-1.07386144083142,-0.558494991488443,-0.0670549952327796,0.00967687933774455,1.00018544494881,1575.71542458773,2233.26273830762,0,0,FALSE,FALSE,FALSE,FALSE,TRUE,"passes screening"
"log_selcoffs_fsh[1][275]",TRUE,-0.896381145018677,-0.886244819151272,0.394509667560574,-1.68293871228982,-1.16498557386623,-0.632141104635317,-0.126970822578975,0.0108178583035478,1.0013213690538,1342.33298585275,2170.32191668362,0,0,FALSE,FALSE,FALSE,FALSE,TRUE,"passes screening"
"log_selcoffs_fsh[1][276]",TRUE,-0.672142105669614,-0.665929053078694,0.419750110442191,-1.5256056745467,-0.955869488745476,-0.39180398230173,0.109254001094044,0.0111167721067676,1.00305723274641,1427.52430875357,1780.22408944904,0,0,FALSE,FALSE,FALSE,FALSE,TRUE,"passes screening"
"log_selcoffs_fsh[1][277]",TRUE,-0.320761892687074,-0.310777041010248,0.408212981392799,-1.16720132273096,-0.588330171860197,-0.0442671588699566,0.448119762693318,0.011109226383205,1.00125787351375,1352.07770925704,1900.41096859139,0,0,FALSE,FALSE,FALSE,FALSE,TRUE,"passes screening"
"log_selcoffs_fsh[1][278]",TRUE,0.039268608016037,0.0428406226225424,0.393410427567884,-0.762704675106524,-0.218960991766336,0.310491217745268,0.78378377464955,0.0132418405525714,1.00048521026837,897.774175066346,1702.67814791645,0,0,FALSE,FALSE,FALSE,FALSE,TRUE,"passes screening"
"log_selcoffs_fsh[1][279]",TRUE,0.275077159330602,0.277870020377575,0.380531981932946,-0.515811051467682,0.0337621182040685,0.535986467702555,0.981959587566645,0.0157644856887123,1.00375560015379,584.486272423406,1547.96012629304,0,0,FALSE,FALSE,FALSE,FALSE,TRUE,"passes screening"
"log_selcoffs_fsh[1][280]",TRUE,0.139829861524908,0.149151196277066,0.347038574283593,-0.578004056388866,-0.0871465168915443,0.378791145885375,0.800752231396993,0.0104699796121527,1.00293089687791,1130.2229049867,1909.54993601286,0,0,FALSE,FALSE,FALSE,FALSE,TRUE,"passes screening"
"log_selcoffs_fsh[1][281]",TRUE,0.392214842292549,0.401752249087596,0.326921522882403,-0.251885660801885,0.170125295096071,0.616884665503817,0.995264486067305,0.0100612312258876,1.00264580140154,1067.54839201432,1693.86713157848,0,0,FALSE,FALSE,FALSE,FALSE,TRUE,"passes screening"
"log_selcoffs_fsh[1][282]",TRUE,-0.344414821554133,-0.342450522174581,0.360040944470744,-1.07385342972119,-0.582839243875539,-0.091435429987146,0.333728926157183,0.0105773920860755,1.00139975564322,1169.0178277735,1603.99633012891,0,0,FALSE,FALSE,FALSE,FALSE,TRUE,"passes screening"
"log_selcoffs_fsh[1][283]",TRUE,-0.736044652691845,-0.73785034873915,0.381605150695684,-1.48867861733618,-0.989733135454519,-0.483252891091894,0.00816842048629488,0.010665866552042,1.0003039064112,1273.8753099462,2170.62351052303,0,0,FALSE,FALSE,FALSE,FALSE,TRUE,"passes screening"
"log_selcoffs_fsh[1][284]",TRUE,-0.753479392343935,-0.742469787385365,0.397586746742563,-1.53957365864642,-1.01544760690041,-0.479346759571498,0.00703960136533013,0.0101350821242955,1.00061492494874,1545.60750666117,1874.18823031139,0,0,FALSE,FALSE,FALSE,FALSE,TRUE,"passes screening"
"log_selcoffs_fsh[1][285]",TRUE,-0.524303066223692,-0.517595453436124,0.388251925707435,-1.30833877145126,-0.770123287249326,-0.264438936855313,0.232955587491287,0.0096410773033029,1.00112874499324,1645.11875365265,1768.04354874075,0,0,FALSE,FALSE,FALSE,FALSE,TRUE,"passes screening"
"log_selcoffs_fsh[1][286]",TRUE,-0.157530276726806,-0.145026399194951,0.38590177794646,-0.919863109468468,-0.411139547837643,0.100074283293808,0.573612370311487,0.00879751442569381,1.00070709579355,1934.31749679062,2139.2656024723,0,0,FALSE,FALSE,FALSE,FALSE,TRUE,"passes screening"
"log_selcoffs_fsh[1][287]",TRUE,0.208363733740184,0.215243827664854,0.372954428031011,-0.552058625754731,-0.0334485153625629,0.464389694453849,0.910172093478933,0.0110686102078707,1.00122183508101,1154.9389163228,1667.29374645591,0,0,FALSE,FALSE,FALSE,FALSE,TRUE,"passes screening"
"log_selcoffs_fsh[1][288]",TRUE,0.448695067561273,0.464664265149897,0.373841311005564,-0.352272375457045,0.197744517368581,0.718219025514254,1.1190616705718,0.0152759661192566,1.0059930235823,624.942880091069,1076.78457506841,0,0,FALSE,FALSE,FALSE,FALSE,TRUE,"passes screening"
"log_selcoffs_fsh[1][289]",TRUE,-0.733039056765882,-0.73516034604105,0.388712269323044,-1.5047329361493,-0.982405110024288,-0.464155904162261,-0.00386058877100398,0.0108735809186055,1.0029874403306,1282.43929235123,1840.50371874539,0,0,FALSE,FALSE,FALSE,FALSE,TRUE,"passes screening"
"log_selcoffs_fsh[1][290]",TRUE,0.115944627577771,0.119322109412657,0.34633722886276,-0.581924696532943,-0.114749355022884,0.358317506625923,0.76837769505512,0.0113936790793845,1.00528712501404,927.692458051994,2049.36116781454,0,0,FALSE,FALSE,FALSE,FALSE,TRUE,"passes screening"
"log_selcoffs_fsh[1][291]",TRUE,-0.274439227094462,-0.268967367545206,0.363016301848632,-1.02089518372764,-0.51508227421434,-0.0187162225418496,0.419640607241701,0.0104823664943183,1.00232837961916,1200.78066665922,1970.67627325987,0,0,FALSE,FALSE,FALSE,FALSE,TRUE,"passes screening"
"log_selcoffs_fsh[1][292]",TRUE,-0.537804874902424,-0.533259092532481,0.383830332350727,-1.31509707302171,-0.79559292371957,-0.271820867237123,0.174422140296356,0.0114450478053639,1.0032336532319,1135.76697235053,1488.51667955306,0,0,FALSE,FALSE,FALSE,FALSE,TRUE,"passes screening"
"log_selcoffs_fsh[1][293]",TRUE,-0.491664762962773,-0.487317221912798,0.377933836312464,-1.25643150009764,-0.736068364773312,-0.229890214426916,0.236565281153401,0.0106919412495864,1.00161241892443,1245.19162939773,1840.46742774408,0,0,FALSE,FALSE,FALSE,FALSE,TRUE,"passes screening"
"log_selcoffs_fsh[1][294]",TRUE,-0.305887988934074,-0.294145764206735,0.377682643714848,-1.08955710178753,-0.546467880935298,-0.0378708248882737,0.397848797955646,0.00881630729468952,1.00105093171416,1857.19288998398,2037.8833035444,0,0,FALSE,FALSE,FALSE,FALSE,TRUE,"passes screening"
"log_selcoffs_fsh[1][295]",TRUE,0.0258011650574746,0.0392272098241304,0.351846242335172,-0.707407970875593,-0.210987379945218,0.278178666823596,0.66683348401351,0.00727522516120315,1.00048943641505,2354.76206906955,2218.60528078256,0,0,FALSE,FALSE,FALSE,FALSE,TRUE,"passes screening"
"log_selcoffs_fsh[1][296]",TRUE,0.357358051131797,0.366159230573094,0.334604100568352,-0.333313067759783,0.145242832029432,0.580839176563775,0.992650750589402,0.00836815779566751,1.00308427919071,1616.53451490515,1919.93651456816,0,0,FALSE,FALSE,FALSE,FALSE,TRUE,"passes screening"
"log_selcoffs_fsh[1][297]",TRUE,0.591858396466615,0.597500683313661,0.346026112898951,-0.132316440604256,0.369750484821838,0.834441690459731,1.21601041068017,0.0136355569342415,1.00436284555409,655.849373862045,1582.31065719275,0,0,FALSE,FALSE,FALSE,FALSE,TRUE,"passes screening"
"log_selcoffs_fsh[1][298]",TRUE,-1.20836518576621,-1.20095660883797,0.385350085726974,-1.97297446595588,-1.46080614646071,-0.946290122431986,-0.475469012871272,0.0112075462381236,1.00228287902546,1188.01412591205,2068.73349823333,0,0,FALSE,FALSE,FALSE,FALSE,TRUE,"passes screening"
"log_selcoffs_fsh[1][299]",TRUE,-0.556110896239505,-0.550267183007607,0.370237133588504,-1.3050328351341,-0.806151289611955,-0.300934866502206,0.148020949897309,0.012248896627547,1.002558399564,915.061474015887,1858.47024873846,0,0,FALSE,FALSE,FALSE,FALSE,TRUE,"passes screening"
"log_selcoffs_fsh[1][300]",TRUE,-0.596342024962714,-0.591989569082861,0.36619203075572,-1.33330544253118,-0.838601659367273,-0.351569456163568,0.105536264519134,0.0123485322278592,1.00429698480145,879.874489943938,1741.88702392968,0,0,FALSE,FALSE,FALSE,FALSE,TRUE,"passes screening"
"log_selcoffs_fsh[1][301]",TRUE,-0.440937341394873,-0.430515013941302,0.376185583671261,-1.19004012108205,-0.691769489239042,-0.18169852001288,0.277646697717168,0.0128280335779691,1.00239296887893,864.488951252497,1814.55460930666,0,0,FALSE,FALSE,FALSE,FALSE,TRUE,"passes screening"
"log_selcoffs_fsh[1][302]",TRUE,-0.236984294346517,-0.230295875671734,0.362704584167574,-0.979065189502257,-0.475668673836627,0.0145888441457935,0.432225512913294,0.0107554599274256,1.00157472669362,1139.62252413898,1810.79868810656,0,0,FALSE,FALSE,FALSE,FALSE,TRUE,"passes screening"
"log_selcoffs_fsh[1][303]",TRUE,-0.0854853872012849,-0.0812615309489493,0.349560293738071,-0.792138974341893,-0.320430492680708,0.154298918909916,0.583506310626153,0.00818049431249993,1.00137487111818,1828.74018857481,2139.26311697364,0,0,FALSE,FALSE,FALSE,FALSE,TRUE,"passes screening"
"log_selcoffs_fsh[1][304]",TRUE,0.249287773754794,0.263253960848863,0.32284331330461,-0.416542653019421,0.0398665892109421,0.46344009382942,0.867050422079569,0.00656599804584526,1.00288978172626,2439.50118435271,2314.95355779355,0,0,FALSE,FALSE,FALSE,FALSE,TRUE,"passes screening"
"log_selcoffs_fsh[1][305]",TRUE,0.455158518907718,0.466213342145565,0.31665129732579,-0.194618225421619,0.256722273195135,0.66937628052776,1.02720395245836,0.00774378741600924,1.00288381693556,1713.84412920887,1944.80114601103,0,0,FALSE,FALSE,FALSE,FALSE,TRUE,"passes screening"
"log_selcoffs_fsh[1][306]",TRUE,0.676723770698939,0.69030037580952,0.335079404246414,-0.0195829833126794,0.461551137782938,0.911654691326739,1.29554260769853,0.0123755678827127,1.00354330981502,733.160564511964,1755.24308065786,0,0,FALSE,FALSE,FALSE,FALSE,TRUE,"passes screening"
"log_selcoffs_fsh[1][307]",TRUE,-0.834544732408103,-0.814355454962361,0.388646454024712,-1.59740634135843,-1.09966844042118,-0.569792756610484,-0.0956180267849638,0.0110656770771908,1.00254316380382,1247.03595671938,2045.81072985825,0,0,FALSE,FALSE,FALSE,FALSE,TRUE,"passes screening"
"log_selcoffs_fsh[1][308]",TRUE,-0.350042072550756,-0.350052613904832,0.367796419078004,-1.08919743644017,-0.579800905833929,-0.101521386593037,0.366751080288432,0.012210125046271,1.00270892657137,902.795310047982,1870.12297597532,0,0,FALSE,FALSE,FALSE,FALSE,TRUE,"passes screening"
"log_selcoffs_fsh[1][309]",TRUE,-0.878004567427738,-0.87921960937736,0.397019143280193,-1.67010788208563,-1.14193019985536,-0.595694681112794,-0.1175088885935,0.0129271758197692,1.00337183876923,936.779157608387,1766.99000253233,0,0,FALSE,FALSE,FALSE,FALSE,TRUE,"passes screening"
"log_selcoffs_fsh[1][310]",TRUE,-0.876469520096563,-0.869312862356658,0.398681022883845,-1.67811401219748,-1.13330505417888,-0.60741811998007,-0.0818931443194401,0.0124209172915564,1.00142910354023,1028.1846342046,1507.09630723487,0,0,FALSE,FALSE,FALSE,FALSE,TRUE,"passes screening"
"log_selcoffs_fsh[1][311]",TRUE,-0.547369387796214,-0.530693907617346,0.392632114858095,-1.34169674840916,-0.807617593110714,-0.275808185969184,0.189067269033974,0.0110423223016575,1.00265123862501,1254.65427764837,1963.37507601979,0,0,FALSE,FALSE,FALSE,FALSE,TRUE,"passes screening"
"log_selcoffs_fsh[1][312]",TRUE,-0.185787857189057,-0.184084433646747,0.372747195348496,-0.944203590120944,-0.426734587963808,0.065898279780523,0.529879615992217,0.00953270344413822,1.00202602790294,1522.67830155426,2242.48450448235,0,0,FALSE,FALSE,FALSE,FALSE,TRUE,"passes screening"
"log_selcoffs_fsh[1][313]",TRUE,0.224211175074532,0.230248383789849,0.340968869851129,-0.457155980243197,0.00151346161400151,0.456705350362155,0.87899339888315,0.00708955212703479,1.00080196996309,2313.89484175397,1865.19836018961,0,0,FALSE,FALSE,FALSE,FALSE,TRUE,"passes screening"
"log_selcoffs_fsh[1][314]",TRUE,0.558934835046571,0.580130978660563,0.311423175314226,-0.0718888873172816,0.35359273998813,0.775204902864412,1.12110850405817,0.00670160543147573,1.00199226429705,2195.43620123674,2069.40426994647,0,0,FALSE,FALSE,FALSE,FALSE,TRUE,"passes screening"
"log_selcoffs_fsh[1][315]",TRUE,0.801851001127517,0.824432333204063,0.31318772724293,0.133714530208073,0.599636288555056,1.02063953267172,1.37860896259013,0.011126644155111,1.00303477832247,783.157815041286,1483.55244938343,0,0,FALSE,FALSE,FALSE,FALSE,TRUE,"passes screening"
"log_selcoffs_fsh[1][316]",TRUE,-0.230099290430522,-0.231962317426286,0.381230450225512,-0.989672774608083,-0.469775788246991,0.0325540356445488,0.478683795174246,0.0112224111080944,1.00035577620855,1163.38449516869,2345.22937962744,0,0,FALSE,FALSE,FALSE,FALSE,TRUE,"passes screening"
"log_selcoffs_fsh[1][317]",TRUE,-1.24249949119377,-1.24026380372534,0.396196783365203,-2.00774701167593,-1.51360092886929,-0.972417598183423,-0.466802656955352,0.0118890959591255,1.00198877085058,1114.21469069114,1869.560148245,0,0,FALSE,FALSE,FALSE,FALSE,TRUE,"passes screening"
"log_selcoffs_fsh[1][318]",TRUE,-1.38027767883587,-1.37624538452787,0.409876009219086,-2.18899339966987,-1.66094074883494,-1.10398252612941,-0.595829889433254,0.013793537702817,1.00194240995162,882.539168635557,1957.09605959219,0,0,FALSE,FALSE,FALSE,FALSE,TRUE,"passes screening"
"log_selcoffs_fsh[1][319]",TRUE,-1.07763799383788,-1.06901321126011,0.415058813622547,-1.87926133557757,-1.35693242705872,-0.80362372221502,-0.267310525740482,0.0136272735570862,1.00095241594196,929.914081208331,1995.81341741985,0,0,FALSE,FALSE,FALSE,FALSE,TRUE,"passes screening"
"log_selcoffs_fsh[1][320]",TRUE,-0.636352445837543,-0.627022985461432,0.386125844084036,-1.43316985059819,-0.889538932869474,-0.367048135822404,0.0752905165554857,0.0116486168066573,1.0028715283455,1098.27976915643,2138.64386113561,0,0,FALSE,FALSE,FALSE,FALSE,TRUE,"passes screening"
"log_selcoffs_fsh[1][321]",TRUE,-0.179075602013887,-0.167394195165014,0.359083308616591,-0.913015757648373,-0.422033589533805,0.0578860693379074,0.509290856670596,0.0098291232725846,1.00243434091105,1332.46769177783,1820.53686079722,0,0,FALSE,FALSE,FALSE,FALSE,TRUE,"passes screening"
"log_selcoffs_fsh[1][322]",TRUE,0.257863817400565,0.265131410109213,0.321849903245477,-0.378808903813307,0.0405183988371768,0.475223241311365,0.885157960943092,0.0064754470291363,1.00113371342617,2477.66649902673,2377.07623509263,0,0,FALSE,FALSE,FALSE,FALSE,TRUE,"passes screening"
"log_selcoffs_fsh[1][323]",TRUE,0.630598804540992,0.636295486869735,0.299157418040647,0.0379162053931187,0.430483972152942,0.836235744452771,1.1792309488929,0.00649528663177478,1.00148105705213,2125.48926531442,2022.6310516728,0,0,FALSE,FALSE,FALSE,FALSE,TRUE,"passes screening"
"log_selcoffs_fsh[1][324]",TRUE,0.877274231596117,0.893701991317288,0.307764842089322,0.254208372328323,0.675291626684146,1.09340911179009,1.43385608837533,0.010487503328354,1.00381281198952,878.783686051342,1671.93035937244,0,0,FALSE,FALSE,FALSE,FALSE,TRUE,"passes screening"
"log_selcoffs_fsh[1][325]",TRUE,-1.50512287386296,-1.50215584499748,0.400623039518001,-2.29064101578757,-1.77365674432352,-1.23994646917929,-0.718657850725447,0.0114846717145381,1.00057082502512,1216.3515872242,1943.07483457352,0,0,FALSE,FALSE,FALSE,FALSE,TRUE,"passes screening"
"log_selcoffs_fsh[1][326]",TRUE,-1.61162493888978,-1.62824679987329,0.374382270973912,-2.31782623161668,-1.86435771910284,-1.35255534615057,-0.873231727856457,0.0106712777357048,1.00053179003263,1233.33600205583,2134.80932951009,0,0,FALSE,FALSE,FALSE,FALSE,TRUE,"passes screening"
"log_selcoffs_fsh[1][327]",TRUE,-1.51568198345157,-1.51724867677548,0.385741972561629,-2.2794069180934,-1.76630203888116,-1.25931237655566,-0.747489825295946,0.012158955056091,1.00126606002957,1005.14455824965,1970.87291374667,0,0,FALSE,FALSE,FALSE,FALSE,TRUE,"passes screening"
"log_selcoffs_fsh[1][328]",TRUE,-0.986152463439441,-0.987756796007388,0.38825548291581,-1.75254612447557,-1.2411194197229,-0.720447250792012,-0.232996277873888,0.0127471628440401,1.00042631448423,931.72520716019,1530.30564378055,0,0,FALSE,FALSE,FALSE,FALSE,TRUE,"passes screening"
"log_selcoffs_fsh[1][329]",TRUE,-0.457122900751771,-0.461104576595017,0.378660800845258,-1.19532678463806,-0.708402252182115,-0.194405184014704,0.257206817562566,0.0114501960006497,1.00186413000848,1093.49347996795,1654.64306682872,0,0,FALSE,FALSE,FALSE,FALSE,TRUE,"passes screening"
"log_selcoffs_fsh[1][330]",TRUE,-0.0644432751932136,-0.0624205629817349,0.348970151394394,-0.789721589746391,-0.283937731294374,0.16567656144966,0.607272336049689,0.00991777428624987,1.00280569455544,1260.46970491576,1599.46789852305,0,0,FALSE,FALSE,FALSE,FALSE,TRUE,"passes screening"
"log_selcoffs_fsh[1][331]",TRUE,0.37527428574566,0.377736720787733,0.328412682000628,-0.250676138725566,0.157734501160504,0.59904401206627,1.01403229513082,0.0064222731616979,0.999802257593307,2614.81573096371,1956.34448853606,0,0,FALSE,FALSE,FALSE,FALSE,TRUE,"passes screening"
"log_selcoffs_fsh[1][332]",TRUE,0.719906401621062,0.724413035238427,0.287055840248532,0.151059741733788,0.529036881892084,0.92348297554019,1.25495120904285,0.00561369104550792,1.00139190915273,2595.50081527803,2294.70074929517,0,0,FALSE,FALSE,FALSE,FALSE,TRUE,"passes screening"
"log_selcoffs_fsh[1][333]",TRUE,0.947302228967114,0.959404160164475,0.298339162290678,0.320239643636014,0.750445502201228,1.1556646773853,1.47639514019343,0.00936646208312987,1.00397497978544,1027.77604754381,1791.85879582905,0,0,FALSE,FALSE,FALSE,FALSE,TRUE,"passes screening"
"log_selcoffs_fsh[1][334]",TRUE,-2.33768143695693,-2.32589123962505,0.433922840789683,-3.17779600517588,-2.63307485418531,-2.04002827731626,-1.51030920033861,0.0112450998105052,1.00144453907225,1488.98770618585,2074.93173375593,0,0,FALSE,FALSE,FALSE,FALSE,TRUE,"passes screening"
"log_selcoffs_fsh[1][335]",TRUE,-1.83136740177225,-1.83412247086116,0.383312321566576,-2.55846386795375,-2.09744086307684,-1.57132642264288,-1.09288874546863,0.0104830022299856,1.00137317758574,1338.09737225179,2375.68354861522,0,0,FALSE,FALSE,FALSE,FALSE,TRUE,"passes screening"
"log_selcoffs_fsh[1][336]",TRUE,-1.54364384387734,-1.5407430998951,0.381441852207596,-2.2994493105091,-1.80276229165189,-1.29034755371941,-0.788817379598448,0.0101908337156405,1.00197129789079,1398.08353646163,2148.7793709716,0,0,FALSE,FALSE,FALSE,FALSE,TRUE,"passes screening"
"log_selcoffs_fsh[1][337]",TRUE,-1.00419391998924,-1.00083256685283,0.372622194633747,-1.74110243856904,-1.24503655078027,-0.751664656079739,-0.276893273000387,0.0110451557989022,1.00119727566593,1146.16942685703,1976.53489002889,0,0,FALSE,FALSE,FALSE,FALSE,TRUE,"passes screening"
"log_selcoffs_fsh[1][338]",TRUE,-0.452726736669826,-0.437353943097737,0.363206707015666,-1.18580212302075,-0.685506539087513,-0.206304288828811,0.244726753960249,0.010325515522358,1.00140381669312,1228.58907612622,2209.46500610821,0,0,FALSE,FALSE,FALSE,FALSE,TRUE,"passes screening"
"log_selcoffs_fsh[1][339]",TRUE,0.00364210762184544,0.0135755704751702,0.348282681207908,-0.701746059869493,-0.221572384212784,0.236766454600462,0.670374386932222,0.00914978455260745,1.00151260896395,1449.06525481744,2244.25118366246,0,0,FALSE,FALSE,FALSE,FALSE,TRUE,"passes screening"
"log_selcoffs_fsh[1][340]",TRUE,0.378832848533223,0.382615868876773,0.304434448855029,-0.241130931594344,0.171135844910154,0.590078578395714,0.962109141119084,0.00627120559707493,1.00009911810953,2373.9915454441,2261.49618489748,0,0,FALSE,FALSE,FALSE,FALSE,TRUE,"passes screening"
"log_selcoffs_fsh[1][341]",TRUE,0.736332822011497,0.7441283233734,0.275135506298004,0.178804983750725,0.557155206011294,0.929846510485282,1.25056135190845,0.00475149321646657,1.00107042061205,3391.94715433971,2628.84670275144,0,0,FALSE,FALSE,FALSE,FALSE,TRUE,"passes screening"
"log_selcoffs_fsh[1][342]",TRUE,0.98243822394875,1.00325373576741,0.298689465890069,0.361044038912697,0.785424529354232,1.19461404322663,1.51760148478699,0.00962928038991572,1.00139917388626,977.576134546202,1817.47496813369,0,0,FALSE,FALSE,FALSE,FALSE,TRUE,"passes screening"
"log_selcoffs_fsh[1][343]",TRUE,-2.61014414830778,-2.60352970829429,0.462026484314494,-3.5173973885404,-2.91770286036287,-2.2968018116583,-1.71876823497458,0.0132194931622757,1.00193571212837,1224.6963977441,1900.75668560496,0,0,FALSE,FALSE,FALSE,FALSE,TRUE,"passes screening"
"log_selcoffs_fsh[1][344]",TRUE,-2.50496802910522,-2.50568761642657,0.403113314441812,-3.27596573148873,-2.77194156118071,-2.23282816029721,-1.70777145846344,0.011908099519765,1.00196404128039,1148.58223513012,1962.92799769874,0,0,FALSE,FALSE,FALSE,FALSE,TRUE,"passes screening"
"log_selcoffs_fsh[1][345]",TRUE,-2.12505295864524,-2.12392771542825,0.386211342069168,-2.89148196927731,-2.37105893518328,-1.87090583897706,-1.36944632700637,0.0119421286616266,1.00126242922685,1049.76612462486,1731.82749752554,0,0,FALSE,FALSE,FALSE,FALSE,TRUE,"passes screening"
"log_selcoffs_fsh[1][346]",TRUE,-1.3826214115852,-1.38024577935544,0.369541458735554,-2.10860117149108,-1.6243221732011,-1.13544270172562,-0.678787369455284,0.0110609149733555,1.00139225069716,1114.35861685465,1929.76312811638,0,0,FALSE,FALSE,FALSE,FALSE,TRUE,"passes screening"
"log_selcoffs_fsh[1][347]",TRUE,-0.543169385822771,-0.53792271917445,0.345263865926734,-1.25310596222594,-0.762023877271676,-0.304659739543381,0.103502491944952,0.0103478867906768,1.00132802285624,1109.74881989136,1682.55299757188,0,0,FALSE,FALSE,FALSE,FALSE,TRUE,"passes screening"
"log_selcoffs_fsh[1][348]",TRUE,0.0892057796139527,0.104366692593911,0.326721097682323,-0.559118990929525,-0.131436842530268,0.312340795644275,0.681269402654998,0.00888460739468743,1.00263149357215,1356.14640608379,2114.14618374291,0,0,FALSE,FALSE,FALSE,FALSE,TRUE,"passes screening"
"log_selcoffs_fsh[1][349]",TRUE,0.53494446471153,0.543157185736134,0.295422379445164,-0.0574678179608802,0.332590773497244,0.745603303485317,1.08194606823351,0.00642633799695037,1.00043893353515,2124.63824420004,2167.68586925168,0,0,FALSE,FALSE,FALSE,FALSE,TRUE,"passes screening"
"log_selcoffs_fsh[1][350]",TRUE,0.813821657498807,0.820289205747564,0.273155879954871,0.258642608980886,0.640467979340401,1.00018904707422,1.32306110970706,0.00441516909366456,1.00053496271092,3903.92628223224,2529.41990396056,0,0,FALSE,FALSE,FALSE,FALSE,TRUE,"passes screening"
"log_selcoffs_fsh[1][351]",TRUE,0.938151326325772,0.944757363160645,0.284168658615208,0.359892007572874,0.749325638638459,1.1401703227366,1.46553515547966,0.00818029987305632,1.00152037130125,1207.77200175985,1999.764527463,0,0,FALSE,FALSE,FALSE,FALSE,TRUE,"passes screening"
"log_selcoffs_fsh[1][352]",TRUE,-3.09595138653434,-3.09928092867351,0.503497637053803,-4.1390549615697,-3.42309756132134,-2.75011772475205,-2.12884777829355,0.0143479319984778,1.00148890456613,1233.59733963696,2003.57001967215,0,0,FALSE,FALSE,FALSE,FALSE,TRUE,"passes screening"
"log_selcoffs_fsh[1][353]",TRUE,-2.90234048636735,-2.89516437901856,0.421701708711318,-3.72058255794561,-3.19184405065413,-2.60955330230632,-2.10287352753416,0.0129300893305847,1.00164902877874,1063.01390789906,1654.77833119626,0,0,FALSE,FALSE,FALSE,FALSE,TRUE,"passes screening"
"log_selcoffs_fsh[1][354]",TRUE,-2.38264554588523,-2.37720116312838,0.40022723133374,-3.16362817985704,-2.65495411974877,-2.10933784955426,-1.60180182723038,0.0125759826692086,1.00198773274217,1009.80622484713,1700.69609530175,0,0,FALSE,FALSE,FALSE,FALSE,TRUE,"passes screening"
"log_selcoffs_fsh[1][355]",TRUE,-1.53071998543944,-1.5373794986008,0.376583723375101,-2.25932383427998,-1.78853925632758,-1.2669112117357,-0.791680896276762,0.0111123787325478,1.0009761529386,1153.77090667804,1689.56133177307,0,0,FALSE,FALSE,FALSE,FALSE,TRUE,"passes screening"
"log_selcoffs_fsh[1][356]",TRUE,-0.619172170612918,-0.617282769726686,0.337771162784966,-1.27300897136141,-0.850703997908596,-0.385556719217007,0.038873429969751,0.0097070473902929,1.0000705549983,1215.92094049267,2001.11893922475,0,0,FALSE,FALSE,FALSE,FALSE,TRUE,"passes screening"
"log_selcoffs_fsh[1][357]",TRUE,0.126900789811462,0.132269159837512,0.314410337792286,-0.519587329259938,-0.078395021822431,0.345038112724684,0.71531268764193,0.00849148084293007,1.00090350074422,1377.7866120169,1624.75465780598,0,0,FALSE,FALSE,FALSE,FALSE,TRUE,"passes screening"
"log_selcoffs_fsh[1][358]",TRUE,0.598759473714849,0.60097220664819,0.281073453699772,0.0405643253164668,0.408300914419026,0.792829087515749,1.13122877660195,0.0065316997691051,1.00228324362876,1909.41103586547,1970.66293774229,0,0,FALSE,FALSE,FALSE,FALSE,TRUE,"passes screening"
"log_selcoffs_fsh[1][359]",TRUE,0.819052006197805,0.820829361307785,0.264831105798019,0.286328829425424,0.641763855112523,1.00208418591427,1.31389128822558,0.00465010593253721,0.999160490627725,3242.2448963498,2456.74391831429,0,0,FALSE,FALSE,FALSE,FALSE,TRUE,"passes screening"
"log_selcoffs_fsh[1][360]",TRUE,0.934811482236075,0.938580858264753,0.28806516608811,0.346334719630858,0.748944985116881,1.13881012659127,1.46816534489823,0.00848057860465814,1.00177764677755,1151.55010502722,1759.48492278247,0,0,FALSE,FALSE,FALSE,FALSE,TRUE,"passes screening"
"log_selcoffs_fsh[1][361]",TRUE,-3.29513056580463,-3.28793363597508,0.5454378926762,-4.34663169930855,-3.66636593687341,-2.92402792720888,-2.21834437600486,0.0162687310768643,1.00158340330327,1122.64252713709,1843.62032308876,0,0,FALSE,FALSE,FALSE,FALSE,TRUE,"passes screening"
"log_selcoffs_fsh[1][362]",TRUE,-2.97737415919542,-2.98285741694708,0.445729094137648,-3.85496985842009,-3.275790194016,-2.67690235987547,-2.09474744306313,0.0142768358297532,1.00217313945312,968.626459262366,1928.9001872239,0,0,FALSE,FALSE,FALSE,FALSE,TRUE,"passes screening"
"log_selcoffs_fsh[1][363]",TRUE,-2.35295374822367,-2.35375591642553,0.401701377871728,-3.15372120013522,-2.62120303819398,-2.0812904473211,-1.56330044413934,0.0123784064827315,1.0006305488123,1052.12123794444,1735.99679389796,0,0,FALSE,FALSE,FALSE,FALSE,TRUE,"passes screening"
"log_selcoffs_fsh[1][364]",TRUE,-1.55324593647269,-1.54887277096527,0.380844760342218,-2.3200478100857,-1.80700132499461,-1.29310062032619,-0.830392160457329,0.0113916844127931,1.00061790980589,1118.06312247226,2174.53670457985,0,0,FALSE,FALSE,FALSE,FALSE,TRUE,"passes screening"
"log_selcoffs_fsh[1][365]",TRUE,-0.735856706736059,-0.728156249365842,0.353002939796302,-1.43871918742008,-0.970732457769919,-0.488285182185159,-0.0808328753293207,0.0103260038022802,0.999636397375868,1174.2761750958,2000.32722656734,0,0,FALSE,FALSE,FALSE,FALSE,TRUE,"passes screening"
"log_selcoffs_fsh[1][366]",TRUE,-0.047980260427181,-0.0443830473802688,0.321161088757928,-0.676000911736333,-0.261549375631637,0.169201791937591,0.578907786285183,0.00851336727731059,0.999483853128642,1425.46034824502,2087.20633046904,0,0,FALSE,FALSE,FALSE,FALSE,TRUE,"passes screening"
"log_selcoffs_fsh[1][367]",TRUE,0.479479733381004,0.481555934964205,0.296822053765186,-0.120666741000289,0.282505614436039,0.680275378778644,1.04283541331665,0.00651934146350759,1.00004407179658,2077.14205429566,2174.93289519319,0,0,FALSE,FALSE,FALSE,FALSE,TRUE,"passes screening"
"log_selcoffs_fsh[1][368]",TRUE,0.865160637359236,0.865484769461609,0.256054885756733,0.353161689223037,0.695271474978196,1.03773003209052,1.3588554532258,0.00442078230185222,1.00111794303413,3378.03807211282,2225.80223037731,0,0,FALSE,FALSE,FALSE,FALSE,TRUE,"passes screening"
"log_selcoffs_fsh[1][369]",TRUE,1.0484017544759,1.056217872794,0.270184798701097,0.522059249001698,0.864632824910702,1.23989760073055,1.55471774191339,0.00777491149677264,1.00208087035169,1216.52711464278,2057.08929381087,0,0,FALSE,FALSE,FALSE,FALSE,TRUE,"passes screening"
"log_selcoffs_fsh[1][370]",TRUE,-3.73615400190352,-3.72482573636038,0.572331896271485,-4.8780256579489,-4.11434361741658,-3.34002317300388,-2.64260049291097,0.0170191402784581,1.00520831158071,1134.70642879828,1874.85041575933,0,0,FALSE,FALSE,FALSE,FALSE,TRUE,"passes screening"
"log_selcoffs_fsh[1][371]",TRUE,-3.02851821022603,-3.02927038130764,0.465851378402309,-3.94688660972948,-3.34574624811845,-2.72136269478054,-2.13290800178995,0.0149362140342235,1.00409269981628,969.660677986941,1733.14266629594,0,0,FALSE,FALSE,FALSE,FALSE,TRUE,"passes screening"
"log_selcoffs_fsh[1][372]",TRUE,-2.18563673689823,-2.17210765647062,0.438770404177908,-3.04813765183908,-2.47946140745101,-1.886059848206,-1.32778165141802,0.0142733268976319,1.00340527751397,947.11504710997,1473.26026182953,0,0,FALSE,FALSE,FALSE,FALSE,TRUE,"passes screening"
"log_selcoffs_fsh[1][373]",TRUE,-1.45687926576806,-1.45269831788048,0.401407178559473,-2.24484898822937,-1.72907660894204,-1.1812130063526,-0.678471872708757,0.0125619934810883,1.00225976282803,1021.41225367683,1876.69466325227,0,0,FALSE,FALSE,FALSE,FALSE,TRUE,"passes screening"
"log_selcoffs_fsh[1][374]",TRUE,-0.758588400765418,-0.755231327267466,0.374759073378893,-1.49400940246582,-1.015484472406,-0.502321711862018,-0.049888120803841,0.0118928133069821,1.00328789661265,990.687297522025,1947.07544791781,0,0,FALSE,FALSE,FALSE,FALSE,TRUE,"passes screening"
"log_selcoffs_fsh[1][375]",TRUE,-0.128357088651749,-0.119323230732896,0.335219672375047,-0.8069535898065,-0.3554792261607,0.100206875404443,0.509153617183908,0.0098788495988904,1.00025838430927,1162.08833654848,2183.79980095602,0,0,FALSE,FALSE,FALSE,FALSE,TRUE,"passes screening"
"log_selcoffs_fsh[1][376]",TRUE,0.39365151011614,0.397872725384147,0.292232186163508,-0.181813643912512,0.200947595722742,0.586427468041319,0.96725609342068,0.0073815328829457,1.00166327780488,1590.18554883023,2173.5883725278,0,0,FALSE,FALSE,FALSE,FALSE,TRUE,"passes screening"
"log_selcoffs_fsh[1][377]",TRUE,0.860006663064122,0.863269668151438,0.255006234602009,0.354399506117075,0.689429021152095,1.03771027653174,1.34863340638703,0.00450750172431145,1.00028488544877,3236.1671824196,2081.67052338836,0,0,FALSE,FALSE,FALSE,FALSE,TRUE,"passes screening"
"log_selcoffs_fsh[1][378]",TRUE,1.13887375785113,1.15063012974742,0.264787268754939,0.579412207550516,0.966424737710473,1.31817180326169,1.63841310432201,0.00769028332358672,1.00253484233979,1193.67422734429,1784.89687513187,0,0,FALSE,FALSE,FALSE,FALSE,TRUE,"passes screening"
"log_selcoffs_fsh[1][379]",TRUE,-4.0059631722048,-3.98967054632124,0.617956002642925,-5.29897433856259,-4.39678610881183,-3.58103471756878,-2.84176356184406,0.0180242267339272,1.00238892573738,1186.34741311311,1716.3351589288,0,0,FALSE,FALSE,FALSE,FALSE,TRUE,"passes screening"
"log_selcoffs_fsh[1][380]",TRUE,-3.13536411564714,-3.14376506396915,0.495457737881551,-4.14170518293761,-3.46697894610356,-2.80129508963162,-2.14655162722795,0.0160610299272047,1.00165643004126,948.073178203652,1290.4954667802,0,0,FALSE,FALSE,FALSE,FALSE,TRUE,"passes screening"
"log_selcoffs_fsh[1][381]",TRUE,-2.22896798113351,-2.23074124134046,0.471564420088125,-3.19097040639037,-2.5313591969396,-1.9156022968042,-1.32813570638899,0.015690850754652,1.00030386076027,907.773917178378,1065.03712215344,0,0,FALSE,FALSE,FALSE,FALSE,TRUE,"passes screening"
"log_selcoffs_fsh[1][382]",TRUE,-1.47965394365772,-1.47921213129516,0.42827882755584,-2.34003916265592,-1.76490922351006,-1.18313315878096,-0.658019252813055,0.0131992180446198,1.00097099935608,1055.07428721593,1925.49320511149,0,0,FALSE,FALSE,FALSE,FALSE,TRUE,"passes screening"
"log_selcoffs_fsh[1][383]",TRUE,-0.814411686763732,-0.804970139951715,0.380281508259905,-1.57884678894916,-1.06471488312799,-0.553466747197608,-0.0934834593285274,0.0106075528027266,1.00082557574037,1282.94565468605,2014.62842029144,0,0,FALSE,FALSE,FALSE,FALSE,TRUE,"passes screening"
"log_selcoffs_fsh[1][384]",TRUE,-0.180585972652497,-0.169363366272046,0.351956576668974,-0.882690695970879,-0.419627890975742,0.0636798857668369,0.476654104102536,0.00962550751904951,1.00008317962568,1327.18301059133,2460.47415765812,0,0,FALSE,FALSE,FALSE,FALSE,TRUE,"passes screening"
"log_selcoffs_fsh[1][385]",TRUE,0.387591558687916,0.399003522189436,0.317174007106911,-0.273367623399052,0.176842054066789,0.609186404661155,0.979953669826021,0.00686997096297212,0.999689429338424,2141.64095576949,2298.86918462477,0,0,FALSE,FALSE,FALSE,FALSE,TRUE,"passes screening"
"log_selcoffs_fsh[1][386]",TRUE,0.880570050547951,0.883844157439726,0.256812323071286,0.363680104043413,0.709930643982247,1.04716722255259,1.38643786382575,0.0046014778153505,1.0036847671097,3055.25761743019,2425.0617654988,0,0,FALSE,FALSE,FALSE,FALSE,TRUE,"passes screening"
"log_selcoffs_fsh[1][387]",TRUE,1.16699359844409,1.17897174207986,0.268658771317211,0.595937081438012,0.998972222177837,1.35751995425727,1.64811129243112,0.00730043251328516,1.00299537480173,1388.06756159109,1825.46586865518,0,0,FALSE,FALSE,FALSE,FALSE,TRUE,"passes screening"
"log_selcoffs_fsh[1][388]",TRUE,-4.04819324158234,-4.02294793688912,0.762657565884357,-5.65437063079253,-4.53468335391572,-3.50520342009184,-2.62236062610608,0.0197825968514107,1.00217179843491,1495.16569554396,1627.79750642886,0,0,FALSE,FALSE,FALSE,FALSE,TRUE,"passes screening"
"log_selcoffs_fsh[1][389]",TRUE,-3.17944461375344,-3.16692610779308,0.580992401194335,-4.35489772651391,-3.56681848223241,-2.78322416200098,-2.08975286418718,0.0179861285091895,1.00127223079239,1051.0189482338,1721.24356975933,0,0,FALSE,FALSE,FALSE,FALSE,TRUE,"passes screening"
"log_selcoffs_fsh[1][390]",TRUE,-2.31033547099783,-2.29860000689102,0.560823354183061,-3.41191723405792,-2.66938906034381,-1.93639971799919,-1.21733871448605,0.01792409448575,1.0008691824498,972.112241155649,1510.24361889591,0,0,FALSE,FALSE,FALSE,FALSE,TRUE,"passes screening"
"log_selcoffs_fsh[1][391]",TRUE,-1.51943375884073,-1.49453453488616,0.528018208938361,-2.58158936053949,-1.86284986126559,-1.15250129864242,-0.538925842314363,0.0150981447800633,1.00075822469518,1235.07035045301,1808.61207103394,0,0,FALSE,FALSE,FALSE,FALSE,TRUE,"passes screening"
"log_selcoffs_fsh[1][392]",TRUE,-0.836895742219758,-0.824179082568984,0.484270038879748,-1.80009958257463,-1.15441502426163,-0.507979718714261,0.0704149793837274,0.0131305209957491,1.00154576069186,1362.55662189397,2089.86593508708,0,0,FALSE,FALSE,FALSE,FALSE,TRUE,"passes screening"
"log_selcoffs_fsh[1][393]",TRUE,-0.211190441713984,-0.199099067360254,0.425813822589069,-1.06744474476475,-0.497612155366944,0.0864673707195839,0.600898233315076,0.0107591980335862,0.999821331929565,1573.31134215913,1824.60505276109,0,0,FALSE,FALSE,FALSE,FALSE,TRUE,"passes screening"
"log_selcoffs_fsh[1][394]",TRUE,0.383600671784084,0.394217002644569,0.368750981177933,-0.362047520992781,0.136043168513815,0.641238199725007,1.07030302529579,0.00717785063587772,1.00247380007097,2755.41076939321,1919.57077485882,0,0,FALSE,FALSE,FALSE,FALSE,TRUE,"passes screening"
"log_selcoffs_fsh[1][395]",TRUE,0.871486882648168,0.878963876824432,0.295185684619618,0.266686479194576,0.673589580241565,1.07549145568376,1.43402211365643,0.00500020360852603,0.999976835099698,3537.64854312134,2250.56889665749,0,0,FALSE,FALSE,FALSE,FALSE,TRUE,"passes screening"
"log_selcoffs_fsh[1][396]",TRUE,1.12355454985209,1.13713246726197,0.302930636692114,0.506932338514925,0.929020441307147,1.33915506868425,1.66379781081071,0.00728845748202121,1.00079457149342,1773.6292401118,1989.13739199522,0,0,FALSE,FALSE,FALSE,FALSE,TRUE,"passes screening"
"log_selcoffs_fsh[2][1]",TRUE,-2.11467765465631,-2.09863131354172,0.326670316465404,-2.78565443304708,-2.33519882285455,-1.88915902222699,-1.51350262920672,0.0121126657487365,1.00673487158522,724.694539924408,1275.02024802442,0,0,FALSE,FALSE,FALSE,FALSE,TRUE,"passes screening"
"log_selcoffs_fsh[2][2]",TRUE,-0.20311280581902,-0.197809273224913,0.241582864747915,-0.693893534464057,-0.364374159217166,-0.0359404967149361,0.262032989872602,0.0108609645591393,1.00992855864954,504.569301302095,637.478824482605,0,0,FALSE,FALSE,FALSE,FALSE,TRUE,"passes screening"
"log_selcoffs_fsh[2][3]",TRUE,0.562680173239815,0.568186582461084,0.22100336081008,0.0991259093377571,0.415687644139771,0.714492809092467,0.979394318659954,0.00941338714219333,1.00835702210625,567.968162072438,976.157933320024,0,0,FALSE,FALSE,FALSE,FALSE,TRUE,"passes screening"
"log_selcoffs_fsh[2][4]",TRUE,0.884460800690551,0.890576848796179,0.208896601172995,0.457846883370469,0.749470200507325,1.02518011835855,1.27815345380166,0.00621159064271089,1.0042023170346,1131.47179326316,1971.15624249933,0,0,FALSE,FALSE,FALSE,FALSE,TRUE,"passes screening"
"log_selcoffs_fsh[2][5]",TRUE,0.564129478326744,0.568056750409693,0.230552410863804,0.108865225267486,0.411909237364966,0.718046471065621,1.02065719769305,0.00485465014059776,1.00095077944849,2261.21861164298,2317.96444074287,0,0,FALSE,FALSE,FALSE,FALSE,TRUE,"passes screening"
"log_selcoffs_fsh[2][6]",TRUE,-0.0133233861741079,-0.0135886157129756,0.298724850279653,-0.612561570686249,-0.204613770621498,0.197546980905722,0.558226933091806,0.00692217692527263,1.00193067304456,1874.08631865092,2081.77521328527,0,0,FALSE,FALSE,FALSE,FALSE,TRUE,"passes screening"
"log_selcoffs_fsh[2][7]",TRUE,-0.456793180846792,-0.444868383986986,0.40210895402194,-1.28328163650578,-0.725303918021577,-0.187284653803227,0.300116100576877,0.0111773375535452,1.00135262618918,1291.9854306422,1793.61091374025,0,0,FALSE,FALSE,FALSE,FALSE,TRUE,"passes screening"
"log_selcoffs_fsh[2][8]",TRUE,-0.76212502269108,-0.750448589589201,0.459383010947371,-1.68928542072265,-1.06308718477867,-0.454839969796512,0.110647117139059,0.0160200414549976,1.00403448270902,822.661288985698,1664.88942431286,0,0,FALSE,FALSE,FALSE,FALSE,TRUE,"passes screening"
"log_selcoffs_fsh[2][9]",TRUE,-0.937936072255718,-0.92993747042165,0.494015769119388,-1.91874157874856,-1.2583719613318,-0.599103146515268,0.0104142751623056,0.0193197302859295,1.00662946360899,650.356366541191,1305.16161699269,0,0,FALSE,FALSE,FALSE,FALSE,TRUE,"passes screening"
"log_selcoffs_fsh[2][10]",TRUE,-1.02918899434208,-1.01662750282529,0.500292639620905,-2.02445155747376,-1.36821730287534,-0.678094957511352,-0.0994521650196382,0.0214830403478283,1.00409764713383,535.991092664072,1186.00696155605,0,0,FALSE,FALSE,FALSE,FALSE,TRUE,"passes screening"
"log_selcoffs_fsh[2][11]",TRUE,-2.03433013431071,-2.01851748095055,0.383147143382469,-2.79999035525389,-2.29402524976745,-1.77286314481393,-1.31371446574845,0.0133146672756603,1.00235043487449,829.676696962536,1553.08649144996,0,0,FALSE,FALSE,FALSE,FALSE,TRUE,"passes screening"
"log_selcoffs_fsh[2][12]",TRUE,-0.130750658755256,-0.130317318272701,0.308386392876878,-0.737376169373284,-0.33379133387123,0.0777240939371939,0.472801213873529,0.0120773506816391,1.00379929686424,653.958106512176,1323.03546939377,0,0,FALSE,FALSE,FALSE,FALSE,TRUE,"passes screening"
"log_selcoffs_fsh[2][13]",TRUE,-0.178652355925811,-0.175135031940044,0.311799944602376,-0.809910055006143,-0.383136094419999,0.0382575087916577,0.408274250574749,0.0107775921271816,1.00309105928542,847.38669598111,1176.52676200788,0,0,FALSE,FALSE,FALSE,FALSE,TRUE,"passes screening"
"log_selcoffs_fsh[2][14]",TRUE,0.367525547740708,0.374409901050519,0.300914817938435,-0.247967957842805,0.173419759759869,0.573483361483264,0.925824383903396,0.00910382551262643,1.00211449164324,1095.75839574551,1997.61801662764,0,0,FALSE,FALSE,FALSE,FALSE,TRUE,"passes screening"
"log_selcoffs_fsh[2][15]",TRUE,0.742741894527344,0.755763634122199,0.271257665512206,0.161246619618655,0.571691984314727,0.925004259330559,1.2451496752785,0.0055654737687759,1.00359306421095,2404.50145614744,2136.89161605242,0,0,FALSE,FALSE,FALSE,FALSE,TRUE,"passes screening"
"log_selcoffs_fsh[2][16]",TRUE,0.533741050816676,0.549941156382284,0.296517364271489,-0.0770185442676028,0.336485423397818,0.735880389091229,1.08339644351355,0.00609235776111382,1.0000261488879,2502.64658311167,1875.98064217224,0,0,FALSE,FALSE,FALSE,FALSE,TRUE,"passes screening"
"log_selcoffs_fsh[2][17]",TRUE,-0.0347408208367137,-0.031505544095738,0.374721904087114,-0.793580204384477,-0.272922973568204,0.22473468233204,0.674593429424652,0.00991213488149754,1.00122302922176,1443.80988614108,2015.20942538611,0,0,FALSE,FALSE,FALSE,FALSE,TRUE,"passes screening"
"log_selcoffs_fsh[2][18]",TRUE,-0.514285360803554,-0.508662045973763,0.431796665993089,-1.37061062837169,-0.808628763830131,-0.225255170877458,0.338706205414923,0.0161342741869628,1.00540311503974,715.43791713457,1300.95106378005,0,0,FALSE,FALSE,FALSE,FALSE,TRUE,"passes screening"
"log_selcoffs_fsh[2][19]",TRUE,-0.75161562651066,-0.74293400671913,0.478827677760342,-1.70235441136568,-1.08045402891324,-0.420173008068804,0.166355546395629,0.0215738828727267,1.00996335355252,485.73527612836,1631.91709851652,0,0,FALSE,FALSE,FALSE,FALSE,TRUE,"passes screening"
"log_selcoffs_fsh[2][20]",TRUE,-0.833235433186653,-0.832070613122047,0.520385728924402,-1.83544649981044,-1.17623832301536,-0.47513567561373,0.171109130012604,0.0224020194891552,1.00569912430872,536.109577013949,1224.80722996752,0,0,FALSE,FALSE,FALSE,FALSE,TRUE,"passes screening"
"log_selcoffs_fsh[2][21]",TRUE,-2.53643446659941,-2.52051738554368,0.399092143276154,-3.348064303822,-2.80060947681917,-2.26546003812894,-1.77350096204173,0.0123281632173468,1.00180691377193,1051.22683191799,1794.32372605618,0,0,FALSE,FALSE,FALSE,FALSE,TRUE,"passes screening"
"log_selcoffs_fsh[2][22]",TRUE,-0.682289847179,-0.667368247328723,0.32149945568567,-1.33289380978798,-0.90075444192141,-0.46625136816827,-0.0696685788490113,0.0127258515734521,1.00383954407577,642.574279790363,1415.45927681014,0,0,FALSE,FALSE,FALSE,FALSE,TRUE,"passes screening"
"log_selcoffs_fsh[2][23]",TRUE,-0.230954420579251,-0.222615937853013,0.309410844336574,-0.871590827491018,-0.431649704598851,-0.0172066482331066,0.3433154711917,0.0112333353782388,1.00201144366429,759.309813849201,1260.59557139012,0,0,FALSE,FALSE,FALSE,FALSE,TRUE,"passes screening"
"log_selcoffs_fsh[2][24]",TRUE,0.259017683928566,0.25983840175696,0.291016539119472,-0.336502713379971,0.0713713416959216,0.457256649182918,0.834314612680604,0.0103978573082143,1.00316340676157,785.711095123707,1733.25784071861,0,0,FALSE,FALSE,FALSE,FALSE,TRUE,"passes screening"
"log_selcoffs_fsh[2][25]",TRUE,0.730285677967935,0.738219787037641,0.264295846213025,0.214684538040934,0.548668479320308,0.918452736320904,1.21887914370874,0.00683883992878263,1.00111754774511,1510.97410050431,1536.89002258669,0,0,FALSE,FALSE,FALSE,FALSE,TRUE,"passes screening"
"log_selcoffs_fsh[2][26]",TRUE,0.6644549284474,0.672834869313208,0.278107449161623,0.106320452822025,0.47766677921684,0.853198555188743,1.18251069606177,0.00607563970539382,1.00038128440193,2122.65922355089,2219.06442658953,0,0,FALSE,FALSE,FALSE,FALSE,TRUE,"passes screening"
"log_selcoffs_fsh[2][27]",TRUE,0.153155199624707,0.167309618094609,0.352683027820683,-0.552619141697736,-0.084031330597051,0.388393210501949,0.823879856326205,0.0087624375860795,1.00232504492784,1622.65526693251,1933.77980930891,0,0,FALSE,FALSE,FALSE,FALSE,TRUE,"passes screening"
"log_selcoffs_fsh[2][28]",TRUE,-0.349270324911126,-0.340250495573946,0.415687197425287,-1.19200320036246,-0.62585875526916,-0.0591977309862497,0.436063745739341,0.0138012848965835,1.00525383644547,903.072209351104,1910.53392632287,0,0,FALSE,FALSE,FALSE,FALSE,TRUE,"passes screening"
"log_selcoffs_fsh[2][29]",TRUE,-0.598167755376975,-0.580784628480041,0.463327116830669,-1.54458328818969,-0.916399366315698,-0.27744348267008,0.285436073862415,0.0192744074579618,1.00413914797306,575.160588201077,1247.31817222729,0,0,FALSE,FALSE,FALSE,FALSE,TRUE,"passes screening"
"log_selcoffs_fsh[2][30]",TRUE,-0.680085729736615,-0.677512770051225,0.499935357716703,-1.66479078647299,-1.02066315400238,-0.347213258572358,0.285636975690588,0.0237236895515049,1.0034870902032,442.922306767439,1432.67680722413,0,0,FALSE,FALSE,FALSE,FALSE,TRUE,"passes screening"
"log_selcoffs_fsh[2][31]",TRUE,-2.908883727613,-2.90526340004837,0.394290987470232,-3.6965007655886,-3.16374814091889,-2.63878300958421,-2.13551638202501,0.0155313769640568,1.00441834483014,649.87860650269,1716.34757413541,0,0,FALSE,FALSE,FALSE,FALSE,TRUE,"passes screening"
"log_selcoffs_fsh[2][32]",TRUE,-1.28070686488252,-1.2798721459046,0.340720580694086,-1.96579143088956,-1.50213239802498,-1.05189515393771,-0.623449510925814,0.0140560038609626,1.00361147977815,597.51158025502,1323.35647741329,0,0,FALSE,FALSE,FALSE,FALSE,TRUE,"passes screening"
"log_selcoffs_fsh[2][33]",TRUE,-0.37708786336754,-0.374230912438233,0.321423402608571,-1.01748788311063,-0.591867052422573,-0.157070911638501,0.270235261200169,0.012922062578277,1.00145104945771,622.177285442222,1068.37658626072,0,0,FALSE,FALSE,FALSE,FALSE,TRUE,"passes screening"
"log_selcoffs_fsh[2][34]",TRUE,0.140512522811546,0.144711741757231,0.300094530378311,-0.452890397084354,-0.0584332760171127,0.346798496022317,0.713687408186822,0.0117340151175129,1.00269501764812,656.82746802513,1573.39654974308,0,0,FALSE,FALSE,FALSE,FALSE,TRUE,"passes screening"
"log_selcoffs_fsh[2][35]",TRUE,0.682282016566265,0.699733091377705,0.271412103757364,0.108762276952517,0.514927149510974,0.867433748383095,1.16610199793332,0.00975943151587582,1.00169994122252,794.011645895436,1604.22583086169,0,0,FALSE,FALSE,FALSE,FALSE,TRUE,"passes screening"
"log_selcoffs_fsh[2][36]",TRUE,0.761498334332698,0.762714070875875,0.272555430127721,0.230048626414414,0.577475185400525,0.952876331308765,1.27048351601491,0.0055770506979395,1.00116619929621,2377.41128662044,2293.2776339078,0,0,FALSE,FALSE,FALSE,FALSE,TRUE,"passes screening"
"log_selcoffs_fsh[2][37]",TRUE,0.229853295316498,0.245088308200187,0.339736525903937,-0.465863841818633,0.000684252456944915,0.467575701902225,0.870734242182767,0.00903349026576583,1.0013997126549,1438.35828013509,2138.84483256736,0,0,FALSE,FALSE,FALSE,FALSE,TRUE,"passes screening"
"log_selcoffs_fsh[2][38]",TRUE,-0.223425394346712,-0.223629180998176,0.394482798519921,-1.01559794831079,-0.485606619788533,0.0500662195363425,0.524503165323812,0.0122350272146366,1.00021124156064,1036.66479352978,1715.38801317649,0,0,FALSE,FALSE,FALSE,FALSE,TRUE,"passes screening"
"log_selcoffs_fsh[2][39]",TRUE,-0.443105303922133,-0.436223777581703,0.431144632211769,-1.28767261684869,-0.738842862224334,-0.143436580249976,0.364589175177504,0.0168885923535122,1.00196024000767,651.254853651202,1526.37087411882,0,0,FALSE,FALSE,FALSE,FALSE,TRUE,"passes screening"
"log_selcoffs_fsh[2][40]",TRUE,-0.512645662643923,-0.504370255767828,0.469868704312646,-1.46493653025419,-0.827826668727618,-0.177745755543617,0.345752682522702,0.0217238299832857,1.0033274044184,465.687561052148,1445.11912975301,0,0,FALSE,FALSE,FALSE,FALSE,TRUE,"passes screening"
"log_selcoffs_fsh[2][41]",TRUE,-2.48668805968673,-2.47636755344707,0.392772135299523,-3.26468593382255,-2.7605930026287,-2.22782227778197,-1.72201678776889,0.0150220782406164,1.00216894465931,687.367709780868,1807.31497146576,0,0,FALSE,FALSE,FALSE,FALSE,TRUE,"passes screening"
"log_selcoffs_fsh[2][42]",TRUE,-0.886424302138363,-0.881029447711918,0.327659048488048,-1.54782216590465,-1.10132559963623,-0.666697863267428,-0.263367995830754,0.0134874258659711,1.00308763983681,593.601894832572,1383.09761270073,0,0,FALSE,FALSE,FALSE,FALSE,TRUE,"passes screening"
"log_selcoffs_fsh[2][43]",TRUE,-0.788884514200829,-0.796017384528842,0.348612799290611,-1.50392368983655,-1.0163994780284,-0.547399593606724,-0.103682267698495,0.0130882222032605,1.00135025825391,718.177324287283,1402.57929790264,0,0,FALSE,FALSE,FALSE,FALSE,TRUE,"passes screening"
"log_selcoffs_fsh[2][44]",TRUE,-0.293071260522007,-0.285663784020148,0.344807948987666,-0.991044145882696,-0.519689901410756,-0.0599702998587448,0.351649320854595,0.0123548799359833,1.00162720239703,785.400017051529,1831.55360566267,0,0,FALSE,FALSE,FALSE,FALSE,TRUE,"passes screening"
"log_selcoffs_fsh[2][45]",TRUE,0.445196210492988,0.450416624457331,0.301224504112748,-0.166094710285775,0.254867706682807,0.652550284096648,1.02126312082503,0.0100405524604079,1.00045807301078,912.384178260263,1496.46786822704,0,0,FALSE,FALSE,FALSE,FALSE,TRUE,"passes screening"
"log_selcoffs_fsh[2][46]",TRUE,0.745383971823541,0.755862378774903,0.288191623229231,0.170445330846365,0.550775154192958,0.950410299892678,1.27462110994451,0.0072476313789706,0.999392273940397,1625.73368954795,1947.57935546532,0,0,FALSE,FALSE,FALSE,FALSE,TRUE,"passes screening"
"log_selcoffs_fsh[2][47]",TRUE,0.388888756154074,0.393426008617587,0.329005634810126,-0.26292169918509,0.170112611136702,0.622293392277382,1.01253987805049,0.00834758703062262,1.0013105682791,1558.05241908001,2599.76611082284,0,0,FALSE,FALSE,FALSE,FALSE,TRUE,"passes screening"
"log_selcoffs_fsh[2][48]",TRUE,0.0448539616066158,0.0569749253688733,0.374798176514766,-0.719251109395254,-0.201064157619987,0.310262856122128,0.731364232520528,0.0117017726255942,1.00057271456975,1046.67702057857,2056.03344189266,0,0,FALSE,FALSE,FALSE,FALSE,TRUE,"passes screening"
"log_selcoffs_fsh[2][49]",TRUE,-0.145304181572213,-0.137394904677363,0.427131363173063,-1.0134811666638,-0.427878753432362,0.156052945500581,0.624733360271665,0.0166193051530242,1.00388915713755,663.05451286172,1503.88544207716,0,0,FALSE,FALSE,FALSE,FALSE,TRUE,"passes screening"
"log_selcoffs_fsh[2][50]",TRUE,-0.222490545707319,-0.215092219323502,0.47619494466752,-1.13647596380808,-0.556584213842071,0.106251172912675,0.660508784024552,0.022087567850676,1.00199973308515,462.509736025952,1345.65520937568,0,0,FALSE,FALSE,FALSE,FALSE,TRUE,"passes screening"
"log_selcoffs_fsh[2][51]",TRUE,-2.00571580634638,-2.00446144039433,0.414001667290931,-2.83478894592345,-2.26432545477772,-1.72991448187138,-1.21121726193699,0.0140139215287795,1.00139555033672,877.528944963057,1393.8081226382,0,0,FALSE,FALSE,FALSE,FALSE,TRUE,"passes screening"
"log_selcoffs_fsh[2][52]",TRUE,-0.859369599971481,-0.855762403825712,0.329841613392844,-1.49956467303661,-1.08464183279839,-0.63695259998042,-0.219960216271211,0.0130140640484531,1.0020460027742,644.495230039149,1369.58558735297,0,0,FALSE,FALSE,FALSE,FALSE,TRUE,"passes screening"
"log_selcoffs_fsh[2][53]",TRUE,-0.586965975150072,-0.585966960665928,0.335675146073065,-1.24396822070967,-0.810742608206236,-0.359291769817888,0.0552341514483813,0.0135999365028523,1.00302862307044,610.556298059352,1433.05765633878,0,0,FALSE,FALSE,FALSE,FALSE,TRUE,"passes screening"
"log_selcoffs_fsh[2][54]",TRUE,-0.487337524269767,-0.483462392267168,0.350783905721189,-1.1827535823884,-0.716539014816435,-0.247824953155332,0.196566967132113,0.0130231413242883,1.00374436590725,727.749795881643,1371.68200211072,0,0,FALSE,FALSE,FALSE,FALSE,TRUE,"passes screening"
"log_selcoffs_fsh[2][55]",TRUE,0.00971757882270835,0.0146458853688538,0.345283689813807,-0.699893331174009,-0.213709287842367,0.240208570469829,0.662765725832765,0.0123576854299121,1.00124017022558,787.398100426734,1683.88783992321,0,0,FALSE,FALSE,FALSE,FALSE,TRUE,"passes screening"
"log_selcoffs_fsh[2][56]",TRUE,0.403695245325665,0.415250616332185,0.320425051085981,-0.263560888068268,0.198225725324226,0.627975376288351,0.989212491982248,0.0107604452194476,1.00052582622063,887.489946464505,1849.24179940915,0,0,FALSE,FALSE,FALSE,FALSE,TRUE,"passes screening"
"log_selcoffs_fsh[2][57]",TRUE,0.440902635170164,0.450749585814544,0.318760426592999,-0.194548096365006,0.226277626199118,0.665870417196717,1.04335482817705,0.0073496296645139,1.00031188652767,1914.82264247104,2253.2082817565,0,0,FALSE,FALSE,FALSE,FALSE,TRUE,"passes screening"
"log_selcoffs_fsh[2][58]",TRUE,0.31002250425051,0.315366564614373,0.355475762314439,-0.406421951824542,0.0789901335757177,0.551702603190859,1.00765360116685,0.0094026380947212,0.999585948090445,1430.81292546369,2079.3775753674,0,0,FALSE,FALSE,FALSE,FALSE,TRUE,"passes screening"
"log_selcoffs_fsh[2][59]",TRUE,0.172365596175557,0.186277185707743,0.403289048466083,-0.650689158970467,-0.0850192831062153,0.455320986965651,0.927814148520353,0.0149624379923122,1.00028328916336,733.923940977556,1532.8336105836,0,0,FALSE,FALSE,FALSE,FALSE,TRUE,"passes screening"
"log_selcoffs_fsh[2][60]",TRUE,0.0947424959190593,0.122654835723903,0.471123664619106,-0.871859253490426,-0.206962880220813,0.423037714529859,0.941749929204845,0.0208829637880331,1.00185603955414,504.864190068187,1215.96132225073,0,0,FALSE,FALSE,FALSE,FALSE,TRUE,"passes screening"
"log_selcoffs_fsh[2][61]",TRUE,-2.67552564165183,-2.67027071921115,0.456696830959755,-3.60584741569222,-2.96770314975068,-2.36812355008943,-1.80103062620563,0.0124942842161415,1.00164592920496,1338.27441614306,2046.63251085213,0,0,FALSE,FALSE,FALSE,FALSE,TRUE,"passes screening"
"log_selcoffs_fsh[2][62]",TRUE,-1.32904525588106,-1.32145672104156,0.350978735560627,-2.03617015608767,-1.56322968731314,-1.09162961566424,-0.653974764052192,0.0129381065427271,1.0027245003761,740.529523398186,1573.13695247955,0,0,FALSE,FALSE,FALSE,FALSE,TRUE,"passes screening"
"log_selcoffs_fsh[2][63]",TRUE,-0.426500560811803,-0.419221707444636,0.325201980392272,-1.09261904148278,-0.637671546490934,-0.203569188892507,0.196625848245466,0.0128651861552127,1.00413019761438,643.111778042657,1633.56098622314,0,0,FALSE,FALSE,FALSE,FALSE,TRUE,"passes screening"
"log_selcoffs_fsh[2][64]",TRUE,-0.239366674237803,-0.232768075462034,0.322049038116627,-0.895660990116465,-0.446965318756909,-0.0158129125547785,0.361764986152956,0.0120720964239152,1.00135642044168,718.729652855346,1766.59127797987,0,0,FALSE,FALSE,FALSE,FALSE,TRUE,"passes screening"
"log_selcoffs_fsh[2][65]",TRUE,-0.141659869361049,-0.131137191108396,0.335410765498769,-0.827811013923178,-0.35407567178742,0.0850099569909269,0.481345756818823,0.0120479860765408,1.00120258042607,790.612328611578,1561.78236477771,0,0,FALSE,FALSE,FALSE,FALSE,TRUE,"passes screening"
"log_selcoffs_fsh[2][66]",TRUE,0.151341117289246,0.150781128181053,0.325760241278761,-0.484482157031311,-0.0728277528398337,0.382688696318691,0.752781341863577,0.0114933011293932,1.00110037601901,804.660535276878,2157.15568174933,0,0,FALSE,FALSE,FALSE,FALSE,TRUE,"passes screening"
"log_selcoffs_fsh[2][67]",TRUE,0.385062699442271,0.392409572911284,0.313589294809926,-0.240705521738758,0.182759241561072,0.595762064522938,0.96427289229705,0.00758309246038293,1.00200572833268,1690.66803780459,2002.04972389775,0,0,FALSE,FALSE,FALSE,FALSE,TRUE,"passes screening"
"log_selcoffs_fsh[2][68]",TRUE,0.431945537239894,0.442871174338281,0.335201486247216,-0.246607404553214,0.209875982881684,0.662302708236661,1.07395152592329,0.00711240458981465,1.00026725693189,2199.44292508701,2300.33376352749,0,0,FALSE,FALSE,FALSE,FALSE,TRUE,"passes screening"
"log_selcoffs_fsh[2][69]",TRUE,0.345443071561856,0.358786588491773,0.371499447648938,-0.413364652322669,0.0956773461715882,0.606687323484717,1.02718186997147,0.0127855473809888,1.000633254645,849.168331266525,1886.194821306,0,0,FALSE,FALSE,FALSE,FALSE,TRUE,"passes screening"
"log_selcoffs_fsh[2][70]",TRUE,0.252491829573195,0.273466181134438,0.435036019553543,-0.633981315620366,-0.034680862413989,0.562072332302482,1.06186515390984,0.0184171187791178,1.00169308697247,551.196522031557,1153.18197637436,0,0,FALSE,FALSE,FALSE,FALSE,TRUE,"passes screening"
"log_selcoffs_fsh[2][71]",TRUE,-3.24926029470361,-3.24253785843999,0.463812114115726,-4.20033251044514,-3.55495067126933,-2.94024190671022,-2.361743601717,0.0137565133879804,1.00248589865853,1140.19789691961,1872.66268186372,0,0,FALSE,FALSE,FALSE,FALSE,TRUE,"passes screening"
"log_selcoffs_fsh[2][72]",TRUE,-2.17575169249579,-2.16864576384233,0.37815943056252,-2.9247938885493,-2.42571561626548,-1.92532477103146,-1.43611066815766,0.012703319063554,1.00107555828432,890.143006975195,2055.00247104657,0,0,FALSE,FALSE,FALSE,FALSE,TRUE,"passes screening"
"log_selcoffs_fsh[2][73]",TRUE,-1.31274937056412,-1.3081521918902,0.343274005494038,-2.0017229064351,-1.53698938373802,-1.07690187859536,-0.652099388070463,0.0122150442201548,1.00115083735158,789.810925913081,1291.17988129438,0,0,FALSE,FALSE,FALSE,FALSE,TRUE,"passes screening"
"log_selcoffs_fsh[2][74]",TRUE,-0.569264543287028,-0.562745082597248,0.306133366981282,-1.17986891400802,-0.775788716988118,-0.362872673141715,0.0311391762574059,0.0105015415754986,1.00130055098703,865.394553581772,1634.97687771253,0,0,FALSE,FALSE,FALSE,FALSE,TRUE,"passes screening"
"log_selcoffs_fsh[2][75]",TRUE,0.0276746041747106,0.0252237179347046,0.294379375964813,-0.557230848645142,-0.165087036263286,0.228816687733542,0.598846550742474,0.0105270169415155,1.00251071082094,798.658460701185,1157.70872375941,0,0,FALSE,FALSE,FALSE,FALSE,TRUE,"passes screening"
"log_selcoffs_fsh[2][76]",TRUE,0.364949706676969,0.380314203869402,0.293979387986227,-0.226849378337313,0.175162176009947,0.565207889813612,0.898230537808921,0.00945610390366833,1.00025134299042,977.403523744985,1976.14437773546,0,0,FALSE,FALSE,FALSE,FALSE,TRUE,"passes screening"
"log_selcoffs_fsh[2][77]",TRUE,0.55873663289721,0.569306785373657,0.287791811285004,-0.0293028046228601,0.373084080446552,0.75666080597151,1.0854555122542,0.0072151811460293,1.00212973616023,1593.58062116434,2184.68387728116,0,0,FALSE,FALSE,FALSE,FALSE,TRUE,"passes screening"
"log_selcoffs_fsh[2][78]",TRUE,0.497863467385909,0.497822976951165,0.290947252146268,-0.0950117303560187,0.307860622197983,0.692322797021391,1.06878962723222,0.00522432414440929,1.00011741019033,3099.46968383284,2310.42171802316,0,0,FALSE,FALSE,FALSE,FALSE,TRUE,"passes screening"
"log_selcoffs_fsh[2][79]",TRUE,0.376205690395137,0.382017949560377,0.335563502931449,-0.319767580965391,0.160791060666774,0.606562131715291,1.02412216616578,0.0102310243374864,0.999983856144079,1095.1519349276,1988.69254615662,0,0,FALSE,FALSE,FALSE,FALSE,TRUE,"passes screening"
"log_selcoffs_fsh[2][80]",TRUE,0.270963642413284,0.279387613137899,0.391113118807785,-0.502576866673401,0.00268461902625236,0.546797531752164,0.99239460005478,0.0165482409048622,1.00127771607537,557.45793377338,1062.2663627499,0,0,FALSE,FALSE,FALSE,FALSE,TRUE,"passes screening"
"log_selcoffs_fsh[2][81]",TRUE,-3.55947358491712,-3.54650249202529,0.458165169603211,-4.46645611264989,-3.85576881836731,-3.24921290227805,-2.68805158575149,0.0125932773823941,1.00453450323446,1319.372769072,1772.64753924253,0,0,FALSE,FALSE,FALSE,FALSE,TRUE,"passes screening"
"log_selcoffs_fsh[2][82]",TRUE,-2.46960427530646,-2.47034910625002,0.369797280084055,-3.19966112300354,-2.71380106424741,-2.22264830355113,-1.7559236180129,0.0110818813212655,1.00222796443649,1114.7961080687,1938.60280376691,0,0,FALSE,FALSE,FALSE,FALSE,TRUE,"passes screening"
"log_selcoffs_fsh[2][83]",TRUE,-1.79815128057963,-1.79296705451473,0.351667000571854,-2.50935578390179,-2.03226351332937,-1.56382918372474,-1.114570524247,0.0105642762328008,1.00242259957582,1109.13228633894,1659.35681537565,0,0,FALSE,FALSE,FALSE,FALSE,TRUE,"passes screening"
"log_selcoffs_fsh[2][84]",TRUE,-1.08351953306711,-1.08488879316658,0.324315183756562,-1.72312372883201,-1.3092382579542,-0.861590876327013,-0.470242066142088,0.0104255974488729,1.0000365411276,965.458430918185,1658.76174787766,0,0,FALSE,FALSE,FALSE,FALSE,TRUE,"passes screening"
"log_selcoffs_fsh[2][85]",TRUE,-0.30066533215937,-0.301983710953524,0.288667823538492,-0.869715903439388,-0.496127540032137,-0.105779817083197,0.286005956664541,0.00901787898590662,1.00032588345106,1025.22373984179,1967.31851696658,0,0,FALSE,FALSE,FALSE,FALSE,TRUE,"passes screening"
"log_selcoffs_fsh[2][86]",TRUE,0.255689045499207,0.257809082791427,0.274203727421365,-0.285018195964283,0.0682858993763343,0.449728619713419,0.779370962849111,0.00828544231360995,1.00008227395436,1098.81723164529,1772.90170041843,0,0,FALSE,FALSE,FALSE,FALSE,TRUE,"passes screening"
"log_selcoffs_fsh[2][87]",TRUE,0.609895092868185,0.607422921588441,0.262319338472894,0.0722778424021372,0.447157501730703,0.790392006683218,1.12530171013359,0.00672857916838104,1.00006947979897,1522.94909650892,1839.65350104138,0,0,FALSE,FALSE,FALSE,FALSE,TRUE,"passes screening"
"log_selcoffs_fsh[2][88]",TRUE,0.730009607158714,0.731156198339767,0.259990659118355,0.214184079104224,0.552427457747521,0.910675440148676,1.22928581033764,0.00468321172822594,1.00051727711723,3106.4876998196,2000.3222357171,0,0,FALSE,FALSE,FALSE,FALSE,TRUE,"passes screening"
"log_selcoffs_fsh[2][89]",TRUE,0.579163717506462,0.589019831506187,0.295576581413399,-0.000370714362958338,0.375748948464221,0.781975409525571,1.15031771389371,0.00665936801693631,1.00051055980402,1981.55448425872,2060.37829202955,0,0,FALSE,FALSE,FALSE,FALSE,TRUE,"passes screening"
"log_selcoffs_fsh[2][90]",TRUE,0.354896740999705,0.370500639364229,0.354819323544113,-0.354003464970237,0.115461694699502,0.601847748064796,1.03077398997782,0.0131674262845352,1.00430520934827,728.203193698548,1419.73555114847,0,0,FALSE,FALSE,FALSE,FALSE,TRUE,"passes screening"
"log_selcoffs_fsh[2][91]",TRUE,-3.73959934826015,-3.72933037910099,0.44395729501993,-4.656742734548,-4.02852373751672,-3.44557064326127,-2.89167948002846,0.0133502371295878,1.00451746094963,1116.12420331439,1752.54006007989,0,0,FALSE,FALSE,FALSE,FALSE,TRUE,"passes screening"
"log_selcoffs_fsh[2][92]",TRUE,-2.40889320000892,-2.42161708711593,0.345377384468817,-3.07592777174916,-2.63707432472676,-2.1767009715382,-1.72851968587006,0.0108878798141061,1.00378883891585,1008.14542645596,1719.64547039913,0,0,FALSE,FALSE,FALSE,FALSE,TRUE,"passes screening"
"log_selcoffs_fsh[2][93]",TRUE,-1.67321710918984,-1.67252231736668,0.339772102539323,-2.34067598286327,-1.89907863756389,-1.4307877065292,-1.03207027502446,0.010637717082759,1.00212726569118,1024.79790314288,1708.4083403241,0,0,FALSE,FALSE,FALSE,FALSE,TRUE,"passes screening"
"log_selcoffs_fsh[2][94]",TRUE,-1.20249321907321,-1.20171759835578,0.332804586164566,-1.87445998946873,-1.42352599843289,-0.977043445783213,-0.548417780998445,0.0103438829382534,1.0040524674854,1036.13090825362,1744.20412472761,0,0,FALSE,FALSE,FALSE,FALSE,TRUE,"passes screening"
"log_selcoffs_fsh[2][95]",TRUE,-0.76584520733159,-0.767266990037272,0.314464589909996,-1.38220225958195,-0.979239317780147,-0.551700490941153,-0.138166884549196,0.0098366610777034,1.0009486198291,1021.85044694878,1762.3407115885,0,0,FALSE,FALSE,FALSE,FALSE,TRUE,"passes screening"
"log_selcoffs_fsh[2][96]",TRUE,-0.172708398351985,-0.167231536621177,0.289536087033361,-0.763933063925727,-0.361465936630104,0.0231222705196543,0.369331218646803,0.00832516453418317,1.00138434347992,1218.00017651469,2050.51147032383,0,0,FALSE,FALSE,FALSE,FALSE,TRUE,"passes screening"
"log_selcoffs_fsh[2][97]",TRUE,0.395689874329588,0.401395118765495,0.27847526853662,-0.158510428959704,0.206961935905853,0.58383804656037,0.919454755936033,0.00776432580959867,1.00355510822893,1295.14929822221,1956.44557693826,0,0,FALSE,FALSE,FALSE,FALSE,TRUE,"passes screening"
"log_selcoffs_fsh[2][98]",TRUE,0.869863686972149,0.87371691373188,0.24764247096163,0.371074611731553,0.704058845965569,1.04180000598155,1.3290043045351,0.00473376226678537,1.00103864404456,2727.3461545418,2521.51631886656,0,0,FALSE,FALSE,FALSE,FALSE,TRUE,"passes screening"
"log_selcoffs_fsh[2][99]",TRUE,0.845913043540137,0.847355082718402,0.263129664592067,0.331923501413474,0.669368046046958,1.02948485829709,1.34376673104754,0.00577493291738177,1.00056069807738,2085.24514970615,2217.58400484136,0,0,FALSE,FALSE,FALSE,FALSE,TRUE,"passes screening"
"log_selcoffs_fsh[2][100]",TRUE,0.480643919310684,0.491593364218817,0.343778672748294,-0.228800631608029,0.247944618558112,0.717878168299996,1.12131156745753,0.0126276625620194,1.00469515278643,747.00303556229,1458.38300269183,0,0,FALSE,FALSE,FALSE,FALSE,TRUE,"passes screening"
"log_selcoffs_fsh[2][101]",TRUE,-3.7228104746791,-3.71533022826151,0.45939557388842,-4.65105469716517,-4.0258070690039,-3.41224191516042,-2.82623740323335,0.0146528405534074,1.00529105038809,1001.57883711583,1620.65193471843,0,0,FALSE,FALSE,FALSE,FALSE,TRUE,"passes screening"
"log_selcoffs_fsh[2][102]",TRUE,-2.10127998095138,-2.10296671027818,0.345556359110853,-2.79212491089681,-2.33321727784012,-1.87085347558071,-1.42651835079798,0.0113408450472313,1.00450321289645,931.18751575397,1612.67688096802,0,0,FALSE,FALSE,FALSE,FALSE,TRUE,"passes screening"
"log_selcoffs_fsh[2][103]",TRUE,-1.28726042061807,-1.28811145991143,0.333735896398994,-1.93422508488716,-1.50949949364977,-1.06816476624346,-0.63725959795208,0.0119811720263093,1.004843624713,782.892732456681,1692.66198603906,0,0,FALSE,FALSE,FALSE,FALSE,TRUE,"passes screening"
"log_selcoffs_fsh[2][104]",TRUE,-0.856890439575184,-0.860247552060359,0.339820757634631,-1.54154262422334,-1.07997280820571,-0.620183978431657,-0.217644797250199,0.0110224731546946,1.00660159485952,954.251513539302,1362.6386397552,0,0,FALSE,FALSE,FALSE,FALSE,TRUE,"passes screening"
"log_selcoffs_fsh[2][105]",TRUE,-0.559807386081045,-0.560512153813091,0.332788339665318,-1.22893700169829,-0.785220655068074,-0.336022161875035,0.104024989909849,0.0112205115896808,1.0047418199165,882.440314492884,1319.80559376435,0,0,FALSE,FALSE,FALSE,FALSE,TRUE,"passes screening"
"log_selcoffs_fsh[2][106]",TRUE,-0.322785305384715,-0.316424524325887,0.326754497905053,-1.00463728288214,-0.537609796523274,-0.101327286602747,0.294776099900843,0.010314655243216,1.00404962039577,1004.44333396991,1803.08009776083,0,0,FALSE,FALSE,FALSE,FALSE,TRUE,"passes screening"
"log_selcoffs_fsh[2][107]",TRUE,0.145805174519669,0.148427166555002,0.300711495962481,-0.461263383882803,-0.0529554565110655,0.357136119251441,0.710517800516351,0.00922933671834159,1.0043285562471,1062.57856441187,1910.98961725157,0,0,FALSE,FALSE,FALSE,FALSE,TRUE,"passes screening"
"log_selcoffs_fsh[2][108]",TRUE,0.725050939434629,0.734720538932564,0.274186329845479,0.187362461973194,0.540798547498194,0.910448630700759,1.26315566740869,0.00617541189319616,1.001080527354,1980.96735499708,2359.55992994431,0,0,FALSE,FALSE,FALSE,FALSE,TRUE,"passes screening"
"log_selcoffs_fsh[2][109]",TRUE,0.871722813157947,0.877785264157022,0.277236992845977,0.31163367464351,0.695722263605589,1.05833392472046,1.39251567110156,0.00592754003271079,1.00105027870212,2226.03256789399,2039.58593815259,0,0,FALSE,FALSE,FALSE,FALSE,TRUE,"passes screening"
"log_selcoffs_fsh[2][110]",TRUE,0.646871902367803,0.663779074867254,0.3410922567065,-0.0613597370007541,0.408116952170817,0.883640161654124,1.2701477906539,0.013208863804037,1.00504634372142,675.412461372814,1628.86231887565,0,0,FALSE,FALSE,FALSE,FALSE,TRUE,"passes screening"
"log_selcoffs_fsh[2][111]",TRUE,-3.79078206015842,-3.77370384498742,0.456829552790925,-4.72318858451362,-4.09453902922267,-3.47733621800079,-2.90233014553053,0.0140602829157449,1.00454225887871,1077.79113308664,1745.88913727264,0,0,FALSE,FALSE,FALSE,FALSE,TRUE,"passes screening"
"log_selcoffs_fsh[2][112]",TRUE,-2.18891226261688,-2.1759501811977,0.34694794653836,-2.8929381068505,-2.42450401824646,-1.95142425107805,-1.52167720792984,0.0126166412988942,1.00728209223281,758.714508827719,1726.77411528133,0,0,FALSE,FALSE,FALSE,FALSE,TRUE,"passes screening"
"log_selcoffs_fsh[2][113]",TRUE,-1.26397613107566,-1.25048955333147,0.323871674163004,-1.90045688645767,-1.48565751876373,-1.03678461255428,-0.672018213347396,0.0129589195471287,1.00794437000537,629.273545706087,1521.52159425352,0,0,FALSE,FALSE,FALSE,FALSE,TRUE,"passes screening"
"log_selcoffs_fsh[2][114]",TRUE,-0.804138223522251,-0.799970523953959,0.320842568476711,-1.44563285180804,-1.01836245438457,-0.57510404910536,-0.210540567827058,0.0124111247549181,1.00621733191247,691.832716103238,1461.57150059797,0,0,FALSE,FALSE,FALSE,FALSE,TRUE,"passes screening"
"log_selcoffs_fsh[2][115]",TRUE,-0.49187889002677,-0.478202048477193,0.327688716996302,-1.1610533740767,-0.70786264040753,-0.259820223818832,0.12402830966358,0.011975432302815,1.00597444436644,752.442215336141,1411.72150370239,0,0,FALSE,FALSE,FALSE,FALSE,TRUE,"passes screening"
"log_selcoffs_fsh[2][116]",TRUE,-0.205759546739742,-0.202334833651299,0.326165593814066,-0.851869283494019,-0.423526437730276,0.0168178971288238,0.412492251557916,0.0113745074649099,1.00380862086126,829.577669390989,1409.53910665762,0,0,FALSE,FALSE,FALSE,FALSE,TRUE,"passes screening"
"log_selcoffs_fsh[2][117]",TRUE,0.307460798836547,0.314735600338719,0.304571826937828,-0.317646652391847,0.101165785008591,0.518626828229539,0.88091257734981,0.00992540342345748,1.00458179784334,938.859173292365,1774.99657172302,0,0,FALSE,FALSE,FALSE,FALSE,TRUE,"passes screening"
"log_selcoffs_fsh[2][118]",TRUE,0.64382763667808,0.653387379771728,0.275411110548773,0.0927911803295594,0.461066264927326,0.833329341856766,1.16695663144868,0.00600335457407855,1.00268323730832,2108.57492572693,2005.26697227728,0,0,FALSE,FALSE,FALSE,FALSE,TRUE,"passes screening"
"log_selcoffs_fsh[2][119]",TRUE,0.742175641364086,0.749598199867334,0.287121168663588,0.171704698018186,0.558149345051317,0.939915478425648,1.29077629083488,0.00614909678928348,1.00177657859937,2195.04396528651,2035.73852398559,0,0,FALSE,FALSE,FALSE,FALSE,TRUE,"passes screening"
"log_selcoffs_fsh[2][120]",TRUE,0.682549650919012,0.693342940886815,0.340218695199395,-0.0103179371403543,0.466777652053149,0.911376971742121,1.31284561035546,0.0121578253877552,1.00384814569637,786.36212798813,1238.17173185248,0,0,FALSE,FALSE,FALSE,FALSE,TRUE,"passes screening"
"log_selcoffs_fsh[2][121]",TRUE,-3.67590174433176,-3.67543831970947,0.41959004726715,-4.4999418008647,-3.94210295391561,-3.39216428965764,-2.85293737540659,0.011523627744504,1.00309266049572,1335.31281316734,1661.1441097479,0,0,FALSE,FALSE,FALSE,FALSE,TRUE,"passes screening"
"log_selcoffs_fsh[2][122]",TRUE,-1.67622159624292,-1.67984996519887,0.329183773591841,-2.31904821804869,-1.90643242855308,-1.4490403893351,-1.0371936712703,0.0111314187588696,1.00423675812456,875.456072665593,1478.04076406634,0,0,FALSE,FALSE,FALSE,FALSE,TRUE,"passes screening"
"log_selcoffs_fsh[2][123]",TRUE,-0.984977199386632,-0.973605595796545,0.331275540354982,-1.62756206716906,-1.21108542296022,-0.757257488041605,-0.359938385564437,0.0114546008605279,1.00450446317255,835.923291814036,1810.15618205314,0,0,FALSE,FALSE,FALSE,FALSE,TRUE,"passes screening"
"log_selcoffs_fsh[2][124]",TRUE,-0.587096153236572,-0.589290600687926,0.325712512631711,-1.25237806362254,-0.801019988762981,-0.364168027610263,0.0207836462764905,0.0119010843807176,1.00455674308714,754.64875439349,1481.48178682631,0,0,FALSE,FALSE,FALSE,FALSE,TRUE,"passes screening"
"log_selcoffs_fsh[2][125]",TRUE,-0.377784829335361,-0.377791095895052,0.328425446951901,-1.00756420798103,-0.604492273640944,-0.152636237935769,0.256691457773543,0.0108387309258301,1.00432304800451,918.389635225725,1540.42626006081,0,0,FALSE,FALSE,FALSE,FALSE,TRUE,"passes screening"
"log_selcoffs_fsh[2][126]",TRUE,-0.30377351260415,-0.297655517525487,0.339228781864107,-0.973938844630057,-0.524257244794661,-0.0733918922204899,0.347221910648107,0.0107694607095625,1.00327929693375,999.496049956028,1577.24624837139,0,0,FALSE,FALSE,FALSE,FALSE,TRUE,"passes screening"
"log_selcoffs_fsh[2][127]",TRUE,0.0903787606844504,0.102864917818472,0.329046035122055,-0.566363183759882,-0.14170851358038,0.322093829356436,0.710448287468425,0.0103002572620781,1.0029222026254,1024.35846622575,1538.8339460956,0,0,FALSE,FALSE,FALSE,FALSE,TRUE,"passes screening"
"log_selcoffs_fsh[2][128]",TRUE,0.472947368328523,0.480225353332405,0.310903345288906,-0.154912198195119,0.26562059138024,0.690129085686214,1.05913448036897,0.00597746410083885,1.00011119015119,2736.28976086778,2183.78744680562,0,0,FALSE,FALSE,FALSE,FALSE,TRUE,"passes screening"
"log_selcoffs_fsh[2][129]",TRUE,0.737361411621698,0.746761872046992,0.295487803988453,0.14384406330628,0.543542661513573,0.937368312656808,1.29894397290576,0.00617105659484377,1.00046821175102,2299.26338626072,2260.30790909844,0,0,FALSE,FALSE,FALSE,FALSE,TRUE,"passes screening"
"log_selcoffs_fsh[2][130]",TRUE,0.826523813918385,0.842395995389218,0.33508991481147,0.129848021433433,0.611119879281288,1.05322841174861,1.4452073550385,0.0127259337218436,1.0056239460677,709.721175934264,1489.67561396347,0,0,FALSE,FALSE,FALSE,FALSE,TRUE,"passes screening"
"log_selcoffs_fsh[2][131]",TRUE,-3.37180290714045,-3.36581421927557,0.386406919920073,-4.14184196781882,-3.6309883969212,-3.11661575486552,-2.60878394748155,0.0103594064874203,1.00112360022297,1390.45427070771,1659.5035589392,0,0,FALSE,FALSE,FALSE,FALSE,TRUE,"passes screening"
"log_selcoffs_fsh[2][132]",TRUE,-1.65936083229405,-1.65109438174462,0.329804172660155,-2.33127813683576,-1.88175865748899,-1.4359058377413,-1.03960221838093,0.0110065796299098,1.00509440420206,904.714531381686,1346.23583306946,0,0,FALSE,FALSE,FALSE,FALSE,TRUE,"passes screening"
"log_selcoffs_fsh[2][133]",TRUE,-0.757503826430694,-0.752759484727359,0.333450596935325,-1.41861963054969,-0.983957878438829,-0.521860389841071,-0.120287230096481,0.0127908011312557,1.00652566453857,682.53423484124,1622.57369445851,0,0,FALSE,FALSE,FALSE,FALSE,TRUE,"passes screening"
"log_selcoffs_fsh[2][134]",TRUE,-0.497107489233217,-0.491584094039007,0.332515739179738,-1.16925770848215,-0.721534326639565,-0.26581098691767,0.128640615081954,0.0113245040959012,1.00487596813543,857.962603921885,1902.42758635095,0,0,FALSE,FALSE,FALSE,FALSE,TRUE,"passes screening"
"log_selcoffs_fsh[2][135]",TRUE,-0.459505362683473,-0.454888905852841,0.332603563954173,-1.13089805498047,-0.683400847548763,-0.229363706840368,0.180474685246235,0.0122431834809927,1.00471633566317,735.465689330851,1175.13111620593,0,0,FALSE,FALSE,FALSE,FALSE,TRUE,"passes screening"
"log_selcoffs_fsh[2][136]",TRUE,-0.3579948110318,-0.356138947268514,0.334277415425871,-1.01857101723401,-0.584070710791901,-0.123505130604157,0.280859297392306,0.0114090608785523,1.00549339577687,859.733083919403,1558.22824189933,0,0,FALSE,FALSE,FALSE,FALSE,TRUE,"passes screening"
"log_selcoffs_fsh[2][137]",TRUE,-0.0375290247914948,-0.0302278591491763,0.331965844148672,-0.701453278269495,-0.261768177141828,0.189660972703852,0.592629151310465,0.00994982525618059,1.00598342924523,1119.60593428649,2118.91857279032,0,0,FALSE,FALSE,FALSE,FALSE,TRUE,"passes screening"
"log_selcoffs_fsh[2][138]",TRUE,0.363630445793511,0.361738449651743,0.323619955935529,-0.277940195682859,0.148747537068152,0.590092848049351,0.997830879827831,0.0066424819276137,1.00010894943035,2371.07029150678,2323.16070237879,0,0,FALSE,FALSE,FALSE,FALSE,TRUE,"passes screening"
"log_selcoffs_fsh[2][139]",TRUE,0.725048564761996,0.739079133499357,0.306386479783507,0.104027680251029,0.520170486326676,0.934830416587277,1.28875239957486,0.00687187127000114,1.00171016638939,1981.6408826319,1692.71652412337,0,0,FALSE,FALSE,FALSE,FALSE,TRUE,"passes screening"
"log_selcoffs_fsh[2][140]",TRUE,0.903341850675346,0.919115830784978,0.315325338688691,0.239571268602353,0.701223584723137,1.11162296592531,1.48027830169221,0.011342108113224,1.00667078925353,807.49281609709,1921.92680839248,0,0,FALSE,FALSE,FALSE,FALSE,TRUE,"passes screening"
"log_selcoffs_fsh[2][141]",TRUE,-3.11157260647665,-3.10381194613843,0.361274950744055,-3.85187095871244,-3.35133822896061,-2.87239883016149,-2.42192810233269,0.0101370836433014,1.00298834392221,1282.60996262538,1969.01210951588,0,0,FALSE,FALSE,FALSE,FALSE,TRUE,"passes screening"
"log_selcoffs_fsh[2][142]",TRUE,-0.968305061051342,-0.962756886902433,0.311136754898043,-1.58733412252139,-1.18386358048403,-0.755943170197536,-0.384636788705212,0.0104094591587118,1.00497823931217,894.670510014064,1279.80459108161,0,0,FALSE,FALSE,FALSE,FALSE,TRUE,"passes screening"
"log_selcoffs_fsh[2][143]",TRUE,-0.757419046408492,-0.751654939411625,0.320130180137973,-1.39875786306082,-0.974068416508447,-0.53526731251674,-0.142329175860797,0.0105432393924436,1.00582341161215,927.863013146083,1746.46441065065,0,0,FALSE,FALSE,FALSE,FALSE,TRUE,"passes screening"
"log_selcoffs_fsh[2][144]",TRUE,-0.63648614761182,-0.63576632672921,0.345010710261174,-1.31623984015121,-0.863864368811405,-0.402880667922115,0.0296831998007989,0.0104961767215466,1.0036158578585,1082.49935619697,1650.38429500762,0,0,FALSE,FALSE,FALSE,FALSE,TRUE,"passes screening"
"log_selcoffs_fsh[2][145]",TRUE,-0.704988594896774,-0.705822565404111,0.359835010309681,-1.40610259629138,-0.946292304052773,-0.459074010665433,-0.00562444794069837,0.0112270017476282,1.00318943478784,1027.99776505515,1544.72556719874,0,0,FALSE,FALSE,FALSE,FALSE,TRUE,"passes screening"
"log_selcoffs_fsh[2][146]",TRUE,-0.560445841899733,-0.554545820892366,0.360737959412164,-1.27128289241496,-0.803985345460374,-0.31688836601696,0.120293781657369,0.0116001465198953,1.00459758284946,981.893691566071,1278.02079133422,0,0,FALSE,FALSE,FALSE,FALSE,TRUE,"passes screening"
"log_selcoffs_fsh[2][147]",TRUE,-0.141417529617786,-0.14308695671694,0.362096840615659,-0.850334069920035,-0.389243526059712,0.114771111423313,0.534969354937544,0.00988122116007086,1.0043866395347,1340.72772579086,1925.40149371748,0,0,FALSE,FALSE,FALSE,FALSE,TRUE,"passes screening"
"log_selcoffs_fsh[2][148]",TRUE,0.339929378885569,0.352973490757969,0.334805116896912,-0.353296697068547,0.12202516153476,0.569810300520481,0.994704187729762,0.00654408347285028,0.999897932423231,2637.90912372957,2280.03534475776,0,0,FALSE,FALSE,FALSE,FALSE,TRUE,"passes screening"
"log_selcoffs_fsh[2][149]",TRUE,0.768354586196963,0.769989563116555,0.301992498049582,0.150519868710341,0.570532488653116,0.972754524055193,1.33814829857901,0.00605044994169754,1.00163563802976,2499.25523647951,2164.90867625693,0,0,FALSE,FALSE,FALSE,FALSE,TRUE,"passes screening"
"log_selcoffs_fsh[2][150]",TRUE,0.993029424915477,1.0047802980594,0.295738053747121,0.377063106718956,0.803366437353968,1.1963851380193,1.52738752195677,0.00950340166338669,1.00362197353555,994.043503273794,1778.9001180021,0,0,FALSE,FALSE,FALSE,FALSE,TRUE,"passes screening"
"log_selcoffs_fsh[2][151]",TRUE,-2.90848360045246,-2.90239681213322,0.339072312570525,-3.56628106446347,-3.13828952415012,-2.6768280702344,-2.26463877988395,0.0114128324445975,1.0069902580151,879.897275119739,1893.56015032287,0,0,FALSE,FALSE,FALSE,FALSE,TRUE,"passes screening"
"log_selcoffs_fsh[2][152]",TRUE,-0.76609263666033,-0.758120899396022,0.280409320395415,-1.32631907356468,-0.953994833209154,-0.574413981015587,-0.230617396097869,0.0100732160145609,1.00659709716696,779.238306461017,1833.62385668674,0,0,FALSE,FALSE,FALSE,FALSE,TRUE,"passes screening"
"log_selcoffs_fsh[2][153]",TRUE,-0.6700794953995,-0.661532903712023,0.31112062829046,-1.30232771302512,-0.873240567239936,-0.456244747000584,-0.0775590552017448,0.00988734983441349,1.00455097720763,988.419903999713,1622.12612365721,0,0,FALSE,FALSE,FALSE,FALSE,TRUE,"passes screening"
"log_selcoffs_fsh[2][154]",TRUE,-0.76198698928815,-0.754505375368328,0.344613181434679,-1.44493725555997,-1.00058187494055,-0.5283869458017,-0.105901775846341,0.0104925031782605,1.00336680497572,1083.77765812895,2251.70779779784,0,0,FALSE,FALSE,FALSE,FALSE,TRUE,"passes screening"
"log_selcoffs_fsh[2][155]",TRUE,-0.836695041945086,-0.844709598915573,0.367290757521032,-1.57242807977285,-1.08045101212224,-0.585401395687579,-0.118968958196739,0.010577920338273,1.00727675553917,1204.8832403237,2275.04530720742,0,0,FALSE,FALSE,FALSE,FALSE,TRUE,"passes screening"
"log_selcoffs_fsh[2][156]",TRUE,-0.650780912490386,-0.645918489817577,0.374250163537074,-1.40752933705111,-0.908294719592235,-0.39324032455412,0.0676624118955407,0.010162178936319,1.00590812232198,1368.31272591469,1828.66811605313,0,0,FALSE,FALSE,FALSE,FALSE,TRUE,"passes screening"
"log_selcoffs_fsh[2][157]",TRUE,-0.19911457664154,-0.190200592322131,0.354918218485519,-0.920607536927052,-0.441088672161779,0.0473614298313642,0.451272846299658,0.00950352480035988,1.0055888580851,1413.32496429399,2078.93901095242,0,0,FALSE,FALSE,FALSE,FALSE,TRUE,"passes screening"
"log_selcoffs_fsh[2][158]",TRUE,0.306847664457897,0.310082901622128,0.344092383516253,-0.365938310915699,0.073707005578218,0.55071603253158,0.961029741492837,0.00782807050791225,1.00118737158128,1954.67645185492,1862.20010162941,0,0,FALSE,FALSE,FALSE,FALSE,TRUE,"passes screening"
"log_selcoffs_fsh[2][159]",TRUE,0.765838234110123,0.774713605997488,0.303288807545593,0.159407621365133,0.569327249290235,0.974786785912511,1.33966099459447,0.00626218361351273,1.00052348792615,2388.53684048455,2227.94914505576,0,0,FALSE,FALSE,FALSE,FALSE,TRUE,"passes screening"
"log_selcoffs_fsh[2][160]",TRUE,1.0398873928507,1.05066452581199,0.276260223936773,0.481182052919048,0.861506479081225,1.22772723026054,1.55352779360558,0.00915688946741024,1.00205310664267,931.431819095356,1864.48646861048,0,0,FALSE,FALSE,FALSE,FALSE,TRUE,"passes screening"
"log_selcoffs_fsh[2][161]",TRUE,-2.60926375378186,-2.60728051284921,0.338675560877514,-3.27661147052648,-2.8325177479538,-2.38520984614661,-1.94603629292582,0.0119752100394507,1.00838510668183,800.359413111497,1592.01666294338,0,0,FALSE,FALSE,FALSE,FALSE,TRUE,"passes screening"
"log_selcoffs_fsh[2][162]",TRUE,-0.946861135544331,-0.941438169493125,0.290882860875115,-1.51881172996189,-1.14159366900087,-0.749819971819736,-0.385002591391875,0.0107373903559902,1.0071499318284,729.282106267051,1659.47300184421,0,0,FALSE,FALSE,FALSE,FALSE,TRUE,"passes screening"
"log_selcoffs_fsh[2][163]",TRUE,-0.775785369533875,-0.769381774328284,0.309699438237642,-1.40458483956113,-0.981508434742125,-0.569485394659519,-0.188437205234475,0.010217841456915,1.00408789578631,918.274433739116,1702.10678708926,0,0,FALSE,FALSE,FALSE,FALSE,TRUE,"passes screening"
"log_selcoffs_fsh[2][164]",TRUE,-0.783998302884904,-0.781284891828057,0.350590919219418,-1.4906631912989,-1.01277929613766,-0.544542149085106,-0.109756163097442,0.0108944989464916,1.00318563450798,1028.54044056834,2053.16073791208,0,0,FALSE,FALSE,FALSE,FALSE,TRUE,"passes screening"
"log_selcoffs_fsh[2][165]",TRUE,-0.917651779442699,-0.916784786235129,0.381715089629131,-1.66931969638719,-1.17406566382391,-0.659510412388824,-0.181685278442691,0.0108577735637325,1.0028265108528,1234.38352779981,1708.85842076839,0,0,FALSE,FALSE,FALSE,FALSE,TRUE,"passes screening"
"log_selcoffs_fsh[2][166]",TRUE,-0.774564791566078,-0.769174446352564,0.399671478415397,-1.5591961425288,-1.03682841875937,-0.510875725425893,0.00364497523950519,0.0117578197359315,1.0056831102785,1167.49376641248,1732.97811247627,0,0,FALSE,FALSE,FALSE,FALSE,TRUE,"passes screening"
"log_selcoffs_fsh[2][167]",TRUE,-0.32992221840741,-0.329702336940978,0.384404384524682,-1.07397323040313,-0.589356993082337,-0.0674242570183176,0.409657572089563,0.00972799512988154,1.0048793789017,1561.19256652077,1994.38224798526,0,0,FALSE,FALSE,FALSE,FALSE,TRUE,"passes screening"
"log_selcoffs_fsh[2][168]",TRUE,0.250880437513682,0.254426405202214,0.349311628771544,-0.438688553383244,0.0186022451742235,0.492208188998096,0.916104771411254,0.0075446697973949,1.00111930415927,2133.85680669192,2341.02129075769,0,0,FALSE,FALSE,FALSE,FALSE,TRUE,"passes screening"
"log_selcoffs_fsh[2][169]",TRUE,0.812274045633356,0.815225946874817,0.287603223291566,0.243241603296559,0.614046492527383,1.00781885743055,1.36613066290478,0.00531460932239571,1.00088752307826,2902.32372177733,2067.94629571557,0,0,FALSE,FALSE,FALSE,FALSE,TRUE,"passes screening"
"log_selcoffs_fsh[2][170]",TRUE,1.1468004206203,1.15659318412791,0.277839667037029,0.560410945120576,0.971415503082513,1.33305278268812,1.67176982941943,0.00796778721834025,1.00220399012823,1215.4680492907,1770.1266091501,0,0,FALSE,FALSE,FALSE,FALSE,TRUE,"passes screening"
"log_selcoffs_fsh[2][171]",TRUE,-2.89728305870187,-2.89314126209825,0.335043656737075,-3.55778350594462,-3.11325011139908,-2.67723313179299,-2.23904179961008,0.0120785034908271,1.0041998714623,769.941086245742,2013.85976153629,0,0,FALSE,FALSE,FALSE,FALSE,TRUE,"passes screening"
"log_selcoffs_fsh[2][172]",TRUE,-1.0736320896219,-1.06835026677649,0.270763312803434,-1.61848897108766,-1.24610125648966,-0.895228563493845,-0.546778535401222,0.0112103444622336,1.00687786582212,582.074051105581,1311.22794891168,0,0,FALSE,FALSE,FALSE,FALSE,TRUE,"passes screening"
"log_selcoffs_fsh[2][173]",TRUE,-0.727245237801087,-0.722918079458623,0.274397078750912,-1.27676221160008,-0.916060897846769,-0.542082613142865,-0.203461882247601,0.0105561281177459,1.0037428828052,664.702824789191,961.31054097144,0,0,FALSE,FALSE,FALSE,FALSE,TRUE,"passes screening"
"log_selcoffs_fsh[2][174]",TRUE,-0.761985668307388,-0.7607013703836,0.323050243037409,-1.39808138107565,-0.977752321123001,-0.546308871113441,-0.134031394803902,0.0109678829155122,1.0028551204777,867.126417386461,1702.98950987374,0,0,FALSE,FALSE,FALSE,FALSE,TRUE,"passes screening"
"log_selcoffs_fsh[2][175]",TRUE,-0.902825460644296,-0.900383371566419,0.360614484740181,-1.62694157398543,-1.13998004087415,-0.650748894220127,-0.199450971512956,0.0115449632434392,1.00408377837365,973.364480324662,1756.92556652052,0,0,FALSE,FALSE,FALSE,FALSE,TRUE,"passes screening"
"log_selcoffs_fsh[2][176]",TRUE,-0.806202716506385,-0.8036737165498,0.394272583275797,-1.58633374255677,-1.07495129807942,-0.534831199800816,-0.0196122293799944,0.0117507124943643,1.00475153791477,1123.54093752235,2110.2552968777,0,0,FALSE,FALSE,FALSE,FALSE,TRUE,"passes screening"
"log_selcoffs_fsh[2][177]",TRUE,-0.378041352107908,-0.377152798506724,0.389370939861716,-1.11656925881165,-0.652420625203478,-0.111339315892431,0.384536819373342,0.0104823349010623,1.00347248342778,1374.74414207772,2004.41543038848,0,0,FALSE,FALSE,FALSE,FALSE,TRUE,"passes screening"
"log_selcoffs_fsh[2][178]",TRUE,0.219160999722896,0.235584531900122,0.355926192045486,-0.517286147840016,-0.0162089981536373,0.461171251181454,0.903929629751517,0.00829953861759991,1.00008852274455,1856.8321504921,2254.11813484735,0,0,FALSE,FALSE,FALSE,FALSE,TRUE,"passes screening"
"log_selcoffs_fsh[2][179]",TRUE,0.809574134320019,0.812404835365922,0.285730449233902,0.222825591160674,0.616224328030717,1.01313964348142,1.36297602134243,0.00480664793035605,1.00119623326041,3569.39398159123,2412.97840831428,0,0,FALSE,FALSE,FALSE,FALSE,TRUE,"passes screening"
"log_selcoffs_fsh[2][180]",TRUE,1.18717990045028,1.19349485952106,0.2585100593035,0.649108474495175,1.02074635538378,1.37123846601361,1.67181018345909,0.00748343459985442,1.0025695841683,1200.38302321761,1666.57900916446,0,0,FALSE,FALSE,FALSE,FALSE,TRUE,"passes screening"
"log_selcoffs_fsh[2][181]",TRUE,-3.0027471475848,-2.9952257898304,0.36218189835508,-3.70620666942286,-3.25119261839824,-2.75970579769872,-2.30567730808173,0.0116416278807393,1.00791516814921,971.016230141987,1704.75697279971,0,0,FALSE,FALSE,FALSE,FALSE,TRUE,"passes screening"
"log_selcoffs_fsh[2][182]",TRUE,-1.34546680852632,-1.34421548928839,0.269967103787513,-1.88191599844338,-1.52212841175099,-1.15329689793933,-0.809304105728648,0.0122878505967954,1.014389157668,484.538664517768,2003.00804314835,0,0,TRUE,FALSE,FALSE,FALSE,FALSE,"Rhat > 1.01"
"log_selcoffs_fsh[2][183]",TRUE,-0.836789311677071,-0.833460070754832,0.278391345742321,-1.39460252971746,-1.02026116226166,-0.647573270247599,-0.303182609767851,0.0121803144966857,1.01238401051844,524.573115912185,1848.9411435306,0,0,TRUE,FALSE,FALSE,FALSE,FALSE,"Rhat > 1.01"
"log_selcoffs_fsh[2][184]",TRUE,-0.814870808546939,-0.816966532979992,0.299483250226744,-1.41935938402155,-1.01039866017958,-0.606273875036034,-0.24859227457565,0.0113773581326111,1.00582307561652,696.946997151125,1758.76626246122,0,0,FALSE,FALSE,FALSE,FALSE,TRUE,"passes screening"
"log_selcoffs_fsh[2][185]",TRUE,-0.914876772530193,-0.910290088168093,0.350120275488978,-1.61794280382244,-1.15121971414784,-0.678980117390591,-0.240655428848348,0.0103184209809275,1.00259538250764,1146.34036470761,1857.72707263777,0,0,FALSE,FALSE,FALSE,FALSE,TRUE,"passes screening"
"log_selcoffs_fsh[2][186]",TRUE,-0.760207813197877,-0.757574800049714,0.376715923852499,-1.50671919735375,-1.00880423632325,-0.511915266047121,-0.0255064610226248,0.00990453616399161,1.00351066363334,1426.5773132437,1939.39956316023,0,0,FALSE,FALSE,FALSE,FALSE,TRUE,"passes screening"
"log_selcoffs_fsh[2][187]",TRUE,-0.333109000523508,-0.32310054251905,0.376517791949395,-1.07827244390767,-0.595711055924357,-0.0754877419558234,0.382252676157244,0.00977875839648981,1.00116789600064,1501.65559153469,2269.59388262816,0,0,FALSE,FALSE,FALSE,FALSE,TRUE,"passes screening"
"log_selcoffs_fsh[2][188]",TRUE,0.257826316119108,0.254885245479474,0.342468090048429,-0.426446309219893,0.0382010980085889,0.493926106958355,0.89083942573089,0.00829442172501488,1.00119861864147,1709.17763553392,1881.31718487147,0,0,FALSE,FALSE,FALSE,FALSE,TRUE,"passes screening"
"log_selcoffs_fsh[2][189]",TRUE,0.824267464332135,0.832705657853725,0.291880426625634,0.216225989969017,0.636379406107288,1.02709328580957,1.38223456475061,0.00541057150072519,1.00105743752228,2929.15705171652,2391.98312866022,0,0,FALSE,FALSE,FALSE,FALSE,TRUE,"passes screening"
"log_selcoffs_fsh[2][190]",TRUE,1.2164792943045,1.2260107541736,0.252070710256322,0.699523293910021,1.04706464079082,1.39633998454438,1.6790725806271,0.00738821368308155,1.00108615750974,1173.95429557074,1860.01242519194,0,0,FALSE,FALSE,FALSE,FALSE,TRUE,"passes screening"
"log_selcoffs_fsh[2][191]",TRUE,-3.12502944906052,-3.12355686873689,0.358042304330766,-3.82231499699031,-3.36406464524492,-2.88328121111436,-2.43696254826965,0.0113133416696792,1.00650096323002,989.072552493934,1527.29219481388,0,0,FALSE,FALSE,FALSE,FALSE,TRUE,"passes screening"
"log_selcoffs_fsh[2][192]",TRUE,-1.44787124351064,-1.44414218582209,0.281034036634186,-1.99927133421599,-1.63580565896775,-1.25193835814247,-0.900277782861339,0.0103993729269103,1.01019697117133,722.453345104269,1555.34131916445,0,0,TRUE,FALSE,FALSE,FALSE,FALSE,"Rhat > 1.01"
"log_selcoffs_fsh[2][193]",TRUE,-1.17298299906076,-1.16924214742661,0.27377801447929,-1.69868946379766,-1.36729077777177,-0.986001646426301,-0.63324925133874,0.0116882496419663,1.01093302767661,549.526324639527,1419.25637103845,0,0,TRUE,FALSE,FALSE,FALSE,FALSE,"Rhat > 1.01"
"log_selcoffs_fsh[2][194]",TRUE,-0.899413770714742,-0.90059789285159,0.294100468695927,-1.47620456430145,-1.09167761720686,-0.696774368918222,-0.345516355124075,0.0103549016332317,1.00703034433523,809.845726472442,1904.04043336387,0,0,FALSE,FALSE,FALSE,FALSE,TRUE,"passes screening"
"log_selcoffs_fsh[2][195]",TRUE,-0.902534584259611,-0.906612232474756,0.328924549290063,-1.55065113762156,-1.12358701984221,-0.678591339727254,-0.255703689621993,0.0103441760847095,1.00442515381655,1014.35630320427,2191.29695348003,0,0,FALSE,FALSE,FALSE,FALSE,TRUE,"passes screening"
"log_selcoffs_fsh[2][196]",TRUE,-0.731359974421031,-0.731498643496512,0.345874419388423,-1.42358028344933,-0.965493230220624,-0.492057091092796,-0.0584230572186624,0.0100418812046496,1.00334267631506,1180.81755957069,2192.34010279922,0,0,FALSE,FALSE,FALSE,FALSE,TRUE,"passes screening"
"log_selcoffs_fsh[2][197]",TRUE,-0.284807719662618,-0.283034321600037,0.358232769376872,-1.00418512857463,-0.525999697258047,-0.0443767921719496,0.407085163677295,0.00898290585985196,1.00110091342739,1592.35318647325,2177.92841383283,0,0,FALSE,FALSE,FALSE,FALSE,TRUE,"passes screening"
"log_selcoffs_fsh[2][198]",TRUE,0.313978241458413,0.312603273816215,0.336095030430076,-0.353399874983668,0.0963900941034401,0.546020689751292,0.955199611688974,0.00718930769648506,1.00071388378434,2184.61304934669,2333.14381372045,0,0,FALSE,FALSE,FALSE,FALSE,TRUE,"passes screening"
"log_selcoffs_fsh[2][199]",TRUE,0.863498100797514,0.870054065697302,0.284161938934443,0.291790840849851,0.67250990225594,1.05323826714749,1.39765472407236,0.00511960559135668,1.00102335814429,3054.23232260777,2123.82591499005,0,0,FALSE,FALSE,FALSE,FALSE,TRUE,"passes screening"
"log_selcoffs_fsh[2][200]",TRUE,1.22832013812482,1.24008325055115,0.255254706074897,0.689154088507623,1.06808763966929,1.40655746010701,1.68801822292965,0.0082088210488963,1.00373372277599,932.889478635929,1729.87359442314,0,0,FALSE,FALSE,FALSE,FALSE,TRUE,"passes screening"
"log_selcoffs_fsh[2][201]",TRUE,-3.1095417076889,-3.10138436951202,0.413720918814808,-3.94245992580215,-3.37822197441175,-2.82192391471549,-2.31081460463631,0.0120535647079029,1.00653525300027,1188.02907959055,1959.3242854913,0,0,FALSE,FALSE,FALSE,FALSE,TRUE,"passes screening"
"log_selcoffs_fsh[2][202]",TRUE,-1.52135702757935,-1.51483983346072,0.279237586480606,-2.07362932560397,-1.70475952128801,-1.334301610944,-0.991589553180649,0.0107149216663155,1.01104311000211,679.659769895292,1267.2973470915,0,0,TRUE,FALSE,FALSE,FALSE,FALSE,"Rhat > 1.01"
"log_selcoffs_fsh[2][203]",TRUE,-0.984404396645827,-0.979844492795819,0.274061788344784,-1.53309998939479,-1.16846851274676,-0.799895212029223,-0.447604021112652,0.0115242094261739,1.00963901783561,564.703635252699,1611.10905096637,0,0,FALSE,FALSE,FALSE,FALSE,TRUE,"passes screening"
"log_selcoffs_fsh[2][204]",TRUE,-0.773900000114364,-0.779049423448355,0.280510338801146,-1.319268104182,-0.963651964665827,-0.580274798452375,-0.226641832506326,0.0126387643404638,1.0119110244434,492.650000045955,1739.10822436855,0,0,TRUE,FALSE,FALSE,FALSE,FALSE,"Rhat > 1.01"
"log_selcoffs_fsh[2][205]",TRUE,-0.845576536112326,-0.835502303880957,0.317083077287184,-1.48726270781043,-1.05677109137998,-0.641372120157817,-0.238895231007879,0.01205882819086,1.00866038438598,688.810770810835,1840.0573631061,0,0,FALSE,FALSE,FALSE,FALSE,TRUE,"passes screening"
"log_selcoffs_fsh[2][206]",TRUE,-0.769896714714049,-0.763507834292391,0.339788484814457,-1.46217582868212,-0.995210336514795,-0.541046406848812,-0.098722504220257,0.0108181348895754,1.00313881488921,1002.64967283532,1434.99579235794,0,0,FALSE,FALSE,FALSE,FALSE,TRUE,"passes screening"
"log_selcoffs_fsh[2][207]",TRUE,-0.345362099419146,-0.338182612305632,0.350689369546258,-1.05535276250277,-0.584702704722328,-0.100769752377317,0.316314939949233,0.00823714484084779,1.00273397868668,1806.73157114508,1784.01545856951,0,0,FALSE,FALSE,FALSE,FALSE,TRUE,"passes screening"
"log_selcoffs_fsh[2][208]",TRUE,0.274062988835426,0.284681698041561,0.342157713685338,-0.390020955583302,0.037140443589972,0.505214402585341,0.943777855579783,0.00718342515984722,1.00178979768917,2317.29253326896,2364.574483649,0,0,FALSE,FALSE,FALSE,FALSE,TRUE,"passes screening"
"log_selcoffs_fsh[2][209]",TRUE,0.83825245297717,0.842930497462543,0.294177305748275,0.237181613513101,0.650386712355613,1.04046643687691,1.381821783846,0.00546070518046536,1.00219461106536,2912.15223295661,2043.48345515338,0,0,FALSE,FALSE,FALSE,FALSE,TRUE,"passes screening"
"log_selcoffs_fsh[2][210]",TRUE,1.22224101804149,1.22621786153696,0.254417354613013,0.685340439557425,1.06214084493063,1.39840260483152,1.69414484817079,0.00775784922834798,1.00053036581048,1071.29594485091,2087.3006309131,0,0,FALSE,FALSE,FALSE,FALSE,TRUE,"passes screening"
"log_selcoffs_fsh[2][211]",TRUE,-3.35663522268475,-3.34295059226478,0.415309148470587,-4.17589526619537,-3.64036082427026,-3.06319130313929,-2.57911319964873,0.0110961965285679,1.00258529325665,1433.02718637331,2408.76674279787,0,0,FALSE,FALSE,FALSE,FALSE,TRUE,"passes screening"
"log_selcoffs_fsh[2][212]",TRUE,-1.41053366579783,-1.4096409250048,0.30571347896002,-2.01137200382645,-1.61732623374635,-1.20523218223494,-0.824918846887071,0.0100797304199938,1.00519471378936,924.679272073385,1894.58188479032,0,0,FALSE,FALSE,FALSE,FALSE,TRUE,"passes screening"
"log_selcoffs_fsh[2][213]",TRUE,-0.881065990619229,-0.881067372956934,0.263325752994764,-1.3952230050457,-1.05942662250481,-0.706761570481961,-0.371995658290893,0.00931088813148831,1.00896137369158,797.72077051551,2075.40604362108,0,0,FALSE,FALSE,FALSE,FALSE,TRUE,"passes screening"
"log_selcoffs_fsh[2][214]",TRUE,-0.553321722819347,-0.54904788847732,0.270669901688975,-1.08675875618722,-0.738102280953951,-0.367543953494505,-0.020544466175413,0.00915617879829933,1.00819727448626,875.266163715295,1831.18699830146,0,0,FALSE,FALSE,FALSE,FALSE,TRUE,"passes screening"
"log_selcoffs_fsh[2][215]",TRUE,-0.650286188210536,-0.64448763573843,0.285248106169161,-1.22205224682218,-0.844722789556124,-0.458441805066096,-0.0959645775079493,0.0100947444687081,1.00413219176206,798.90395415354,1737.02474310594,0,0,FALSE,FALSE,FALSE,FALSE,TRUE,"passes screening"
"log_selcoffs_fsh[2][216]",TRUE,-0.65598597305774,-0.653468099000543,0.317218659692585,-1.27621144559582,-0.870062620222204,-0.449428847336945,-0.0224455387024076,0.00963141212772801,1.00173599527549,1087.86630655494,2077.39185172461,0,0,FALSE,FALSE,FALSE,FALSE,TRUE,"passes screening"
"log_selcoffs_fsh[2][217]",TRUE,-0.315395407253905,-0.312887467107014,0.328122221382348,-0.952877259992452,-0.537310053260146,-0.0916826806456891,0.308457890580174,0.00854584964339808,1.0001633814728,1493.50962756045,1862.67826428316,0,0,FALSE,FALSE,FALSE,FALSE,TRUE,"passes screening"
"log_selcoffs_fsh[2][218]",TRUE,0.205931236317441,0.216698420518403,0.319939732281841,-0.453073760265836,-0.003488306791871,0.428420409408361,0.799616418706267,0.00675282309549234,1.00011798017466,2297.26353106059,2132.21379186767,0,0,FALSE,FALSE,FALSE,FALSE,TRUE,"passes screening"
"log_selcoffs_fsh[2][219]",TRUE,0.768585355188789,0.768363577610865,0.289374545965664,0.191212114030149,0.571347177709546,0.975186167608691,1.30302333156309,0.00523490321630634,1.00104789883326,3058.12054214971,2292.43584779976,0,0,FALSE,FALSE,FALSE,FALSE,TRUE,"passes screening"
"log_selcoffs_fsh[2][220]",TRUE,1.20300532258974,1.21066346594378,0.2393036099271,0.700529437609533,1.05685552276147,1.36267451759694,1.63876072727906,0.00828201910414123,1.00401726698785,846.585565764922,1518.04035145803,0,0,FALSE,FALSE,FALSE,FALSE,TRUE,"passes screening"
"log_selcoffs_fsh[2][221]",TRUE,-3.67712471665076,-3.66846860937649,0.409756515408947,-4.52845571734796,-3.95095421599082,-3.39426453920919,-2.91096804853494,0.0101108805279052,1.00121247467832,1663.44464329222,1842.36611305851,0,0,FALSE,FALSE,FALSE,FALSE,TRUE,"passes screening"
"log_selcoffs_fsh[2][222]",TRUE,-2.07555950539377,-2.07119747867646,0.311899564597197,-2.69605349071188,-2.27485345809843,-1.87164601179129,-1.47451811442778,0.00933725009362443,1.00057561439341,1115.01798081578,1929.89296443452,0,0,FALSE,FALSE,FALSE,FALSE,TRUE,"passes screening"
"log_selcoffs_fsh[2][223]",TRUE,-0.986762198857234,-0.978624588367179,0.278609978048401,-1.56258863879859,-1.16337748450533,-0.79794026220192,-0.465474513717086,0.00947262863185232,1.00609146644449,884.950092997891,1804.75474703908,0,0,FALSE,FALSE,FALSE,FALSE,TRUE,"passes screening"
"log_selcoffs_fsh[2][224]",TRUE,-0.509764013409164,-0.503080457619248,0.249717242413147,-1.01825948762551,-0.674626288700796,-0.336757537938457,-0.029014365849852,0.0081497759469765,1.0046629385063,937.196711083235,1705.44211642402,0,0,FALSE,FALSE,FALSE,FALSE,TRUE,"passes screening"
"log_selcoffs_fsh[2][225]",TRUE,-0.452299447172797,-0.447503044622126,0.261599510856272,-0.968925541831712,-0.625231862132431,-0.274902284803213,0.0431452849200007,0.00844875094459797,1.00504228511589,958.225640827644,1728.45289567466,0,0,FALSE,FALSE,FALSE,FALSE,TRUE,"passes screening"
"log_selcoffs_fsh[2][226]",TRUE,-0.545515948817512,-0.539172073866588,0.288731371723537,-1.11613553697052,-0.733862769934553,-0.354803790453971,0.0127792528437347,0.00918433473772158,1.00252361321606,995.605320539261,1641.54609261081,0,0,FALSE,FALSE,FALSE,FALSE,TRUE,"passes screening"
"log_selcoffs_fsh[2][227]",TRUE,-0.31189959212735,-0.310058962077882,0.30572549702699,-0.920491776654223,-0.522309454583291,-0.104469361193398,0.272809846357275,0.00871843367039241,1.00202197602002,1245.52670361214,2219.93559570744,0,0,FALSE,FALSE,FALSE,FALSE,TRUE,"passes screening"
"log_selcoffs_fsh[2][228]",TRUE,0.139465099900741,0.143002816913397,0.312952728073161,-0.492010980935536,-0.0661137544151194,0.360921237088125,0.729787855344427,0.00724993801549381,1.0009338993224,1853.67638749194,2467.03392911506,0,0,FALSE,FALSE,FALSE,FALSE,TRUE,"passes screening"
"log_selcoffs_fsh[2][229]",TRUE,0.717080331085352,0.722760301498927,0.289299505215241,0.124236848270889,0.52137369476623,0.914508031847723,1.25887714916962,0.00511397400372213,1.00257039944539,3228.49162966588,2375.64678906475,0,0,FALSE,FALSE,FALSE,FALSE,TRUE,"passes screening"
"log_selcoffs_fsh[2][230]",TRUE,1.25818388392884,1.26879204983304,0.23216078553674,0.767881819914325,1.10454791379023,1.41828696130094,1.68018356136847,0.00937538134914564,1.00728849840347,610.850726562925,1730.90560504941,0,0,FALSE,FALSE,FALSE,FALSE,TRUE,"passes screening"
"log_selcoffs_fsh[2][231]",TRUE,-3.75603143756584,-3.73704918290364,0.443607589896174,-4.67374926495014,-4.04242866448626,-3.46279517449248,-2.92623275854331,0.0123520062112595,1.00135458293016,1316.9175012831,2015.70197431569,0,0,FALSE,FALSE,FALSE,FALSE,TRUE,"passes screening"
"log_selcoffs_fsh[2][232]",TRUE,-2.44783114996983,-2.44805593369683,0.320497426123754,-3.08066279939748,-2.65870809277308,-2.2325387070958,-1.82684696730065,0.0096118538471756,1.00323299073819,1089.89302136505,2027.38740720346,0,0,FALSE,FALSE,FALSE,FALSE,TRUE,"passes screening"
"log_selcoffs_fsh[2][233]",TRUE,-1.37838068408471,-1.37655522712519,0.311413950551182,-2.00157483895847,-1.58274527389423,-1.16804942384492,-0.781893610908671,0.00868283067797915,1.00247619117136,1287.34764399809,1947.74171958971,0,0,FALSE,FALSE,FALSE,FALSE,TRUE,"passes screening"
"log_selcoffs_fsh[2][234]",TRUE,-0.604721469834161,-0.607836696546516,0.281353502864819,-1.17495091862569,-0.790538655314852,-0.405404944714617,-0.0833227702973011,0.0092380879173108,1.00526956014704,918.242145402182,1989.12157591911,0,0,FALSE,FALSE,FALSE,FALSE,TRUE,"passes screening"
"log_selcoffs_fsh[2][235]",TRUE,-0.194390776891042,-0.197172890223425,0.272057436646359,-0.733960693770909,-0.377462706479505,-0.0103256143458283,0.343651287031477,0.00886892259614422,1.00685804917209,937.961804782972,1764.75087465803,0,0,FALSE,FALSE,FALSE,FALSE,TRUE,"passes screening"
"log_selcoffs_fsh[2][236]",TRUE,-0.198356567255342,-0.197259582849194,0.285509247648084,-0.755395469076057,-0.3987807636314,-0.00613252314307208,0.356269311325144,0.00861667172558847,1.00564087088633,1101.05737802044,1858.02083287641,0,0,FALSE,FALSE,FALSE,FALSE,TRUE,"passes screening"
"log_selcoffs_fsh[2][237]",TRUE,-0.018054976651641,-0.0172162312535778,0.29204101873184,-0.595233815470774,-0.208864724906054,0.180062286234948,0.530948922158063,0.0105078151484216,1.00634087170391,779.964156826206,1918.29119939921,0,0,FALSE,FALSE,FALSE,FALSE,TRUE,"passes screening"
"log_selcoffs_fsh[2][238]",TRUE,0.274051945542275,0.282192364002275,0.295859299017562,-0.339712811018767,0.0829092360469407,0.469518424343701,0.838450782987622,0.00774493951494115,1.00438089448656,1429.84346591549,2056.53641224816,0,0,FALSE,FALSE,FALSE,FALSE,TRUE,"passes screening"
"log_selcoffs_fsh[2][239]",TRUE,0.675969424467424,0.680064774453801,0.280943253862703,0.118932473336315,0.482546941514393,0.870955557499162,1.21437441002066,0.00469111619424629,1.00076602579793,3589.40874122532,2599.65958480894,0,0,FALSE,FALSE,FALSE,FALSE,TRUE,"passes screening"
"log_selcoffs_fsh[2][240]",TRUE,1.05970332882994,1.06874322741693,0.263541020827264,0.493281965785899,0.893710100776287,1.24190453786859,1.54965646462293,0.0100210368992227,1.00342194689191,685.936439736706,1606.19720692654,0,0,FALSE,FALSE,FALSE,FALSE,TRUE,"passes screening"
"log_selcoffs_fsh[2][241]",TRUE,-3.69210833190183,-3.6971688859334,0.473869388230163,-4.64266361519919,-3.99763125367092,-3.36661509328027,-2.79221692452745,0.012865244439702,1.00100265885145,1362.11471870528,2108.1194626693,0,0,FALSE,FALSE,FALSE,FALSE,TRUE,"passes screening"
"log_selcoffs_fsh[2][242]",TRUE,-2.17254557670243,-2.16563968131176,0.332902291530478,-2.8434969947019,-2.39273172151157,-1.93501139112891,-1.55249302000636,0.00956435326778446,1.00033440496218,1228.34158685686,2026.0218177407,0,0,FALSE,FALSE,FALSE,FALSE,TRUE,"passes screening"
"log_selcoffs_fsh[2][243]",TRUE,-1.36535106044824,-1.35471400643654,0.292214688065446,-1.93846540920752,-1.57091371229322,-1.15419289953636,-0.809508418431493,0.00826799568166844,1.00104413008254,1269.72725041269,1879.174508016,0,0,FALSE,FALSE,FALSE,FALSE,TRUE,"passes screening"
"log_selcoffs_fsh[2][244]",TRUE,-0.868824729863012,-0.863339315157879,0.281620404261556,-1.44173521503463,-1.05775315204213,-0.675400272161942,-0.331023466077987,0.00820632230483458,1.00184196395169,1188.05495399511,2067.44072657123,0,0,FALSE,FALSE,FALSE,FALSE,TRUE,"passes screening"
"log_selcoffs_fsh[2][245]",TRUE,-0.345790211345371,-0.343866366251768,0.27217763037943,-0.889345248399978,-0.526797955879521,-0.156788439721025,0.178585983250547,0.00748645727743738,1.00127474998231,1314.84695519946,2381.10621887894,0,0,FALSE,FALSE,FALSE,FALSE,TRUE,"passes screening"
"log_selcoffs_fsh[2][246]",TRUE,0.00855472939612565,0.0114103702550171,0.280968956060932,-0.555749893994544,-0.17792908911794,0.196928053427241,0.554923518168148,0.00743208983328249,1.00310894584143,1433.61886858291,2190.94336365247,0,0,FALSE,FALSE,FALSE,FALSE,TRUE,"passes screening"
"log_selcoffs_fsh[2][247]",TRUE,0.206970648939165,0.208316577971369,0.276525147476955,-0.325570824417033,0.0199892390221218,0.397828992362186,0.734379181429544,0.00770229485008444,1.00112049824308,1303.13267917746,1745.44670862185,0,0,FALSE,FALSE,FALSE,FALSE,TRUE,"passes screening"
"log_selcoffs_fsh[2][248]",TRUE,0.458376016252435,0.462511338648737,0.281842412304723,-0.0979451312783283,0.267147768531424,0.652697881430318,0.996178663201923,0.00771762442046082,0.999972143345251,1348.05214237177,1814.68123568462,0,0,FALSE,FALSE,FALSE,FALSE,TRUE,"passes screening"
"log_selcoffs_fsh[2][249]",TRUE,0.659144461037607,0.656406189720767,0.261925261223284,0.12993723848626,0.487764391243165,0.844834980788283,1.16669848434726,0.00469737286136301,1.0005281618085,3112.30937256505,2486.5187881107,0,0,FALSE,FALSE,FALSE,FALSE,TRUE,"passes screening"
"log_selcoffs_fsh[2][250]",TRUE,0.879837592082244,0.888011474281006,0.27533525677802,0.312387819166445,0.699154363679258,1.07176255792395,1.39126377651751,0.0147822682945439,1.01740153590506,347.656391895053,1457.64678887727,0,0,TRUE,TRUE,FALSE,FALSE,FALSE,"Rhat > 1.01; bulk ESS < 400"
"log_selcoffs_fsh[2][251]",TRUE,-3.68223983153733,-3.68183258706663,0.44298446932698,-4.56634050526732,-3.96911886934083,-3.38986907112587,-2.82882408831106,0.0125711560976201,1.00162253227107,1240.30377182835,2160.90787924812,0,0,FALSE,FALSE,FALSE,FALSE,TRUE,"passes screening"
"log_selcoffs_fsh[2][252]",TRUE,-2.26376624108336,-2.25871413870281,0.358558036598924,-2.97837598939437,-2.50843608685032,-2.01897842919722,-1.55649349220928,0.0105267968257524,1.00292648975276,1165.89485732497,2144.11307034994,0,0,FALSE,FALSE,FALSE,FALSE,TRUE,"passes screening"
"log_selcoffs_fsh[2][253]",TRUE,-1.3805596545718,-1.37612128282233,0.307042445472014,-1.99017101227383,-1.58616257179497,-1.17226168778114,-0.79534298573146,0.00938175139300454,1.00519632327558,1069.06811516387,2231.19068688799,0,0,FALSE,FALSE,FALSE,FALSE,TRUE,"passes screening"
"log_selcoffs_fsh[2][254]",TRUE,-0.508452997761004,-0.505082388297499,0.25821232662962,-1.01508570583357,-0.67839585130581,-0.332642908280157,-0.0191236843917094,0.00809477703635821,1.00651458966669,1018.11867259726,1995.68717948694,0,0,FALSE,FALSE,FALSE,FALSE,TRUE,"passes screening"
"log_selcoffs_fsh[2][255]",TRUE,-0.0448243871351697,-0.0441553415747149,0.257016171595202,-0.566415729563975,-0.218321676501249,0.135438370123756,0.443355792868989,0.00774286222044116,1.00544051238168,1101.65601023741,1781.26838410707,0,0,FALSE,FALSE,FALSE,FALSE,TRUE,"passes screening"
"log_selcoffs_fsh[2][256]",TRUE,0.196167957171431,0.205000172073312,0.272590974925535,-0.342752663838956,0.0088662707543118,0.387079496077681,0.712485023400058,0.00751983079296877,1.00348662654086,1316.79851112513,2072.34173310756,0,0,FALSE,FALSE,FALSE,FALSE,TRUE,"passes screening"
"log_selcoffs_fsh[2][257]",TRUE,0.374276580291113,0.373274099380591,0.26901724922339,-0.167490195267349,0.192947459638309,0.560179246599443,0.879901231063902,0.00645444183433741,1.00199371859243,1734.54874895984,2547.18310809454,0,0,FALSE,FALSE,FALSE,FALSE,TRUE,"passes screening"
"log_selcoffs_fsh[2][258]",TRUE,0.547211469163949,0.551480675733174,0.271709636580144,0.00294209788407757,0.360707717822638,0.743798414028924,1.05039056772092,0.00505406621343494,1.00131653465034,2888.9674433819,2259.52219821502,0,0,FALSE,FALSE,FALSE,FALSE,TRUE,"passes screening"
"log_selcoffs_fsh[2][259]",TRUE,0.587988058765782,0.588739010097506,0.279538901815165,0.0348120914207188,0.400622941369619,0.782730849591055,1.12482986357145,0.00591478078031482,1.00072412331467,2265.39900412387,2146.09246906006,0,0,FALSE,FALSE,FALSE,FALSE,TRUE,"passes screening"
"log_selcoffs_fsh[2][260]",TRUE,0.489064161559466,0.496315359720066,0.279922877035059,-0.0897030102035135,0.306217220420799,0.679529816568385,1.03285442364408,0.0168018865955058,1.01063158718317,276.5846124725,1050.26832354123,0,0,TRUE,TRUE,FALSE,FALSE,FALSE,"Rhat > 1.01; bulk ESS < 400"
"log_selcoffs_fsh[2][261]",TRUE,-3.78841495389461,-3.77587632366575,0.417311816604642,-4.6450928639477,-4.05711125982584,-3.50766038526546,-2.98700123595902,0.0125819660485743,1.00321312077094,1093.27565782894,2154.7202687,0,0,FALSE,FALSE,FALSE,FALSE,TRUE,"passes screening"
"log_selcoffs_fsh[2][262]",TRUE,-1.77303552508121,-1.76170541884667,0.328251106119194,-2.43226194260607,-1.98971049102784,-1.55058136777426,-1.15825271363878,0.0119910840313538,1.00575332053302,752.531193905703,1659.55272237321,0,0,FALSE,FALSE,FALSE,FALSE,TRUE,"passes screening"
"log_selcoffs_fsh[2][263]",TRUE,-0.992673262453111,-0.980270610327654,0.321802950245814,-1.65999184528777,-1.21090340005776,-0.771726462967997,-0.397113725989607,0.00924188335464794,1.00720162606808,1222.47329262919,1833.48486928396,0,0,FALSE,FALSE,FALSE,FALSE,TRUE,"passes screening"
"log_selcoffs_fsh[2][264]",TRUE,-0.0276427095940107,-0.0205160985559361,0.266334373630047,-0.547801363717845,-0.204550823373721,0.150446824287351,0.48141982064757,0.00906487582764615,1.00793025850922,865.560996620105,1824.66758028778,0,0,FALSE,FALSE,FALSE,FALSE,TRUE,"passes screening"
"log_selcoffs_fsh[2][265]",TRUE,0.351740254177572,0.349498940045526,0.241571737319863,-0.135271034764846,0.191272325645689,0.516138644759708,0.823875285516138,0.00761023548264882,1.00417371469177,1006.9410630675,2044.3632013253,0,0,FALSE,FALSE,FALSE,FALSE,TRUE,"passes screening"
"log_selcoffs_fsh[2][266]",TRUE,0.384035697634494,0.386536244960779,0.249676985102385,-0.12354946460781,0.220272234631756,0.54867021109378,0.870279856514396,0.00606884557714928,1.00358179619354,1694.17347117599,2286.81157859548,0,0,FALSE,FALSE,FALSE,FALSE,TRUE,"passes screening"
"log_selcoffs_fsh[2][267]",TRUE,0.387723948026301,0.390272986115964,0.26312348356388,-0.136392967271812,0.209739541408858,0.56894186840589,0.881789171458672,0.00502363748098712,1.00149931523703,2753.86446435262,2433.17652383254,0,0,FALSE,FALSE,FALSE,FALSE,TRUE,"passes screening"
"log_selcoffs_fsh[2][268]",TRUE,0.428804633653867,0.433729964437948,0.276154885007993,-0.131851447134379,0.248216052199191,0.617568519828045,0.957276110963386,0.00503482176658994,0.999978810111934,3053.04409110431,2249.08263986741,0,0,FALSE,FALSE,FALSE,FALSE,TRUE,"passes screening"
"log_selcoffs_fsh[2][269]",TRUE,0.253672621052223,0.250698441691443,0.299197420039145,-0.356781964078454,0.0617515534414289,0.449659730543776,0.845501625224592,0.0083801930977079,1.00251061473367,1274.58199592405,2130.95411678795,0,0,FALSE,FALSE,FALSE,FALSE,TRUE,"passes screening"
"log_selcoffs_fsh[2][270]",TRUE,0.0172494541848157,0.0283670136189707,0.303945715499887,-0.613925970658434,-0.191194959537418,0.238052293751887,0.577281171411179,0.0145443829359722,1.0070274610478,438.965939661829,1432.76230394812,0,0,FALSE,FALSE,FALSE,FALSE,TRUE,"passes screening"
"log_selcoffs_fsh[2][271]",TRUE,-3.91862696513709,-3.91340532377707,0.431470184163009,-4.76179987352445,-4.21417640270821,-3.63384101390432,-3.08773981245686,0.0114329560597761,1.00185739716409,1418.23821246292,2082.01794879652,0,0,FALSE,FALSE,FALSE,FALSE,TRUE,"passes screening"
"log_selcoffs_fsh[2][272]",TRUE,-1.47598868621347,-1.47406132519676,0.305013463265042,-2.07581650062395,-1.67402494469341,-1.27227298631609,-0.875003929188367,0.0128698989669423,1.00732561758693,563.888226526629,1495.07049126462,0,0,FALSE,FALSE,FALSE,FALSE,TRUE,"passes screening"
"log_selcoffs_fsh[2][273]",TRUE,-0.566499283700885,-0.562645491881774,0.288711163528336,-1.14771053898857,-0.758591876322546,-0.377183231026457,0.00678889511872602,0.0099551884126783,1.00885584142897,840.861025645794,1677.75153049005,0,0,FALSE,FALSE,FALSE,FALSE,TRUE,"passes screening"
"log_selcoffs_fsh[2][274]",TRUE,0.0290015425409589,0.0307008681200108,0.279273055222677,-0.525103489020864,-0.159173547102043,0.219677849505515,0.578845877347772,0.00612085940119393,1.00198822172073,2078.70473612673,2314.25915447593,0,0,FALSE,FALSE,FALSE,FALSE,TRUE,"passes screening"
"log_selcoffs_fsh[2][275]",TRUE,0.491095213654367,0.496614556419555,0.259832402195211,-0.0558332252197319,0.328978973822668,0.66285576140531,0.9798390139251,0.00566519086964193,1.00191454648637,2122.87292469953,2534.47306830117,0,0,FALSE,FALSE,FALSE,FALSE,TRUE,"passes screening"
"log_selcoffs_fsh[2][276]",TRUE,0.482900667583917,0.498339157981845,0.258346002488673,-0.0637110162584262,0.31516573852169,0.660186344168811,0.963009503921226,0.00516521625821777,0.999901840917632,2573.12943366365,2207.35894374326,0,0,FALSE,FALSE,FALSE,FALSE,TRUE,"passes screening"
"log_selcoffs_fsh[2][277]",TRUE,0.503167453742921,0.512681433722393,0.263323178025037,-0.0376828673523107,0.327671175724117,0.689776622776733,0.986371458302766,0.00487137693257674,0.99975894466622,2971.42870285936,2401.02018532952,0,0,FALSE,FALSE,FALSE,FALSE,TRUE,"passes screening"
"log_selcoffs_fsh[2][278]",TRUE,0.233352588504375,0.231242407408461,0.279845371074139,-0.335551943837175,0.0512634740154112,0.42628093726153,0.767769657655312,0.0058389591742269,1.0019251561887,2276.62779477536,2296.5539634538,0,0,FALSE,FALSE,FALSE,FALSE,TRUE,"passes screening"
"log_selcoffs_fsh[2][279]",TRUE,-0.0813630971712279,-0.076251654147067,0.314744883469192,-0.704789657768977,-0.291712515732233,0.138174840932407,0.528228623560343,0.00839229637292425,1.00188558193429,1410.74687831476,2140.58294103003,0,0,FALSE,FALSE,FALSE,FALSE,TRUE,"passes screening"
"log_selcoffs_fsh[2][280]",TRUE,-0.318243381357407,-0.317378543045006,0.300270189299073,-0.920130698500585,-0.519195306667816,-0.104834681035297,0.243762830485089,0.0113087761121408,1.00729411796886,702.642034997081,1655.04717204499,0,0,FALSE,FALSE,FALSE,FALSE,TRUE,"passes screening"
"log_selcoffs_fsh[2][281]",TRUE,-4.03124866567037,-4.01902676553879,0.433724710794939,-4.87956933146875,-4.32615797003812,-3.74194889695661,-3.18927560381242,0.0117713639188108,1.00282370406426,1347.01204675476,2156.51721801797,0,0,FALSE,FALSE,FALSE,FALSE,TRUE,"passes screening"
"log_selcoffs_fsh[2][282]",TRUE,-2.38577294907596,-2.38716862144483,0.312764213622476,-2.99145117105458,-2.60382364950412,-2.16931086413116,-1.79382786833525,0.0108882287020165,1.0088663645894,813.801739952306,1924.22283232409,0,0,FALSE,FALSE,FALSE,FALSE,TRUE,"passes screening"
"log_selcoffs_fsh[2][283]",TRUE,-1.42908951730297,-1.42920714016346,0.276286984037037,-1.99161133084901,-1.61021875806587,-1.24158480237893,-0.901194496756285,0.0130305786126657,1.017386731277,435.806571257261,1902.57156105521,0,0,TRUE,FALSE,FALSE,FALSE,FALSE,"Rhat > 1.01"
"log_selcoffs_fsh[2][284]",TRUE,-0.00698780964652381,-0.00688124883504098,0.272314315670588,-0.552666454890483,-0.182293497301608,0.170404429819461,0.519871202342026,0.00950955678286726,1.01128489649493,816.438611900633,1695.7192257967,0,0,TRUE,FALSE,FALSE,FALSE,FALSE,"Rhat > 1.01"
"log_selcoffs_fsh[2][285]",TRUE,0.475757182966943,0.473535938754238,0.290841362902882,-0.124022931123715,0.280810740629054,0.674900932941698,1.02678071977592,0.0080667317389198,1.00571479373026,1315.1887860567,1772.79747691188,0,0,FALSE,FALSE,FALSE,FALSE,TRUE,"passes screening"
"log_selcoffs_fsh[2][286]",TRUE,0.477957973816756,0.485563806478784,0.274435069920999,-0.0546273632460812,0.28153953404774,0.662979717258541,0.992685177627466,0.00591230426839515,1.00199705025185,2178.04065215199,2269.81926727209,0,0,FALSE,FALSE,FALSE,FALSE,TRUE,"passes screening"
"log_selcoffs_fsh[2][287]",TRUE,0.569558818914885,0.572703156509494,0.27565437759589,0.0285991266280878,0.3772906617429,0.762675605252868,1.09396166912412,0.00484348430785217,1.00007942674743,3227.34010554054,2462.92730802717,0,0,FALSE,FALSE,FALSE,FALSE,TRUE,"passes screening"
"log_selcoffs_fsh[2][288]",TRUE,0.236789516219263,0.248603788566944,0.312837402590026,-0.400487790401361,0.0336079574566639,0.446281538961333,0.832676200168335,0.00617594726332296,0.99985440145902,2572.13514706533,2477.97200274726,0,0,FALSE,FALSE,FALSE,FALSE,TRUE,"passes screening"
"log_selcoffs_fsh[2][289]",TRUE,0.0865632793307584,0.105458498478811,0.339088104338155,-0.597875808730246,-0.141733643941323,0.329263556056466,0.716119966102827,0.00954322769735534,1.00102836986003,1277.34745405935,1676.80055171785,0,0,FALSE,FALSE,FALSE,FALSE,TRUE,"passes screening"
"log_selcoffs_fsh[2][290]",TRUE,0.00260313005639641,0.0130776877158629,0.337857241033332,-0.654979695156791,-0.223598870949883,0.241862188364195,0.64370941939772,0.0113683135160844,1.00099417992176,877.986505293441,1605.29372137055,0,0,FALSE,FALSE,FALSE,FALSE,TRUE,"passes screening"
"log_selcoffs_fsh[2][291]",TRUE,-4.19149217242293,-4.18543610761123,0.432730166525201,-5.05305269374722,-4.47794955722883,-3.90239359813083,-3.36788899631529,0.0107510639109842,1.00184085686734,1617.01372437971,2007.75908501914,0,0,FALSE,FALSE,FALSE,FALSE,TRUE,"passes screening"
"log_selcoffs_fsh[2][292]",TRUE,-2.39422515018063,-2.38364730640566,0.32217927000692,-3.03922419274848,-2.61402152439413,-2.17804863911617,-1.77754044639244,0.0106836856861093,1.00437316352199,909.714917439243,1865.02754477843,0,0,FALSE,FALSE,FALSE,FALSE,TRUE,"passes screening"
"log_selcoffs_fsh[2][293]",TRUE,-1.13699122628573,-1.13226148484219,0.279813055883159,-1.68013160121017,-1.328043239681,-0.949572067109041,-0.587768925580002,0.0100805498876954,1.00469055353834,770.200006616962,1875.05760864846,0,0,FALSE,FALSE,FALSE,FALSE,TRUE,"passes screening"
"log_selcoffs_fsh[2][294]",TRUE,-0.349013914552126,-0.352449344892231,0.265814566126063,-0.849453423642922,-0.524801747587038,-0.17086898880303,0.182181767131936,0.00838886391656287,1.00371250839741,999.534489697158,1716.92537362322,0,0,FALSE,FALSE,FALSE,FALSE,TRUE,"passes screening"
"log_selcoffs_fsh[2][295]",TRUE,0.511453564682372,0.513214243465945,0.276180814638906,-0.0430057736592453,0.334717591221474,0.698162654231271,1.0470912148758,0.00796249567173371,1.00308535029042,1214.62906658959,1603.54113233354,0,0,FALSE,FALSE,FALSE,FALSE,TRUE,"passes screening"
"log_selcoffs_fsh[2][296]",TRUE,0.485043602797717,0.495309181473027,0.306269861129287,-0.133385728916646,0.281484883220575,0.697152097716597,1.05506278995052,0.00709613195550043,1.00210521683534,1869.7548648497,2400.76640126,0,0,FALSE,FALSE,FALSE,FALSE,TRUE,"passes screening"
"log_selcoffs_fsh[2][297]",TRUE,0.318022759138598,0.332276579587611,0.330579559250155,-0.340264692200944,0.0892517271350181,0.549295731278449,0.937407520870586,0.0069333971056399,0.999713571205547,2290.19122796904,2150.05727628756,0,0,FALSE,FALSE,FALSE,FALSE,TRUE,"passes screening"
"log_selcoffs_fsh[2][298]",TRUE,0.175781701470317,0.184703765805556,0.339916071610112,-0.502409500869646,-0.0430572765038521,0.409081969754997,0.832598713012584,0.0069601110192647,1.0006620650749,2401.24317018019,2120.09996785435,0,0,FALSE,FALSE,FALSE,FALSE,TRUE,"passes screening"
"log_selcoffs_fsh[2][299]",TRUE,0.242475255485122,0.254314119166911,0.328778177264558,-0.410935696449399,0.0258340757802519,0.472338052433831,0.847851055763464,0.00995911594521397,1.0027949762194,1111.5393991295,2181.49460379313,0,0,FALSE,FALSE,FALSE,FALSE,TRUE,"passes screening"
"log_selcoffs_fsh[2][300]",TRUE,0.325422923658892,0.340133236557845,0.343919679157013,-0.395849845090949,0.0978105662313377,0.571392044550624,0.9516937478187,0.0126642885814327,1.00519740470508,738.591597469,1541.78605685406,0,0,FALSE,FALSE,FALSE,FALSE,TRUE,"passes screening"
"log_selcoffs_fsh[2][301]",TRUE,-4.01824262661288,-4.01174802729307,0.437109644262514,-4.9240852186552,-4.30121106342626,-3.72829315259972,-3.18277996301042,0.0104197359631558,1.00123676146388,1755.95804514261,1761.20607833148,0,0,FALSE,FALSE,FALSE,FALSE,TRUE,"passes screening"
"log_selcoffs_fsh[2][302]",TRUE,-1.95222223198116,-1.95151604360711,0.31956137995857,-2.57915979021154,-2.17377258650488,-1.72724689653054,-1.32435178834325,0.00976952872487507,1.00151636830742,1079.15829680556,1955.11232565154,0,0,FALSE,FALSE,FALSE,FALSE,TRUE,"passes screening"
"log_selcoffs_fsh[2][303]",TRUE,-0.69110023443888,-0.689303840336986,0.287547079756523,-1.2718463683191,-0.885303539214367,-0.500052809760458,-0.122923320533582,0.0092408554242869,1.00240810121421,973.276069619066,1802.31975754482,0,0,FALSE,FALSE,FALSE,FALSE,TRUE,"passes screening"
"log_selcoffs_fsh[2][304]",TRUE,-0.136025675415855,-0.142371691783032,0.268396111295445,-0.654339945207884,-0.32275205104649,0.0453551702071111,0.399564288605825,0.008548959661492,1.00343158727805,989.74800675113,1831.57065385652,0,0,FALSE,FALSE,FALSE,FALSE,TRUE,"passes screening"
"log_selcoffs_fsh[2][305]",TRUE,-0.0953089039982092,-0.0932675002716315,0.27301659323868,-0.627984901192846,-0.280017241259544,0.0834239580701962,0.45389275921004,0.00874874678522604,1.00375386589538,974.258782432356,1827.07014564535,0,0,FALSE,FALSE,FALSE,FALSE,TRUE,"passes screening"
"log_selcoffs_fsh[2][306]",TRUE,-0.00458632890954483,-0.00619287850880013,0.331719978042595,-0.649261995265392,-0.224731244032832,0.224415218517416,0.661144370026065,0.00805764565782898,1.00164168775587,1718.52995480227,2021.68579548727,0,0,FALSE,FALSE,FALSE,FALSE,TRUE,"passes screening"
"log_selcoffs_fsh[2][307]",TRUE,0.152001131573384,0.161705154298014,0.364423448662907,-0.582117092982057,-0.0980364418462052,0.408609446161277,0.832773708106485,0.00837675070845553,1.00113605047743,1896.96222399245,2393.65661626129,0,0,FALSE,FALSE,FALSE,FALSE,TRUE,"passes screening"
"log_selcoffs_fsh[2][308]",TRUE,0.279837990317479,0.281697098413754,0.348877714616522,-0.417104067419453,0.0448911800237022,0.522735370326824,0.932914623936707,0.00737083409538306,1.00023167702527,2235.19040755875,1812.56104878763,0,0,FALSE,FALSE,FALSE,FALSE,TRUE,"passes screening"
"log_selcoffs_fsh[2][309]",TRUE,0.498007603661665,0.506139584426232,0.312167915190779,-0.123063116788532,0.292439129057659,0.717870166207769,1.10271235893557,0.00828022978300716,1.00186943442936,1438.96337072175,1866.64818571292,0,0,FALSE,FALSE,FALSE,FALSE,TRUE,"passes screening"
"log_selcoffs_fsh[2][310]",TRUE,0.709108632739522,0.72134409212392,0.327124715146864,0.0210268349082376,0.497533243877964,0.930510504084684,1.30324459445414,0.0105140427530479,1.00392325966788,955.378259974146,1478.0159948192,0,0,FALSE,FALSE,FALSE,FALSE,TRUE,"passes screening"
"log_selcoffs_fsh[2][311]",TRUE,-3.88657123142837,-3.86723002718653,0.414329681155251,-4.73080718778104,-4.17022700328243,-3.61259333657374,-3.09963514750243,0.0106891899423696,1.00372392691198,1512.65288702358,1999.00250567458,0,0,FALSE,FALSE,FALSE,FALSE,TRUE,"passes screening"
"log_selcoffs_fsh[2][312]",TRUE,-2.01343907884166,-2.00930750507106,0.315157798751087,-2.6250906803864,-2.22593933660188,-1.80477865317185,-1.39813648697315,0.011170174498061,1.00505181369669,795.878709647148,1814.70021011196,0,0,FALSE,FALSE,FALSE,FALSE,TRUE,"passes screening"
"log_selcoffs_fsh[2][313]",TRUE,-1.04451465864677,-1.03880747388244,0.290657639561603,-1.62736581783937,-1.23740594838736,-0.839174397255095,-0.510559884782545,0.0101348917549379,1.00342305577066,814.335706401739,1594.06626168522,0,0,FALSE,FALSE,FALSE,FALSE,TRUE,"passes screening"
"log_selcoffs_fsh[2][314]",TRUE,-0.456506257892633,-0.449987465950465,0.290439870020543,-1.04197428687309,-0.64875273824655,-0.256839123129528,0.114807726901968,0.0101807878837341,1.00342613592417,812.239477493238,1934.5076274741,0,0,FALSE,FALSE,FALSE,FALSE,TRUE,"passes screening"
"log_selcoffs_fsh[2][315]",TRUE,-0.205827207100862,-0.2003794656882,0.284598588340341,-0.783134181033915,-0.391067160634867,-0.0112845980921307,0.335655493712722,0.00974732809135396,1.00537786236468,852.95798131186,1682.1092569082,0,0,FALSE,FALSE,FALSE,FALSE,TRUE,"passes screening"
"log_selcoffs_fsh[2][316]",TRUE,-0.191567037520574,-0.182976808443937,0.297874789227827,-0.782019542782661,-0.389519162686355,0.009094364682215,0.37749026194833,0.00925915349302298,1.00495599914332,1033.76238950487,1864.34584677453,0,0,FALSE,FALSE,FALSE,FALSE,TRUE,"passes screening"
"log_selcoffs_fsh[2][317]",TRUE,0.00294281408937965,0.00558666203465319,0.346707370072607,-0.689386795419992,-0.230509303379057,0.233200214440093,0.668107729444528,0.00957901763975964,1.00248565850148,1318.10952464026,2153.13764154746,0,0,FALSE,FALSE,FALSE,FALSE,TRUE,"passes screening"
"log_selcoffs_fsh[2][318]",TRUE,0.344311928113848,0.34166714675175,0.352992110615367,-0.335206665315423,0.101657081287534,0.587932349225839,1.02388187384201,0.00777958713519343,1.00156725063327,2070.04602899275,2540.81727775725,0,0,FALSE,FALSE,FALSE,FALSE,TRUE,"passes screening"
"log_selcoffs_fsh[2][319]",TRUE,0.66469218193752,0.669730129627697,0.292547986423849,0.0738163790216613,0.471378531686635,0.863859351130668,1.22931936480531,0.00566242080730221,1.0010939612076,2680.02806554697,2450.91146897293,0,0,FALSE,FALSE,FALSE,FALSE,TRUE,"passes screening"
"log_selcoffs_fsh[2][320]",TRUE,0.943410567734382,0.965495611201204,0.308809608524569,0.289223215942587,0.744921526380721,1.15897138199586,1.4991862395612,0.0112611122288608,1.00453568965482,769.536417365323,1208.75577534261,0,0,FALSE,FALSE,FALSE,FALSE,TRUE,"passes screening"
"log_selcoffs_fsh[2][321]",TRUE,-3.37614965630055,-3.37427400394678,0.385368046821677,-4.13302625775118,-3.63807446990972,-3.1137443217834,-2.6313260583207,0.010211536755305,1.0082895635648,1397.83299867789,1817.76053708928,0,0,FALSE,FALSE,FALSE,FALSE,TRUE,"passes screening"
"log_selcoffs_fsh[2][322]",TRUE,-1.33959157856269,-1.34052729723878,0.278161211429546,-1.89034247032108,-1.52350229729295,-1.15300530174732,-0.793884910513327,0.00880408918453432,1.00778793074724,993.853861313143,1836.64851458826,0,0,FALSE,FALSE,FALSE,FALSE,TRUE,"passes screening"
"log_selcoffs_fsh[2][323]",TRUE,-1.1745229166472,-1.17972510914928,0.29197692735746,-1.74605485316478,-1.37358639032798,-0.983408189722255,-0.604347506236176,0.00828162357417154,1.00502876720799,1253.50422047771,2169.40763342381,0,0,FALSE,FALSE,FALSE,FALSE,TRUE,"passes screening"
"log_selcoffs_fsh[2][324]",TRUE,-0.875525179245014,-0.863243526629963,0.296364496580008,-1.47344510313628,-1.07546696496823,-0.677646699790358,-0.315473608969469,0.00932460499651288,1.00595430793901,1011.87804789636,1592.73060733193,0,0,FALSE,FALSE,FALSE,FALSE,TRUE,"passes screening"
"log_selcoffs_fsh[2][325]",TRUE,-0.445047672500893,-0.442948285851209,0.290425485465035,-1.02544032102847,-0.639370856381763,-0.246673713775383,0.126072454985782,0.0083044484479906,1.00646828611553,1220.82744715879,2006.44137691113,0,0,FALSE,FALSE,FALSE,FALSE,TRUE,"passes screening"
"log_selcoffs_fsh[2][326]",TRUE,-0.269852464615776,-0.263468904611073,0.305443170451492,-0.88518538911579,-0.467256187502137,-0.061946284653872,0.305757503223223,0.0084223783239937,1.00851288319672,1302.60036033204,1964.43836566083,0,0,FALSE,FALSE,FALSE,FALSE,TRUE,"passes screening"
"log_selcoffs_fsh[2][327]",TRUE,-0.120104668012212,-0.123322470219682,0.323101989013707,-0.763763043577924,-0.337896098477116,0.101262619145525,0.513986791327199,0.00815722784416512,1.00462897568622,1567.76822998395,2120.02897258515,0,0,FALSE,FALSE,FALSE,FALSE,TRUE,"passes screening"
"log_selcoffs_fsh[2][328]",TRUE,0.306886954367597,0.317932950230969,0.343492597134967,-0.36404501380163,0.0803183139185471,0.541965234642322,0.981210652750315,0.00801436253469646,1.0023312689276,1844.07897952356,2041.47968489124,0,0,FALSE,FALSE,FALSE,FALSE,TRUE,"passes screening"
"log_selcoffs_fsh[2][329]",TRUE,0.76140017024726,0.772724649004518,0.289606807407286,0.176812831168707,0.560493353977993,0.96637383996372,1.30250440182837,0.00587482415832443,1.00125988908489,2429.17437574127,2546.46955671444,0,0,FALSE,FALSE,FALSE,FALSE,TRUE,"passes screening"
"log_selcoffs_fsh[2][330]",TRUE,1.06370606073127,1.07862638044904,0.268407109283928,0.484081616580221,0.893359842015268,1.25224157335677,1.53808419559003,0.0100653791306501,1.00337964595351,738.009805098917,1262.58791663052,0,0,FALSE,FALSE,FALSE,FALSE,TRUE,"passes screening"
"log_selcoffs_fsh[2][331]",TRUE,-3.94759859613467,-3.93971626537007,0.40676581120957,-4.78519351107431,-4.21650000025865,-3.67769116834894,-3.15578153727626,0.0106880343632702,1.00205827863023,1457.33141020403,2141.98920774519,0,0,FALSE,FALSE,FALSE,FALSE,TRUE,"passes screening"
"log_selcoffs_fsh[2][332]",TRUE,-1.76825135544585,-1.76586330136942,0.298031968955726,-2.37067341123416,-1.96285592937368,-1.56946781789502,-1.17817881615564,0.00777642897887609,1.00252882453485,1473.15147556339,1537.22074504755,0,0,FALSE,FALSE,FALSE,FALSE,TRUE,"passes screening"
"log_selcoffs_fsh[2][333]",TRUE,-1.06049974090621,-1.06097703404497,0.284794047147779,-1.61574257710504,-1.25430059187811,-0.859972888422306,-0.508129266027529,0.00922903768681119,1.00251369268286,958.464871892594,2175.53378290061,0,0,FALSE,FALSE,FALSE,FALSE,TRUE,"passes screening"
"log_selcoffs_fsh[2][334]",TRUE,-0.640915038983185,-0.64336478290456,0.283113559609425,-1.18236655575138,-0.828619432295488,-0.453057183404481,-0.0875688115813816,0.00924215360096535,1.0026618149373,946.935756165353,1663.74241201961,0,0,FALSE,FALSE,FALSE,FALSE,TRUE,"passes screening"
"log_selcoffs_fsh[2][335]",TRUE,-0.363188810659017,-0.364501977115077,0.292326697912208,-0.923000644948337,-0.55980976520269,-0.160918141016269,0.2168799270202,0.00800843824248081,1.00202754868704,1336.87510934446,2080.37905531985,0,0,FALSE,FALSE,FALSE,FALSE,TRUE,"passes screening"
"log_selcoffs_fsh[2][336]",TRUE,-0.168087559323675,-0.162775794445475,0.306231174246272,-0.779861687751651,-0.380774703228122,0.0456249632504963,0.427540868869005,0.00873931813657354,1.00163818705141,1234.66734074146,2072.80060352594,0,0,FALSE,FALSE,FALSE,FALSE,TRUE,"passes screening"
"log_selcoffs_fsh[2][337]",TRUE,-0.0177051977753026,-0.0119790738613751,0.320850139802445,-0.657075173147235,-0.228524288799016,0.198650421003458,0.599987926914505,0.00724191891236213,1.00241012752637,1951.21792925164,2004.60265529345,0,0,FALSE,FALSE,FALSE,FALSE,TRUE,"passes screening"
"log_selcoffs_fsh[2][338]",TRUE,0.307152561267812,0.31287516070593,0.316189805075157,-0.315833366893349,0.0980076855007483,0.523622615992275,0.905080961771818,0.00657677057966595,1.001875979227,2298.61041893311,2240.11822799144,0,0,FALSE,FALSE,FALSE,FALSE,TRUE,"passes screening"
"log_selcoffs_fsh[2][339]",TRUE,0.711795480598726,0.722225009599924,0.28126924904389,0.149142274490673,0.521712551585134,0.903238881786747,1.24771205358856,0.00552297701189365,1.00053256516955,2603.15404383056,1897.22921453354,0,0,FALSE,FALSE,FALSE,FALSE,TRUE,"passes screening"
"log_selcoffs_fsh[2][340]",TRUE,1.01828684815874,1.02558902038104,0.269182911344111,0.445938516202398,0.849217842594882,1.2033748318059,1.51810271515434,0.0103621894265926,1.00542197333792,660.314610938148,1614.35029570703,0,0,FALSE,FALSE,FALSE,FALSE,TRUE,"passes screening"
"log_selcoffs_fsh[2][341]",TRUE,-4.28753150695202,-4.27491560497951,0.421390146853605,-5.14547086451028,-4.55768577997777,-4.00137866063312,-3.48271466000491,0.0111701392171554,1.00239158731551,1435.90557750863,2084.37097026605,0,0,FALSE,FALSE,FALSE,FALSE,TRUE,"passes screening"
"log_selcoffs_fsh[2][342]",TRUE,-2.21131742959585,-2.21112695697589,0.310687164803782,-2.83062198008892,-2.42535307194558,-2.00199325692396,-1.58688275199243,0.00965426411277377,1.00153312591241,1036.87982925735,1799.04227313274,0,0,FALSE,FALSE,FALSE,FALSE,TRUE,"passes screening"
"log_selcoffs_fsh[2][343]",TRUE,-1.43085302271199,-1.42377386363089,0.296033359867855,-2.01913054465629,-1.63287431174652,-1.22875046814441,-0.86157892132259,0.00908051081869705,1.00118429699984,1061.97947403797,1687.91190022432,0,0,FALSE,FALSE,FALSE,FALSE,TRUE,"passes screening"
"log_selcoffs_fsh[2][344]",TRUE,-0.925947358742918,-0.928942016386286,0.298018400668992,-1.51167289967075,-1.12870202960602,-0.724704015809871,-0.336531345477118,0.00923971355185706,1.00192577659891,1042.90560167086,1937.18176887433,0,0,FALSE,FALSE,FALSE,FALSE,TRUE,"passes screening"
"log_selcoffs_fsh[2][345]",TRUE,-0.398058905339594,-0.394025872156769,0.296863418311226,-0.992865204612117,-0.601433419206743,-0.185229314954264,0.15276683675258,0.0110331536448545,1.00131614341367,722.021449660021,2138.72582261823,0,0,FALSE,FALSE,FALSE,FALSE,TRUE,"passes screening"
"log_selcoffs_fsh[2][346]",TRUE,-0.100835522901999,-0.0938213569086471,0.301302464013931,-0.700354788422156,-0.307657545178117,0.109154260391025,0.476009204812429,0.00803479991504017,1.00163254562371,1414.90860566371,2140.08026022788,0,0,FALSE,FALSE,FALSE,FALSE,TRUE,"passes screening"
"log_selcoffs_fsh[2][347]",TRUE,0.147183746176202,0.150064274395343,0.322177665350674,-0.509526658824437,-0.0674437505200168,0.370526925772632,0.748167521882377,0.0068727512234971,1.00274159393824,2210.30995235024,2093.12370590097,0,0,FALSE,FALSE,FALSE,FALSE,TRUE,"passes screening"
"log_selcoffs_fsh[2][348]",TRUE,0.429507669841419,0.439889538345311,0.296586770210595,-0.165159245178065,0.232720854599431,0.637948039308099,0.982006075102631,0.00590088428336554,1.00151121155639,2501.01851344164,2171.15134148987,0,0,FALSE,FALSE,FALSE,FALSE,TRUE,"passes screening"
"log_selcoffs_fsh[2][349]",TRUE,0.73896948132183,0.739450722212105,0.283497525923826,0.169504719892284,0.549664835203899,0.940353384640392,1.27170560881175,0.00512668303156291,1.00063842997667,3080.7925762588,2185.47458612755,0,0,FALSE,FALSE,FALSE,FALSE,TRUE,"passes screening"
"log_selcoffs_fsh[2][350]",TRUE,0.947503006526788,0.961571530605571,0.275829969892401,0.388516234021728,0.767455768875373,1.14039228747477,1.43829515932193,0.0105887895266823,1.01077227750241,688.447604184194,1564.21406239868,0,0,TRUE,FALSE,FALSE,FALSE,FALSE,"Rhat > 1.01"
"log_selcoffs_fsh[2][351]",TRUE,-4.69780700817758,-4.70091958438378,0.423648767048356,-5.56579287654826,-4.97461735387073,-4.40962312674646,-3.88072828614286,0.0115216215826146,1.00303937875848,1358.72460491519,2181.78087730709,0,0,FALSE,FALSE,FALSE,FALSE,TRUE,"passes screening"
"log_selcoffs_fsh[2][352]",TRUE,-2.66052586379559,-2.65884050479166,0.304126927342255,-3.26892346437351,-2.86671583580624,-2.45073168004028,-2.0766188132018,0.00978411096662054,1.00348063012392,965.913690012266,2037.65211514322,0,0,FALSE,FALSE,FALSE,FALSE,TRUE,"passes screening"
"log_selcoffs_fsh[2][353]",TRUE,-1.55176585330003,-1.55704593249054,0.284740378847648,-2.11225713945191,-1.7411042987884,-1.35401354406374,-0.991858587710369,0.0107439948224847,1.00545592667184,700.834396606264,1817.9282582199,0,0,FALSE,FALSE,FALSE,FALSE,TRUE,"passes screening"
"log_selcoffs_fsh[2][354]",TRUE,-0.959892553794222,-0.956301187060703,0.287421843497333,-1.50867834569189,-1.15797963347441,-0.765221885688989,-0.391960750472407,0.0109131388162139,1.00460103515878,697.481091563056,1874.70871982034,0,0,FALSE,FALSE,FALSE,FALSE,TRUE,"passes screening"
"log_selcoffs_fsh[2][355]",TRUE,-0.475949963910363,-0.479756726842472,0.280696364713093,-1.0305332050407,-0.661210162328512,-0.286030843786714,0.0852592731321371,0.0102821234493798,1.00624913730798,750.891601547996,1719.98818278766,0,0,FALSE,FALSE,FALSE,FALSE,TRUE,"passes screening"
"log_selcoffs_fsh[2][356]",TRUE,-0.193142205507979,-0.193753996314331,0.296785049884427,-0.788539230111455,-0.390419816043147,0.0056705001592535,0.385381064243428,0.0100078025324206,1.00372969188578,888.333982955654,1704.45571403964,0,0,FALSE,FALSE,FALSE,FALSE,TRUE,"passes screening"
"log_selcoffs_fsh[2][357]",TRUE,0.120722372898043,0.119324011997015,0.310121059478203,-0.488268585568443,-0.0918975988812403,0.327916303094487,0.735888243288694,0.00919299409350908,1.00155687676607,1144.11540851232,2573.1979230029,0,0,FALSE,FALSE,FALSE,FALSE,TRUE,"passes screening"
"log_selcoffs_fsh[2][358]",TRUE,0.469970018607553,0.47473071383236,0.303790790272176,-0.1485754701108,0.265326036658797,0.67627224474257,1.05831036368647,0.0061533103293945,1.00292059593186,2423.35867369184,2475.11593925883,0,0,FALSE,FALSE,FALSE,FALSE,TRUE,"passes screening"
"log_selcoffs_fsh[2][359]",TRUE,0.756609258816191,0.760128001859655,0.291654248881534,0.163187631482504,0.5649760685693,0.957031079256693,1.2967239831544,0.00518619190920101,0.999942137877196,3267.83400462158,2134.21706871821,0,0,FALSE,FALSE,FALSE,FALSE,TRUE,"passes screening"
"log_selcoffs_fsh[2][360]",TRUE,1.00898219869582,1.01742842986281,0.262600494789755,0.463135653858197,0.838677596606159,1.19149774216277,1.49816559882083,0.00954976025239647,1.00600933658766,747.577987474428,1524.06142693605,0,0,FALSE,FALSE,FALSE,FALSE,TRUE,"passes screening"
"log_selcoffs_fsh[2][361]",TRUE,-5.11738656724887,-5.10577320644646,0.477881121780524,-6.04254139554141,-5.43001631826042,-4.79372588420429,-4.2002331226297,0.0127628960184182,1.00169931812826,1392.67462811822,2315.41682627016,0,0,FALSE,FALSE,FALSE,FALSE,TRUE,"passes screening"
"log_selcoffs_fsh[2][362]",TRUE,-3.23654882171023,-3.23736876747207,0.330659265592507,-3.89117922811204,-3.46466114892008,-3.01768601175127,-2.58043897455792,0.0114283729546751,1.00149362620114,843.750890806126,1732.10885347628,0,0,FALSE,FALSE,FALSE,FALSE,TRUE,"passes screening"
"log_selcoffs_fsh[2][363]",TRUE,-2.01105324995461,-2.01345612090374,0.303730840871711,-2.61800327446426,-2.20819048071581,-1.80130560423932,-1.42960568116648,0.0112739227130807,1.00318665154538,718.72990127391,1526.79215821128,0,0,FALSE,FALSE,FALSE,FALSE,TRUE,"passes screening"
"log_selcoffs_fsh[2][364]",TRUE,-1.06532100584274,-1.06583751685113,0.293456059652741,-1.64391508390714,-1.25939569373381,-0.868117996056485,-0.500609854313336,0.0110836397045001,1.00438432311494,701.118250537485,1695.50558823058,0,0,FALSE,FALSE,FALSE,FALSE,TRUE,"passes screening"
"log_selcoffs_fsh[2][365]",TRUE,-0.312170596465087,-0.30821128706205,0.287492061766597,-0.882230098864547,-0.498811925070413,-0.119260527947244,0.250505975666347,0.011779343211483,1.00550671413644,589.96054352127,1485.84968223421,0,0,FALSE,FALSE,FALSE,FALSE,TRUE,"passes screening"
"log_selcoffs_fsh[2][366]",TRUE,0.00420987014936149,0.00737325866098644,0.283877037829094,-0.569280706401343,-0.177234704567352,0.192374181667317,0.535092759723407,0.0083126324925487,1.00298023965225,1194.345059555,2025.64714837745,0,0,FALSE,FALSE,FALSE,FALSE,TRUE,"passes screening"
"log_selcoffs_fsh[2][367]",TRUE,0.263853085225331,0.261670786931345,0.299434789374587,-0.340507535457803,0.0592916813981831,0.463662734724197,0.843258367977148,0.00795745325497014,1.00206145879796,1418.56150362452,2300.48556239813,0,0,FALSE,FALSE,FALSE,FALSE,TRUE,"passes screening"
"log_selcoffs_fsh[2][368]",TRUE,0.527239502301668,0.534682754512219,0.292960217198123,-0.0491930786449846,0.323831632011885,0.725866786131461,1.08588243750592,0.00640199197179961,1.00081580197707,2091.84293400719,2248.23268297566,0,0,FALSE,FALSE,FALSE,FALSE,TRUE,"passes screening"
"log_selcoffs_fsh[2][369]",TRUE,0.719489024811839,0.726941537345528,0.282897445557096,0.137563617592781,0.53276300061146,0.914279441320032,1.26240881032273,0.00566213649605406,1.00061870625555,2520.63104673549,2112.20548725288,0,0,FALSE,FALSE,FALSE,FALSE,TRUE,"passes screening"
"log_selcoffs_fsh[2][370]",TRUE,0.882697297260481,0.895767602413746,0.273653664643321,0.32347968987834,0.699200311789333,1.07316273997337,1.39356365888851,0.00992176467282431,1.00467185188787,772.774165995998,1686.78216745036,0,0,FALSE,FALSE,FALSE,FALSE,TRUE,"passes screening"
"log_selcoffs_fsh[2][371]",TRUE,-5.35912440314706,-5.35264361824151,0.501003181353629,-6.34652121477632,-5.69269434331422,-5.0182827258009,-4.3808341698369,0.0119609167708579,1.001985302126,1754.71307587106,2131.1860204464,0,0,FALSE,FALSE,FALSE,FALSE,TRUE,"passes screening"
"log_selcoffs_fsh[2][372]",TRUE,-3.59430393212691,-3.58531250050022,0.352774078899417,-4.30479981491487,-3.8316019241407,-3.35572798973331,-2.90740408048175,0.0105292126996363,1.00229885228564,1124.17272982973,1933.58858565507,0,0,FALSE,FALSE,FALSE,FALSE,TRUE,"passes screening"
"log_selcoffs_fsh[2][373]",TRUE,-2.62653650396184,-2.62520009307077,0.306488364990351,-3.2432706493245,-2.8286908502852,-2.41707439980363,-2.03651556095919,0.00908724261703689,1.00151562439978,1139.48139524581,1987.71768081769,0,0,FALSE,FALSE,FALSE,FALSE,TRUE,"passes screening"
"log_selcoffs_fsh[2][374]",TRUE,-1.72698554506184,-1.73042930244408,0.280781739240965,-2.29861154676694,-1.90629679786945,-1.54321661595711,-1.16981498443185,0.00840952011817907,1.0024944519831,1131.35667753501,2129.12506081709,0,0,FALSE,FALSE,FALSE,FALSE,TRUE,"passes screening"
"log_selcoffs_fsh[2][375]",TRUE,-0.757276583172623,-0.750629234516564,0.273603825739201,-1.30508032137436,-0.945332921494454,-0.566031163701073,-0.244294261770813,0.0084923141496834,1.00444647723982,1039.59672076128,1985.55268717698,0,0,FALSE,FALSE,FALSE,FALSE,TRUE,"passes screening"
"log_selcoffs_fsh[2][376]",TRUE,-0.0928461538676254,-0.0888398104359265,0.27220509249166,-0.629839007759244,-0.276012386390455,0.0915284466466318,0.419789094263549,0.00773168181667802,1.00225171067404,1248.35341207381,2136.86085585951,0,0,FALSE,FALSE,FALSE,FALSE,TRUE,"passes screening"
"log_selcoffs_fsh[2][377]",TRUE,0.29185416912102,0.290342622108439,0.27421041530238,-0.243423358741686,0.104973842206657,0.491967017131554,0.810814844586109,0.00811650751203881,1.00215345586582,1159.49297362541,2344.6550685021,0,0,FALSE,FALSE,FALSE,FALSE,TRUE,"passes screening"
"log_selcoffs_fsh[2][378]",TRUE,0.599343858179457,0.603434934574898,0.28798375002089,0.0192355896012282,0.405959892472212,0.799137334712644,1.1427098692446,0.00588778013708645,0.999659137871271,2380.38271052473,2423.16332396551,0,0,FALSE,FALSE,FALSE,FALSE,TRUE,"passes screening"
"log_selcoffs_fsh[2][379]",TRUE,0.81184584664293,0.822159841798667,0.270062096651889,0.248960446986291,0.632006356118152,1.00638256837081,1.3100785730529,0.00472332771893925,1.00075051980901,3287.11609040419,2245.32081449505,0,0,FALSE,FALSE,FALSE,FALSE,TRUE,"passes screening"
"log_selcoffs_fsh[2][380]",TRUE,1.00828431890862,1.0133481182972,0.256240921519287,0.515604262865053,0.834613552997042,1.19044482756202,1.48450447113984,0.00925649319196589,1.00439633419464,772.788231203242,1702.32006314358,0,0,FALSE,FALSE,FALSE,FALSE,TRUE,"passes screening"
"log_selcoffs_fsh[2][381]",TRUE,-5.62593004344888,-5.62110524366,0.519115462113115,-6.63904002407231,-5.96620603096746,-5.28447088953705,-4.61026486863871,0.0132956923427664,1.00155015052636,1521.88178943168,2114.3156977903,0,0,FALSE,FALSE,FALSE,FALSE,TRUE,"passes screening"
"log_selcoffs_fsh[2][382]",TRUE,-3.97373958958376,-3.9711816666126,0.378951439406468,-4.71031473306217,-4.236761326172,-3.72217733042678,-3.21259141349378,0.0115662508330873,1.00389006998491,1070.98045421961,1855.12539145492,0,0,FALSE,FALSE,FALSE,FALSE,TRUE,"passes screening"
"log_selcoffs_fsh[2][383]",TRUE,-2.65795361621422,-2.65690374447556,0.326527440957539,-3.2916609009268,-2.87970100230056,-2.44513562297154,-2.00422727814201,0.0108068111093424,1.00015299831084,917.224519647058,1806.22180771696,0,0,FALSE,FALSE,FALSE,FALSE,TRUE,"passes screening"
"log_selcoffs_fsh[2][384]",TRUE,-1.91353291390176,-1.91237058441969,0.29358454849034,-2.49899372897824,-2.11090144619863,-1.71957472735015,-1.32830520028907,0.00959335416426032,1.00182860534974,940.70293120707,1608.8552343123,0,0,FALSE,FALSE,FALSE,FALSE,TRUE,"passes screening"
"log_selcoffs_fsh[2][385]",TRUE,-1.04758857820908,-1.04573954268566,0.278524324618919,-1.59565630765907,-1.23233589475448,-0.857532097977237,-0.514217731387347,0.00946444051101311,1.00284657527399,862.079006708211,2098.3267930184,0,0,FALSE,FALSE,FALSE,FALSE,TRUE,"passes screening"
"log_selcoffs_fsh[2][386]",TRUE,-0.40862748888085,-0.41050271860808,0.280413330536896,-0.971387473704935,-0.593631812726797,-0.212338579320735,0.120733961447714,0.0103442555249593,1.00080048696216,742.900415638717,1949.25934396296,0,0,FALSE,FALSE,FALSE,FALSE,TRUE,"passes screening"
"log_selcoffs_fsh[2][387]",TRUE,0.0908832619108611,0.091172075049573,0.292734984208372,-0.488032067996065,-0.10607763683621,0.297714721872145,0.652330693120667,0.00911243631808053,1.00265168065766,1028.79341105522,1865.97332011545,0,0,FALSE,FALSE,FALSE,FALSE,TRUE,"passes screening"
"log_selcoffs_fsh[2][388]",TRUE,0.509562218352708,0.515446781529833,0.292705623601582,-0.0898953741041728,0.319213054619219,0.710186833474912,1.07165383533602,0.00627362081843649,0.999973726967947,2197.0210728447,1841.33643348668,0,0,FALSE,FALSE,FALSE,FALSE,TRUE,"passes screening"
"log_selcoffs_fsh[2][389]",TRUE,0.864234353324007,0.871136268378682,0.273149338489479,0.324928100918595,0.684625748117146,1.04447409721239,1.39585842599959,0.00463692335548518,1.0009419570788,3468.38683442367,2519.48116011906,0,0,FALSE,FALSE,FALSE,FALSE,TRUE,"passes screening"
"log_selcoffs_fsh[2][390]",TRUE,1.21201785652538,1.21661859411988,0.245608655896792,0.721967499797632,1.04820664474731,1.38281790202164,1.67321504552685,0.00815436100283981,1.00396264554176,917.188629452802,1278.60610717839,0,0,FALSE,FALSE,FALSE,FALSE,TRUE,"passes screening"
"log_selcoffs_fsh[2][391]",TRUE,-5.77805532129724,-5.77809601074502,0.554108863262417,-6.86410551063835,-6.16433091831232,-5.38493818740849,-4.71279559086244,0.0156229090684714,1.00390162004512,1250.02500130619,1907.89581980413,0,0,FALSE,FALSE,FALSE,FALSE,TRUE,"passes screening"
"log_selcoffs_fsh[2][392]",TRUE,-4.34510694451695,-4.34160627063076,0.387214347912725,-5.09694525286181,-4.59871783957635,-4.09536633679798,-3.57125064999912,0.0114451049585431,1.00377473850789,1149.43728300813,1894.9300425362,0,0,FALSE,FALSE,FALSE,FALSE,TRUE,"passes screening"
"log_selcoffs_fsh[2][393]",TRUE,-3.01379597389779,-3.01046735186686,0.338909837961833,-3.6892324262921,-3.23728010512462,-2.79396892790851,-2.35257823196369,0.0107869060626721,1.00228253947708,997.086855588158,1407.19339577773,0,0,FALSE,FALSE,FALSE,FALSE,TRUE,"passes screening"
"log_selcoffs_fsh[2][394]",TRUE,-2.01460357376488,-2.01624111465711,0.295720298923875,-2.60586867819345,-2.21131432015767,-1.81913193421858,-1.43169243069664,0.0116781256423062,1.00211822210039,641.70154585814,1616.82690157735,0,0,FALSE,FALSE,FALSE,FALSE,TRUE,"passes screening"
"log_selcoffs_fsh[2][395]",TRUE,-1.37176736002423,-1.36929728378824,0.274580582874068,-1.90732219751559,-1.5571325159955,-1.18251284664329,-0.852229268642155,0.0110549134018516,1.00389876962092,616.802380750197,1507.29181569809,0,0,FALSE,FALSE,FALSE,FALSE,TRUE,"passes screening"
"log_selcoffs_fsh[2][396]",TRUE,-0.754090296398496,-0.750756162359111,0.279096159432087,-1.29444852801989,-0.949274807626745,-0.553271068715927,-0.235197168678649,0.0103154072047825,1.0031797107783,727.06475587951,1146.67131202188,0,0,FALSE,FALSE,FALSE,FALSE,TRUE,"passes screening"
"log_selcoffs_fsh[2][397]",TRUE,-0.205540143251777,-0.20074452044491,0.291119843241088,-0.791378750101618,-0.40117267502189,-0.0105144029725606,0.373262614660271,0.00968792554469912,1.00415624012945,903.78235751285,1937.60403947155,0,0,FALSE,FALSE,FALSE,FALSE,TRUE,"passes screening"
"log_selcoffs_fsh[2][398]",TRUE,0.331972198315789,0.33572114157613,0.292156015221199,-0.269454318902914,0.136844896659686,0.528520849333646,0.892431943650856,0.00822628430247264,1.00295159575331,1249.35427671493,2138.412957197,0,0,FALSE,FALSE,FALSE,FALSE,TRUE,"passes screening"
"log_selcoffs_fsh[2][399]",TRUE,0.877198152372757,0.889653945476692,0.269990360849973,0.334850881688783,0.696700530919897,1.06055107332107,1.39269917913434,0.00502945184427367,1.00106986078069,2896.88433485415,1973.35660720425,0,0,FALSE,FALSE,FALSE,FALSE,TRUE,"passes screening"
"log_selcoffs_fsh[2][400]",TRUE,1.42935276741551,1.43904364037598,0.222397103869543,0.96853166965679,1.28779097656995,1.58066983482416,1.8410768928582,0.00618157769133867,1.00231353943331,1304.68567132473,1740.67299113476,0,0,FALSE,FALSE,FALSE,FALSE,TRUE,"passes screening"
"log_selcoffs_fsh[2][401]",TRUE,-5.86126554449368,-5.87038840430929,0.598211647233143,-7.07338717653039,-6.25293232883625,-5.44878722021603,-4.72786121046611,0.0152007165575302,1.0025603328977,1547.09522455264,1983.51141908367,0,0,FALSE,FALSE,FALSE,FALSE,TRUE,"passes screening"
"log_selcoffs_fsh[2][402]",TRUE,-4.25341689201537,-4.24879191137667,0.411055773887115,-5.05088921705727,-4.53211198876873,-3.96139050637004,-3.488860993836,0.0113330408556385,1.00359078034258,1310.76235384887,2176.23512564936,0,0,FALSE,FALSE,FALSE,FALSE,TRUE,"passes screening"
"log_selcoffs_fsh[2][403]",TRUE,-2.84410526766096,-2.83577645710396,0.330653296872109,-3.46729815259763,-3.07817425477974,-2.61531764510181,-2.20685806690539,0.0107118513322283,1.00280852627378,954.953882367518,1914.8727084359,0,0,FALSE,FALSE,FALSE,FALSE,TRUE,"passes screening"
"log_selcoffs_fsh[2][404]",TRUE,-1.77609466999606,-1.78162518187122,0.302346849111114,-2.36150783114047,-1.98412924316932,-1.5687910049734,-1.17922208523588,0.0104266290873616,1.00195692152563,838.999099609576,1723.93980118153,0,0,FALSE,FALSE,FALSE,FALSE,TRUE,"passes screening"
"log_selcoffs_fsh[2][405]",TRUE,-1.1658550480668,-1.16048922195715,0.29246138224943,-1.74799422608316,-1.36740528459277,-0.960835588343481,-0.606830574968253,0.0113065979835627,1.00222343143877,671.522280291922,1499.90771070337,0,0,FALSE,FALSE,FALSE,FALSE,TRUE,"passes screening"
"log_selcoffs_fsh[2][406]",TRUE,-0.829486424314604,-0.826126122450083,0.27756951298624,-1.37188132290447,-1.02159941092137,-0.642189792801056,-0.276929209040016,0.0111236979565755,1.00639458219377,622.207603890132,1724.78276257317,0,0,FALSE,FALSE,FALSE,FALSE,TRUE,"passes screening"
"log_selcoffs_fsh[2][407]",TRUE,-0.448863219156402,-0.443944852610034,0.285465392787871,-1.01613620791946,-0.639301748261318,-0.250734480641624,0.0940308731943028,0.0103625482616032,1.00402205763435,759.247246070605,1749.85728369546,0,0,FALSE,FALSE,FALSE,FALSE,TRUE,"passes screening"
"log_selcoffs_fsh[2][408]",TRUE,0.0611656089419984,0.0654731787397175,0.295939977648764,-0.521539435480834,-0.13442548027919,0.266440371553024,0.625893966770865,0.00903350290487952,1.00315162926533,1073.63213130406,1783.60352861018,0,0,FALSE,FALSE,FALSE,FALSE,TRUE,"passes screening"
"log_selcoffs_fsh[2][409]",TRUE,0.808087245415198,0.813412226144144,0.287845117555091,0.249363780274615,0.610657320518954,1.01431759351709,1.34234542256827,0.00552953822299557,1.00196724036762,2771.13190260446,2258.3197428497,0,0,FALSE,FALSE,FALSE,FALSE,TRUE,"passes screening"
"log_selcoffs_fsh[2][410]",TRUE,1.58325952107278,1.58664787788435,0.208781093555104,1.1608604761504,1.44751756220966,1.72916287316364,1.97675859053471,0.00571231048459927,1.00126336699109,1329.89775636392,1811.78323734828,0,0,FALSE,FALSE,FALSE,FALSE,TRUE,"passes screening"
"log_selcoffs_fsh[2][411]",TRUE,-5.93907693559,-5.94728495937054,0.642755099858758,-7.21341762720771,-6.37415719865292,-5.48177987191438,-4.73192458202186,0.0156815775586826,1.00128823027927,1685.0623750024,2271.22731421578,0,0,FALSE,FALSE,FALSE,FALSE,TRUE,"passes screening"
"log_selcoffs_fsh[2][412]",TRUE,-4.11383834553978,-4.10708061810557,0.438796760522625,-5.00147785412096,-4.41363041029177,-3.81360255143613,-3.26963130507205,0.0120981481329599,1.00433289912532,1319.5944306231,2165.76215085225,0,0,FALSE,FALSE,FALSE,FALSE,TRUE,"passes screening"
"log_selcoffs_fsh[2][413]",TRUE,-2.59027116324627,-2.58112580324812,0.352308189858768,-3.28775087477333,-2.82808327985975,-2.34988125345672,-1.9069693023859,0.010296584919889,1.00168370268157,1170.70407574327,2182.94894086726,0,0,FALSE,FALSE,FALSE,FALSE,TRUE,"passes screening"
"log_selcoffs_fsh[2][414]",TRUE,-1.68210575903453,-1.67899525272632,0.296744872357442,-2.26030455869097,-1.88341108832853,-1.47963019376326,-1.09159310325927,0.010707181368934,1.00115014050845,768.392691901863,1607.1435166029,0,0,FALSE,FALSE,FALSE,FALSE,TRUE,"passes screening"
"log_selcoffs_fsh[2][415]",TRUE,-1.00428997084571,-1.01132764540078,0.299664021575313,-1.5811253921567,-1.20530215585724,-0.797807163222518,-0.412298251964336,0.0121141034677315,1.00253462197581,608.123397941767,1824.02029072859,0,0,FALSE,FALSE,FALSE,FALSE,TRUE,"passes screening"
"log_selcoffs_fsh[2][416]",TRUE,-0.803215044280631,-0.803497063010835,0.296872327824755,-1.39422505072214,-0.999448734676603,-0.601107647182173,-0.219336179667966,0.0107665500771844,1.00201361925935,758.107045546485,1657.07547817184,0,0,FALSE,FALSE,FALSE,FALSE,TRUE,"passes screening"
"log_selcoffs_fsh[2][417]",TRUE,-0.665447013416667,-0.669546069457207,0.298269091827226,-1.23265021940435,-0.866408164058021,-0.461170152139541,-0.059062201962835,0.0108801534643022,1.00212715843813,754.138572958661,1631.47512232536,0,0,FALSE,FALSE,FALSE,FALSE,TRUE,"passes screening"
"log_selcoffs_fsh[2][418]",TRUE,-0.237486623986022,-0.244074851380158,0.310758643626073,-0.839990260652122,-0.45406467877431,-0.0156190505580508,0.365462427399155,0.00889797148625043,1.00142226029544,1215.34862708179,1782.17091635848,0,0,FALSE,FALSE,FALSE,FALSE,TRUE,"passes screening"
"log_selcoffs_fsh[2][419]",TRUE,0.660034303899325,0.668687076509242,0.295842581986194,0.0689992274089458,0.464181186767421,0.861903520462545,1.22617248388735,0.00552074646064086,1.00297943191739,2894.16971314867,2042.5619367425,0,0,FALSE,FALSE,FALSE,FALSE,TRUE,"passes screening"
"log_selcoffs_fsh[2][420]",TRUE,1.70740036222198,1.71056696225169,0.188733210132699,1.32236081801886,1.59086761375796,1.8313598767644,2.06858698643883,0.00504403787486355,1.00161647735029,1428.9432748067,2046.21880823809,0,0,FALSE,FALSE,FALSE,FALSE,TRUE,"passes screening"
"log_selcoffs_fsh[2][421]",TRUE,-6.33708108852669,-6.2852850830492,0.80376981883976,-7.99425793291237,-6.87567120772527,-5.77543780468294,-4.84760537482149,0.0184185010973219,1.0001439940531,1905.63653075106,2195.06542957427,0,0,FALSE,FALSE,FALSE,FALSE,TRUE,"passes screening"
"log_selcoffs_fsh[2][422]",TRUE,-4.47768810792081,-4.46317989658906,0.540513855593861,-5.55404518590835,-4.8466538422338,-4.10416839355424,-3.45229825678805,0.0134338314193312,1.00118192608567,1624.25181109619,1980.73869352803,0,0,FALSE,FALSE,FALSE,FALSE,TRUE,"passes screening"
"log_selcoffs_fsh[2][423]",TRUE,-2.5946945095239,-2.6043442676597,0.421789075278757,-3.41958244872306,-2.87198455776213,-2.30901154559648,-1.77821896537291,0.0103578382693471,1.000242820907,1667.44134634602,1958.71225444639,0,0,FALSE,FALSE,FALSE,FALSE,TRUE,"passes screening"
"log_selcoffs_fsh[2][424]",TRUE,-1.21366541252011,-1.21555788086611,0.341505678131539,-1.87096014175825,-1.44336293988381,-0.987616941364531,-0.537956872013219,0.00933390885466407,1.00178649390056,1331.38533400326,1775.52205642348,0,0,FALSE,FALSE,FALSE,FALSE,TRUE,"passes screening"
"log_selcoffs_fsh[2][425]",TRUE,-0.692797769984785,-0.699951552510003,0.313783360720543,-1.32115876527605,-0.903779283817832,-0.486263506746487,-0.0872733184554502,0.00960240295111738,1.00167529955488,1062.64550320351,1718.41122911254,0,0,FALSE,FALSE,FALSE,FALSE,TRUE,"passes screening"
"log_selcoffs_fsh[2][426]",TRUE,-0.420903535286603,-0.421457776273738,0.339046336848776,-1.08808477819294,-0.638861040372795,-0.189545854557985,0.23315379481895,0.0104079492252293,1.00216592127791,1067.78606222358,1866.56232187957,0,0,FALSE,FALSE,FALSE,FALSE,TRUE,"passes screening"
"log_selcoffs_fsh[2][427]",TRUE,-0.427179530899436,-0.416977474432273,0.346467772016364,-1.12402950353021,-0.648088354154244,-0.199476098093285,0.235557289460865,0.0118311462544084,1.00246760664915,859.611701792369,1941.51686901808,0,0,FALSE,FALSE,FALSE,FALSE,TRUE,"passes screening"
"log_selcoffs_fsh[2][428]",TRUE,-0.251226175406312,-0.243876073574936,0.352249666579482,-0.963347224705036,-0.480950206932964,-0.0180009086265637,0.425663579975656,0.0120084789937518,1.00352609850653,862.05660060534,1877.34588067005,0,0,FALSE,FALSE,FALSE,FALSE,TRUE,"passes screening"
"log_selcoffs_fsh[2][429]",TRUE,0.561646775993423,0.565513305882989,0.336222100036246,-0.118841450857387,0.343149493984764,0.793573180604145,1.19879396122557,0.00663323319170041,1.00182078539535,2573.14969452704,2324.78371750798,0,0,FALSE,FALSE,FALSE,FALSE,TRUE,"passes screening"
"log_selcoffs_fsh[2][430]",TRUE,1.61578421985768,1.62365211842749,0.21416111190553,1.1851505597208,1.47742140988835,1.76349633828056,2.01920597308114,0.00797755289106406,1.00365056468216,721.19736241013,1641.09627139812,0,0,FALSE,FALSE,FALSE,FALSE,TRUE,"passes screening"
"log_selcoffs_fsh[2][431]",TRUE,-6.34837055876065,-6.33420547904011,1.05909800143547,-8.44648662435486,-7.08415165873603,-5.59828051499504,-4.35636646413938,0.0218178687271724,0.999987974358155,2368.7113951084,2338.642054715,0,0,FALSE,FALSE,FALSE,FALSE,TRUE,"passes screening"
"log_selcoffs_fsh[2][432]",TRUE,-4.5616567875259,-4.55327895514843,0.710086190694017,-5.99493839458703,-5.01927497459696,-4.0816460996254,-3.20244127409759,0.0162250069801205,1.0033903729245,1955.0109478473,1515.40446930308,0,0,FALSE,FALSE,FALSE,FALSE,TRUE,"passes screening"
"log_selcoffs_fsh[2][433]",TRUE,-2.90914378767307,-2.89983660895576,0.613446045816892,-4.17600750970348,-3.31904317563409,-2.49372824529445,-1.73748213148713,0.0144109604906037,1.0026729386579,1831.04960958364,1633.75467431878,0,0,FALSE,FALSE,FALSE,FALSE,TRUE,"passes screening"
"log_selcoffs_fsh[2][434]",TRUE,-1.55134500136503,-1.54333596323691,0.563311453016681,-2.69328760266831,-1.93552404986505,-1.15858542296424,-0.490205392483144,0.0127614503509428,1.00166585308881,1953.43023530398,2165.87433278796,0,0,FALSE,FALSE,FALSE,FALSE,TRUE,"passes screening"
"log_selcoffs_fsh[2][435]",TRUE,-0.634386285029547,-0.62013094022935,0.511510053428161,-1.65437080644029,-0.98766168059297,-0.279465274326583,0.328406944853035,0.0135601812240047,1.00301016238212,1406.72880526978,2336.14671723326,0,0,FALSE,FALSE,FALSE,FALSE,TRUE,"passes screening"
"log_selcoffs_fsh[2][436]",TRUE,-0.334283703067947,-0.325220590253496,0.509199724916984,-1.34076102986326,-0.678217241295433,0.0123104376391963,0.624726343750237,0.0126914878016754,1.00020375641733,1608.26261704764,2262.94573003177,0,0,FALSE,FALSE,FALSE,FALSE,TRUE,"passes screening"
"log_selcoffs_fsh[2][437]",TRUE,-0.227692891341637,-0.200340226837256,0.516444703099227,-1.27219729821594,-0.569045522609613,0.125668075115904,0.73629349639808,0.014389694362727,1.00002245593561,1304.38766423659,2232.43402633094,0,0,FALSE,FALSE,FALSE,FALSE,TRUE,"passes screening"
"log_selcoffs_fsh[2][438]",TRUE,-0.00723896633301863,0.0144712865449943,0.491619515814987,-0.982244678939093,-0.334641621039563,0.344821563854923,0.90823080365732,0.0121366395355587,1.00005362487448,1682.17405561311,1895.93311208505,0,0,FALSE,FALSE,FALSE,FALSE,TRUE,"passes screening"
"log_selcoffs_fsh[2][439]",TRUE,0.641299120575447,0.659656748729059,0.383745232210074,-0.141409497854789,0.3881256710381,0.904097677048682,1.33398543504241,0.0072933645228192,1.00067493398363,2862.41534866206,1956.41106145176,0,0,FALSE,FALSE,FALSE,FALSE,TRUE,"passes screening"
"log_selcoffs_fsh[2][440]",TRUE,1.40655265168426,1.43671890008158,0.320129629016114,0.714095171516738,1.21419276845069,1.62560413809252,1.95618443392289,0.010134352293977,1.0031509785619,1055.16834001554,1428.67184301173,0,0,FALSE,FALSE,FALSE,FALSE,TRUE,"passes screening"
"log_selcoffs_fsh[3][1]",TRUE,-3.43451653431674,-3.41929744977815,0.475933248200541,-4.39949603287847,-3.75261811494926,-3.11816621375668,-2.51542273292082,0.00898304759145356,1.00054346746834,2851.08941622578,2241.44094233754,0,0,FALSE,FALSE,FALSE,FALSE,TRUE,"passes screening"
"log_selcoffs_fsh[3][2]",TRUE,-0.746615204140814,-0.745024323601416,0.282342248172516,-1.3088016444893,-0.933677938290505,-0.560328416868635,-0.197789997990756,0.00539950676739216,1.00137909762161,2738.43683130116,2160.80991296796,0,0,FALSE,FALSE,FALSE,FALSE,TRUE,"passes screening"
"log_selcoffs_fsh[3][3]",TRUE,1.57449554073998,1.572016465214,0.180116332599421,1.20972678664273,1.45431663294924,1.69361575277864,1.94070194548452,0.00322373187132497,0.999717685680316,3119.27415360092,2572.82478642089,0,0,FALSE,FALSE,FALSE,FALSE,TRUE,"passes screening"
"log_selcoffs_fsh[3][4]",TRUE,0.643589056573667,0.646214800701924,0.254748001347728,0.136737579202515,0.476445373641393,0.818603169023422,1.12569760915372,0.00444251770041235,1.00031795471006,3281.68776738082,2424.4943452546,0,0,FALSE,FALSE,FALSE,FALSE,TRUE,"passes screening"
"log_selcoffs_fsh[3][5]",TRUE,-1.0999161272478,-1.09110856575179,0.412494150742257,-1.92740762829979,-1.37487113621636,-0.812939019777074,-0.307990992768769,0.00842457949703297,1.00172141807385,2379.06081915918,2374.4348553076,0,0,FALSE,FALSE,FALSE,FALSE,TRUE,"passes screening"
"log_selcoffs_fsh[3][6]",TRUE,-1.98588629107082,-1.98053653528455,0.473023790210757,-2.92143787377732,-2.31530019966541,-1.65310022941923,-1.08980331015056,0.0106046760558797,1.00112498981569,1982.5107190345,2226.45597697798,0,0,FALSE,FALSE,FALSE,FALSE,TRUE,"passes screening"
"log_selcoffs_fsh[3][7]",TRUE,-1.84240827689583,-1.8318580443801,0.46691884908427,-2.76103614307469,-2.15685127140675,-1.51049727621963,-0.963925652023066,0.0102589276736419,1.00234879231597,2074.40272179879,2539.2901762059,0,0,FALSE,FALSE,FALSE,FALSE,TRUE,"passes screening"
"log_selcoffs_fsh[3][8]",TRUE,-1.11611774982813,-1.10200626320973,0.4229894124278,-1.94812175938529,-1.39620437993791,-0.8224452518399,-0.337914345340114,0.010364043906974,1.00678414242211,1690.2319697121,2121.80528226734,0,0,FALSE,FALSE,FALSE,FALSE,TRUE,"passes screening"
"log_selcoffs_fsh[3][9]",TRUE,-0.473850282356228,-0.464276986265773,0.316829915865122,-1.10625821019632,-0.690448812580531,-0.259559087533721,0.149972962119015,0.0127172570382027,1.01446425347756,618.802066304715,1331.21855717749,0,0,TRUE,FALSE,FALSE,FALSE,FALSE,"Rhat > 1.01"
"log_selcoffs_fsh[3][10]",TRUE,-3.18699578328959,-3.18312227934125,0.343697448616761,-3.88829735122791,-3.4141714383921,-2.95843669337821,-2.52707665852411,0.00708060610944525,1.00286496394688,2364.75985109041,2376.35500406236,0,0,FALSE,FALSE,FALSE,FALSE,TRUE,"passes screening"
"log_selcoffs_fsh[3][11]",TRUE,-0.0734304173762456,-0.0755776824237658,0.19252186347816,-0.452000905587298,-0.20137241015233,0.0557054324944446,0.310395497670939,0.00561103001375871,1.00581783930897,1151.5000388963,1552.09194385153,0,0,FALSE,FALSE,FALSE,FALSE,TRUE,"passes screening"
"log_selcoffs_fsh[3][12]",TRUE,1.61434433617137,1.61315616525787,0.167315890157131,1.28593458882225,1.50599107271503,1.72579967406488,1.93935705815257,0.00583981689155179,1.0076325703955,825.380087724988,1112.28924677795,0,0,FALSE,FALSE,FALSE,FALSE,TRUE,"passes screening"
"log_selcoffs_fsh[3][13]",TRUE,-0.0469259731310738,-0.0439183051984101,0.227280899424566,-0.497304894109174,-0.196946275063291,0.105225236866554,0.397675279904494,0.00622172878670767,1.0050566568842,1360.56821925054,1531.43651934607,0,0,FALSE,FALSE,FALSE,FALSE,TRUE,"passes screening"
"log_selcoffs_fsh[3][14]",TRUE,-1.4932757520008,-1.48723254624783,0.331819153128739,-2.1720928554419,-1.70247564655057,-1.26460824148088,-0.864378652244565,0.00842772005496814,1.00284877102606,1533.62375846384,2169.87708347078,0,0,FALSE,FALSE,FALSE,FALSE,TRUE,"passes screening"
"log_selcoffs_fsh[3][15]",TRUE,-2.02995260708937,-2.02268633573243,0.381932530045851,-2.79966152820389,-2.28024357294887,-1.76902699641268,-1.29019540546873,0.00895652220585077,1.0013552762197,1801.99589955923,1826.30067920502,0,0,FALSE,FALSE,FALSE,FALSE,TRUE,"passes screening"
"log_selcoffs_fsh[3][16]",TRUE,-1.74080855842291,-1.73441194651748,0.388605525950213,-2.53154971044208,-1.99859835359025,-1.47596574577028,-0.998577084787507,0.00916611979178093,1.00108006751906,1801.39384743856,1911.31409817374,0,0,FALSE,FALSE,FALSE,FALSE,TRUE,"passes screening"
"log_selcoffs_fsh[3][17]",TRUE,-0.907188931316414,-0.899509537066355,0.363004598529699,-1.61616507615378,-1.14822593872975,-0.661747132801188,-0.223549437802516,0.0109408381000465,1.00641994938021,1101.78297276576,1788.55102535107,0,0,FALSE,FALSE,FALSE,FALSE,TRUE,"passes screening"
"log_selcoffs_fsh[3][18]",TRUE,-0.0760129346457249,-0.0700662165384027,0.299821422880451,-0.658412686457106,-0.28436047443351,0.127431907320421,0.510892156112433,0.0178144726326054,1.02452443329344,284.174062093583,811.545167193786,0,0,TRUE,TRUE,FALSE,FALSE,FALSE,"Rhat > 1.01; bulk ESS < 400"
"log_selcoffs_fsh[3][19]",TRUE,-3.22927088046243,-3.23045521752104,0.329705821937334,-3.89459155115841,-3.45087426098273,-3.00387023822287,-2.60858647921078,0.00763224364412222,1.00256245145889,1850.98905019966,2437.46795683897,0,0,FALSE,FALSE,FALSE,FALSE,TRUE,"passes screening"
"log_selcoffs_fsh[3][20]",TRUE,0.639951825193818,0.640302685577932,0.199672665806386,0.259008238079099,0.505689278058788,0.774355623739996,1.03194768352683,0.00909834120307169,1.01304961164129,481.630996891799,1554.91569034209,0,0,TRUE,FALSE,FALSE,FALSE,FALSE,"Rhat > 1.01"
"log_selcoffs_fsh[3][21]",TRUE,0.950722230000495,0.955454203313595,0.199142419954211,0.557017903658956,0.81267493644311,1.08673535535725,1.33496937038099,0.00977565842449297,1.01474758690191,420.111838510906,1323.43813958874,0,0,TRUE,FALSE,FALSE,FALSE,FALSE,"Rhat > 1.01"
"log_selcoffs_fsh[3][22]",TRUE,-0.375418266363942,-0.374085581527133,0.245886590716146,-0.852560710088939,-0.547258584826518,-0.20855999875161,0.0976983922130162,0.00839279832511329,1.00467786922769,853.266439195662,2028.00935658678,0,0,FALSE,FALSE,FALSE,FALSE,TRUE,"passes screening"
"log_selcoffs_fsh[3][23]",TRUE,-1.32446094336585,-1.32279363286899,0.315493209531952,-1.94885203128429,-1.54113307778045,-1.10368016879315,-0.725754567780891,0.00883516605596309,1.00150227270595,1288.24165079164,2271.43397253321,0,0,FALSE,FALSE,FALSE,FALSE,TRUE,"passes screening"
"log_selcoffs_fsh[3][24]",TRUE,-1.64313264463709,-1.63853139904837,0.365358895830615,-2.37319860048337,-1.88535766914676,-1.39213638932977,-0.936746410632363,0.00849610705168054,1.00050392348115,1853.01571319356,2350.7011758374,0,0,FALSE,FALSE,FALSE,FALSE,TRUE,"passes screening"
"log_selcoffs_fsh[3][25]",TRUE,-1.27991011026946,-1.28306658954661,0.380870972752091,-2.01873488401268,-1.53519944634121,-1.02241517592342,-0.523229082114408,0.00855737511909358,1.00157600630337,1978.64851742055,1963.56196182243,0,0,FALSE,FALSE,FALSE,FALSE,TRUE,"passes screening"
"log_selcoffs_fsh[3][26]",TRUE,-0.348176628463772,-0.337999783046214,0.371774219245013,-1.09704417104454,-0.5972425761744,-0.0945863132521241,0.330979177243076,0.012790622210393,1.00779771153206,867.512348588734,1856.96213918565,0,0,FALSE,FALSE,FALSE,FALSE,TRUE,"passes screening"
"log_selcoffs_fsh[3][27]",TRUE,0.763460774391439,0.779793601303761,0.269682527111679,0.191906169867505,0.59690844409143,0.945884459547988,1.24749364192878,0.0187237162300313,1.03070344526229,211.132449404027,548.353589026644,0,0,TRUE,TRUE,FALSE,FALSE,FALSE,"Rhat > 1.01; bulk ESS < 400"
"log_selcoffs_fsh[3][28]",TRUE,-3.43201334239033,-3.41659383063693,0.398006114398677,-4.24006720534427,-3.701280006563,-3.15629477032321,-2.6872073349232,0.00818054464052835,1.00029431849666,2376.75897690143,1990.56652830989,0,0,FALSE,FALSE,FALSE,FALSE,TRUE,"passes screening"
"log_selcoffs_fsh[3][29]",TRUE,0.386006722144786,0.388186614206998,0.200970922429569,-0.0163276941248033,0.250815542439069,0.526427288345673,0.774502545784938,0.00431118645479697,1.00321658179055,2173.73038762545,2259.75665314794,0,0,FALSE,FALSE,FALSE,FALSE,TRUE,"passes screening"
"log_selcoffs_fsh[3][30]",TRUE,1.34619740096319,1.34782280608163,0.184614875087174,0.989625532244515,1.22232131714241,1.4695652793482,1.71046674281522,0.00396689717831748,1.00092481178306,2170.54094677968,2110.15307986261,0,0,FALSE,FALSE,FALSE,FALSE,TRUE,"passes screening"
"log_selcoffs_fsh[3][31]",TRUE,0.141112006512178,0.141835925009169,0.270469713066912,-0.394669656856717,-0.0399311372948641,0.318744144097844,0.675280449199931,0.00564005667225846,0.999835921627277,2292.85939348347,2315.18463091971,0,0,FALSE,FALSE,FALSE,FALSE,TRUE,"passes screening"
"log_selcoffs_fsh[3][32]",TRUE,-0.94757638543818,-0.947236111880019,0.327496227978996,-1.58982109215607,-1.1675587918791,-0.718112857028244,-0.323389189632647,0.0076062666212873,0.999810219814294,1838.71738443356,2337.70450843466,0,0,FALSE,FALSE,FALSE,FALSE,TRUE,"passes screening"
"log_selcoffs_fsh[3][33]",TRUE,-1.40061870724168,-1.40574572810956,0.36926718146793,-2.12215529785904,-1.65198740594475,-1.14355886714457,-0.685360493516307,0.00789803286832402,1.00019612981211,2193.1226631436,2244.48715368245,0,0,FALSE,FALSE,FALSE,FALSE,TRUE,"passes screening"
"log_selcoffs_fsh[3][34]",TRUE,-1.24206168286816,-1.24774150555511,0.370398339934195,-1.98337826833601,-1.48586068404047,-0.988832323571821,-0.533280590226899,0.00874895671884156,1.00431978997363,1795.86338158711,1918.09487579927,0,0,FALSE,FALSE,FALSE,FALSE,TRUE,"passes screening"
"log_selcoffs_fsh[3][35]",TRUE,-0.692749996130121,-0.696425989468941,0.362318409372842,-1.39891609761582,-0.938921078157944,-0.441456484457944,-0.000887043645703627,0.0164307050825626,1.01384162252064,489.4389821977,1734.9559342372,0,0,TRUE,FALSE,FALSE,FALSE,FALSE,"Rhat > 1.01"
"log_selcoffs_fsh[3][36]",TRUE,-0.134312550529382,-0.132347506915879,0.336900840435383,-0.807158407185185,-0.35725713053004,0.0994292755660452,0.500838393051755,0.0241676860318684,1.03572025133026,196.598262713756,593.621483579337,0,0,TRUE,TRUE,FALSE,FALSE,FALSE,"Rhat > 1.01; bulk ESS < 400"
"log_selcoffs_fsh[3][37]",TRUE,-3.52435266024188,-3.51718428942005,0.494025298874906,-4.49262130957931,-3.85091669561385,-3.1920468861522,-2.57559632110195,0.0102832106854893,1.00032449618295,2321.87419549195,2321.93149057942,0,0,FALSE,FALSE,FALSE,FALSE,TRUE,"passes screening"
"log_selcoffs_fsh[3][38]",TRUE,-1.1519731835484,-1.1393448153102,0.33832622709942,-1.84549975037998,-1.37166940774956,-0.9262361667558,-0.505288719926214,0.00693326833743571,1.00102571574265,2408.34283692972,2184.05778093407,0,0,FALSE,FALSE,FALSE,FALSE,TRUE,"passes screening"
"log_selcoffs_fsh[3][39]",TRUE,0.468230490337139,0.472572880693921,0.292731231569549,-0.129063898389382,0.279386727725397,0.664970220831709,1.03753034727378,0.00591983485548111,1.00221803681762,2445.96285851233,2457.96215793562,0,0,FALSE,FALSE,FALSE,FALSE,TRUE,"passes screening"
"log_selcoffs_fsh[3][40]",TRUE,0.991374876194862,0.991971176887521,0.250243755695952,0.486713870195757,0.829279203781229,1.16022166212626,1.48607921607482,0.00597408608325154,1.00268734763877,1740.28903919466,2337.28081442505,0,0,FALSE,FALSE,FALSE,FALSE,TRUE,"passes screening"
"log_selcoffs_fsh[3][41]",TRUE,0.105358520733689,0.103383080288837,0.322965007386237,-0.531358859250567,-0.109012647160602,0.322044736739248,0.729371502716628,0.00742948658184234,1.00041932750881,1896.54650269768,2347.78587949029,0,0,FALSE,FALSE,FALSE,FALSE,TRUE,"passes screening"
"log_selcoffs_fsh[3][42]",TRUE,-0.562907420840786,-0.549620094479894,0.376936598196726,-1.32921257588527,-0.804841293407664,-0.314878692293146,0.180916920047683,0.00764519388375443,1.00052873581276,2464.44997717302,2055.71005548811,0,0,FALSE,FALSE,FALSE,FALSE,TRUE,"passes screening"
"log_selcoffs_fsh[3][43]",TRUE,-0.668372785509702,-0.660167971148996,0.40232392344862,-1.49391291916887,-0.945831859566954,-0.397881055709755,0.131201840325928,0.00880368767979839,1.0008467472771,2099.32213436178,2276.84877560613,0,0,FALSE,FALSE,FALSE,FALSE,TRUE,"passes screening"
"log_selcoffs_fsh[3][44]",TRUE,-0.339912491243108,-0.325039696255639,0.407692246055571,-1.18501810510675,-0.608319765064898,-0.0589392871770316,0.415782368187872,0.0166272940696883,1.0101836349864,621.199449765747,1389.08769956996,0,0,TRUE,FALSE,FALSE,FALSE,FALSE,"Rhat > 1.01"
"log_selcoffs_fsh[3][45]",TRUE,0.0756747494303648,0.092060366485346,0.397085869843014,-0.774536374245736,-0.17053580199669,0.34981337268037,0.793250166129711,0.0250158503188352,1.02276687212137,250.972986983004,788.151521937065,0,0,TRUE,TRUE,FALSE,FALSE,FALSE,"Rhat > 1.01; bulk ESS < 400"
"log_selcoffs_fsh[3][46]",TRUE,-3.82437630103249,-3.80895167791778,0.529823243863579,-4.90900116716471,-4.18303484654948,-3.44984311936253,-2.83513978005502,0.0111199979538179,1.00126243882939,2281.21782677294,2066.69563628112,0,0,FALSE,FALSE,FALSE,FALSE,TRUE,"passes screening"
"log_selcoffs_fsh[3][47]",TRUE,-2.15356292608061,-2.15338820116035,0.348780229188855,-2.83433556545322,-2.39018012744035,-1.9170143277476,-1.48600023574717,0.00765293194563494,1.00160594536421,2087.53980386132,2589.77916382572,0,0,FALSE,FALSE,FALSE,FALSE,TRUE,"passes screening"
"log_selcoffs_fsh[3][48]",TRUE,-0.673875813730896,-0.668853736354378,0.279166140091614,-1.21293900446626,-0.864257323603132,-0.480691520401795,-0.13902979971071,0.00688763720056988,1.00345109323924,1646.92599876047,2485.55210675291,0,0,FALSE,FALSE,FALSE,FALSE,TRUE,"passes screening"
"log_selcoffs_fsh[3][49]",TRUE,0.654807119306626,0.654910932861076,0.234013452159599,0.187169362485012,0.501862242714073,0.81407274836033,1.09553322151772,0.00634361079265273,1.00394950636594,1376.52999893287,2035.76841389473,0,0,FALSE,FALSE,FALSE,FALSE,TRUE,"passes screening"
"log_selcoffs_fsh[3][50]",TRUE,0.824737444214805,0.825642112772693,0.265207063229228,0.291328157795866,0.659138648379445,1.00826370383953,1.3325623557505,0.00744598843304945,1.00438824461386,1257.18983160127,2234.61342203128,0,0,FALSE,FALSE,FALSE,FALSE,TRUE,"passes screening"
"log_selcoffs_fsh[3][51]",TRUE,0.0737143536544958,0.094982338187169,0.360356485708188,-0.684638004354242,-0.164452261709924,0.328950936954161,0.720506245275341,0.00829142654017716,1.00089150104774,1949.55700346851,2083.93023309164,0,0,FALSE,FALSE,FALSE,FALSE,TRUE,"passes screening"
"log_selcoffs_fsh[3][52]",TRUE,-0.279979064498866,-0.252017864510841,0.415226896376659,-1.0996984670978,-0.574441197039813,0.0141323388431396,0.487438451899347,0.00809208985070517,1.00236667972364,2672.5432787252,1906.03559049095,0,0,FALSE,FALSE,FALSE,FALSE,TRUE,"passes screening"
"log_selcoffs_fsh[3][53]",TRUE,-0.159716828995964,-0.130051694893056,0.406461874860681,-1.00582083420271,-0.421842009607751,0.120089322457239,0.584321072950502,0.0132222286847786,1.00565856114231,964.872379212397,1663.11119479861,0,0,FALSE,FALSE,FALSE,FALSE,TRUE,"passes screening"
"log_selcoffs_fsh[3][54]",TRUE,0.0903219311219609,0.119822305097514,0.397157850654517,-0.803141292850695,-0.141094642400178,0.36831438272829,0.785570540902087,0.0231109446824298,1.02029958592163,286.079497177837,806.237240146924,0,0,TRUE,TRUE,FALSE,FALSE,FALSE,"Rhat > 1.01; bulk ESS < 400"
"log_selcoffs_fsh[4][1]",TRUE,-2.04567424441646,-2.02220688767254,1.18030130705498,-4.43637554558258,-2.83163097823336,-1.1996492277845,0.142283441235065,0.0672892353543935,1.00728999790516,312.913518734647,666.801181562157,0,0,FALSE,TRUE,FALSE,FALSE,FALSE,"bulk ESS < 400"
"log_selcoffs_fsh[4][2]",TRUE,-1.66155876034784,-1.61326215916099,0.891226101822145,-3.47948899302,-2.26267990880387,-1.01093456466202,-0.073812511293062,0.0598523318789322,1.00710599623335,224.719398000299,440.018276458137,0,0,FALSE,TRUE,FALSE,FALSE,FALSE,"bulk ESS < 400"
"log_selcoffs_fsh[4][3]",TRUE,-1.24795194275077,-1.21897278199445,0.783619577422265,-2.87731681156903,-1.76297015567153,-0.695620285469726,0.199608801117481,0.0537825875578733,1.00591745060202,214.150978232146,572.025295475763,0,0,FALSE,TRUE,FALSE,FALSE,FALSE,"bulk ESS < 400"
"log_selcoffs_fsh[4][4]",TRUE,-0.792269034965185,-0.754174484057073,0.694202475978027,-2.20639892777519,-1.2519074424171,-0.301617770721421,0.459782075130927,0.044468753160638,1.00388766195824,254.417207762238,464.520515998497,0,0,FALSE,TRUE,FALSE,FALSE,FALSE,"bulk ESS < 400"
"log_selcoffs_fsh[4][5]",TRUE,-0.334785323010448,-0.315634397172642,0.59610844049804,-1.57852772174956,-0.712101302799993,0.0846296461821643,0.732697883181326,0.0327299570025268,1.00177272219368,351.195834446922,696.866253811334,0,0,FALSE,TRUE,FALSE,FALSE,FALSE,"bulk ESS < 400"
"log_selcoffs_fsh[4][6]",TRUE,0.0627989598054111,0.0815164005517574,0.491232845126603,-0.955084135025736,-0.249910200001211,0.40312937146554,0.955260986091491,0.0193102182019451,1.00208882039292,676.744765653881,810.610336036054,0,0,FALSE,FALSE,FALSE,FALSE,TRUE,"passes screening"
"log_selcoffs_fsh[4][7]",TRUE,0.35809419854323,0.385818514325345,0.435939921123238,-0.559563068416424,0.072719766200414,0.661465788590782,1.12780705888392,0.0118700942759523,1.00116735236702,1412.88026941947,1513.17603214287,0,0,FALSE,FALSE,FALSE,FALSE,TRUE,"passes screening"
"log_selcoffs_fsh[4][8]",TRUE,0.561359894482839,0.592959589483201,0.429763343279047,-0.413070272152658,0.29789775301452,0.859280132808379,1.30998611811863,0.0209123701001904,1.00294821919065,430.941331962409,1088.9769608773,0,0,FALSE,FALSE,FALSE,FALSE,TRUE,"passes screening"
"log_selcoffs_fsh[4][9]",TRUE,0.651360421043028,0.703248953300186,0.491214782176067,-0.433770364552465,0.3311339709615,1.00332113222972,1.4741940690724,0.0285042196512403,1.00522297811511,299.073032255242,887.638096720309,0,0,FALSE,TRUE,FALSE,FALSE,FALSE,"bulk ESS < 400"
"log_selcoffs_fsh[4][10]",TRUE,-2.01666987770467,-1.99175379606426,1.12121206105412,-4.28353578498976,-2.75596936876868,-1.21710315769199,0.0262062560021265,0.0688655304572098,1.00879594087256,270.348496062477,494.072830462435,0,0,FALSE,TRUE,FALSE,FALSE,FALSE,"bulk ESS < 400"
"log_selcoffs_fsh[4][11]",TRUE,-1.63883828993327,-1.59564118341548,0.857737866708886,-3.4110433697145,-2.22138328957351,-1.00486087582023,-0.145701611913749,0.0607297792736724,1.00977720524387,203.35556715164,374.028436790765,0,0,FALSE,TRUE,TRUE,FALSE,FALSE,"bulk ESS < 400; tail ESS < 400"
"log_selcoffs_fsh[4][12]",TRUE,-1.23340021052521,-1.19582525444931,0.744439502053031,-2.7730487585455,-1.74204965806839,-0.70668673776447,0.0851087383157752,0.0530814492382788,1.00767270703952,201.027484749834,375.737917499587,0,0,FALSE,TRUE,TRUE,FALSE,FALSE,"bulk ESS < 400; tail ESS < 400"
"log_selcoffs_fsh[4][13]",TRUE,-0.782817738876797,-0.760076287354714,0.664877332746993,-2.16189113610461,-1.22093925306401,-0.315814031469055,0.42388782147527,0.0436522306776284,1.00351395379899,236.441796414444,460.072596098443,0,0,FALSE,TRUE,FALSE,FALSE,FALSE,"bulk ESS < 400"
"log_selcoffs_fsh[4][14]",TRUE,-0.323695768821649,-0.292512237379844,0.563014276479717,-1.51211524492862,-0.673901698150034,0.073902664616451,0.693009767390445,0.0324607440111988,1.00268207349254,314.631872982829,582.120132912202,0,0,FALSE,TRUE,FALSE,FALSE,FALSE,"bulk ESS < 400"
"log_selcoffs_fsh[4][15]",TRUE,0.0806192258658999,0.116387767387857,0.459327142125154,-0.884178017571327,-0.208872728531334,0.40558989025723,0.894772192820672,0.0186480773574219,1.0025840650307,632.146830550108,1221.33408259528,0,0,FALSE,FALSE,FALSE,FALSE,TRUE,"passes screening"
"log_selcoffs_fsh[4][16]",TRUE,0.390170325752812,0.40206206031608,0.390949107357173,-0.448198869770299,0.142707796649969,0.663418921674105,1.10478723113958,0.0107920730645317,1.0009189400189,1348.0679688731,1607.76743727325,0,0,FALSE,FALSE,FALSE,FALSE,TRUE,"passes screening"
"log_selcoffs_fsh[4][17]",TRUE,0.581655659596207,0.612553835062454,0.39371847818426,-0.239925596018478,0.338453478189607,0.852742884647566,1.27784710046119,0.0216421773165454,1.00242540279479,350.731907678667,1192.29286060317,0,0,FALSE,TRUE,FALSE,FALSE,FALSE,"bulk ESS < 400"
"log_selcoffs_fsh[4][18]",TRUE,0.671751187707803,0.715461560319419,0.458345358727172,-0.301891281678648,0.378228899965436,1.0003859940655,1.45907282929929,0.0281027815350153,1.00290576647959,267.158109846667,712.268300597991,0,0,FALSE,TRUE,FALSE,FALSE,FALSE,"bulk ESS < 400"
"log_selcoffs_fsh[4][19]",TRUE,-1.99249327267435,-1.95277424413355,1.06698758866158,-4.13793125075083,-2.7038146434123,-1.23655152209152,-0.0658097951611033,0.0689700209643688,1.00858658579631,243.145402770335,514.555959593284,0,0,FALSE,TRUE,FALSE,FALSE,FALSE,"bulk ESS < 400"
"log_selcoffs_fsh[4][20]",TRUE,-1.63665297535203,-1.57389392528333,0.826114205504176,-3.33256733346419,-2.18809091605691,-1.03351032464671,-0.205036984870275,0.0626602107395538,1.00921276986762,175.761099342594,351.750866014352,0,0,FALSE,TRUE,TRUE,FALSE,FALSE,"bulk ESS < 400; tail ESS < 400"
"log_selcoffs_fsh[4][21]",TRUE,-1.23592750034806,-1.21143522405689,0.714383742576108,-2.73589074288867,-1.69199201201822,-0.706286448224444,0.0295135113222112,0.0540389398666637,1.00671290806154,179.437313846884,296.001658698093,0,0,FALSE,TRUE,TRUE,FALSE,FALSE,"bulk ESS < 400; tail ESS < 400"
"log_selcoffs_fsh[4][22]",TRUE,-0.783654099370604,-0.750415961060805,0.627339048004918,-2.07763089157547,-1.20046433345684,-0.340634562542315,0.353314627640173,0.0426600919035679,1.00456662824716,218.456216292944,442.465610188021,0,0,FALSE,TRUE,FALSE,FALSE,FALSE,"bulk ESS < 400"
"log_selcoffs_fsh[4][23]",TRUE,-0.320826515005572,-0.284157731846504,0.536318527152795,-1.44541202132307,-0.666154472795703,0.060628720539634,0.64054130550286,0.0303119436821372,1.00413006589344,328.16949106435,435.133357835565,0,0,FALSE,TRUE,FALSE,FALSE,FALSE,"bulk ESS < 400"
"log_selcoffs_fsh[4][24]",TRUE,0.0843061045178717,0.108938175484778,0.445002783602146,-0.838066370912585,-0.20549253075246,0.395954937775455,0.884812571851473,0.0185123068216305,1.00117593206088,611.014691653469,850.74217595076,0,0,FALSE,FALSE,FALSE,FALSE,TRUE,"passes screening"
"log_selcoffs_fsh[4][25]",TRUE,0.388255482898977,0.402845144198438,0.372154313657358,-0.37951727766638,0.143333640913464,0.638748016221309,1.0804062641386,0.0110460622526362,1.0013797289387,1159.80967244429,1710.00081600329,0,0,FALSE,FALSE,FALSE,FALSE,TRUE,"passes screening"
"log_selcoffs_fsh[4][26]",TRUE,0.591085746784836,0.612209269914745,0.379876530880704,-0.225862833439418,0.348587072957581,0.853598282853365,1.26343053067481,0.0208265504184208,1.00057648121997,348.816009223781,768.002182518557,0,0,FALSE,TRUE,FALSE,FALSE,FALSE,"bulk ESS < 400"
"log_selcoffs_fsh[4][27]",TRUE,0.670860558103976,0.691621124920366,0.43680286664064,-0.240001522456247,0.385071536312817,0.987300127911047,1.44098559960604,0.0280255105568851,1.00499432830084,242.319045534612,785.487756978529,0,0,FALSE,TRUE,FALSE,FALSE,FALSE,"bulk ESS < 400"
"log_selcoffs_fsh[4][28]",TRUE,-1.9392618739416,-1.87610014991348,1.03959050827266,-4.13087543303596,-2.60993689003156,-1.1964253655147,-0.0680815752481491,0.0711812186021781,1.00889178523104,217.242485460866,553.229805806487,0,0,FALSE,TRUE,FALSE,FALSE,FALSE,"bulk ESS < 400"
"log_selcoffs_fsh[4][29]",TRUE,-1.59270738287306,-1.54771096381125,0.796487144332817,-3.26543941011768,-2.09702040913777,-1.01950702616188,-0.194003872826461,0.0617883531089633,1.0107059468679,169.328431236923,263.078768393233,0,0,TRUE,TRUE,TRUE,FALSE,FALSE,"Rhat > 1.01; bulk ESS < 400; tail ESS < 400"
"log_selcoffs_fsh[4][30]",TRUE,-1.22519199524781,-1.17740315025144,0.68883867321846,-2.71901701394518,-1.6680740250234,-0.747374719834003,0.0454553078486909,0.0555447438099613,1.00912650559057,156.013675424757,259.267848448148,0,0,FALSE,TRUE,TRUE,FALSE,FALSE,"bulk ESS < 400; tail ESS < 400"
"log_selcoffs_fsh[4][31]",TRUE,-0.805239625357504,-0.802959221513811,0.609353839672472,-2.05553461371359,-1.19402908277253,-0.361987206965368,0.314095328023555,0.042779824039279,1.00514471004188,206.277734519556,346.707342932494,0,0,FALSE,TRUE,TRUE,FALSE,FALSE,"bulk ESS < 400; tail ESS < 400"
"log_selcoffs_fsh[4][32]",TRUE,-0.335022752511113,-0.304960085337881,0.535209671453287,-1.47919558523594,-0.691806732553624,0.0472254332901483,0.630126833296691,0.0305214559272095,1.0025293145353,315.810327800687,484.846802391534,0,0,FALSE,TRUE,FALSE,FALSE,FALSE,"bulk ESS < 400"
"log_selcoffs_fsh[4][33]",TRUE,0.0957136505196494,0.121946010398157,0.442577162163628,-0.841809754532635,-0.184954571883457,0.399279201165065,0.882999461445942,0.0172173291740565,1.00130406920109,689.72892934363,896.878136857102,0,0,FALSE,FALSE,FALSE,FALSE,TRUE,"passes screening"
"log_selcoffs_fsh[4][34]",TRUE,0.418588761681101,0.431650097554527,0.364749173345409,-0.358444477877654,0.185323983115541,0.67238894696492,1.08186147354938,0.0102392184887154,1.00166556400136,1296.23154949752,1882.72374026806,0,0,FALSE,FALSE,FALSE,FALSE,TRUE,"passes screening"
"log_selcoffs_fsh[4][35]",TRUE,0.595638439420603,0.625973333877325,0.368807070001124,-0.181402052577396,0.369336227577056,0.851552557671207,1.24607401851886,0.0202459570597567,1.00155274933826,337.425725047067,900.60751740037,0,0,FALSE,TRUE,FALSE,FALSE,FALSE,"bulk ESS < 400"
"log_selcoffs_fsh[4][36]",TRUE,0.664109372791014,0.694773065208738,0.426714921146534,-0.262754967974536,0.391824386162237,0.968807508254978,1.40493667455146,0.0275215932637451,1.00373338337671,238.576649376802,520.819591320521,0,0,FALSE,TRUE,FALSE,FALSE,FALSE,"bulk ESS < 400"
"log_selcoffs_fsh[4][37]",TRUE,-1.84137276300951,-1.80783125721852,1.00984184104032,-3.92920393186962,-2.50830066016662,-1.13343103770719,0.0192477079349763,0.0707700766081674,1.00729821785106,205.895373301774,486.753079178728,0,0,FALSE,TRUE,FALSE,FALSE,FALSE,"bulk ESS < 400"
"log_selcoffs_fsh[4][38]",TRUE,-1.53397868490036,-1.49337648772138,0.779094667017743,-3.14534270119168,-2.03709095317197,-0.999260983674601,-0.142320853466967,0.062088072558034,1.00776096674143,161.550168915533,314.656438895858,0,0,FALSE,TRUE,TRUE,FALSE,FALSE,"bulk ESS < 400; tail ESS < 400"
"log_selcoffs_fsh[4][39]",TRUE,-1.19255522378925,-1.15265226236312,0.672532079952234,-2.58323378966513,-1.63819147280501,-0.725429087069497,-0.00959732791669368,0.0535960270010264,1.00726662144489,160.883366209544,278.74854855471,0,0,FALSE,TRUE,TRUE,FALSE,FALSE,"bulk ESS < 400; tail ESS < 400"
"log_selcoffs_fsh[4][40]",TRUE,-0.788517202497718,-0.754898450037581,0.586529241792528,-2.02617780887945,-1.17299893244451,-0.380984371808463,0.265021259612867,0.0424119054659333,1.00486673301638,196.065616338666,332.203691319361,0,0,FALSE,TRUE,TRUE,FALSE,FALSE,"bulk ESS < 400; tail ESS < 400"
"log_selcoffs_fsh[4][41]",TRUE,-0.344547762851874,-0.320526807688633,0.511235750971701,-1.3893271548399,-0.688295099743994,0.0164407825342569,0.623141777278763,0.0298364433309031,1.00356140894083,297.981231989779,368.751741040132,0,0,FALSE,TRUE,TRUE,FALSE,FALSE,"bulk ESS < 400; tail ESS < 400"
"log_selcoffs_fsh[4][42]",TRUE,0.088882956525243,0.124580752307504,0.423228649617624,-0.797420245776371,-0.196671346235284,0.392252388780385,0.842266238615877,0.0165506999930016,1.00052585380402,686.947643782311,1255.68978050224,0,0,FALSE,FALSE,FALSE,FALSE,TRUE,"passes screening"
"log_selcoffs_fsh[4][43]",TRUE,0.421423495876792,0.440782383621943,0.350130333999366,-0.310826397358311,0.202236850034194,0.658324568150262,1.07031531068426,0.00928143113706168,1.00100456689242,1445.23860976807,1714.80338353377,0,0,FALSE,FALSE,FALSE,FALSE,TRUE,"passes screening"
"log_selcoffs_fsh[4][44]",TRUE,0.609944665850407,0.634800238005603,0.362806030924996,-0.163859276160122,0.37408314396632,0.866397373676905,1.25962662467961,0.0198631416455489,1.00143270984278,337.856058387476,1068.08824712988,0,0,FALSE,TRUE,FALSE,FALSE,FALSE,"bulk ESS < 400"
"log_selcoffs_fsh[4][45]",TRUE,0.665786064807151,0.68555290212418,0.408732353074874,-0.195133553363315,0.394633112386412,0.96386068137165,1.377178419079,0.0263719156098485,1.0043609144964,241.964594290307,727.78738439765,0,0,FALSE,TRUE,FALSE,FALSE,FALSE,"bulk ESS < 400"
"log_selcoffs_fsh[4][46]",TRUE,-1.74644441697946,-1.68432173770223,0.984236888008912,-3.78452753091306,-2.39170120645652,-1.05626194391842,0.0409326419142119,0.0722422701351261,1.00776903279189,189.670719488317,455.985147888762,0,0,FALSE,TRUE,FALSE,FALSE,FALSE,"bulk ESS < 400"
"log_selcoffs_fsh[4][47]",TRUE,-1.43503416880188,-1.39132636161408,0.776911125375733,-3.02956022823943,-1.9272119471032,-0.895567124759983,-0.0359285424069081,0.0643941925376736,1.01080011638178,148.71176194517,301.091575162523,0,0,TRUE,TRUE,TRUE,FALSE,FALSE,"Rhat > 1.01; bulk ESS < 400; tail ESS < 400"
"log_selcoffs_fsh[4][48]",TRUE,-1.15387622922893,-1.11399678310387,0.670017616607347,-2.59629999297073,-1.58691298548756,-0.691394411284937,0.0717603840374131,0.0522098892677461,1.00768855556333,170.754238792825,293.533031202419,0,0,FALSE,TRUE,TRUE,FALSE,FALSE,"bulk ESS < 400; tail ESS < 400"
"log_selcoffs_fsh[4][49]",TRUE,-0.778140299971507,-0.73508276093346,0.576633326291681,-1.98945328809912,-1.14334411761378,-0.389052528087554,0.284477455232624,0.0421727414703335,1.0061085567946,193.198364961678,286.391748841459,0,0,FALSE,TRUE,TRUE,FALSE,FALSE,"bulk ESS < 400; tail ESS < 400"
"log_selcoffs_fsh[4][50]",TRUE,-0.339719683166339,-0.323280291056466,0.49066284408716,-1.32692621321755,-0.657854379218154,0.0141041225798747,0.546688512063349,0.0290199617001436,1.00406260706236,295.24932678405,476.361459191395,0,0,FALSE,TRUE,FALSE,FALSE,FALSE,"bulk ESS < 400"
"log_selcoffs_fsh[4][51]",TRUE,0.0850399986378015,0.10561565685327,0.404804491284802,-0.753040088904326,-0.18425104390441,0.372656223381931,0.847584214784647,0.0151633203461115,1.00059416269341,730.170117533067,1523.52936351202,0,0,FALSE,FALSE,FALSE,FALSE,TRUE,"passes screening"
"log_selcoffs_fsh[4][52]",TRUE,0.418508140254099,0.414650828895847,0.348814943385242,-0.266114246301856,0.183300603056314,0.661336419364872,1.07434126493729,0.0113163269730729,1.00330703383512,965.097427835712,1602.40129778562,0,0,FALSE,FALSE,FALSE,FALSE,TRUE,"passes screening"
"log_selcoffs_fsh[4][53]",TRUE,0.603289604513773,0.625163427797851,0.368151392510439,-0.178575942031235,0.366684015738701,0.86329315821314,1.2523627719881,0.0187372612672273,1.00008093498743,391.469273586817,1090.18213946611,0,0,FALSE,TRUE,FALSE,FALSE,FALSE,"bulk ESS < 400"
"log_selcoffs_fsh[4][54]",TRUE,0.654565972890067,0.677584555285548,0.405316405943494,-0.204760429021738,0.392930287880369,0.941453104977427,1.38025658999504,0.0266909151482135,1.0041506980211,230.1279747888,759.083983211501,0,0,FALSE,TRUE,FALSE,FALSE,FALSE,"bulk ESS < 400"
"log_selcoffs_fsh[4][55]",TRUE,-1.62532646989232,-1.59126951700014,0.965979190555501,-3.6235430649857,-2.26555022374859,-0.919533941068978,0.139584587661978,0.0738460358294168,1.00833409570866,173.102833257369,387.347280575566,0,0,FALSE,TRUE,TRUE,FALSE,FALSE,"bulk ESS < 400; tail ESS < 400"
"log_selcoffs_fsh[4][56]",TRUE,-1.33164037694901,-1.27798913103222,0.755495692145545,-2.92732473472946,-1.81169483252444,-0.791988056345299,-0.00970295375154385,0.0633969889566278,1.01005935392292,145.064209495423,315.606511491962,0,0,TRUE,TRUE,TRUE,FALSE,FALSE,"Rhat > 1.01; bulk ESS < 400; tail ESS < 400"
"log_selcoffs_fsh[4][57]",TRUE,-1.0316910404885,-0.986017814218099,0.657649113560951,-2.4030718422849,-1.44824711311867,-0.573662906237733,0.133703536414077,0.0554331254634689,1.00992234946961,145.136622685787,269.501939844338,0,0,FALSE,TRUE,TRUE,FALSE,FALSE,"bulk ESS < 400; tail ESS < 400"
"log_selcoffs_fsh[4][58]",TRUE,-0.728458476681272,-0.710633050389214,0.565176402781953,-1.91934286725574,-1.09192373057654,-0.315747357408644,0.271774092963305,0.0421501022544577,1.00661127893347,187.239374268009,330.638577506215,0,0,FALSE,TRUE,TRUE,FALSE,FALSE,"bulk ESS < 400; tail ESS < 400"
"log_selcoffs_fsh[4][59]",TRUE,-0.352869896654565,-0.333048401982594,0.472399577374054,-1.34889406575225,-0.665134981836555,-0.0219465299824221,0.518093165436431,0.0284577917218068,1.00442007880875,283.980765780865,612.6842659256,0,0,FALSE,TRUE,FALSE,FALSE,FALSE,"bulk ESS < 400"
"log_selcoffs_fsh[4][60]",TRUE,0.077168853644243,0.0953322831217631,0.398484663874331,-0.722168321650203,-0.197333345713261,0.361178297644266,0.834075485110702,0.0147694634192247,1.00209592799107,746.098482152117,1245.61628861459,0,0,FALSE,FALSE,FALSE,FALSE,TRUE,"passes screening"
"log_selcoffs_fsh[4][61]",TRUE,0.40362026140646,0.416759882422811,0.355574282533672,-0.329320550136946,0.178522501558532,0.648368405675439,1.04127949098469,0.0118301732628242,1.0031145746757,945.343611114083,1991.25954034918,0,0,FALSE,FALSE,FALSE,FALSE,TRUE,"passes screening"
"log_selcoffs_fsh[4][62]",TRUE,0.580514240951251,0.599969018682812,0.369547948961044,-0.21069416887207,0.347089908127661,0.840844461581018,1.24625697757345,0.019473370909472,1.00237319064488,364.428783899766,945.171100239318,0,0,FALSE,TRUE,FALSE,FALSE,FALSE,"bulk ESS < 400"
"log_selcoffs_fsh[4][63]",TRUE,0.628148140951867,0.644637697869196,0.400957897620908,-0.226041731987478,0.366958005324958,0.916432031507933,1.35554478509909,0.025694726409061,1.00510409848528,242.995833769844,843.563091386758,0,0,FALSE,TRUE,FALSE,FALSE,FALSE,"bulk ESS < 400"
"log_selcoffs_fsh[4][64]",TRUE,-1.49827196391967,-1.44524922662838,0.96181192455821,-3.50314107976888,-2.15663602991138,-0.803048991416322,0.266950018463178,0.0716316438035689,1.00754503263969,185.999859248203,318.733809652241,0,0,FALSE,TRUE,TRUE,FALSE,FALSE,"bulk ESS < 400; tail ESS < 400"
"log_selcoffs_fsh[4][65]",TRUE,-1.21480886008961,-1.15356493800187,0.730129339846772,-2.77240085257182,-1.66315701052185,-0.694386238897939,0.0424540375219801,0.0624027504367154,1.01024482670838,142.573951804489,214.125946713169,0,0,TRUE,TRUE,TRUE,FALSE,FALSE,"Rhat > 1.01; bulk ESS < 400; tail ESS < 400"
"log_selcoffs_fsh[4][66]",TRUE,-0.939078211063422,-0.88568540795325,0.637382133646354,-2.27553386726826,-1.34862068140518,-0.481198555109325,0.178048785276279,0.052883093014953,1.00783919576862,150.660357439774,281.030517553136,0,0,FALSE,TRUE,TRUE,FALSE,FALSE,"bulk ESS < 400; tail ESS < 400"
"log_selcoffs_fsh[4][67]",TRUE,-0.633965006213457,-0.59795105265768,0.558209596332403,-1.84610684556271,-0.978109178550654,-0.240286885551745,0.326288204434882,0.0414624577247811,1.00481920312961,192.636872320722,294.823272428246,0,0,FALSE,TRUE,TRUE,FALSE,FALSE,"bulk ESS < 400; tail ESS < 400"
"log_selcoffs_fsh[4][68]",TRUE,-0.306762214441245,-0.287273238145945,0.47434083863291,-1.27995087294322,-0.60811458242337,0.022665994432337,0.561258149198703,0.0267703642155484,1.0027203333623,322.293508252634,727.703106146054,0,0,FALSE,TRUE,FALSE,FALSE,FALSE,"bulk ESS < 400"
"log_selcoffs_fsh[4][69]",TRUE,0.0644874860425147,0.0874458502499547,0.404259610708901,-0.766278737250569,-0.200600184581404,0.350016999635448,0.78902284846311,0.0145081918326732,1.00191260546562,825.205679958734,1593.49817444204,0,0,FALSE,FALSE,FALSE,FALSE,TRUE,"passes screening"
"log_selcoffs_fsh[4][70]",TRUE,0.371572049732602,0.384568598124487,0.366258185353818,-0.403522903224686,0.132140790687092,0.62957624356398,1.05155307132852,0.0112431520999815,1.00371512907246,1119.7518690845,1317.70113991138,0,0,FALSE,FALSE,FALSE,FALSE,TRUE,"passes screening"
"log_selcoffs_fsh[4][71]",TRUE,0.548130549962385,0.571018108098791,0.370696269803733,-0.239672825933516,0.312857640539296,0.798523778616602,1.21546326255097,0.0213570481165008,1.0013370274303,303.714331978792,1016.53265751565,0,0,FALSE,TRUE,FALSE,FALSE,FALSE,"bulk ESS < 400"
"log_selcoffs_fsh[4][72]",TRUE,0.59818437431763,0.624997773313409,0.405776136804371,-0.26552373922592,0.329107675712457,0.886263056325474,1.31843905228423,0.025981354623108,1.00677801043881,243.638630769537,772.39965541068,0,0,FALSE,TRUE,FALSE,FALSE,FALSE,"bulk ESS < 400"
"log_selcoffs_fsh[4][73]",TRUE,-1.32173187691284,-1.27148077757591,0.936925989092076,-3.28927992395012,-1.93064922620469,-0.65997971560155,0.399126063758312,0.0708811956914829,1.00898999103157,181.240648693458,312.137054913491,0,0,FALSE,TRUE,TRUE,FALSE,FALSE,"bulk ESS < 400; tail ESS < 400"
"log_selcoffs_fsh[4][74]",TRUE,-1.06201582239296,-1.01530743951196,0.710253802389681,-2.55148505532243,-1.50779692628412,-0.557820665964393,0.174463027808752,0.0626948575418509,1.01073373271401,134.077605771188,196.190964011918,0,0,TRUE,TRUE,TRUE,FALSE,FALSE,"Rhat > 1.01; bulk ESS < 400; tail ESS < 400"
"log_selcoffs_fsh[4][75]",TRUE,-0.829478904415967,-0.79023238756847,0.609069657579332,-2.14443790700505,-1.23074717886394,-0.395036560289847,0.250447178848429,0.0525736688523931,1.00946385214415,141.440534472309,238.447426564476,0,0,FALSE,TRUE,TRUE,FALSE,FALSE,"bulk ESS < 400; tail ESS < 400"
"log_selcoffs_fsh[4][76]",TRUE,-0.572120939989882,-0.5421680069094,0.529595726818264,-1.69860439062072,-0.91374070094143,-0.205219980106579,0.395755997281212,0.0400836201247801,1.00620915283934,185.041553772988,326.902147562603,0,0,FALSE,TRUE,TRUE,FALSE,FALSE,"bulk ESS < 400; tail ESS < 400"
"log_selcoffs_fsh[4][77]",TRUE,-0.258813838897988,-0.233314207495233,0.468891388427868,-1.22569414936528,-0.559952056599541,0.0661905553418465,0.591347982936683,0.0249526993598043,1.00312594924316,358.930172768005,803.537177060013,0,0,FALSE,TRUE,FALSE,FALSE,FALSE,"bulk ESS < 400"
"log_selcoffs_fsh[4][78]",TRUE,0.0510745998634573,0.0671938513288476,0.409422823998261,-0.753215372515603,-0.235940673795771,0.341670186119424,0.816125120054345,0.0132105798618105,1.0025640078765,971.418833218399,1700.10187132724,0,0,FALSE,FALSE,FALSE,FALSE,TRUE,"passes screening"
"log_selcoffs_fsh[4][79]",TRUE,0.3264163120205,0.341471483572375,0.379040866685114,-0.448377442850951,0.0753466568108649,0.589976241496304,1.01102651328382,0.0162784066223437,1.00301786928564,559.301567752612,1747.55184966381,0,0,FALSE,FALSE,FALSE,FALSE,TRUE,"passes screening"
"log_selcoffs_fsh[4][80]",TRUE,0.50432332258878,0.51642409548348,0.38339443184485,-0.306332761072954,0.261028032599099,0.771767574342077,1.19717762787537,0.0251459751005495,1.00647357938958,230.34241045662,743.67292889612,0,0,FALSE,TRUE,FALSE,FALSE,FALSE,"bulk ESS < 400"
"log_selcoffs_fsh[4][81]",TRUE,0.563450040029237,0.592118795842318,0.409211154615806,-0.278854694573212,0.288112018947859,0.856575994649612,1.28703006969783,0.0283767902631723,1.00653799366842,205.998179500409,855.554304509568,0,0,FALSE,TRUE,FALSE,FALSE,FALSE,"bulk ESS < 400"
"log_selcoffs_fsh[4][82]",TRUE,-1.15595899892613,-1.10671235887354,0.915817501330648,-3.05508957727903,-1.72838418355371,-0.532033108625211,0.481576491315308,0.0681853820534703,1.00827044735841,189.076693411095,364.071307815268,0,0,FALSE,TRUE,TRUE,FALSE,FALSE,"bulk ESS < 400; tail ESS < 400"
"log_selcoffs_fsh[4][83]",TRUE,-0.897836224188089,-0.825106695374725,0.692025030668101,-2.40930423608456,-1.32143047095317,-0.399725970178804,0.290819969873876,0.0603733676443376,1.00944782666489,140.613529529607,175.877556762502,0,0,FALSE,TRUE,TRUE,FALSE,FALSE,"bulk ESS < 400; tail ESS < 400"
"log_selcoffs_fsh[4][84]",TRUE,-0.660241033754532,-0.618501697513006,0.59470471068299,-1.96870674916629,-1.03195466821453,-0.239341636459014,0.368613800742011,0.0510507555638268,1.00801473367859,145.563762678744,213.549332738534,0,0,FALSE,TRUE,TRUE,FALSE,FALSE,"bulk ESS < 400; tail ESS < 400"
"log_selcoffs_fsh[4][85]",TRUE,-0.493216280205413,-0.454459377309378,0.526709430422432,-1.63319802499506,-0.830008470986747,-0.129743420727128,0.461782395486063,0.038997608439979,1.00635591421136,193.714362807926,287.016416126501,0,0,FALSE,TRUE,TRUE,FALSE,FALSE,"bulk ESS < 400; tail ESS < 400"
"log_selcoffs_fsh[4][86]",TRUE,-0.280480884242402,-0.265950578522888,0.459493644637126,-1.21786630583434,-0.584669374849155,0.0412574885003897,0.574069338693993,0.0247366811796751,1.00480832465928,352.581056297942,1073.43857035395,0,0,FALSE,TRUE,FALSE,FALSE,FALSE,"bulk ESS < 400"
"log_selcoffs_fsh[4][87]",TRUE,0.00578355869165658,0.0228714442611139,0.41168061737926,-0.807837215202282,-0.27633836936635,0.303827085530356,0.785791144515931,0.0140445882923387,1.00122885788146,866.78142382269,2132.00365927637,0,0,FALSE,FALSE,FALSE,FALSE,TRUE,"passes screening"
"log_selcoffs_fsh[4][88]",TRUE,0.26883977061117,0.279656718701629,0.386129738894787,-0.490488165568677,0.0135200667925105,0.533602005960299,1.0066635525971,0.017299150215818,1.00248037342234,493.910222372808,1448.92818714348,0,0,FALSE,FALSE,FALSE,FALSE,TRUE,"passes screening"
"log_selcoffs_fsh[4][89]",TRUE,0.432753300799441,0.448822960402253,0.390107964079981,-0.395111894395694,0.175017285304808,0.713462097153875,1.11514805200691,0.0266218607838784,1.00615091700608,212.053788681553,976.986348679804,0,0,FALSE,TRUE,FALSE,FALSE,FALSE,"bulk ESS < 400"
"log_selcoffs_fsh[4][90]",TRUE,0.507172848334569,0.527811741951354,0.424745409103475,-0.373845708865956,0.23342848901666,0.808725333298449,1.2737948282304,0.0311982389631466,1.00776199841788,186.261116831026,777.218387250376,0,0,FALSE,TRUE,FALSE,FALSE,FALSE,"bulk ESS < 400"
"log_selcoffs_fsh[4][91]",TRUE,-0.992921176776375,-0.93355038167138,0.905374651655464,-2.92991419521382,-1.57308773225107,-0.361282157589409,0.579858760177635,0.0682966676839363,1.00965045942649,184.571604899895,304.799151050699,0,0,FALSE,TRUE,TRUE,FALSE,FALSE,"bulk ESS < 400; tail ESS < 400"
"log_selcoffs_fsh[4][92]",TRUE,-0.745021055656027,-0.68204496009284,0.656790340919161,-2.15402939479848,-1.14865092301768,-0.286245562611397,0.368678074520457,0.0567845166692729,1.00953534395858,142.738147141952,175.968024852862,0,0,FALSE,TRUE,TRUE,FALSE,FALSE,"bulk ESS < 400; tail ESS < 400"
"log_selcoffs_fsh[4][93]",TRUE,-0.496947818841813,-0.449931144258731,0.556090448878547,-1.71547976868188,-0.84431602100534,-0.0992316564303457,0.464516662935691,0.0471762908357786,1.00887157230199,148.911821378291,190.086517581433,0,0,FALSE,TRUE,TRUE,FALSE,FALSE,"bulk ESS < 400; tail ESS < 400"
"log_selcoffs_fsh[4][94]",TRUE,-0.329436613882215,-0.301223422823359,0.500668422596798,-1.34932276675341,-0.64466032592764,0.0261530967099741,0.580595266110058,0.0357719120725026,1.00553844604403,204.172978817955,517.292061033816,0,0,FALSE,TRUE,FALSE,FALSE,FALSE,"bulk ESS < 400"
"log_selcoffs_fsh[4][95]",TRUE,-0.225359717932607,-0.21023843895273,0.450040025867297,-1.11546927949224,-0.52845022921609,0.0854053487420228,0.620151196921448,0.0227846132506394,1.00331909294278,391.424159669767,1029.8558582636,0,0,FALSE,TRUE,FALSE,FALSE,FALSE,"bulk ESS < 400"
"log_selcoffs_fsh[4][96]",TRUE,-0.0526282585648612,-0.0312050542584257,0.409758250684162,-0.906848868257495,-0.316616682923063,0.230470277510899,0.706511121084391,0.0149718539567867,1.00288063511494,754.134485902539,1560.98575513626,0,0,FALSE,FALSE,FALSE,FALSE,TRUE,"passes screening"
"log_selcoffs_fsh[4][97]",TRUE,0.181455557527891,0.204291054136314,0.393286878757207,-0.672779153997391,-0.0708032454890111,0.447758461664172,0.891353107221529,0.0160519049936967,1.00216584055914,603.400146326943,903.868751554498,0,0,FALSE,FALSE,FALSE,FALSE,TRUE,"passes screening"
"log_selcoffs_fsh[4][98]",TRUE,0.36443264097139,0.381469543130384,0.411025580495778,-0.477541774300995,0.0997511721537799,0.648547476355736,1.09425503807895,0.0299614943595458,1.00729918515911,186.100635569713,862.077194319871,0,0,FALSE,TRUE,FALSE,FALSE,FALSE,"bulk ESS < 400"
"log_selcoffs_fsh[4][99]",TRUE,0.453169241174427,0.483646301268125,0.443300355543132,-0.463822684044822,0.164072415373126,0.76249000603694,1.26328984771826,0.0332128789338603,1.0056667410088,177.506607852359,598.694276108319,0,0,FALSE,TRUE,FALSE,FALSE,FALSE,"bulk ESS < 400"
"log_selcoffs_fsh[4][100]",TRUE,-0.841449815561964,-0.756872649337194,0.879257213386128,-2.72560414464739,-1.40604961146629,-0.20290926619948,0.679906998608279,0.0648659471230456,1.00697361073909,191.085362202088,365.494329545559,0,0,FALSE,TRUE,TRUE,FALSE,FALSE,"bulk ESS < 400; tail ESS < 400"
"log_selcoffs_fsh[4][101]",TRUE,-0.632743200075003,-0.581681153373076,0.62413683307657,-2.00930901977932,-1.01445762327568,-0.191783315321469,0.454009284544191,0.0524038643476515,1.00783558279263,151.737274797523,208.715841566323,0,0,FALSE,TRUE,TRUE,FALSE,FALSE,"bulk ESS < 400; tail ESS < 400"
"log_selcoffs_fsh[4][102]",TRUE,-0.402215388385402,-0.356773641258966,0.530864582383189,-1.54976060317153,-0.733639606276071,-0.030821347750077,0.529908376235368,0.0411715315018024,1.00701067167014,175.49261194248,318.446231361617,0,0,FALSE,TRUE,TRUE,FALSE,FALSE,"bulk ESS < 400; tail ESS < 400"
"log_selcoffs_fsh[4][103]",TRUE,-0.216540021920097,-0.186356396201674,0.494775512116253,-1.23209049157589,-0.520711082388984,0.123811544647059,0.687611605774229,0.0317956800890781,1.00339497037331,251.774236730647,566.633567270548,0,0,FALSE,TRUE,FALSE,FALSE,FALSE,"bulk ESS < 400"
"log_selcoffs_fsh[4][104]",TRUE,-0.119569814812666,-0.104906153320285,0.440994086693363,-0.997335431560108,-0.41718211564395,0.19137536433709,0.691696850618803,0.0194303362257539,1.00244730722151,517.987568275791,1036.91143132168,0,0,FALSE,FALSE,FALSE,FALSE,TRUE,"passes screening"
"log_selcoffs_fsh[4][105]",TRUE,-0.0648452481986378,-0.0398110594336836,0.417594327118836,-0.916517795631567,-0.345416796503747,0.226209581807311,0.720312768609742,0.0135677132146479,1.00199747870416,946.70874515611,1975.04951049219,0,0,FALSE,FALSE,FALSE,FALSE,TRUE,"passes screening"
"log_selcoffs_fsh[4][106]",TRUE,0.0771960089404172,0.0913901998203568,0.393169262430046,-0.716797749313624,-0.181031252109593,0.350287274895247,0.805656336520052,0.0164263927544059,1.0011777630489,577.987111517265,1289.45993952032,0,0,FALSE,FALSE,FALSE,FALSE,TRUE,"passes screening"
"log_selcoffs_fsh[4][107]",TRUE,0.260211183171082,0.270737269000827,0.4187112795267,-0.597831244041736,-0.0150083128430908,0.550744601084769,1.03096077260796,0.0300154913087159,1.0041515592211,191.775717250141,464.307615770767,0,0,FALSE,TRUE,FALSE,FALSE,FALSE,"bulk ESS < 400"
"log_selcoffs_fsh[4][108]",TRUE,0.379786162782052,0.403859122079027,0.450212292763218,-0.559292009773151,0.0790654979138231,0.69843574685776,1.20859431352753,0.0348739253124436,1.00548655164774,166.577492925019,717.367114334091,0,0,FALSE,TRUE,FALSE,FALSE,FALSE,"bulk ESS < 400"
"log_selcoffs_fsh[4][109]",TRUE,-0.704447417369462,-0.612335296406704,0.86685850194682,-2.62500680546902,-1.24615214606273,-0.077215722899118,0.77804946562633,0.065491334116014,1.00794812362378,186.21412603404,278.567459315646,0,0,FALSE,TRUE,TRUE,FALSE,FALSE,"bulk ESS < 400; tail ESS < 400"
"log_selcoffs_fsh[4][110]",TRUE,-0.530124274586351,-0.47474212374478,0.60649846481638,-1.86923494650217,-0.897405706894758,-0.103492770755509,0.508631549234732,0.0509681439365668,1.00955100447798,150.622765990414,252.411948283681,0,0,FALSE,TRUE,TRUE,FALSE,FALSE,"bulk ESS < 400; tail ESS < 400"
"log_selcoffs_fsh[4][111]",TRUE,-0.356274517904916,-0.321460048702551,0.510047604105433,-1.47466073974284,-0.672545962921123,0.00188943845241231,0.508640213147448,0.0378575397939933,1.0070965602849,191.62871154831,375.630257579489,0,0,FALSE,TRUE,TRUE,FALSE,FALSE,"bulk ESS < 400; tail ESS < 400"
"log_selcoffs_fsh[4][112]",TRUE,-0.182939034838213,-0.165037563266661,0.472555057692947,-1.17533238704355,-0.490844719178225,0.149803131916538,0.691542324676182,0.0258885081779604,1.00323134321578,337.654955460722,595.198819797757,0,0,FALSE,TRUE,FALSE,FALSE,FALSE,"bulk ESS < 400"
"log_selcoffs_fsh[4][113]",TRUE,-0.067906406376109,-0.0586751131072347,0.439524776419434,-0.970899263203907,-0.357116640489966,0.233957934962159,0.748037076581478,0.0181130939112646,1.00061582956115,590.221000084137,1225.93950121059,0,0,FALSE,FALSE,FALSE,FALSE,TRUE,"passes screening"
"log_selcoffs_fsh[4][114]",TRUE,-0.0271278428752437,-0.0113067423151843,0.42046297517146,-0.896366348242154,-0.304706984804915,0.264297032235928,0.751370335495129,0.0144495101862896,1.00062595849483,844.493193169409,1689.21081549006,0,0,FALSE,FALSE,FALSE,FALSE,TRUE,"passes screening"
"log_selcoffs_fsh[4][115]",TRUE,0.0393974299307354,0.0614843115805208,0.406689972329293,-0.771231356902022,-0.236019161633042,0.328146217913794,0.763644991287614,0.0165088647639943,1.00044392434669,601.934658389098,1348.9966733081,0,0,FALSE,FALSE,FALSE,FALSE,TRUE,"passes screening"
"log_selcoffs_fsh[4][116]",TRUE,0.174762862557668,0.196705570783263,0.428066058615811,-0.712355459954114,-0.110899200512609,0.470281112573933,0.956913122580907,0.0296551686577672,1.00376357815584,204.641085754212,635.336856634795,0,0,FALSE,TRUE,FALSE,FALSE,FALSE,"bulk ESS < 400"
"log_selcoffs_fsh[4][117]",TRUE,0.291124041282412,0.303525887141908,0.462233263635161,-0.650676967693347,-0.0175316990888405,0.61610994076524,1.15453783928695,0.0365299532163334,1.00300006713826,160.134921386245,624.853016959512,0,0,FALSE,TRUE,FALSE,FALSE,FALSE,"bulk ESS < 400"
"log_selcoffs_fsh[4][118]",TRUE,-0.566439803788376,-0.476834334603208,0.870675225531421,-2.52107805239004,-1.1245992954135,0.0850711337423423,0.88565629881031,0.0627393786584533,1.00857463042183,216.765162490515,304.208843413222,0,0,FALSE,TRUE,TRUE,FALSE,FALSE,"bulk ESS < 400; tail ESS < 400"
"log_selcoffs_fsh[4][119]",TRUE,-0.407615610249494,-0.349628864148131,0.58879747645801,-1.73059649767647,-0.766888255022425,-0.00184726259171603,0.590657721537192,0.0461606217822363,1.01022136248205,175.936913075163,233.891104461446,0,0,TRUE,TRUE,TRUE,FALSE,FALSE,"Rhat > 1.01; bulk ESS < 400; tail ESS < 400"
"log_selcoffs_fsh[4][120]",TRUE,-0.271013497412601,-0.246466885387128,0.49073459673436,-1.28523629740317,-0.587417789313573,0.0742463602678181,0.606919911348023,0.0322924141039313,1.0069666815107,242.197713827187,418.94595530761,0,0,FALSE,TRUE,FALSE,FALSE,FALSE,"bulk ESS < 400"
"log_selcoffs_fsh[4][121]",TRUE,-0.159889106216046,-0.131890983101049,0.460017806761546,-1.12215341964413,-0.45161286453458,0.152778348390245,0.685177179373295,0.0220072921361448,1.00122168313723,434.031891524184,1224.86320337936,0,0,FALSE,FALSE,FALSE,FALSE,TRUE,"passes screening"
"log_selcoffs_fsh[4][122]",TRUE,-0.0897546974698357,-0.0774629279575356,0.442696296859197,-0.996075477943182,-0.372991106901341,0.21940839472943,0.730327625652587,0.0165453983365637,1.00074134337603,715.52022501947,1421.21157047745,0,0,FALSE,FALSE,FALSE,FALSE,TRUE,"passes screening"
"log_selcoffs_fsh[4][123]",TRUE,-0.0434497487555315,-0.0287142685109649,0.429335333976382,-0.929858999271178,-0.333206102595907,0.253195802692708,0.749736071429396,0.0144990029408408,1.00057803715092,882.016961069577,1862.91946520126,0,0,FALSE,FALSE,FALSE,FALSE,TRUE,"passes screening"
"log_selcoffs_fsh[4][124]",TRUE,0.0212350876147411,0.0401388729283288,0.41800170159031,-0.869179693904125,-0.242169762562001,0.312545931261488,0.788060418284187,0.0160594924792609,1.00068819940258,682.462693992618,897.1060812253,0,0,FALSE,FALSE,FALSE,FALSE,TRUE,"passes screening"
"log_selcoffs_fsh[4][125]",TRUE,0.121836007218884,0.146073022027979,0.429436943033758,-0.754681214430067,-0.160228346056478,0.421887102578905,0.893677553586376,0.0282088278658179,1.00451237277115,227.129255897517,746.41256257587,0,0,FALSE,TRUE,FALSE,FALSE,FALSE,"bulk ESS < 400"
"log_selcoffs_fsh[4][126]",TRUE,0.209004142782536,0.229091934755389,0.458095819251996,-0.741699917406162,-0.0972939705293282,0.53730797796683,1.03951257388069,0.0341845396905881,1.00156547464561,178.192033556249,629.526500776445,0,0,FALSE,TRUE,FALSE,FALSE,FALSE,"bulk ESS < 400"
"log_selcoffs_fsh[4][127]",TRUE,-0.437587067473607,-0.353655019745996,0.851317350118697,-2.3272319254595,-0.973507872493541,0.172626232216135,0.986802783764549,0.0569805398257433,1.00994524225569,261.64051431897,293.310148405262,0,0,FALSE,TRUE,TRUE,FALSE,FALSE,"bulk ESS < 400; tail ESS < 400"
"log_selcoffs_fsh[4][128]",TRUE,-0.30923969518071,-0.2715510032809,0.559320558737663,-1.53642587681177,-0.630890968106517,0.0878569450107224,0.670522769570098,0.0410606436053339,1.01053524915573,204.124765441544,251.30601650712,0,0,TRUE,TRUE,TRUE,FALSE,FALSE,"Rhat > 1.01; bulk ESS < 400; tail ESS < 400"
"log_selcoffs_fsh[4][129]",TRUE,-0.1981269189164,-0.170140488287943,0.471340547558903,-1.19439083960913,-0.487516243235928,0.142297239028903,0.638583887522673,0.0284207878973534,1.00490862243683,292.861027260316,544.209647450386,0,0,FALSE,TRUE,FALSE,FALSE,FALSE,"bulk ESS < 400"
"log_selcoffs_fsh[4][130]",TRUE,-0.141634269223331,-0.120614838225558,0.450578198699256,-1.07313649427632,-0.435846422181786,0.177989359460916,0.675651874528362,0.0195149051372906,1.00190629199602,534.5392932274,1232.14398638779,0,0,FALSE,FALSE,FALSE,FALSE,TRUE,"passes screening"
"log_selcoffs_fsh[4][131]",TRUE,-0.100284759116599,-0.0869498584538551,0.444651495823658,-1.04280135945702,-0.383095771948074,0.211350752290555,0.70982866694345,0.0157863490600938,1.0008393802611,797.185041791534,1661.79044942311,0,0,FALSE,FALSE,FALSE,FALSE,TRUE,"passes screening"
"log_selcoffs_fsh[4][132]",TRUE,-0.0613979643392912,-0.0472515802632373,0.430044790209239,-0.955404826801315,-0.337038006557017,0.24554234602082,0.716384700038785,0.0149271425883966,1.00239354203719,830.377950833437,1705.62180165868,0,0,FALSE,FALSE,FALSE,FALSE,TRUE,"passes screening"
"log_selcoffs_fsh[4][133]",TRUE,-0.0169698529092039,0.0042307018132042,0.423393083738269,-0.919147327690618,-0.280569186404458,0.275371413121982,0.75974783443913,0.0175707049806966,1.0028667947663,563.379953678281,1119.13869221365,0,0,FALSE,FALSE,FALSE,FALSE,TRUE,"passes screening"
"log_selcoffs_fsh[4][134]",TRUE,0.0584915234020319,0.0826534849295178,0.44162676971649,-0.846087430662733,-0.237090998770529,0.364281211171912,0.849115291512558,0.0296014624940174,1.00290443051221,220.20189175593,764.076529205972,0,0,FALSE,TRUE,FALSE,FALSE,FALSE,"bulk ESS < 400"
"log_selcoffs_fsh[4][135]",TRUE,0.126479632094737,0.134338045265466,0.456355032405521,-0.782719019478163,-0.175741897026605,0.455946484186795,0.969577534885622,0.0320454921563995,1.00182866376796,201.879301374206,790.875053545986,0,0,FALSE,TRUE,FALSE,FALSE,FALSE,"bulk ESS < 400"
"log_selcoffs_fsh[4][136]",TRUE,-0.314353311668252,-0.234524328244554,0.808092395796977,-2.15005519774406,-0.809087690127466,0.267652890983812,0.991011365252723,0.0524171563514005,1.00922403597096,282.496869051907,477.546910919454,0,0,FALSE,TRUE,FALSE,FALSE,FALSE,"bulk ESS < 400"
"log_selcoffs_fsh[4][137]",TRUE,-0.195457508112176,-0.152423922844375,0.534703914797475,-1.3896731611259,-0.529758266490434,0.19318929689455,0.700575517069553,0.0375798386387118,1.00580659913639,228.424950587235,293.915750171612,0,0,FALSE,TRUE,TRUE,FALSE,FALSE,"bulk ESS < 400; tail ESS < 400"
"log_selcoffs_fsh[4][138]",TRUE,-0.134530556639683,-0.116915469519376,0.459503433373826,-1.09128269650734,-0.419924561731571,0.176847334845456,0.7194664694497,0.0246990771425409,1.00301905577207,360.627818204508,813.107121992224,0,0,FALSE,TRUE,FALSE,FALSE,FALSE,"bulk ESS < 400"
"log_selcoffs_fsh[4][139]",TRUE,-0.116564835780946,-0.0984112968885597,0.43972861104978,-0.99918183845401,-0.41219007108053,0.189696420852069,0.698759454445638,0.0174434450010809,1.00191472902588,643.828992596426,1595.50595690537,0,0,FALSE,FALSE,FALSE,FALSE,TRUE,"passes screening"
"log_selcoffs_fsh[4][140]",TRUE,-0.103122433709121,-0.0779437768814493,0.440198269154896,-1.01267658139505,-0.389221606149031,0.210014168966321,0.690226188677315,0.0160907056098178,1.00285504771082,755.090742088748,1592.05997069326,0,0,FALSE,FALSE,FALSE,FALSE,TRUE,"passes screening"
"log_selcoffs_fsh[4][141]",TRUE,-0.104956785834079,-0.0893207166424086,0.444008992869524,-1.02487873469035,-0.392026236632172,0.199178603446492,0.732799840301107,0.0172198321134325,1.00392573769243,659.728738170292,1035.71878018571,0,0,FALSE,FALSE,FALSE,FALSE,TRUE,"passes screening"
"log_selcoffs_fsh[4][142]",TRUE,-0.0717345375914378,-0.0562136573110903,0.435670473167882,-0.98568958727889,-0.365981238141966,0.238532933390886,0.705403117360097,0.0192953532894409,1.00237196079189,516.960658675565,982.628149923333,0,0,FALSE,FALSE,FALSE,FALSE,TRUE,"passes screening"
"log_selcoffs_fsh[4][143]",TRUE,-0.0243849938145982,-0.00448260645765806,0.44434674902742,-0.943521533301072,-0.3119173496495,0.291372420465743,0.777294809506886,0.0250094464092606,1.0026051161295,312.713399748535,938.128538232795,0,0,FALSE,TRUE,FALSE,FALSE,FALSE,"bulk ESS < 400"
"log_selcoffs_fsh[4][144]",TRUE,0.0407330479101054,0.0591986362392118,0.457562589413038,-0.914439809931225,-0.25943475133732,0.365703938742064,0.8894619778734,0.03042920935757,1.00246451685986,221.66527850023,867.59762779136,0,0,FALSE,TRUE,FALSE,FALSE,FALSE,"bulk ESS < 400"
"log_selcoffs_fsh[4][145]",TRUE,-0.19984444914826,-0.115370464958519,0.788711121662343,-1.98846519404267,-0.668054615547558,0.370974080311363,1.1064786115474,0.0524592131031188,1.01208386570728,265.423261870071,355.657272442215,0,0,TRUE,TRUE,TRUE,FALSE,FALSE,"Rhat > 1.01; bulk ESS < 400; tail ESS < 400"
"log_selcoffs_fsh[4][146]",TRUE,-0.0499940835677371,-0.0107337716107728,0.515988049716314,-1.17999199585983,-0.359641279932443,0.308804832319724,0.83952261739884,0.0342296175672834,1.00616239667121,258.941611821036,296.006833974931,0,0,FALSE,TRUE,TRUE,FALSE,FALSE,"bulk ESS < 400; tail ESS < 400"
"log_selcoffs_fsh[4][147]",TRUE,-0.0674427155864151,-0.0511243157153224,0.438661478489337,-1.00539192271918,-0.34767798309912,0.231929201148171,0.742614549340491,0.0193831735595314,1.00101528969429,529.679376987524,1510.8548016601,0,0,FALSE,FALSE,FALSE,FALSE,TRUE,"passes screening"
"log_selcoffs_fsh[4][148]",TRUE,-0.0898817181931426,-0.0724067614863502,0.435033451190724,-1.00510727277183,-0.372405083305103,0.211079151403124,0.699234653189195,0.0149517338465471,1.00290144582852,856.348995918709,1778.3141585812,0,0,FALSE,FALSE,FALSE,FALSE,TRUE,"passes screening"
"log_selcoffs_fsh[4][149]",TRUE,-0.117248025515468,-0.094178995611189,0.440191574948445,-1.04864467714972,-0.402565616122295,0.18437661315278,0.68560576406377,0.0166883495314094,1.00300341183301,701.298155527035,1638.2138111809,0,0,FALSE,FALSE,FALSE,FALSE,TRUE,"passes screening"
"log_selcoffs_fsh[4][150]",TRUE,-0.149571373645036,-0.134692071562618,0.453212971878209,-1.10232690013022,-0.447262624136734,0.166916656870969,0.678777400750142,0.0179951289037325,1.00680457775994,632.491868290321,1604.78589958578,0,0,FALSE,FALSE,FALSE,FALSE,TRUE,"passes screening"
"log_selcoffs_fsh[4][151]",TRUE,-0.14820965951886,-0.128875371010662,0.448700059011764,-1.09886393790611,-0.447261438582026,0.170565041563429,0.666833499431118,0.0182923772912251,1.00331625476663,606.055148899439,1190.69229937892,0,0,FALSE,FALSE,FALSE,FALSE,TRUE,"passes screening"
"log_selcoffs_fsh[4][152]",TRUE,-0.0952748711593625,-0.0778311785842017,0.43784362699475,-1.01169211230186,-0.379765034067689,0.209997505453109,0.714896901799713,0.0222383324365393,1.00124204571197,384.733126415383,1008.53823400034,0,0,FALSE,TRUE,FALSE,FALSE,FALSE,"bulk ESS < 400"
"log_selcoffs_fsh[4][153]",TRUE,-0.042083257958336,-0.0320796823210792,0.443118276238259,-0.983758957512036,-0.327821923515135,0.265484190337897,0.796123757976835,0.0271479873557633,1.00130428427221,260.989637541031,879.611588110193,0,0,FALSE,TRUE,FALSE,FALSE,FALSE,"bulk ESS < 400"
"log_selcoffs_fsh[4][154]",TRUE,-0.184321369465194,-0.096103275729611,0.763363140367881,-1.94127568045242,-0.650169061045917,0.373775050487824,1.07928022434386,0.0459577392830273,1.01396884013222,319.6197055538,359.552808021344,0,0,TRUE,TRUE,TRUE,FALSE,FALSE,"Rhat > 1.01; bulk ESS < 400; tail ESS < 400"
"log_selcoffs_fsh[4][155]",TRUE,0.047876777597326,0.090705686403197,0.478342884185974,-0.980867159878858,-0.241931640372696,0.39530107095575,0.852830375685005,0.0289998893196557,1.00727202123213,313.651679477374,267.944776985439,0,0,FALSE,TRUE,TRUE,FALSE,FALSE,"bulk ESS < 400; tail ESS < 400"
"log_selcoffs_fsh[4][156]",TRUE,0.124004347528426,0.145244208591055,0.41428477330783,-0.725652024171754,-0.151474194648555,0.410436364567288,0.887599619352287,0.01440497693881,1.0013435627713,859.737431248252,1553.55135478403,0,0,FALSE,FALSE,FALSE,FALSE,TRUE,"passes screening"
"log_selcoffs_fsh[4][157]",TRUE,-0.0455231134287777,-0.0380108705421418,0.412023993605139,-0.917129994780689,-0.303217402994127,0.240058761879619,0.706951522922889,0.0122619303151654,1.00092818876301,1129.09123369552,1647.27344645915,0,0,FALSE,FALSE,FALSE,FALSE,TRUE,"passes screening"
"log_selcoffs_fsh[4][158]",TRUE,-0.134220118015176,-0.117411719503408,0.437835897169952,-1.02501278107582,-0.435144604792459,0.181726622094447,0.667270466568873,0.015792830328957,1.0034519640856,769.577593350753,1640.61401231474,0,0,FALSE,FALSE,FALSE,FALSE,TRUE,"passes screening"
"log_selcoffs_fsh[4][159]",TRUE,-0.224107095486166,-0.21347365625587,0.44230671820721,-1.11747168584947,-0.517157507274383,0.0837492750243834,0.613270822805527,0.0159306885297714,1.004078935936,777.088842163472,1923.29334583339,0,0,FALSE,FALSE,FALSE,FALSE,TRUE,"passes screening"
"log_selcoffs_fsh[4][160]",TRUE,-0.220360442871934,-0.199946495794756,0.443440835847881,-1.11337360022387,-0.511688734466634,0.0821918182262274,0.58451743023461,0.0173935550374638,1.00225858319222,647.631927085842,1670.23333510291,0,0,FALSE,FALSE,FALSE,FALSE,TRUE,"passes screening"
"log_selcoffs_fsh[4][161]",TRUE,-0.177018873827445,-0.15207892078817,0.43095140833466,-1.0677098632587,-0.461645037569985,0.121305993345014,0.623540311301466,0.0210413078226117,1.00094021704496,410.304444504848,993.260519901895,0,0,FALSE,FALSE,FALSE,FALSE,TRUE,"passes screening"
"log_selcoffs_fsh[4][162]",TRUE,-0.113175343448176,-0.103970859609351,0.438241619251696,-1.02376008765003,-0.403250179190783,0.183834089201365,0.711073985067043,0.0241776594764589,1.0012502728349,324.53922715992,735.480548514328,0,0,FALSE,TRUE,FALSE,FALSE,FALSE,"bulk ESS < 400"
"log_selcoffs_fsh[4][163]",TRUE,-0.207180633650727,-0.14068654659095,0.741670463383035,-1.88797993432963,-0.649707910058611,0.324085113832084,1.00861177028737,0.0409966099969475,1.01404227828428,367.139534070714,533.146883989868,0,0,TRUE,TRUE,FALSE,FALSE,FALSE,"Rhat > 1.01; bulk ESS < 400"
"log_selcoffs_fsh[4][164]",TRUE,0.0591238756430152,0.0997173349581807,0.44376969571051,-0.90725443709954,-0.205554734530417,0.374388493358561,0.810579851865734,0.0253309690705338,1.00764108306737,359.604182277383,441.277424270941,0,0,FALSE,TRUE,FALSE,FALSE,FALSE,"bulk ESS < 400"
"log_selcoffs_fsh[4][165]",TRUE,0.292482001929373,0.322344590109841,0.392994276639402,-0.533833987355257,0.0418783938826439,0.568052135939259,0.995657310797224,0.0144993674702537,1.00014896809304,755.004382090302,1319.69235540874,0,0,FALSE,FALSE,FALSE,FALSE,TRUE,"passes screening"
"log_selcoffs_fsh[4][166]",TRUE,0.0715752934498151,0.0976377057501721,0.402333261355857,-0.783638381373914,-0.190149526370593,0.340971741309124,0.818908826198305,0.0130530070225426,1.00074844621339,952.039885032341,1803.46579297327,0,0,FALSE,FALSE,FALSE,FALSE,TRUE,"passes screening"
"log_selcoffs_fsh[4][167]",TRUE,-0.167990929029347,-0.161657710114991,0.407091234512779,-1.02303255654587,-0.431607036214119,0.109054213723993,0.622214851940736,0.014731937673092,1.0041178854392,758.908932355684,1770.72879653342,0,0,FALSE,FALSE,FALSE,FALSE,TRUE,"passes screening"
"log_selcoffs_fsh[4][168]",TRUE,-0.28436179207699,-0.274657467964234,0.420697093645831,-1.16171480758327,-0.556526590456752,0.000522906344650842,0.508470334674444,0.0144838204919457,1.00167225379102,839.640837240394,1509.36588845975,0,0,FALSE,FALSE,FALSE,FALSE,TRUE,"passes screening"
"log_selcoffs_fsh[4][169]",TRUE,-0.317363674510327,-0.311588597820899,0.428922913354863,-1.17171055054462,-0.603106935097985,-0.0303977329088075,0.504301514641428,0.0149764104026762,1.00121716703276,821.180734590642,1379.77937683426,0,0,FALSE,FALSE,FALSE,FALSE,TRUE,"passes screening"
"log_selcoffs_fsh[4][170]",TRUE,-0.262181957580169,-0.248462505639478,0.426850708947752,-1.17461688516168,-0.540640017719943,0.0394963492258844,0.522797684849883,0.0176413804584614,1.00125676164139,582.904084980909,1531.30689887016,0,0,FALSE,FALSE,FALSE,FALSE,TRUE,"passes screening"
"log_selcoffs_fsh[4][171]",TRUE,-0.187004130383993,-0.180785345341089,0.417944455795655,-1.02951367973253,-0.471749676802024,0.102614345177782,0.603198113189933,0.0209163297385864,1.00110246892591,393.078108206498,1026.40676423615,0,0,FALSE,TRUE,FALSE,FALSE,FALSE,"bulk ESS < 400"
"log_selcoffs_fsh[4][172]",TRUE,-0.335462030027261,-0.274093431929645,0.720476336161488,-1.92811415369546,-0.788937609256238,0.188662245617959,0.887070069086062,0.0365289644859549,1.0116373696225,427.100715821722,417.734997955035,0,0,TRUE,FALSE,FALSE,FALSE,FALSE,"Rhat > 1.01"
"log_selcoffs_fsh[4][173]",TRUE,0.0158942920855881,0.0508286079476202,0.435468734947648,-0.908621288040354,-0.269352293484873,0.3176235721799,0.783652312283335,0.0214609574595504,1.00703681591875,453.08731071873,744.74223704122,0,0,FALSE,FALSE,FALSE,FALSE,TRUE,"passes screening"
"log_selcoffs_fsh[4][174]",TRUE,0.279023042433029,0.300543488530131,0.365794317767046,-0.488580620165626,0.0519723063465459,0.536448991942636,0.921378215955735,0.0118797719368528,1.0004476822812,977.432234092259,1547.31080069754,0,0,FALSE,FALSE,FALSE,FALSE,TRUE,"passes screening"
"log_selcoffs_fsh[4][175]",TRUE,0.27469402620776,0.297462785216097,0.385594926696578,-0.554343612341985,0.0386035690291601,0.546816592583421,0.961596220264322,0.0129483776052874,1.00505875799761,918.781534994831,1480.40347747583,0,0,FALSE,FALSE,FALSE,FALSE,TRUE,"passes screening"
"log_selcoffs_fsh[4][176]",TRUE,-0.0542109184221578,-0.0415778218441701,0.396219355304657,-0.86321936617597,-0.312349562462524,0.223855897764808,0.669328770959143,0.0138494244566905,1.00449190702021,811.659097764886,1565.29934750592,0,0,FALSE,FALSE,FALSE,FALSE,TRUE,"passes screening"
"log_selcoffs_fsh[4][177]",TRUE,-0.284764003081843,-0.279367894284742,0.40267903176451,-1.09858417017853,-0.545246140625398,0.00441427070897944,0.466946606935478,0.0129335795325197,1.00193844397108,971.993343512289,1783.18764771981,0,0,FALSE,FALSE,FALSE,FALSE,TRUE,"passes screening"
"log_selcoffs_fsh[4][178]",TRUE,-0.333501624881171,-0.333410874817158,0.408976327086114,-1.149338043723,-0.61068723378145,-0.0483477656870246,0.423228168231846,0.0141227688692569,1.00055315912495,841.774608094058,1709.63413802795,0,0,FALSE,FALSE,FALSE,FALSE,TRUE,"passes screening"
"log_selcoffs_fsh[4][179]",TRUE,-0.301821428380009,-0.300070448529619,0.412756873777662,-1.12452417149245,-0.576376963128654,-0.0226944673708393,0.466306752304888,0.0160705072267059,1.00083302736272,659.851233233483,1544.87861938594,0,0,FALSE,FALSE,FALSE,FALSE,TRUE,"passes screening"
"log_selcoffs_fsh[4][180]",TRUE,-0.240449516801491,-0.22131980102548,0.404381640796791,-1.06298338641488,-0.507105245448413,0.0396220694345319,0.502778565652248,0.0185259825506771,1.00140976505581,475.957360456978,1185.1742824173,0,0,FALSE,FALSE,FALSE,FALSE,TRUE,"passes screening"
"log_selcoffs_fsh[4][181]",TRUE,-0.515895714186418,-0.465721686164614,0.688537190471854,-2.02208219294498,-0.951378099475737,-0.0205106253750025,0.680416993533691,0.0353175311556795,1.01168760289175,397.543188523053,651.435324824226,0,0,TRUE,TRUE,FALSE,FALSE,FALSE,"Rhat > 1.01; bulk ESS < 400"
"log_selcoffs_fsh[4][182]",TRUE,-0.0792804126568908,-0.0557349098797298,0.456206657787304,-1.01274479758926,-0.37853137280158,0.242553201173965,0.732463328347244,0.0211335676415667,1.00766905392814,485.184197028744,955.181732055431,0,0,FALSE,FALSE,FALSE,FALSE,TRUE,"passes screening"
"log_selcoffs_fsh[4][183]",TRUE,0.137607002895217,0.157890509213247,0.372722780525035,-0.655921219856049,-0.100688689853705,0.393384020031953,0.824073913449518,0.010868775620883,0.999841701572419,1220.2776202133,1755.60551396638,0,0,FALSE,FALSE,FALSE,FALSE,TRUE,"passes screening"
"log_selcoffs_fsh[4][184]",TRUE,0.30694284006465,0.33323112273117,0.388480128204221,-0.507132422578954,0.0513349821075469,0.576004233248897,1.00440063284535,0.0128215119365568,1.00449581562545,931.774865491735,1383.26824034532,0,0,FALSE,FALSE,FALSE,FALSE,TRUE,"passes screening"
"log_selcoffs_fsh[4][185]",TRUE,0.172610770547593,0.18612116711313,0.393851254083451,-0.623338118643485,-0.0863244872644744,0.45733454168044,0.879661560106412,0.0136348296184386,1.00530631375009,831.585058633255,1667.34006034988,0,0,FALSE,FALSE,FALSE,FALSE,TRUE,"passes screening"
"log_selcoffs_fsh[4][186]",TRUE,-0.141473673450598,-0.133976562763747,0.383690679612358,-0.943825383083698,-0.39033085140403,0.120645973785923,0.587901456331643,0.0113141552269783,1.00130500448257,1157.40018833848,1964.50414112236,0,0,FALSE,FALSE,FALSE,FALSE,TRUE,"passes screening"
"log_selcoffs_fsh[4][187]",TRUE,-0.294554776791952,-0.2814665336001,0.383295548971515,-1.0620130735849,-0.554910998218764,-0.0320202855673804,0.445713653616304,0.011975517997074,1.00069704445805,1030.98964690611,1517.47310217141,0,0,FALSE,FALSE,FALSE,FALSE,TRUE,"passes screening"
"log_selcoffs_fsh[4][188]",TRUE,-0.288401967882853,-0.283421971075056,0.407408795643404,-1.08526287141305,-0.559269341408875,-0.0109436540273234,0.472506165406373,0.0150139470526557,1.00094435014367,736.676333793934,1427.99943151328,0,0,FALSE,FALSE,FALSE,FALSE,TRUE,"passes screening"
"log_selcoffs_fsh[4][189]",TRUE,-0.261469311338017,-0.253616273035297,0.394972364989932,-1.03184739030641,-0.51564075379905,0.0111054219929916,0.483470294857589,0.0176134228943255,1.00241459795843,504.638617575301,974.728742596678,0,0,FALSE,FALSE,FALSE,FALSE,TRUE,"passes screening"
"log_selcoffs_fsh[4][190]",TRUE,-0.710353756610418,-0.669481678269782,0.650806467645842,-2.10526528040884,-1.1194796958654,-0.255261529278056,0.466241615375874,0.0348495498033484,1.01468920589657,383.489563714337,828.917336980366,0,0,TRUE,TRUE,FALSE,FALSE,FALSE,"Rhat > 1.01; bulk ESS < 400"
"log_selcoffs_fsh[4][191]",TRUE,-0.310260245016765,-0.283345912466612,0.437331394483653,-1.2191317192616,-0.603314139590485,0.00335265197948766,0.478728384295558,0.0193348337678302,1.00919655800847,533.283977756624,1054.97267788043,0,0,FALSE,FALSE,FALSE,FALSE,TRUE,"passes screening"
"log_selcoffs_fsh[4][192]",TRUE,0.0129180732443855,0.0255146651749776,0.391048002868536,-0.813662812810496,-0.237223425511333,0.285674337609078,0.720285461071058,0.0120284446652535,1.00186288816903,1076.38321441469,1835.13222648774,0,0,FALSE,FALSE,FALSE,FALSE,TRUE,"passes screening"
"log_selcoffs_fsh[4][193]",TRUE,0.187629796418791,0.207649745497983,0.382895356415304,-0.626476783742415,-0.0433159498843586,0.448208101784036,0.85735781966653,0.0112195598405264,1.00140340052594,1187.78558275255,1792.96622428167,0,0,FALSE,FALSE,FALSE,FALSE,TRUE,"passes screening"
"log_selcoffs_fsh[4][194]",TRUE,0.243946034069005,0.264145598665266,0.392146100894755,-0.547485324701527,-0.0122384125862661,0.519873378050239,0.967129365379495,0.0125010156482374,1.00302165867706,1022.33266588393,1450.33106779973,0,0,FALSE,FALSE,FALSE,FALSE,TRUE,"passes screening"
"log_selcoffs_fsh[4][195]",TRUE,0.0730982352534865,0.0897725106337388,0.391554543897832,-0.715002840311027,-0.185801017398372,0.352867290298334,0.788393945722234,0.0107574439019385,1.00129309956894,1320.90556964427,2019.87379157509,0,0,FALSE,FALSE,FALSE,FALSE,TRUE,"passes screening"
"log_selcoffs_fsh[4][196]",TRUE,-0.0951664106286644,-0.0881536600834635,0.387143788697237,-0.850015273264797,-0.353598279778694,0.173380494240875,0.635378993737586,0.0116046914522668,0.999824234013519,1115.38204193662,2170.23834530844,0,0,FALSE,FALSE,FALSE,FALSE,TRUE,"passes screening"
"log_selcoffs_fsh[4][197]",TRUE,-0.168195883463666,-0.157595587618365,0.40201246139614,-0.994750637831967,-0.431017019841754,0.104592043766784,0.562833753592749,0.014196581316702,1.00169292777053,808.785780781292,1418.40019225028,0,0,FALSE,FALSE,FALSE,FALSE,TRUE,"passes screening"
"log_selcoffs_fsh[4][198]",TRUE,-0.18898189048717,-0.174548895036151,0.408381885466592,-1.04431291608412,-0.444335110495948,0.0942881586746519,0.565799861294178,0.0163645588588362,1.00163772826535,628.563003759821,1298.85072164218,0,0,FALSE,FALSE,FALSE,FALSE,TRUE,"passes screening"
"log_selcoffs_fsh[4][199]",TRUE,-0.898412356874727,-0.874520519381647,0.650299161798474,-2.23172573969914,-1.33004452239987,-0.439801502526993,0.314457786732066,0.0327990111644586,1.0140681711761,419.466887475583,1011.12826386901,0,0,TRUE,FALSE,FALSE,FALSE,FALSE,"Rhat > 1.01"
"log_selcoffs_fsh[4][200]",TRUE,-0.512010336991752,-0.503923898875856,0.443445763248528,-1.43622142039042,-0.804573581167253,-0.215066730727579,0.336204377607516,0.0188511704580705,1.00630989822129,559.356774655594,1135.43134079773,0,0,FALSE,FALSE,FALSE,FALSE,TRUE,"passes screening"
"log_selcoffs_fsh[4][201]",TRUE,-0.121386516577436,-0.104544825218831,0.393444051056874,-0.931103147100496,-0.377720318860324,0.154028123113892,0.596369030795381,0.0124896917597925,1.00149055648752,991.840586060336,1901.18893885066,0,0,FALSE,FALSE,FALSE,FALSE,TRUE,"passes screening"
"log_selcoffs_fsh[4][202]",TRUE,0.110855712378232,0.123225884127569,0.384831565404679,-0.672714697940915,-0.139004483216006,0.37240934334135,0.808617771861727,0.0111947068181687,1.00134025436463,1187.49976002836,1939.17232608397,0,0,FALSE,FALSE,FALSE,FALSE,TRUE,"passes screening"
"log_selcoffs_fsh[4][203]",TRUE,0.221926478093998,0.244609652964965,0.372021683011122,-0.572833074811779,-0.0169316907916337,0.473461157190732,0.901339417182004,0.0108050315797067,1.00041937412495,1194.94887683456,1725.54194095053,0,0,FALSE,FALSE,FALSE,FALSE,TRUE,"passes screening"
"log_selcoffs_fsh[4][204]",TRUE,0.176869417803614,0.18268123165296,0.387742376548677,-0.622289511916987,-0.0712262232699159,0.442677887840756,0.907124057521894,0.00997407397458048,1.00149341875432,1523.78179660147,2000.80236177785,0,0,FALSE,FALSE,FALSE,FALSE,TRUE,"passes screening"
"log_selcoffs_fsh[4][205]",TRUE,0.0728151083994947,0.0804301407487577,0.385386439120723,-0.711167479778631,-0.174453437522156,0.350894996323895,0.789904802337129,0.0109113468661445,0.999523106481079,1261.68316171124,1649.41180744442,0,0,FALSE,FALSE,FALSE,FALSE,TRUE,"passes screening"
"log_selcoffs_fsh[4][206]",TRUE,-0.0288865591882743,-0.0098884675882066,0.393876767272988,-0.838352154137433,-0.294001286884315,0.244917068482857,0.695961555271188,0.0124384435143184,1.00069150192533,1009.40180111784,1689.49312883159,0,0,FALSE,FALSE,FALSE,FALSE,TRUE,"passes screening"
"log_selcoffs_fsh[4][207]",TRUE,-0.0888098841778851,-0.0668101119186944,0.400681053783853,-0.902328599128262,-0.352814481889019,0.198119803517553,0.647452561199655,0.0148277295908441,1.00111112809665,734.787404294132,1468.82254633577,0,0,FALSE,FALSE,FALSE,FALSE,TRUE,"passes screening"
"log_selcoffs_fsh[4][208]",TRUE,-1.05842085221441,-1.04016938269096,0.639698186177544,-2.32949612041432,-1.47964055385461,-0.612877645149908,0.166931396543406,0.0261214355682475,1.00789489245336,607.792576897273,1577.65782951992,0,0,FALSE,FALSE,FALSE,FALSE,TRUE,"passes screening"
"log_selcoffs_fsh[4][209]",TRUE,-0.659863746047367,-0.651316292457796,0.459212942044515,-1.60470648000308,-0.952350908951846,-0.345404546034807,0.200674437724941,0.0177975186378476,1.00718013642091,668.400415695509,988.843052540998,0,0,FALSE,FALSE,FALSE,FALSE,TRUE,"passes screening"
"log_selcoffs_fsh[4][210]",TRUE,-0.294337502323787,-0.276497438504258,0.399644010986564,-1.11039362415732,-0.559708223323113,-0.0182029070119689,0.437521456871634,0.012191310371068,1.00202158996481,1067.56373352303,1793.3235317529,0,0,FALSE,FALSE,FALSE,FALSE,TRUE,"passes screening"
"log_selcoffs_fsh[4][211]",TRUE,0.0326171053978088,0.0418354898803264,0.375257726952324,-0.701573100656752,-0.22456501475815,0.289975505988853,0.741950115761176,0.0109713167446862,1.00028787982651,1174.50171504122,1518.12099292524,0,0,FALSE,FALSE,FALSE,FALSE,TRUE,"passes screening"
"log_selcoffs_fsh[4][212]",TRUE,0.221862344746338,0.234322300299315,0.367896975401457,-0.555342457462649,-0.0180067058648544,0.473434545891311,0.889425406027254,0.0100704089312052,1.00036645798973,1375.5136802576,1384.36477337071,0,0,FALSE,FALSE,FALSE,FALSE,TRUE,"passes screening"
"log_selcoffs_fsh[4][213]",TRUE,0.247859081691949,0.254030805728192,0.362980925639131,-0.504111140625535,0.00732383620546738,0.494040595901515,0.925340263734396,0.00898150731720844,1.00157785951487,1660.77085356977,1851.10992592566,0,0,FALSE,FALSE,FALSE,FALSE,TRUE,"passes screening"
"log_selcoffs_fsh[4][214]",TRUE,0.172039010675434,0.181818036514245,0.362951029775375,-0.572698230712063,-0.070096288740338,0.429469029004792,0.851034666056334,0.0104441590572276,1.00161442100119,1208.29043553252,2112.43759467153,0,0,FALSE,FALSE,FALSE,FALSE,TRUE,"passes screening"
"log_selcoffs_fsh[4][215]",TRUE,0.0805356077317128,0.0892770807125742,0.37780123634506,-0.666137899050036,-0.168303743901003,0.352845326061443,0.777968720292877,0.0129200252282744,1.00223910456611,865.239148776966,1558.79794854971,0,0,FALSE,FALSE,FALSE,FALSE,TRUE,"passes screening"
"log_selcoffs_fsh[4][216]",TRUE,-0.00928213526615856,0.0124366389100169,0.394951998202502,-0.819575085384992,-0.272627206319698,0.261554652990441,0.725178169097283,0.0155180563778381,1.00364821341851,646.417110627796,1311.46396702266,0,0,FALSE,FALSE,FALSE,FALSE,TRUE,"passes screening"
"log_selcoffs_fsh[4][217]",TRUE,-1.18212107466403,-1.15614791220865,0.632588053699455,-2.4637094162896,-1.59913463974569,-0.759095878324552,0.00173878900968244,0.0230194352521217,1.00595294600061,758.09375759518,1662.29055815518,0,0,FALSE,FALSE,FALSE,FALSE,TRUE,"passes screening"
"log_selcoffs_fsh[4][218]",TRUE,-0.756938181998633,-0.742423337583136,0.45894537682493,-1.6753433186527,-1.05526481729969,-0.442029423758613,0.130785220811684,0.0152902876866409,1.00368312734405,900.928851318845,1579.31174969715,0,0,FALSE,FALSE,FALSE,FALSE,TRUE,"passes screening"
"log_selcoffs_fsh[4][219]",TRUE,-0.365668182402997,-0.353066590509631,0.417635993313691,-1.19615183938131,-0.65426528948995,-0.0792628409698207,0.433786211397921,0.0120303715573939,1.00176103442256,1206.24369668873,2148.07542949853,0,0,FALSE,FALSE,FALSE,FALSE,TRUE,"passes screening"
"log_selcoffs_fsh[4][220]",TRUE,-0.00760747533580531,-0.000299679797231439,0.381372880004588,-0.785994054365079,-0.258654765058208,0.256222784628827,0.722139901417512,0.0111138912399333,1.00227299685973,1178.7255520443,1710.90580890507,0,0,FALSE,FALSE,FALSE,FALSE,TRUE,"passes screening"
"log_selcoffs_fsh[4][221]",TRUE,0.245320200945231,0.260974509747631,0.367467379005882,-0.531574474730408,0.00931436940528156,0.491728283970461,0.945602294079421,0.0096834894171437,1.00012817139047,1445.76900048293,1948.69030513893,0,0,FALSE,FALSE,FALSE,FALSE,TRUE,"passes screening"
"log_selcoffs_fsh[4][222]",TRUE,0.296662478295479,0.31715654487952,0.347785349406678,-0.447513032448203,0.0714056160135933,0.537704868790386,0.932438381972151,0.00846260883266111,1.0019250801095,1710.80890037902,1905.58928366433,0,0,FALSE,FALSE,FALSE,FALSE,TRUE,"passes screening"
"log_selcoffs_fsh[4][223]",TRUE,0.223650731171872,0.240792402980432,0.346934275964931,-0.482544636698908,0.00118004585517207,0.461006506385395,0.868760991396704,0.00978873714780037,1.00070464137271,1284.53775612924,1848.44947841004,0,0,FALSE,FALSE,FALSE,FALSE,TRUE,"passes screening"
"log_selcoffs_fsh[4][224]",TRUE,0.121079661790425,0.124910892308611,0.362279522384613,-0.634704158117746,-0.118583459463609,0.362852754639275,0.794123362301988,0.0118252791141169,0.999996181422346,942.550257542406,1723.73552679704,0,0,FALSE,FALSE,FALSE,FALSE,TRUE,"passes screening"
"log_selcoffs_fsh[4][225]",TRUE,0.0376911118682725,0.0537061118834598,0.36647153177453,-0.702395823038591,-0.20118704255956,0.29107112248252,0.70539492513999,0.0134889244366365,1.00140179089532,739.694347193162,1553.55415356969,0,0,FALSE,FALSE,FALSE,FALSE,TRUE,"passes screening"
"log_selcoffs_fsh[4][226]",TRUE,-1.3258382930927,-1.30968643963861,0.580330243178036,-2.48397113004628,-1.7074655402633,-0.935922671652469,-0.230575162497323,0.0189519043317901,1.0022899978075,936.516877306863,1581.96894297027,0,0,FALSE,FALSE,FALSE,FALSE,TRUE,"passes screening"
"log_selcoffs_fsh[4][227]",TRUE,-0.888582554611491,-0.889304151961297,0.449844667228148,-1.78700370404081,-1.19360733407738,-0.59063051852584,-0.00107926534171091,0.0148576496303425,1.00156112119407,917.259516601456,1766.2347734795,0,0,FALSE,FALSE,FALSE,FALSE,TRUE,"passes screening"
"log_selcoffs_fsh[4][228]",TRUE,-0.50133145252552,-0.490187527318631,0.418383996254002,-1.32493609319795,-0.792241250785935,-0.210264066662864,0.292673195198222,0.0123563427025902,1.0015382075841,1145.35371101029,1956.16774237736,0,0,FALSE,FALSE,FALSE,FALSE,TRUE,"passes screening"
"log_selcoffs_fsh[4][229]",TRUE,-0.117705941374555,-0.111475284215386,0.374995915930952,-0.886896396586633,-0.369405047267275,0.143553347877846,0.605750607398338,0.0107535754335974,1.00020779882351,1216.85468460341,1724.72015509007,0,0,FALSE,FALSE,FALSE,FALSE,TRUE,"passes screening"
"log_selcoffs_fsh[4][230]",TRUE,0.209569171363398,0.218937271716475,0.350825939265083,-0.507571179187678,-0.0290522859169782,0.455745985361824,0.84530675652526,0.00947873758980768,1.00179247497718,1380.26416815482,1746.08023487474,0,0,FALSE,FALSE,FALSE,FALSE,TRUE,"passes screening"
"log_selcoffs_fsh[4][231]",TRUE,0.35197906370125,0.355912721406153,0.341905035006467,-0.334318611011209,0.119803988569555,0.588206936526907,0.99389575175724,0.00797795978562397,1.00077877353829,1832.1577881335,2029.89757114244,0,0,FALSE,FALSE,FALSE,FALSE,TRUE,"passes screening"
"log_selcoffs_fsh[4][232]",TRUE,0.308391916042109,0.323164385091423,0.346911675821958,-0.403553917905173,0.0888707514095151,0.553656069547766,0.94629344180823,0.0086613482264829,0.999929626676575,1632.22127894356,1758.94757107196,0,0,FALSE,FALSE,FALSE,FALSE,TRUE,"passes screening"
"log_selcoffs_fsh[4][233]",TRUE,0.193717787593612,0.206263980355237,0.36116265930057,-0.563729592537388,-0.0473351365602895,0.446621246626126,0.854921338896406,0.0114277176607864,1.00121972074185,1001.65578688005,1798.07850341706,0,0,FALSE,FALSE,FALSE,FALSE,TRUE,"passes screening"
"log_selcoffs_fsh[4][234]",TRUE,0.114271535321838,0.132396120924477,0.358985854394685,-0.619458237880347,-0.124388718168323,0.360974820488778,0.790544764580175,0.0132095177025292,1.00144910073475,744.195474450393,1586.60037950233,0,0,FALSE,FALSE,FALSE,FALSE,TRUE,"passes screening"
"log_selcoffs_fsh[4][235]",TRUE,-1.45213677210707,-1.45315884151209,0.494149914428374,-2.47191582515409,-1.78614397828353,-1.10687598669234,-0.525730931459111,0.0149963066734118,1.00182485163016,1080.94136656931,1798.94710228116,0,0,FALSE,FALSE,FALSE,FALSE,TRUE,"passes screening"
"log_selcoffs_fsh[4][236]",TRUE,-0.984434691991248,-0.983522897965123,0.421589408004222,-1.85407998704169,-1.26245238245595,-0.697394908515732,-0.197665777920766,0.0132022668454764,1.0022012715903,1016.5911150565,1991.4561160095,0,0,FALSE,FALSE,FALSE,FALSE,TRUE,"passes screening"
"log_selcoffs_fsh[4][237]",TRUE,-0.663982903298433,-0.652885341708617,0.385391949980191,-1.44108172270091,-0.916452097490602,-0.402548277156605,0.0852306791727179,0.011210511837875,1.00140816806008,1176.60136898798,1963.84058136111,0,0,FALSE,FALSE,FALSE,FALSE,TRUE,"passes screening"
"log_selcoffs_fsh[4][238]",TRUE,-0.238446728163695,-0.226936124579961,0.37360180484943,-0.994066883742745,-0.485084333662806,0.0142032674167847,0.477549787512483,0.0103312018182777,1.00239755314812,1304.43438380915,2034.01708965268,0,0,FALSE,FALSE,FALSE,FALSE,TRUE,"passes screening"
"log_selcoffs_fsh[4][239]",TRUE,0.193034893463707,0.194147400564356,0.335381688342001,-0.48356277744403,-0.0279068319703678,0.419235787266577,0.840086199821846,0.00891880333575138,1.00031188520862,1420.91783356154,2292.63268120045,0,0,FALSE,FALSE,FALSE,FALSE,TRUE,"passes screening"
"log_selcoffs_fsh[4][240]",TRUE,0.389243774229228,0.400336952129349,0.322030147400534,-0.263500331748666,0.182609258054049,0.603851113053965,1.00555045950722,0.0068099665710694,1.00083943128185,2257.44155470453,2273.87941107591,0,0,FALSE,FALSE,FALSE,FALSE,TRUE,"passes screening"
"log_selcoffs_fsh[4][241]",TRUE,0.389529393818368,0.398389301329507,0.331991455685375,-0.285837665773175,0.170414759126457,0.614142449115171,1.00831129730026,0.00780563131509447,1.00145334303719,1822.4520584905,2032.1534630163,0,0,FALSE,FALSE,FALSE,FALSE,TRUE,"passes screening"
"log_selcoffs_fsh[4][242]",TRUE,0.27824123661157,0.292123773431671,0.339329763200722,-0.403166985907787,0.0559904789380933,0.519349919186932,0.884202887859125,0.0109480374878738,0.999903867393813,969.63270155037,1832.92666814202,0,0,FALSE,FALSE,FALSE,FALSE,TRUE,"passes screening"
"log_selcoffs_fsh[4][243]",TRUE,0.179189169392438,0.196157932745921,0.348527761161145,-0.525420993043466,-0.0495414116194099,0.42754276037705,0.819038374106846,0.0124680787266636,1.00023081674211,787.695575506321,1491.40509681651,0,0,FALSE,FALSE,FALSE,FALSE,TRUE,"passes screening"
"log_selcoffs_fsh[4][244]",TRUE,-1.64939221150212,-1.64522753737228,0.415570560003251,-2.49390698791472,-1.91498751856079,-1.37648737233167,-0.833907773470889,0.0112574436715297,1.00084435869361,1363.8611652382,1710.93623898933,0,0,FALSE,FALSE,FALSE,FALSE,TRUE,"passes screening"
"log_selcoffs_fsh[4][245]",TRUE,-1.24600167517199,-1.23731824907585,0.382370070767468,-1.99704229059809,-1.50440052340528,-0.987922364282862,-0.510033564093631,0.0113407675819539,1.00141055085138,1136.50969335625,1710.31641592899,0,0,FALSE,FALSE,FALSE,FALSE,TRUE,"passes screening"
"log_selcoffs_fsh[4][246]",TRUE,-0.828263009637975,-0.824577113367418,0.37206782770159,-1.55240472252573,-1.08523444432938,-0.576737420439012,-0.11871383182549,0.0119455798231839,1.00235649675639,968.898373114962,1975.83914136586,0,0,FALSE,FALSE,FALSE,FALSE,TRUE,"passes screening"
"log_selcoffs_fsh[4][247]",TRUE,-0.284360834402529,-0.27917098141307,0.356700091449113,-0.970662679135605,-0.525194250618,-0.0351483186120457,0.401510008939396,0.0109397538003269,1.00212540746404,1060.78238002878,2075.08348236369,0,0,FALSE,FALSE,FALSE,FALSE,TRUE,"passes screening"
"log_selcoffs_fsh[4][248]",TRUE,0.136039544560583,0.140154379030648,0.329939465528243,-0.525619231712002,-0.0901048684674134,0.36795853143828,0.760134784629057,0.00832032080839347,1.00212116386828,1576.18119350094,2261.56500220146,0,0,FALSE,FALSE,FALSE,FALSE,TRUE,"passes screening"
"log_selcoffs_fsh[4][249]",TRUE,0.31280250194084,0.323305496840239,0.333519467825161,-0.353097876598997,0.092187599563883,0.53744661908656,0.963712480011725,0.00795942326143592,1.0027157083612,1751.03789988392,1984.77208898774,0,0,FALSE,FALSE,FALSE,FALSE,TRUE,"passes screening"
"log_selcoffs_fsh[4][250]",TRUE,0.393019837704546,0.397505993148182,0.322597492667124,-0.268251307480584,0.177188293972872,0.612752979214666,1.00741909081881,0.00669874192572891,1.00104160144637,2355.14503233446,1965.31586239741,0,0,FALSE,FALSE,FALSE,FALSE,TRUE,"passes screening"
"log_selcoffs_fsh[4][251]",TRUE,0.405854090593512,0.416381719307512,0.323249997493671,-0.272191830784636,0.196498686372847,0.63380660238909,1.00974457651767,0.00853300234319017,0.999891344345027,1461.15432214658,1665.68410515055,0,0,FALSE,FALSE,FALSE,FALSE,TRUE,"passes screening"
"log_selcoffs_fsh[4][252]",TRUE,0.386189063019468,0.399255634195688,0.334840047622634,-0.301085752205392,0.163572138386003,0.617261989912067,0.999446443476031,0.0124749536404461,1.0012525567059,717.758199932999,1625.73071186461,0,0,FALSE,FALSE,FALSE,FALSE,TRUE,"passes screening"
"log_selcoffs_fsh[4][253]",TRUE,-1.16847555740628,-1.16129065534983,0.416687529852687,-1.96813479678881,-1.44724483684928,-0.886520317006042,-0.370509050626802,0.0102861191398225,1.00091133734158,1655.30368878495,2138.78494531904,0,0,FALSE,FALSE,FALSE,FALSE,TRUE,"passes screening"
"log_selcoffs_fsh[4][254]",TRUE,-1.21778725830409,-1.20817928755729,0.395138683387982,-2.01431530775346,-1.48015429205047,-0.954148621031375,-0.460980679204117,0.0109817062410735,1.00099026678017,1303.62481323011,1915.70677492852,0,0,FALSE,FALSE,FALSE,FALSE,TRUE,"passes screening"
"log_selcoffs_fsh[4][255]",TRUE,-0.92962719640925,-0.91624703854574,0.373037774344881,-1.67168882737673,-1.1815284625508,-0.672624501952248,-0.226302989282267,0.0112917724970554,1.00066099884826,1095.89357762105,1702.28931031703,0,0,FALSE,FALSE,FALSE,FALSE,TRUE,"passes screening"
"log_selcoffs_fsh[4][256]",TRUE,-0.523362144727217,-0.524428375430952,0.368862701552468,-1.2530154715917,-0.769962841644639,-0.264172138493642,0.17304490030673,0.0106945582624058,1.00188586324244,1194.86419134924,1614.81147657144,0,0,FALSE,FALSE,FALSE,FALSE,TRUE,"passes screening"
"log_selcoffs_fsh[4][257]",TRUE,-0.0782374841327416,-0.071220329325597,0.348228674851871,-0.75654974653884,-0.319709318130901,0.15888501186147,0.591721681523563,0.00888475416192885,1.00089158383881,1540.10090306424,2164.59962952464,0,0,FALSE,FALSE,FALSE,FALSE,TRUE,"passes screening"
"log_selcoffs_fsh[4][258]",TRUE,0.242014981385286,0.248576306128405,0.336137741433863,-0.457890037467613,0.019161163092321,0.472002871041536,0.873833351165584,0.00794236904931007,1.0014054077507,1784.32439182095,1961.30352921781,0,0,FALSE,FALSE,FALSE,FALSE,TRUE,"passes screening"
"log_selcoffs_fsh[4][259]",TRUE,0.426462236067414,0.43649530678552,0.316519989209619,-0.234323427444718,0.216611527868562,0.641616281351876,1.0161349933535,0.00598376076329591,1.00188850501128,2829.85738437809,2052.46598525067,0,0,FALSE,FALSE,FALSE,FALSE,TRUE,"passes screening"
"log_selcoffs_fsh[4][260]",TRUE,0.493558633310515,0.506117548296332,0.315552032447944,-0.168155969677477,0.292281153072987,0.699702349875196,1.09175125330408,0.008912354056062,1.0005016134817,1284.98603756419,1621.42807189045,0,0,FALSE,FALSE,FALSE,FALSE,TRUE,"passes screening"
"log_selcoffs_fsh[4][261]",TRUE,0.508832803164557,0.525030153309305,0.33149838236945,-0.181267897242712,0.299161200533337,0.745444560084918,1.10085988601071,0.0112902223457005,1.00050963530155,880.167582889566,1628.87250221958,0,0,FALSE,FALSE,FALSE,FALSE,TRUE,"passes screening"
"log_selcoffs_fsh[4][262]",TRUE,-1.55041050707611,-1.5444019813591,0.426489606209603,-2.39683919893318,-1.83415512701524,-1.2629288493837,-0.731311242438091,0.0111262307421672,1.00150849489704,1472.39379049438,1794.78125950682,0,0,FALSE,FALSE,FALSE,FALSE,TRUE,"passes screening"
"log_selcoffs_fsh[4][263]",TRUE,-1.24660378395984,-1.24556002846157,0.385189184556917,-2.01181793446898,-1.50061377771153,-0.993271346427151,-0.500964013604059,0.0107844417869888,1.0013222376511,1279.4992786754,1780.52536096658,0,0,FALSE,FALSE,FALSE,FALSE,TRUE,"passes screening"
"log_selcoffs_fsh[4][264]",TRUE,-1.04307935229235,-1.0315101272376,0.383938887960247,-1.81866064850959,-1.30391129507281,-0.77160028549245,-0.343544067205907,0.01171535495108,1.00141252752444,1071.23956294124,1741.60997442127,0,0,FALSE,FALSE,FALSE,FALSE,TRUE,"passes screening"
"log_selcoffs_fsh[4][265]",TRUE,-0.632006416775397,-0.630286476563682,0.371741373886182,-1.36849527350248,-0.88025578946709,-0.383866655911582,0.0728148731103306,0.0118646614219378,1.00077988536439,986.299785254811,1485.97083332147,0,0,FALSE,FALSE,FALSE,FALSE,TRUE,"passes screening"
"log_selcoffs_fsh[4][266]",TRUE,-0.141277736377261,-0.136949436985153,0.352375176420892,-0.861500886430714,-0.372645181855129,0.0962898277768844,0.535079539525563,0.00967165611096485,1.00138791353747,1328.99269898622,1744.82644182441,0,0,FALSE,FALSE,FALSE,FALSE,TRUE,"passes screening"
"log_selcoffs_fsh[4][267]",TRUE,0.246824269268958,0.247779747119167,0.332861598330092,-0.412686473269574,0.0199721012386059,0.479142088854226,0.895387207936006,0.00771431037638018,0.99938661881389,1863.520255913,2372.15114860491,0,0,FALSE,FALSE,FALSE,FALSE,TRUE,"passes screening"
"log_selcoffs_fsh[4][268]",TRUE,0.458426096951895,0.46448493278914,0.318566779460406,-0.198965066132903,0.252663380401896,0.674568168418022,1.06505975733996,0.00600051304097389,1.00038203191505,2822.87370202928,2131.67359473044,0,0,FALSE,FALSE,FALSE,FALSE,TRUE,"passes screening"
"log_selcoffs_fsh[4][269]",TRUE,0.552896189272374,0.564319068915318,0.30034771459945,-0.0465782626276213,0.351936528977247,0.760781574741101,1.11373657951441,0.00692174347545343,1.00204198934155,1920.6516374285,1985.31729883935,0,0,FALSE,FALSE,FALSE,FALSE,TRUE,"passes screening"
"log_selcoffs_fsh[4][270]",TRUE,0.572726334492795,0.584557260856913,0.30703729908198,-0.0594224393061143,0.367664419959976,0.783295894775883,1.14943891310656,0.0106136822235242,1.0014058968874,849.389319673072,1213.1594979121,0,0,FALSE,FALSE,FALSE,FALSE,TRUE,"passes screening"
"log_selcoffs_fsh[4][271]",TRUE,-1.47678689455088,-1.46931067483358,0.431288157632048,-2.34069467895536,-1.7631297500046,-1.17117812936237,-0.690556027059114,0.0109199203821714,1.00037360290161,1542.93942912298,2118.23214183353,0,0,FALSE,FALSE,FALSE,FALSE,TRUE,"passes screening"
"log_selcoffs_fsh[4][272]",TRUE,-1.05774179082085,-1.04812070502713,0.376188235070426,-1.81183638096909,-1.30985382876364,-0.797102247492918,-0.342295178290171,0.0103362071060024,1.00019608440526,1325.00213348635,2159.94455413672,0,0,FALSE,FALSE,FALSE,FALSE,TRUE,"passes screening"
"log_selcoffs_fsh[4][273]",TRUE,-1.00080898385203,-0.994792623549323,0.384497822343677,-1.77032853217169,-1.25008029492419,-0.748614601987086,-0.26850881047113,0.0107187421786207,1.00037539869593,1289.24901168523,1734.36250680175,0,0,FALSE,FALSE,FALSE,FALSE,TRUE,"passes screening"
"log_selcoffs_fsh[4][274]",TRUE,-0.758029323526567,-0.760720629488058,0.377690305926292,-1.51756943191053,-1.0031798416993,-0.498510210669584,-0.039416861715812,0.0108249632440411,1.00221412730144,1219.98174781188,2434.76078013353,0,0,FALSE,FALSE,FALSE,FALSE,TRUE,"passes screening"
"log_selcoffs_fsh[4][275]",TRUE,-0.364869590577603,-0.357734874097584,0.364148709045469,-1.08615412082947,-0.607179958027511,-0.11859834432191,0.317956175522482,0.010214505272975,1.00278342792041,1265.12967895261,1641.4234431762,0,0,FALSE,FALSE,FALSE,FALSE,TRUE,"passes screening"
"log_selcoffs_fsh[4][276]",TRUE,0.0637862130843239,0.0701021681015165,0.343695126151431,-0.610498327390776,-0.164947893372781,0.302755582877453,0.720773553387194,0.00866703389489898,1.00018533376155,1571.86375605836,2042.3113916886,0,0,FALSE,FALSE,FALSE,FALSE,TRUE,"passes screening"
"log_selcoffs_fsh[4][277]",TRUE,0.427641588629932,0.438968594078048,0.318864069030034,-0.219885625291805,0.208269015316214,0.655209799017074,1.02927592838285,0.00640034109317437,0.999736663122574,2520.55100399563,2383.80440677505,0,0,FALSE,FALSE,FALSE,FALSE,TRUE,"passes screening"
"log_selcoffs_fsh[4][278]",TRUE,0.646844351428649,0.658052615581185,0.293869950520071,0.0646502774581297,0.449301493371636,0.853435013304252,1.18937331940829,0.00687936567863092,0.999924067608356,1887.00988526968,2120.33696932308,0,0,FALSE,FALSE,FALSE,FALSE,TRUE,"passes screening"
"log_selcoffs_fsh[4][279]",TRUE,0.72570535402293,0.735724734135774,0.295100743918612,0.106241429823839,0.527782058933634,0.930413238837914,1.26609590782743,0.00975358460834063,1.00355792575561,923.110371857952,1429.57378927689,0,0,FALSE,FALSE,FALSE,FALSE,TRUE,"passes screening"
"log_selcoffs_fsh[4][280]",TRUE,-1.40267420759571,-1.39828254919356,0.47380343626394,-2.3463691577548,-1.71878386154769,-1.07965857922185,-0.4944446769943,0.0120634370598872,1.00038465248762,1534.87297165992,2007.61946728404,0,0,FALSE,FALSE,FALSE,FALSE,TRUE,"passes screening"
"log_selcoffs_fsh[4][281]",TRUE,-0.698693745502044,-0.697016769640161,0.367528758271427,-1.4184083992913,-0.95024382352914,-0.457801627438785,0.0165264170455987,0.0123828694662299,1.00235774320808,878.825089255482,1998.40121826694,0,0,FALSE,FALSE,FALSE,FALSE,TRUE,"passes screening"
"log_selcoffs_fsh[4][282]",TRUE,-0.732027689180574,-0.720644180876573,0.36588071782624,-1.47003688278593,-0.977888337538444,-0.489661997971304,-0.0360494250605536,0.0112200034218395,1.00253629887785,1061.97071788006,2244.94234233693,0,0,FALSE,FALSE,FALSE,FALSE,TRUE,"passes screening"
"log_selcoffs_fsh[4][283]",TRUE,-0.765101164484065,-0.76244961679996,0.377728944164158,-1.51477376050884,-1.01969503850895,-0.506277056961982,-0.0412291766229856,0.0108926303629869,1.00199939462104,1216.29308724708,2196.5314197142,0,0,FALSE,FALSE,FALSE,FALSE,TRUE,"passes screening"
"log_selcoffs_fsh[4][284]",TRUE,-0.520659645144976,-0.508132055610381,0.377439434044829,-1.26558536789076,-0.770944368696624,-0.257930941829002,0.198035541191614,0.0102407972699471,1.00121344298627,1355.66315784648,1918.43948979963,0,0,FALSE,FALSE,FALSE,FALSE,TRUE,"passes screening"
"log_selcoffs_fsh[4][285]",TRUE,-0.107459132702837,-0.105001000212299,0.369112427876337,-0.873554626905549,-0.339656977619096,0.14070950444024,0.583070675824487,0.00905605726064754,1.00073222055486,1668.40968134822,2294.25163099591,0,0,FALSE,FALSE,FALSE,FALSE,TRUE,"passes screening"
"log_selcoffs_fsh[4][286]",TRUE,0.292907201135238,0.296242643325632,0.35350483526728,-0.421376442773986,0.0602892243143775,0.531745876303341,0.959882239033023,0.00728859856956469,1.00086466506209,2351.9056746958,2283.94546571401,0,0,FALSE,FALSE,FALSE,FALSE,TRUE,"passes screening"
"log_selcoffs_fsh[4][287]",TRUE,0.617241420041028,0.625220842325159,0.31596206280104,-0.0342482513839083,0.410725924444057,0.837931364914413,1.19542883141143,0.00689798414604703,1.00035901983909,2155.28762946479,1590.82420744719,0,0,FALSE,FALSE,FALSE,FALSE,TRUE,"passes screening"
"log_selcoffs_fsh[4][288]",TRUE,0.809354210427113,0.822583707169939,0.299878772674293,0.195659742120583,0.61361060722374,1.01378855141754,1.35408603455191,0.00964351759139462,1.00157962904059,968.302651927171,1608.70422302562,0,0,FALSE,FALSE,FALSE,FALSE,TRUE,"passes screening"
"log_selcoffs_fsh[4][289]",TRUE,-1.47315667163516,-1.46764923096991,0.495039087441721,-2.47228685531511,-1.80768498588522,-1.13061224150409,-0.545935171226672,0.0116388082981355,0.999976714195787,1808.48868079666,2129.44341627096,0,0,FALSE,FALSE,FALSE,FALSE,TRUE,"passes screening"
"log_selcoffs_fsh[4][290]",TRUE,-0.344794029748835,-0.335320766544808,0.376850927857875,-1.10863371735691,-0.596986854505384,-0.0884483329001063,0.367370549395738,0.00952055829789832,1.001508655575,1569.86697960235,2481.50536732564,0,0,FALSE,FALSE,FALSE,FALSE,TRUE,"passes screening"
"log_selcoffs_fsh[4][291]",TRUE,0.123027622911207,0.13357739816094,0.357994781549255,-0.608943135013417,-0.118108761214319,0.365731783803036,0.802302892663001,0.00983498647665714,1.00196268645487,1330.27085573084,1769.70733198878,0,0,FALSE,FALSE,FALSE,FALSE,TRUE,"passes screening"
"log_selcoffs_fsh[4][292]",TRUE,-0.189469482864713,-0.18090403247368,0.358914439211582,-0.906407255419215,-0.415493581085928,0.0577275775200086,0.487470367164085,0.00955058290108855,1.00172273782455,1429.74175923164,1858.68068490562,0,0,FALSE,FALSE,FALSE,FALSE,TRUE,"passes screening"
"log_selcoffs_fsh[4][293]",TRUE,-0.302835334087928,-0.28702017646804,0.390256543734089,-1.12236431154942,-0.561041089996663,-0.0353296070456103,0.410510887915181,0.00992983859574144,1.00147424540202,1574.77985000566,1714.52508663924,0,0,FALSE,FALSE,FALSE,FALSE,TRUE,"passes screening"
"log_selcoffs_fsh[4][294]",TRUE,-0.217930486213458,-0.212183975720542,0.386548415282307,-0.998289919875363,-0.470950861685056,0.0417643503323888,0.518182396552419,0.00853319009930587,1.00056190996936,2059.70390619036,2157.0299495939,0,0,FALSE,FALSE,FALSE,FALSE,TRUE,"passes screening"
"log_selcoffs_fsh[4][295]",TRUE,0.0198373566109883,0.0281587141615677,0.369006297489203,-0.693409013525008,-0.229011479996433,0.276315735640448,0.723797180783929,0.00748828905917961,1.00162503766275,2430.09001227859,2392.54497269218,0,0,FALSE,FALSE,FALSE,FALSE,TRUE,"passes screening"
"log_selcoffs_fsh[4][296]",TRUE,0.311555517968855,0.320222102225265,0.353659910823615,-0.417947310029767,0.0848084892601763,0.552270130055153,0.981819810523876,0.00964473202671507,1.00166982828303,1343.97393969458,2013.2405264416,0,0,FALSE,FALSE,FALSE,FALSE,TRUE,"passes screening"
"log_selcoffs_fsh[4][297]",TRUE,0.530017401728757,0.553702117219318,0.34111815815892,-0.184654272438666,0.320487717548185,0.76704638502512,1.14861627877723,0.0118028158962885,1.00159435786367,833.217606982214,1516.92149381261,0,0,FALSE,FALSE,FALSE,FALSE,TRUE,"passes screening"
"log_selcoffs_fsh[4][298]",TRUE,-1.45919888480139,-1.44093877449225,0.524420846679273,-2.47248164529751,-1.8211762860105,-1.09205749690099,-0.453603332282617,0.0131061662177691,0.999939799145353,1614.59892106553,2261.78527596799,0,0,FALSE,FALSE,FALSE,FALSE,TRUE,"passes screening"
"log_selcoffs_fsh[4][299]",TRUE,-0.0358257865450925,-0.0275592689602739,0.370291461569864,-0.782171141174693,-0.285750148105602,0.211847404658229,0.678416368063965,0.0102207510841492,1.00135445195818,1308.81078630426,1763.63225438905,0,0,FALSE,FALSE,FALSE,FALSE,TRUE,"passes screening"
"log_selcoffs_fsh[4][300]",TRUE,0.0854484908532591,0.0990709848082427,0.355183611269171,-0.615265497528206,-0.153929679532836,0.329097687210986,0.758612227977264,0.0097641445608907,1.00338449523374,1326.99486682833,2109.49602978843,0,0,FALSE,FALSE,FALSE,FALSE,TRUE,"passes screening"
"log_selcoffs_fsh[4][301]",TRUE,-0.0605773027831262,-0.0594180951337476,0.352295575970628,-0.773114342978717,-0.302929081294396,0.187913026693122,0.602584554407843,0.00996166460443237,1.00308928733617,1251.6716166192,2243.69156450501,0,0,FALSE,FALSE,FALSE,FALSE,TRUE,"passes screening"
"log_selcoffs_fsh[4][302]",TRUE,-0.189337345875792,-0.177236489701848,0.374974371547021,-0.957249013691106,-0.441395136688793,0.0750859212866169,0.514355996161055,0.00989375566356673,1.0033157043571,1439.45023566075,1710.24030125158,0,0,FALSE,FALSE,FALSE,FALSE,TRUE,"passes screening"
"log_selcoffs_fsh[4][303]",TRUE,-0.226012721637716,-0.22037857586783,0.386933199079823,-0.987581799879048,-0.484969827491236,0.041899459065849,0.49745305636895,0.0086141411401287,1.00287786986528,2039.66475531602,2124.00770581836,0,0,FALSE,FALSE,FALSE,FALSE,TRUE,"passes screening"
"log_selcoffs_fsh[4][304]",TRUE,-0.0731875487738887,-0.0644248612077496,0.372457122716012,-0.814302733589048,-0.324306539000264,0.188132249966709,0.619118922725217,0.0079317607348538,1.00371399082716,2211.90972286145,2505.06762292837,0,0,FALSE,FALSE,FALSE,FALSE,TRUE,"passes screening"
"log_selcoffs_fsh[4][305]",TRUE,0.199386752843319,0.205311165847063,0.3649403731267,-0.544344317192474,-0.0446761864934266,0.452075916018409,0.876709266915877,0.0115433766409458,1.00476003926873,1003.5440379042,1549.59097802829,0,0,FALSE,FALSE,FALSE,FALSE,TRUE,"passes screening"
"log_selcoffs_fsh[4][306]",TRUE,0.423474222628754,0.433005907661542,0.367294468881851,-0.319896012676317,0.180953580270191,0.684366948550014,1.11953742280515,0.0136043001124377,1.0038744257455,732.124838011567,1162.35863165216,0,0,FALSE,FALSE,FALSE,FALSE,TRUE,"passes screening"
"log_selcoffs_fsh[4][307]",TRUE,-1.59926669806682,-1.58824906807683,0.530842511556552,-2.63374394936498,-1.96502328885684,-1.22719518521244,-0.590285809082487,0.013447608603009,1.00126579002525,1562.27992283804,1968.86864860943,0,0,FALSE,FALSE,FALSE,FALSE,TRUE,"passes screening"
"log_selcoffs_fsh[4][308]",TRUE,-0.404901429972657,-0.394543812055777,0.396705682638882,-1.19742960541528,-0.678766580314518,-0.127006918652697,0.333106371892101,0.010500709297771,1.00097205016548,1431.68404124115,2204.51237387676,0,0,FALSE,FALSE,FALSE,FALSE,TRUE,"passes screening"
"log_selcoffs_fsh[4][309]",TRUE,0.166071039749894,0.174481040171202,0.34479880280591,-0.541193716584102,-0.0598668603923659,0.410125500882253,0.805026910086998,0.0102428039926332,1.00584638109602,1168.10773724491,1572.13379935803,0,0,FALSE,FALSE,FALSE,FALSE,TRUE,"passes screening"
"log_selcoffs_fsh[4][310]",TRUE,0.201723591684863,0.209460026473627,0.335007021318587,-0.492347570185665,-0.0159130663285143,0.431073893597463,0.841775327205038,0.00922543555296795,1.00369732024088,1335.12056468084,2044.92227215519,0,0,FALSE,FALSE,FALSE,FALSE,TRUE,"passes screening"
"log_selcoffs_fsh[4][311]",TRUE,-0.141322953087603,-0.128816336248283,0.368843477564119,-0.909458291541708,-0.386810283910212,0.121414840101911,0.548202061635501,0.0105375132640408,1.00126919887161,1244.53661036835,1671.82805707868,0,0,FALSE,FALSE,FALSE,FALSE,TRUE,"passes screening"
"log_selcoffs_fsh[4][312]",TRUE,-0.294016312417841,-0.288413568164238,0.385312005472693,-1.07656847551121,-0.552675224137288,-0.0222321643759865,0.428810447338552,0.00875148912657378,1.00010375930852,1958.56250626452,2145.03590129017,0,0,FALSE,FALSE,FALSE,FALSE,TRUE,"passes screening"
"log_selcoffs_fsh[4][313]",TRUE,-0.170390793135989,-0.158704383775442,0.372015484078177,-0.93209151244841,-0.41514687304501,0.0780864827235579,0.535752162353557,0.00805090028609331,1.00444989675266,2129.61524071679,2514.45790503067,0,0,FALSE,FALSE,FALSE,FALSE,TRUE,"passes screening"
"log_selcoffs_fsh[4][314]",TRUE,0.163300524132466,0.169758881351573,0.371986756074534,-0.579406692077223,-0.0815873771950116,0.42020110942554,0.856574024527505,0.0105090023799372,1.00479846716183,1254.62763822905,1888.71446179344,0,0,FALSE,FALSE,FALSE,FALSE,TRUE,"passes screening"
"log_selcoffs_fsh[4][315]",TRUE,0.480013066695343,0.502762622688056,0.371495248062174,-0.274181570763505,0.224439334662553,0.737209984466574,1.16958550101506,0.0142318992752592,1.00495337791505,685.423053422474,1268.13507791661,0,0,FALSE,FALSE,FALSE,FALSE,TRUE,"passes screening"
"log_selcoffs_fsh[4][316]",TRUE,-1.65735444666667,-1.6487104599651,0.514488392552299,-2.69513864516748,-1.99524514103603,-1.30944128106384,-0.663439046080755,0.0131215575762119,1.00098246562562,1531.88442391424,2207.98460549935,0,0,FALSE,FALSE,FALSE,FALSE,TRUE,"passes screening"
"log_selcoffs_fsh[4][317]",TRUE,-0.581436122546561,-0.583934413531519,0.405630455801574,-1.36726888262546,-0.861407801873759,-0.305322411863061,0.203010055347129,0.0113944922768771,1.00314597732165,1261.46972255095,1826.82704910697,0,0,FALSE,FALSE,FALSE,FALSE,TRUE,"passes screening"
"log_selcoffs_fsh[4][318]",TRUE,-0.0645551638433716,-0.0580368224101582,0.363944351650753,-0.765092070971737,-0.310915053132775,0.173354087612644,0.641577612235493,0.0110825462234384,1.00806285568784,1074.67801198124,1484.19943470379,0,0,FALSE,FALSE,FALSE,FALSE,TRUE,"passes screening"
"log_selcoffs_fsh[4][319]",TRUE,-0.0348083772688983,-0.027824152636512,0.359281905548103,-0.76998328349315,-0.268307342196453,0.205440164181707,0.64281393961273,0.0113393031248825,1.00832161390954,1003.06136286847,1713.7106661698,0,0,FALSE,FALSE,FALSE,FALSE,TRUE,"passes screening"
"log_selcoffs_fsh[4][320]",TRUE,-0.168402101890973,-0.150886635108909,0.382393250843945,-0.94848867072757,-0.424472975833895,0.0883252167018659,0.561517761394433,0.0105620171327736,1.00464679899919,1326.49335524707,2080.2431171566,0,0,FALSE,FALSE,FALSE,FALSE,TRUE,"passes screening"
"log_selcoffs_fsh[4][321]",TRUE,-0.358646003692005,-0.367995516532057,0.394979154000082,-1.15197182443268,-0.612589697589715,-0.0833427482648166,0.396027212433274,0.00919761650843518,0.999499540336105,1856.03010214129,1746.06453838072,0,0,FALSE,FALSE,FALSE,FALSE,TRUE,"passes screening"
"log_selcoffs_fsh[4][322]",TRUE,-0.242136609979549,-0.228711339399031,0.375175613880055,-1.01548903431027,-0.486687598327944,0.024167674153608,0.439913658139986,0.00810545959422147,1.00016804821889,2145.93663350333,2145.04549395928,0,0,FALSE,FALSE,FALSE,FALSE,TRUE,"passes screening"
"log_selcoffs_fsh[4][323]",TRUE,0.252227561752475,0.272922227738203,0.360095204887653,-0.485412706590574,0.0174881659396011,0.505494041028853,0.893402460582089,0.00880838099653259,1.00107292883977,1683.26430266558,2077.44362648792,0,0,FALSE,FALSE,FALSE,FALSE,TRUE,"passes screening"
"log_selcoffs_fsh[4][324]",TRUE,0.805821597293317,0.837734949919083,0.361950373970494,-0.0111788773069347,0.587510649641785,1.05987792364659,1.42270166100738,0.0133291183260912,1.00311101796912,745.639310576134,1090.02205264749,0,0,FALSE,FALSE,FALSE,FALSE,TRUE,"passes screening"
"log_selcoffs_fsh[4][325]",TRUE,-1.04221469683818,-1.03006720251729,0.571107821698654,-2.19109884629121,-1.40953151227029,-0.645498277863157,0.0115694965492244,0.0145827995208617,1.00083844191234,1533.74042987618,2045.21474941257,0,0,FALSE,FALSE,FALSE,FALSE,TRUE,"passes screening"
"log_selcoffs_fsh[4][326]",TRUE,0.0869407143041997,0.103987227058652,0.424212796310278,-0.781397630166309,-0.19140070727414,0.381818678016265,0.858943977953723,0.0131460603619906,1.00425041134015,1043.59174098256,1915.16266855337,0,0,FALSE,FALSE,FALSE,FALSE,TRUE,"passes screening"
"log_selcoffs_fsh[4][327]",TRUE,0.171117491511095,0.186980176869935,0.432179868823148,-0.713695734284429,-0.111109060747209,0.471697004078206,0.942711631843006,0.0126597310483466,1.00523685934314,1168.61665629726,1798.87891898294,0,0,FALSE,FALSE,FALSE,FALSE,TRUE,"passes screening"
"log_selcoffs_fsh[4][328]",TRUE,-0.275958974319913,-0.267555413674552,0.464929881157153,-1.22612765859788,-0.585548324481284,0.0458886766979074,0.603736668484506,0.0133443117231003,1.00785362346404,1217.12709933626,1895.31671056904,0,0,FALSE,FALSE,FALSE,FALSE,TRUE,"passes screening"
"log_selcoffs_fsh[4][329]",TRUE,-0.580273779400276,-0.566479056964915,0.489242684810473,-1.58989709925164,-0.897068926543921,-0.248104776074713,0.337999378770796,0.0141031386804308,1.00414389412096,1209.17749110099,1793.28690126513,0,0,FALSE,FALSE,FALSE,FALSE,TRUE,"passes screening"
"log_selcoffs_fsh[4][330]",TRUE,-0.585399918381513,-0.556132614356376,0.501126628427637,-1.62226337258,-0.918999958031703,-0.234039393023827,0.328774120695665,0.0123727677880623,1.0006015538803,1660.31921326532,1970.72630385372,0,0,FALSE,FALSE,FALSE,FALSE,TRUE,"passes screening"
"log_selcoffs_fsh[4][331]",TRUE,-0.326732178580914,-0.317413369694138,0.476794374301205,-1.28594880839056,-0.635650509333024,-0.00316830156729427,0.574488196225856,0.0104479907390283,1.0000036925368,2077.71654040282,2424.37521416216,0,0,FALSE,FALSE,FALSE,FALSE,TRUE,"passes screening"
"log_selcoffs_fsh[4][332]",TRUE,0.145223988435944,0.166246924612326,0.430894312344267,-0.773054445164146,-0.140818309825774,0.463025240742673,0.902290944783204,0.0134770415379951,1.00706927941642,1034.48819448947,1844.28697771922,0,0,FALSE,FALSE,FALSE,FALSE,TRUE,"passes screening"
"log_selcoffs_fsh[4][333]",TRUE,0.62110968409163,0.657955737707955,0.43446255416175,-0.362395771645324,0.374529590169955,0.924899813691189,1.34025025677701,0.0168673910652796,1.00596581737023,667.193034090019,1104.95249400776,0,0,FALSE,FALSE,FALSE,FALSE,TRUE,"passes screening"
"log_selcoffs_fsh[4][334]",TRUE,-0.899806775432434,-0.859598405623333,0.882018191599589,-2.70721163806684,-1.50444112740715,-0.280340834845801,0.762728439630839,0.0195358909692601,1.00137827489582,2059.41967661418,1956.69986566881,0,0,FALSE,FALSE,FALSE,FALSE,TRUE,"passes screening"
"log_selcoffs_fsh[4][335]",TRUE,-0.270160595598009,-0.259531239510203,0.589372295730488,-1.45033862208356,-0.665683958068722,0.147804738367388,0.816161292186653,0.0151277132971279,1.00084797820908,1525.00276939946,1974.19305700976,0,0,FALSE,FALSE,FALSE,FALSE,TRUE,"passes screening"
"log_selcoffs_fsh[4][336]",TRUE,0.00805594964234709,0.0387939388346026,0.569237907832436,-1.20738879523576,-0.358635194633981,0.414095818365649,1.01141836429048,0.0153873982065365,1.00267331011572,1385.68577137478,2013.9858654507,0,0,FALSE,FALSE,FALSE,FALSE,TRUE,"passes screening"
"log_selcoffs_fsh[4][337]",TRUE,-0.180400834878248,-0.146347258630164,0.584924727779656,-1.42536196652717,-0.544359437308768,0.232758459762591,0.870397327139222,0.0172497800236197,1.00458423096053,1201.46269825341,1399.42347027472,0,0,FALSE,FALSE,FALSE,FALSE,TRUE,"passes screening"
"log_selcoffs_fsh[4][338]",TRUE,-0.458173567003388,-0.423752012925094,0.609614406070831,-1.75570104691264,-0.841407883610169,-0.0273808699602956,0.628662665400881,0.0164876308031634,1.00195983200682,1395.77834173524,2022.73299828157,0,0,FALSE,FALSE,FALSE,FALSE,TRUE,"passes screening"
"log_selcoffs_fsh[4][339]",TRUE,-0.518932074553547,-0.485852839509642,0.613818556810117,-1.76576516565244,-0.91996447583564,-0.0921238283113732,0.591269095469175,0.0147180109877644,1.00127270146172,1785.09796106588,2035.98891361967,0,0,FALSE,FALSE,FALSE,FALSE,TRUE,"passes screening"
"log_selcoffs_fsh[4][340]",TRUE,-0.29049785873176,-0.258501927046062,0.567629140846031,-1.47977055185384,-0.665399279389709,0.109537230127557,0.734883498222278,0.0124718967821024,1.00070860549053,2105.65712998653,1872.3255980352,0,0,FALSE,FALSE,FALSE,FALSE,TRUE,"passes screening"
"log_selcoffs_fsh[4][341]",TRUE,0.125873347015276,0.169964292089569,0.505486978585244,-0.973882620922765,-0.183776589619141,0.48816036164969,0.983635013098895,0.0142758259093073,1.00317390055372,1283.61349136802,1868.74155538146,0,0,FALSE,FALSE,FALSE,FALSE,TRUE,"passes screening"
"log_selcoffs_fsh[4][342]",TRUE,0.487257030309736,0.555162486790812,0.544455392644578,-0.662350478178403,0.129566783614398,0.879767685395348,1.38811792190289,0.0182202829876766,1.00443545992591,889.187905419482,1671.53165136703,0,0,FALSE,FALSE,FALSE,FALSE,TRUE,"passes screening"
"rec_dev_future[1]",TRUE,-0.00395351969378901,-0.00433748677596569,0.585181539507386,-1.17024242024637,-0.411609117990262,0.402320309949392,1.13579762523174,0.00911084675075319,1.00087625192628,4104.82149023456,2271.329360116,0,0,FALSE,FALSE,FALSE,FALSE,TRUE,"passes screening"
"rec_dev_future[2]",TRUE,-0.0103487848669639,-0.0145996910137735,0.596095863320685,-1.14817223334846,-0.403425636202941,0.380944440054078,1.16588603737526,0.00958456649135602,1.00057818749947,3872.56486500122,1754.85210083206,0,0,FALSE,FALSE,FALSE,FALSE,TRUE,"passes screening"
"rec_dev_future[3]",TRUE,0.00807165113096658,0.0155463658617149,0.609485785596761,-1.2494322359389,-0.398358259462674,0.421539948666196,1.22333683082528,0.00931733830586953,1.00107992239531,4297.1563644639,1826.99272601033,0,0,FALSE,FALSE,FALSE,FALSE,TRUE,"passes screening"
"rec_dev_future[4]",TRUE,0.00439339136321442,0.00601492156819106,0.62423823687425,-1.22050166005739,-0.409948915221159,0.421868253884896,1.2677505523381,0.00894787880085762,0.999689540290243,4861.6607875331,1743.00343424582,0,0,FALSE,FALSE,FALSE,FALSE,TRUE,"passes screening"
"rec_dev_future[5]",TRUE,0.00358586552401366,-0.000136460778626147,0.600404637664564,-1.17645769640305,-0.40457198129926,0.410666132409182,1.20820207529224,0.00844792146453379,1.00275366533522,5075.37412492823,2237.93016424411,0,0,FALSE,FALSE,FALSE,FALSE,TRUE,"passes screening"
"log_q_ind[1]",TRUE,1.07147429061824,1.06481121395248,0.298878580790906,0.514330761404085,0.857270124814273,1.27421981337357,1.66148289121248,0.0117627291002466,1.00811352420431,643.753560381395,1425.53101827355,0,0,FALSE,FALSE,FALSE,FALSE,TRUE,"passes screening"
"log_q_ind[2]",TRUE,-1.48006552391948,-1.48033192150782,0.187546956042474,-1.83887676702743,-1.60914892881057,-1.3654047943022,-1.09991730347905,0.0137170672358639,1.03080953621222,175.281086260241,370.600186906508,0,0,TRUE,TRUE,TRUE,FALSE,FALSE,"Rhat > 1.01; bulk ESS < 400; tail ESS < 400"
"log_q_ind[3]",TRUE,-2.62786011989607,-2.62888833625669,0.134468913331868,-2.8909088325685,-2.72161037185996,-2.53085579831283,-2.37373295554162,0.0147497916430622,1.04523797600341,83.3947671415924,397.118948463799,0,0,TRUE,TRUE,TRUE,FALSE,FALSE,"Rhat > 1.01; bulk ESS < 400; tail ESS < 400"
"log_q_ind[4]",TRUE,-10.2038144888454,-10.2058319637347,0.143075347458262,-10.4904324844917,-10.3001686217267,-10.1038435388803,-9.93110117654146,0.0129204795579119,1.05102895917026,122.308632859594,390.392509451219,0,0,TRUE,TRUE,TRUE,FALSE,FALSE,"Rhat > 1.01; bulk ESS < 400; tail ESS < 400"
"log_q_ind[5]",TRUE,-10.044316180775,-10.0444174976843,0.146739845395563,-10.3315983790334,-10.140990564441,-9.94442253044213,-9.7662884976236,0.0134297163332207,1.05256255914091,119.183720069517,405.596325854318,0,0,TRUE,TRUE,FALSE,FALSE,FALSE,"Rhat > 1.01; bulk ESS < 400"
"log_q_ind[6]",TRUE,-1.207700540163,-1.21269765926781,0.153934213650397,-1.5031373566906,-1.31199529660776,-1.1031644368213,-0.892005804604322,0.0090596074652804,1.0035341683651,289.171210877618,695.852123763644,0,0,FALSE,TRUE,FALSE,FALSE,FALSE,"bulk ESS < 400"
"log_rw_q_ind[1]",TRUE,-1.07146416796702,-1.07339875633681,0.211488652956507,-1.48451801829709,-1.21454515605982,-0.928347197045182,-0.6596782347246,0.0042647273501787,0.999961353053388,2468.36583978641,2246.08740520028,0,0,FALSE,FALSE,FALSE,FALSE,TRUE,"passes screening"
"log_rw_q_ind[6]",TRUE,-0.145090240563209,-0.1445955939956,0.243977048227077,-0.608780503842672,-0.316783149799765,0.0201086173928172,0.343219859164845,0.0102174188345164,1.00634923289692,571.385556387943,1072.95249699682,0,0,FALSE,FALSE,FALSE,FALSE,TRUE,"passes screening"
"log_selcoffs_ind[1][1]",TRUE,-2.62085611106854,-2.5995209506999,0.536267446847311,-3.6984889873649,-2.98067490325194,-2.24265822955816,-1.60497980776405,0.0161864313148138,1.00262896026802,1103.36965872264,1634.38475960466,0,0,FALSE,FALSE,FALSE,FALSE,TRUE,"passes screening"
"log_selcoffs_ind[1][2]",TRUE,-1.78133698246887,-1.76981264344694,0.426893670940095,-2.64364452011277,-2.06346097087461,-1.47949229184654,-0.98338422150401,0.0153393476725469,1.0042194548791,782.787950654895,1259.21047561087,0,0,FALSE,FALSE,FALSE,FALSE,TRUE,"passes screening"
"log_selcoffs_ind[1][3]",TRUE,-1.14457018295622,-1.13151258463421,0.388998523861118,-1.92177492172663,-1.39840547074834,-0.87431344450155,-0.412977373360084,0.0144222719383881,1.00481937458292,729.561230255832,1086.71175460424,0,0,FALSE,FALSE,FALSE,FALSE,TRUE,"passes screening"
"log_selcoffs_ind[1][4]",TRUE,-0.665567924647167,-0.655618079790938,0.361918336863821,-1.37706000587609,-0.91390296484849,-0.415634950701802,0.0213255235146486,0.0131939687524149,1.00404623851997,756.467312068935,1264.56566304291,0,0,FALSE,FALSE,FALSE,FALSE,TRUE,"passes screening"
"log_selcoffs_ind[1][5]",TRUE,-0.311049337732565,-0.302466447609611,0.332346008989414,-0.972332216476963,-0.537486407682508,-0.0814104833506521,0.3183865315894,0.0112261712926259,1.00332371219393,886.101814107762,1268.93509983125,0,0,FALSE,FALSE,FALSE,FALSE,TRUE,"passes screening"
"log_selcoffs_ind[1][6]",TRUE,-0.00621898868450494,-0.00851902326158072,0.291660850887954,-0.601253780243783,-0.197869123201259,0.198246050274097,0.54740898275503,0.00869882394272345,1.00212580165476,1132.01465241125,1430.13651287933,0,0,FALSE,FALSE,FALSE,FALSE,TRUE,"passes screening"
"log_selcoffs_ind[1][7]",TRUE,0.265984297001841,0.270872963660671,0.244935540816778,-0.238103375785144,0.110020232562942,0.438283233301995,0.731055712402251,0.00556155360845321,1.00044761359739,1965.59495741743,2019.22460069776,0,0,FALSE,FALSE,FALSE,FALSE,TRUE,"passes screening"
"log_selcoffs_ind[1][8]",TRUE,0.493480065415119,0.491041984344124,0.211299292565892,0.0811288373792412,0.349011324679014,0.641434095936284,0.90540102859627,0.0042984008751934,1.0011200662919,2407.87079170986,2230.85310722847,0,0,FALSE,FALSE,FALSE,FALSE,TRUE,"passes screening"
"log_selcoffs_ind[1][9]",TRUE,0.648946098496634,0.655323811040448,0.240173181356505,0.139371274478294,0.501347030989694,0.81295572762461,1.11089440915482,0.0066829327967841,1.00249187959834,1270.21435552735,1764.2442273894,0,0,FALSE,FALSE,FALSE,FALSE,TRUE,"passes screening"
"log_selcoffs_ind[1][10]",TRUE,0.735943498957943,0.751314482032703,0.317408391386176,0.0720378410526715,0.532888769205656,0.952144778786336,1.30935687287999,0.00885488806711797,1.00272076634612,1337.90121194824,1676.96396642956,0,0,FALSE,FALSE,FALSE,FALSE,TRUE,"passes screening"
"log_selcoffs_ind[1][11]",TRUE,-3.29830118160734,-3.28400529172683,0.551349575211509,-4.41064568326833,-3.66202772701658,-2.93849736528782,-2.26487096070538,0.0161016296672056,1.00278458673323,1153.93765325538,1745.66701444641,0,0,FALSE,FALSE,FALSE,FALSE,TRUE,"passes screening"
"log_selcoffs_ind[1][12]",TRUE,-2.49308440947534,-2.48790845311584,0.445081255605368,-3.38675597049423,-2.78278225858047,-2.18691031016647,-1.6423461536412,0.0151518352125845,1.00590452641834,860.801980016773,1596.76542040136,0,0,FALSE,FALSE,FALSE,FALSE,TRUE,"passes screening"
"log_selcoffs_ind[1][13]",TRUE,-1.72405753081523,-1.72361584515209,0.40391380296187,-2.5402740007388,-1.98818948359305,-1.44741385662969,-0.945811460040264,0.0143062702396894,1.00674474218621,807.186529022804,1806.55949112104,0,0,FALSE,FALSE,FALSE,FALSE,TRUE,"passes screening"
"log_selcoffs_ind[1][14]",TRUE,-1.0420164469572,-1.027919777133,0.370426377597765,-1.79280917139213,-1.28959861917712,-0.789277369510248,-0.340258209620479,0.0132174040087492,1.00628213752454,805.486644547603,1387.48087324381,0,0,FALSE,FALSE,FALSE,FALSE,TRUE,"passes screening"
"log_selcoffs_ind[1][15]",TRUE,-0.474562519771218,-0.467192689158066,0.33625409475081,-1.15364635139822,-0.697441487116098,-0.242817660690373,0.16379151800657,0.0112056260570168,1.00510350573926,920.047793839756,1580.71663351997,0,0,FALSE,FALSE,FALSE,FALSE,TRUE,"passes screening"
"log_selcoffs_ind[1][16]",TRUE,-0.00442341582967679,0.00349765186320337,0.288427159414519,-0.585383843818557,-0.191145130159129,0.191674559761413,0.530919822111403,0.00872124000106677,1.00501073452948,1110.77027304401,1563.5599129496,0,0,FALSE,FALSE,FALSE,FALSE,TRUE,"passes screening"
"log_selcoffs_ind[1][17]",TRUE,0.33945566375709,0.344909041875332,0.238868140788782,-0.138441832357923,0.17987581429663,0.506832113262756,0.783815869750617,0.00591045092799029,1.00235539431065,1652.85914734825,2046.32478509445,0,0,FALSE,FALSE,FALSE,FALSE,TRUE,"passes screening"
"log_selcoffs_ind[1][18]",TRUE,0.582431049700883,0.585112787660698,0.201000424931987,0.187941630043235,0.447563582261812,0.723182779761503,0.968435021951448,0.00414600678973454,0.99941370323214,2346.003252067,2316.22787509544,0,0,FALSE,FALSE,FALSE,FALSE,TRUE,"passes screening"
"log_selcoffs_ind[1][19]",TRUE,0.731043623945454,0.732972013304532,0.227271745668855,0.278240750801752,0.582024967816072,0.885079735139455,1.16593822109394,0.00629075152066565,1.00104218265943,1321.00924390101,1790.6675360971,0,0,FALSE,FALSE,FALSE,FALSE,TRUE,"passes screening"
"log_selcoffs_ind[1][20]",TRUE,0.800983174614087,0.811395430481044,0.307049030582494,0.16984699852115,0.596927288999822,1.00658696031463,1.37917649562209,0.00852705918505373,1.00208886968589,1298.91032594162,2005.17967501671,0,0,FALSE,FALSE,FALSE,FALSE,TRUE,"passes screening"
"log_selcoffs_ind[2][1]",TRUE,-0.707289441827575,-0.702958302699554,0.335197312479281,-1.39219975800423,-0.929141327686582,-0.479429124996867,-0.0550872232825203,0.0137872270342048,1.00758570210307,592.911217583765,1086.29312539156,0,0,FALSE,FALSE,FALSE,FALSE,TRUE,"passes screening"
"log_selcoffs_ind[2][2]",TRUE,-0.543910922711548,-0.55002804554349,0.333205451460747,-1.24184693391026,-0.76462257810454,-0.313928474451764,0.0979188771026146,0.0156233872861329,1.01028858372392,454.953071164749,729.18511406128,0,0,TRUE,FALSE,FALSE,FALSE,FALSE,"Rhat > 1.01"
"log_selcoffs_ind[2][3]",TRUE,-0.702738195244815,-0.703972775525957,0.357267116090539,-1.405752536009,-0.933528295873692,-0.467795844921074,-0.00490361638273027,0.0168966179829072,1.0090233143846,451.250632586861,785.840421214018,0,0,FALSE,FALSE,FALSE,FALSE,TRUE,"passes screening"
"log_selcoffs_ind[2][4]",TRUE,-0.91609258272536,-0.91253985432673,0.365621568909457,-1.63284288172594,-1.15342686746701,-0.67912517742421,-0.192124135999635,0.0173394187931771,1.00750587960112,450.457824757783,808.481548666374,0,0,FALSE,FALSE,FALSE,FALSE,TRUE,"passes screening"
"log_selcoffs_ind[2][5]",TRUE,-0.95416148639433,-0.951309449460412,0.351214219487628,-1.64106283750886,-1.19395246360611,-0.724312518077818,-0.26252635123619,0.0159460356746981,1.00666600951011,489.110449699274,583.826709263133,0,0,FALSE,FALSE,FALSE,FALSE,TRUE,"passes screening"
"log_selcoffs_ind[2][6]",TRUE,-0.729040027919783,-0.730768941326574,0.327809771234399,-1.37998110016915,-0.942777945203026,-0.513074277332121,-0.0768114091819233,0.0133950801211947,1.00430801386394,605.740592950326,840.863429784932,0,0,FALSE,FALSE,FALSE,FALSE,TRUE,"passes screening"
"log_selcoffs_ind[2][7]",TRUE,-0.298654883506835,-0.289475581523748,0.28779824634051,-0.865274218168442,-0.495884886518808,-0.0972884734278836,0.244507528742514,0.00924424132101967,1.00222408789851,984.626292441727,1394.14326548472,0,0,FALSE,FALSE,FALSE,FALSE,TRUE,"passes screening"
"log_selcoffs_ind[2][8]",TRUE,0.235946450591307,0.237689042420908,0.231746739921996,-0.220909850947716,0.0788385693549692,0.401960971640175,0.681881515356894,0.0055674712732315,1.00004090564838,1769.16331072313,2130.1353881529,0,0,FALSE,FALSE,FALSE,FALSE,TRUE,"passes screening"
"log_selcoffs_ind[2][9]",TRUE,0.733414573290168,0.742118492868187,0.231505075891986,0.235729399870617,0.594235730396549,0.888147248213251,1.15793005309092,0.00812870184211223,1.0063482195785,953.187594917343,811.166818384586,0,0,FALSE,FALSE,FALSE,FALSE,TRUE,"passes screening"
"log_selcoffs_ind[2][10]",TRUE,1.01943903740245,1.04464254919728,0.306640727896581,0.354216524335325,0.838111644527209,1.22522572753223,1.5311107998862,0.0128122874496729,1.01154307724741,657.894560217802,668.236731790285,0,0,TRUE,FALSE,FALSE,FALSE,FALSE,"Rhat > 1.01"
"log_selcoffs_ind[2][11]",TRUE,0.0548899979855816,0.0589852174841354,0.320027130829595,-0.58030776697141,-0.151226942283377,0.269777520185976,0.673660760482942,0.0127148167255368,1.00842356995787,638.336164153077,1097.53937297247,0,0,FALSE,FALSE,FALSE,FALSE,TRUE,"passes screening"
"log_selcoffs_ind[2][12]",TRUE,-0.35147973361474,-0.349208921395177,0.307186238398025,-0.963136851044551,-0.558094694959087,-0.147649034802413,0.246066562230089,0.0146684924892356,1.01207374699146,438.793244341573,992.290641098456,0,0,TRUE,FALSE,FALSE,FALSE,FALSE,"Rhat > 1.01"
"log_selcoffs_ind[2][13]",TRUE,-0.583260780746211,-0.582822691745302,0.311303758161179,-1.21368156006129,-0.787312646821294,-0.373150555037816,0.0117842508645266,0.0144001749883651,1.01130765042916,468.967974568811,887.146057372515,0,0,TRUE,FALSE,FALSE,FALSE,FALSE,"Rhat > 1.01"
"log_selcoffs_ind[2][14]",TRUE,-0.658905769860341,-0.65904088345843,0.309414518425105,-1.25750742941881,-0.866283345161607,-0.447147342621915,-0.0494498744391385,0.0144940936774111,1.01053174923017,453.172706811902,1046.85353836358,0,0,TRUE,FALSE,FALSE,FALSE,FALSE,"Rhat > 1.01"
"log_selcoffs_ind[2][15]",TRUE,-0.614367016586414,-0.611153153597401,0.300406835541209,-1.20663325092764,-0.821769583823792,-0.407355805809728,-0.0295989485785992,0.0128458119355035,1.00969118544958,551.234508621073,858.648761006468,0,0,FALSE,FALSE,FALSE,FALSE,TRUE,"passes screening"
"log_selcoffs_ind[2][16]",TRUE,-0.425127839231817,-0.428290847837194,0.275440214168516,-0.953132660069425,-0.611121225667302,-0.230812411623659,0.105371571814069,0.00829128211116323,1.00502139641331,1081.93854099088,1479.49548812153,0,0,FALSE,FALSE,FALSE,FALSE,TRUE,"passes screening"
"log_selcoffs_ind[2][17]",TRUE,-0.121630464892417,-0.123194842094216,0.244690331510694,-0.589146469767693,-0.290169963076663,0.0494686983200232,0.35174013624801,0.00582789718421329,1.00192376305443,1768.77670564371,2073.08402810381,0,0,FALSE,FALSE,FALSE,FALSE,TRUE,"passes screening"
"log_selcoffs_ind[2][18]",TRUE,0.210577221806633,0.214644705332633,0.224708487649401,-0.228815086647445,0.0602385571486603,0.358619272463434,0.64120158092758,0.00580084392167178,1.0025487367128,1511.95602718448,1723.20963234276,0,0,FALSE,FALSE,FALSE,FALSE,TRUE,"passes screening"
"log_selcoffs_ind[2][19]",TRUE,0.480957803712818,0.489852922519539,0.256025518844019,-0.0492188763702296,0.322075329374279,0.653945173405982,0.94277690356464,0.00997011325216055,1.00976037036211,695.651820230835,723.838566848841,0,0,FALSE,FALSE,FALSE,FALSE,TRUE,"passes screening"
"log_selcoffs_ind[2][20]",TRUE,0.627267344418995,0.647149505635192,0.317787378894147,-0.0378842138275659,0.424400592471912,0.851553570071183,1.20095830819464,0.0129139128543664,1.00819186663755,639.107373968885,562.721822964087,0,0,FALSE,FALSE,FALSE,FALSE,TRUE,"passes screening"
"log_selcoffs_ind[2][21]",TRUE,0.509295658624553,0.51424447004096,0.271177892612693,-0.0419004987336072,0.338413637820676,0.692143908208323,1.01835738569313,0.00907552430517025,1.00134767348831,905.807411534107,1533.20353560247,0,0,FALSE,FALSE,FALSE,FALSE,TRUE,"passes screening"
"log_selcoffs_ind[2][22]",TRUE,0.144558887303191,0.146331105112908,0.243985134476843,-0.365422763324214,-0.0157158001326323,0.313659029080607,0.599151186502726,0.0085983109898263,1.00188893715042,811.29515713059,1159.90326747119,0,0,FALSE,FALSE,FALSE,FALSE,TRUE,"passes screening"
"log_selcoffs_ind[2][23]",TRUE,-0.0427324927391139,-0.0348086376033366,0.239013122921983,-0.525158183003489,-0.196993475629398,0.121126154633805,0.407540118431743,0.00845807341800583,1.00266265448942,801.645181616927,1310.976107119,0,0,FALSE,FALSE,FALSE,FALSE,TRUE,"passes screening"
"log_selcoffs_ind[2][24]",TRUE,-0.112099477215604,-0.104161833989327,0.237028422275037,-0.608499238586994,-0.263259616132504,0.0490859802061586,0.331153542341502,0.00763089231511484,1.00204319674311,966.208971496144,1368.83787079332,0,0,FALSE,FALSE,FALSE,FALSE,TRUE,"passes screening"
"log_selcoffs_ind[2][25]",TRUE,-0.187363725518684,-0.186472709325739,0.23260540539991,-0.67672086504744,-0.337662440121651,-0.0298169471072157,0.259008011725291,0.00603168722889345,1.00040941243269,1491.37226759329,2231.7570179922,0,0,FALSE,FALSE,FALSE,FALSE,TRUE,"passes screening"
"log_selcoffs_ind[2][26]",TRUE,-0.255830809221056,-0.256399258477353,0.233498370857209,-0.738949801189366,-0.400886024270244,-0.0992227492548073,0.195403944447393,0.00561968825062124,1.00104345605415,1724.63836086506,2089.12493228034,0,0,FALSE,FALSE,FALSE,FALSE,TRUE,"passes screening"
"log_selcoffs_ind[2][27]",TRUE,-0.264765988724364,-0.263727718828589,0.241681162977511,-0.76252168025902,-0.421719415465351,-0.103772806388536,0.205951499951879,0.00640835957930392,1.00337859191107,1438.20838439573,1707.89779017227,0,0,FALSE,FALSE,FALSE,FALSE,TRUE,"passes screening"
"log_selcoffs_ind[2][28]",TRUE,-0.198896298135992,-0.181789234211586,0.257991126427357,-0.716477034070081,-0.368105261182554,-0.0277103262254804,0.283152803178669,0.00937375348619499,1.00687437556584,780.985717483653,1171.85354218212,0,0,FALSE,FALSE,FALSE,FALSE,TRUE,"passes screening"
"log_selcoffs_ind[2][29]",TRUE,-0.0733794869116451,-0.0625850214430385,0.296202289942437,-0.698011782207475,-0.258023106139814,0.129767818207556,0.472168394637628,0.0129367569850088,1.00954809852238,547.342006242467,612.348708996693,0,0,FALSE,FALSE,FALSE,FALSE,TRUE,"passes screening"
"log_selcoffs_ind[2][30]",TRUE,0.0618347351486395,0.0760681643347862,0.340875571612138,-0.669581774443884,-0.158494568576113,0.296069571981232,0.696673007216188,0.0154255332385783,1.01085875824688,505.72043700069,541.716874230337,0,0,TRUE,FALSE,FALSE,FALSE,FALSE,"Rhat > 1.01"
"lp__",FALSE,-1607.07032333333,-1606.53,27.5196777612581,-1662.02175,-1625.94,-1588.2175,-1555.1355,0.906966038069366,1.00116267979847,921.783500019323,1636.50576570558,0,0,FALSE,FALSE,FALSE,FALSE,TRUE,"passes screening"
