year,iter,data,scenario,biol,code,metric
2025,37,8593.12324912998,om11_2,CJM,tun29,SB
2026,37,9939.51913741247,om11_2,CJM,tun29,SB
2027,37,10982.6361892558,om11_2,CJM,tun29,SB
2028,37,10806.9129923181,om11_2,CJM,tun29,SB
2029,37,9857.71380840958,om11_2,CJM,tun29,SB
2030,37,8861.99677614115,om11_2,CJM,tun29,SB
2031,37,7854.49944999513,om11_2,CJM,tun29,SB
2032,37,6655.56313501063,om11_2,CJM,tun29,SB
2033,37,6246.33601080768,om11_2,CJM,tun29,SB
2034,37,6256.27551006892,om11_2,CJM,tun29,SB
2035,37,5182.950903111,om11_2,CJM,tun29,SB
2036,37,4835.94900918295,om11_2,CJM,tun29,SB
2037,37,4935.25785477118,om11_2,CJM,tun29,SB
2038,37,5356.98163432261,om11_2,CJM,tun29,SB
2039,37,7442.66971155552,om11_2,CJM,tun29,SB
2040,37,11365.3395031421,om11_2,CJM,tun29,SB
2041,37,13951.2691277558,om11_2,CJM,tun29,SB
2042,37,14346.1921164657,om11_2,CJM,tun29,SB
2043,37,14597.1917346679,om11_2,CJM,tun29,SB
2044,37,14966.5514546997,om11_2,CJM,tun29,SB
2045,37,14877.3525475636,om11_2,CJM,tun29,SB
2046,37,14889.9231397624,om11_2,CJM,tun29,SB
2047,37,14904.8661196814,om11_2,CJM,tun29,SB
2048,37,14014.2166659635,om11_2,CJM,tun29,SB
2049,37,12836.5939363541,om11_2,CJM,tun29,SB
2050,37,12831.2257353288,om11_2,CJM,tun29,SB
2025,65,7734.49472637435,om11_2,CJM,tun29,SB
2026,65,9015.71618521038,om11_2,CJM,tun29,SB
2027,65,10439.8598856349,om11_2,CJM,tun29,SB
2028,65,11139.0869202063,om11_2,CJM,tun29,SB
2029,65,11162.9179092724,om11_2,CJM,tun29,SB
2030,65,11461.9318563334,om11_2,CJM,tun29,SB
2031,65,12309.119132248,om11_2,CJM,tun29,SB
2032,65,14223.5173424883,om11_2,CJM,tun29,SB
2033,65,16066.2539479753,om11_2,CJM,tun29,SB
2034,65,16470.183136481,om11_2,CJM,tun29,SB
2035,65,14569.2918580604,om11_2,CJM,tun29,SB
2036,65,13553.6483860616,om11_2,CJM,tun29,SB
2037,65,13216.9213424901,om11_2,CJM,tun29,SB
2038,65,12979.293071231,om11_2,CJM,tun29,SB
2039,65,12469.2463144088,om11_2,CJM,tun29,SB
2040,65,12406.3204878313,om11_2,CJM,tun29,SB
2041,65,12156.2441385527,om11_2,CJM,tun29,SB
2042,65,11241.8909872916,om11_2,CJM,tun29,SB
2043,65,10980.8654256004,om11_2,CJM,tun29,SB
2044,65,10388.8478909625,om11_2,CJM,tun29,SB
2045,65,9381.11763612218,om11_2,CJM,tun29,SB
2046,65,8332.32218385603,om11_2,CJM,tun29,SB
2047,65,6914.0552152364,om11_2,CJM,tun29,SB
2048,65,5637.65323664521,om11_2,CJM,tun29,SB
2049,65,4227.65566368066,om11_2,CJM,tun29,SB
2050,65,2864.55077317244,om11_2,CJM,tun29,SB
2025,110,9634.882166157,om11_2,CJM,tun29,SB
2026,110,10538.1851222368,om11_2,CJM,tun29,SB
2027,110,10703.6074028897,om11_2,CJM,tun29,SB
2028,110,11742.9334969502,om11_2,CJM,tun29,SB
2029,110,13607.0806664747,om11_2,CJM,tun29,SB
2030,110,15375.4526330073,om11_2,CJM,tun29,SB
2031,110,15950.8433376377,om11_2,CJM,tun29,SB
2032,110,15409.7894625415,om11_2,CJM,tun29,SB
2033,110,14862.184133202,om11_2,CJM,tun29,SB
2034,110,14359.7956209159,om11_2,CJM,tun29,SB
2035,110,12574.4904416921,om11_2,CJM,tun29,SB
2036,110,11156.0631363103,om11_2,CJM,tun29,SB
2037,110,10069.2521725391,om11_2,CJM,tun29,SB
2038,110,8337.42967057413,om11_2,CJM,tun29,SB
2039,110,6676.97525665271,om11_2,CJM,tun29,SB
2040,110,5373.64572478652,om11_2,CJM,tun29,SB
2041,110,4373.27835894508,om11_2,CJM,tun29,SB
2042,110,3401.06866587145,om11_2,CJM,tun29,SB
2043,110,3229.12755145584,om11_2,CJM,tun29,SB
2044,110,2989.70170226759,om11_2,CJM,tun29,SB
2045,110,2363.16166103867,om11_2,CJM,tun29,SB
2046,110,1819.4848256794,om11_2,CJM,tun29,SB
2047,110,1569.09851525745,om11_2,CJM,tun29,SB
2048,110,1316.70033752773,om11_2,CJM,tun29,SB
2049,110,1106.03053092632,om11_2,CJM,tun29,SB
2050,110,905.375627272648,om11_2,CJM,tun29,SB
2025,151,6742.27315938003,om11_2,CJM,tun29,SB
2026,151,7475.22511488805,om11_2,CJM,tun29,SB
2027,151,7955.95247786078,om11_2,CJM,tun29,SB
2028,151,8091.41786751064,om11_2,CJM,tun29,SB
2029,151,9805.78952831104,om11_2,CJM,tun29,SB
2030,151,12764.8267258957,om11_2,CJM,tun29,SB
2031,151,15857.1645653709,om11_2,CJM,tun29,SB
2032,151,17260.167864808,om11_2,CJM,tun29,SB
2033,151,17674.3533622106,om11_2,CJM,tun29,SB
2034,151,17511.1068087578,om11_2,CJM,tun29,SB
2035,151,15616.71336885,om11_2,CJM,tun29,SB
2036,151,14352.9702818913,om11_2,CJM,tun29,SB
2037,151,13915.1420899708,om11_2,CJM,tun29,SB
2038,151,14907.1063364899,om11_2,CJM,tun29,SB
2039,151,15855.4871275644,om11_2,CJM,tun29,SB
2040,151,15983.7658933481,om11_2,CJM,tun29,SB
2041,151,16859.4087159531,om11_2,CJM,tun29,SB
2042,151,17819.6032622678,om11_2,CJM,tun29,SB
2043,151,19687.5500830687,om11_2,CJM,tun29,SB
2044,151,23247.6024423588,om11_2,CJM,tun29,SB
2045,151,27097.5091724347,om11_2,CJM,tun29,SB
2046,151,29541.8305331858,om11_2,CJM,tun29,SB
2047,151,32022.7767241835,om11_2,CJM,tun29,SB
2048,151,34665.6519769982,om11_2,CJM,tun29,SB
2049,151,36101.182738922,om11_2,CJM,tun29,SB
2050,151,36004.793052805,om11_2,CJM,tun29,SB
2025,158,7236.77187172129,om11_2,CJM,tun29,SB
2026,158,6449.16916629891,om11_2,CJM,tun29,SB
2027,158,6164.35119880869,om11_2,CJM,tun29,SB
2028,158,6103.55970174532,om11_2,CJM,tun29,SB
2029,158,5689.48825399031,om11_2,CJM,tun29,SB
2030,158,5051.11774458958,om11_2,CJM,tun29,SB
2031,158,4746.71628964192,om11_2,CJM,tun29,SB
2032,158,4733.22953931239,om11_2,CJM,tun29,SB
2033,158,4458.0907899261,om11_2,CJM,tun29,SB
2034,158,3954.71564397454,om11_2,CJM,tun29,SB
2035,158,3086.54150485004,om11_2,CJM,tun29,SB
2036,158,2652.49251077137,om11_2,CJM,tun29,SB
2037,158,2795.45165990389,om11_2,CJM,tun29,SB
2038,158,2987.64341240162,om11_2,CJM,tun29,SB
2039,158,2951.84950984594,om11_2,CJM,tun29,SB
2040,158,2864.75274980844,om11_2,CJM,tun29,SB
2041,158,3153.29562860555,om11_2,CJM,tun29,SB
2042,158,3409.37473724545,om11_2,CJM,tun29,SB
2043,158,3480.62293094142,om11_2,CJM,tun29,SB
2044,158,3979.47902610986,om11_2,CJM,tun29,SB
2045,158,4864.94801412304,om11_2,CJM,tun29,SB
2046,158,5782.89975497601,om11_2,CJM,tun29,SB
2047,158,7300.31402474189,om11_2,CJM,tun29,SB
2048,158,8883.93830708686,om11_2,CJM,tun29,SB
2049,158,11395.8297379493,om11_2,CJM,tun29,SB
2050,158,13632.583760559,om11_2,CJM,tun29,SB
2025,165,7753.47260672735,om11_2,CJM,tun29,SB
2026,165,7982.51806530926,om11_2,CJM,tun29,SB
2027,165,8068.85004124695,om11_2,CJM,tun29,SB
2028,165,8219.00804022269,om11_2,CJM,tun29,SB
2029,165,7938.69135563506,om11_2,CJM,tun29,SB
2030,165,7460.1030706489,om11_2,CJM,tun29,SB
2031,165,6991.15093784433,om11_2,CJM,tun29,SB
2032,165,6610.04358565126,om11_2,CJM,tun29,SB
2033,165,6640.1994664013,om11_2,CJM,tun29,SB
2034,165,6677.05007470273,om11_2,CJM,tun29,SB
2035,165,5582.08620948885,om11_2,CJM,tun29,SB
2036,165,5222.67169396976,om11_2,CJM,tun29,SB
2037,165,7452.4867161215,om11_2,CJM,tun29,SB
2038,165,10137.3272077109,om11_2,CJM,tun29,SB
2039,165,10901.7672969839,om11_2,CJM,tun29,SB
2040,165,11141.5368570772,om11_2,CJM,tun29,SB
2041,165,11189.8331609824,om11_2,CJM,tun29,SB
2042,165,10823.8207016569,om11_2,CJM,tun29,SB
2043,165,10736.9796504561,om11_2,CJM,tun29,SB
2044,165,10008.27627773,om11_2,CJM,tun29,SB
2045,165,9152.02779448864,om11_2,CJM,tun29,SB
2046,165,8465.80838072631,om11_2,CJM,tun29,SB
2047,165,7396.17708080815,om11_2,CJM,tun29,SB
2048,165,6324.79170581996,om11_2,CJM,tun29,SB
2049,165,4781.09112436707,om11_2,CJM,tun29,SB
2050,165,3368.24367253184,om11_2,CJM,tun29,SB
2025,177,8041.24231146839,om11_2,CJM,tun29,SB
2026,177,8262.17216958148,om11_2,CJM,tun29,SB
2027,177,8792.30044138879,om11_2,CJM,tun29,SB
2028,177,9438.12280927735,om11_2,CJM,tun29,SB
2029,177,9266.00746096968,om11_2,CJM,tun29,SB
2030,177,8568.28612813268,om11_2,CJM,tun29,SB
2031,177,8183.46278854566,om11_2,CJM,tun29,SB
2032,177,7841.56604510764,om11_2,CJM,tun29,SB
2033,177,7586.58901260392,om11_2,CJM,tun29,SB
2034,177,7266.124201747,om11_2,CJM,tun29,SB
2035,177,5825.13798615857,om11_2,CJM,tun29,SB
2036,177,4960.78773153063,om11_2,CJM,tun29,SB
2037,177,4600.8435008786,om11_2,CJM,tun29,SB
2038,177,4452.23160422023,om11_2,CJM,tun29,SB
2039,177,4798.46834514402,om11_2,CJM,tun29,SB
2040,177,4928.23638908781,om11_2,CJM,tun29,SB
2041,177,4724.55765641624,om11_2,CJM,tun29,SB
2042,177,4825.00495652052,om11_2,CJM,tun29,SB
2043,177,5456.35321859571,om11_2,CJM,tun29,SB
2044,177,5789.12980856962,om11_2,CJM,tun29,SB
2045,177,5944.999643183,om11_2,CJM,tun29,SB
2046,177,5944.5135251014,om11_2,CJM,tun29,SB
2047,177,5949.59009640861,om11_2,CJM,tun29,SB
2048,177,5859.10853132424,om11_2,CJM,tun29,SB
2049,177,5451.73460385573,om11_2,CJM,tun29,SB
2050,177,5332.19936470036,om11_2,CJM,tun29,SB
2025,186,7859.93258500356,om11_2,CJM,tun29,SB
2026,186,9802.02933032589,om11_2,CJM,tun29,SB
2027,186,12395.2101150519,om11_2,CJM,tun29,SB
2028,186,13598.9653569386,om11_2,CJM,tun29,SB
2029,186,13984.2875123134,om11_2,CJM,tun29,SB
2030,186,14428.4818804374,om11_2,CJM,tun29,SB
2031,186,14622.8749560769,om11_2,CJM,tun29,SB
2032,186,14358.5322654732,om11_2,CJM,tun29,SB
2033,186,13496.7017897923,om11_2,CJM,tun29,SB
2034,186,12383.1528116914,om11_2,CJM,tun29,SB
2035,186,10130.0582809453,om11_2,CJM,tun29,SB
2036,186,8689.42198386433,om11_2,CJM,tun29,SB
2037,186,8012.15313000312,om11_2,CJM,tun29,SB
2038,186,6871.69414442387,om11_2,CJM,tun29,SB
2039,186,6392.75919553283,om11_2,CJM,tun29,SB
2040,186,6494.87158636551,om11_2,CJM,tun29,SB
2041,186,6143.80471824413,om11_2,CJM,tun29,SB
2042,186,6203.64731071073,om11_2,CJM,tun29,SB
2043,186,6786.21642655489,om11_2,CJM,tun29,SB
2044,186,7078.23049938444,om11_2,CJM,tun29,SB
2045,186,6565.85783359349,om11_2,CJM,tun29,SB
2046,186,5248.32492255157,om11_2,CJM,tun29,SB
2047,186,4114.91579470105,om11_2,CJM,tun29,SB
2048,186,3549.04814159859,om11_2,CJM,tun29,SB
2049,186,3340.72806681596,om11_2,CJM,tun29,SB
2050,186,4006.54221323446,om11_2,CJM,tun29,SB
2025,246,8847.56725195435,om11_2,CJM,tun29,SB
2026,246,9429.69917631048,om11_2,CJM,tun29,SB
2027,246,9095.86076545459,om11_2,CJM,tun29,SB
2028,246,8944.20516456862,om11_2,CJM,tun29,SB
2029,246,8928.43219956401,om11_2,CJM,tun29,SB
2030,246,8175.09391009333,om11_2,CJM,tun29,SB
2031,246,6909.88454837677,om11_2,CJM,tun29,SB
2032,246,5498.19205118822,om11_2,CJM,tun29,SB
2033,246,4177.4219826237,om11_2,CJM,tun29,SB
2034,246,3211.07102255278,om11_2,CJM,tun29,SB
2035,246,1803.14681177652,om11_2,CJM,tun29,SB
2036,246,1083.51560765206,om11_2,CJM,tun29,SB
2037,246,892.555674015912,om11_2,CJM,tun29,SB
2038,246,802.99869293863,om11_2,CJM,tun29,SB
2039,246,622.444512879755,om11_2,CJM,tun29,SB
2040,246,338.694034278002,om11_2,CJM,tun29,SB
2041,246,32.4608186201643,om11_2,CJM,tun29,SB
2042,246,0,om11_2,CJM,tun29,SB
2043,246,0,om11_2,CJM,tun29,SB
2044,246,0,om11_2,CJM,tun29,SB
2045,246,0,om11_2,CJM,tun29,SB
2046,246,0,om11_2,CJM,tun29,SB
2047,246,0,om11_2,CJM,tun29,SB
2048,246,0,om11_2,CJM,tun29,SB
2049,246,0,om11_2,CJM,tun29,SB
2050,246,0,om11_2,CJM,tun29,SB
2025,327,6418.0774926786,om11_2,CJM,tun29,SB
2026,327,7068.30372575154,om11_2,CJM,tun29,SB
2027,327,6839.75241834237,om11_2,CJM,tun29,SB
2028,327,6870.7851590589,om11_2,CJM,tun29,SB
2029,327,7025.87864340989,om11_2,CJM,tun29,SB
2030,327,7165.80969596693,om11_2,CJM,tun29,SB
2031,327,6867.13664765294,om11_2,CJM,tun29,SB
2032,327,6692.85681687844,om11_2,CJM,tun29,SB
2033,327,6870.16478440504,om11_2,CJM,tun29,SB
2034,327,6629.1002606189,om11_2,CJM,tun29,SB
2035,327,5693.03957343804,om11_2,CJM,tun29,SB
2036,327,5484.51869390507,om11_2,CJM,tun29,SB
2037,327,6254.42774403603,om11_2,CJM,tun29,SB
2038,327,6483.49322618587,om11_2,CJM,tun29,SB
2039,327,5896.65483590805,om11_2,CJM,tun29,SB
2040,327,5030.80903001022,om11_2,CJM,tun29,SB
2041,327,3989.18333166012,om11_2,CJM,tun29,SB
2042,327,2841.02400547689,om11_2,CJM,tun29,SB
2043,327,2314.55939962636,om11_2,CJM,tun29,SB
2044,327,2200.1886863724,om11_2,CJM,tun29,SB
2045,327,1806.31094181445,om11_2,CJM,tun29,SB
2046,327,1422.31502529021,om11_2,CJM,tun29,SB
2047,327,1460.59493424451,om11_2,CJM,tun29,SB
2048,327,1825.0318656039,om11_2,CJM,tun29,SB
2049,327,2332.51128667293,om11_2,CJM,tun29,SB
2050,327,2999.87379281013,om11_2,CJM,tun29,SB
2025,344,8341.1219780227,om11_2,CJM,tun29,SB
2026,344,9185.45785741423,om11_2,CJM,tun29,SB
2027,344,9656.35005098741,om11_2,CJM,tun29,SB
2028,344,9472.8409250836,om11_2,CJM,tun29,SB
2029,344,9009.92287794019,om11_2,CJM,tun29,SB
2030,344,8361.07713108649,om11_2,CJM,tun29,SB
2031,344,7347.89253613574,om11_2,CJM,tun29,SB
2032,344,6385.12142387792,om11_2,CJM,tun29,SB
2033,344,5314.52379661121,om11_2,CJM,tun29,SB
2034,344,4720.71013366993,om11_2,CJM,tun29,SB
2035,344,3758.76881971723,om11_2,CJM,tun29,SB
2036,344,3287.88035903017,om11_2,CJM,tun29,SB
2037,344,3138.56425419894,om11_2,CJM,tun29,SB
2038,344,2818.06326570853,om11_2,CJM,tun29,SB
2039,344,2475.54237227161,om11_2,CJM,tun29,SB
2040,344,2191.42099404807,om11_2,CJM,tun29,SB
2041,344,1965.53907452267,om11_2,CJM,tun29,SB
2042,344,2056.12178086326,om11_2,CJM,tun29,SB
2043,344,2053.63914105795,om11_2,CJM,tun29,SB
2044,344,1823.21462280595,om11_2,CJM,tun29,SB
2045,344,1589.53495917753,om11_2,CJM,tun29,SB
2046,344,1460.84724603942,om11_2,CJM,tun29,SB
2047,344,1397.3437117793,om11_2,CJM,tun29,SB
2048,344,1489.43511574688,om11_2,CJM,tun29,SB
2049,344,1677.16442621384,om11_2,CJM,tun29,SB
2050,344,2036.94434380091,om11_2,CJM,tun29,SB
2025,348,6263.92727977176,om11_2,CJM,tun29,SB
2026,348,6588.468847472,om11_2,CJM,tun29,SB
2027,348,6249.69684154126,om11_2,CJM,tun29,SB
2028,348,5998.72934086866,om11_2,CJM,tun29,SB
2029,348,5621.79624011783,om11_2,CJM,tun29,SB
2030,348,5054.60634388756,om11_2,CJM,tun29,SB
2031,348,4735.65255243662,om11_2,CJM,tun29,SB
2032,348,4862.53282485398,om11_2,CJM,tun29,SB
2033,348,4908.41939654009,om11_2,CJM,tun29,SB
2034,348,4783.42934325326,om11_2,CJM,tun29,SB
2035,348,3992.25554769539,om11_2,CJM,tun29,SB
2036,348,3518.71873264917,om11_2,CJM,tun29,SB
2037,348,3031.55308312619,om11_2,CJM,tun29,SB
2038,348,2482.30674612025,om11_2,CJM,tun29,SB
2039,348,1953.91772907943,om11_2,CJM,tun29,SB
2040,348,1659.70254790048,om11_2,CJM,tun29,SB
2041,348,1457.09084285972,om11_2,CJM,tun29,SB
2042,348,1359.18383591545,om11_2,CJM,tun29,SB
2043,348,1579.60262076918,om11_2,CJM,tun29,SB
2044,348,1969.28272286873,om11_2,CJM,tun29,SB
2045,348,2352.09302216328,om11_2,CJM,tun29,SB
2046,348,2778.12779732708,om11_2,CJM,tun29,SB
2047,348,3235.69033127012,om11_2,CJM,tun29,SB
2048,348,3714.2130289702,om11_2,CJM,tun29,SB
2049,348,4410.82133433363,om11_2,CJM,tun29,SB
2050,348,5467.21426173142,om11_2,CJM,tun29,SB
2025,367,7127.3628316359,om11_2,CJM,tun29,SB
2026,367,7412.38953840979,om11_2,CJM,tun29,SB
2027,367,7470.42559963403,om11_2,CJM,tun29,SB
2028,367,7642.52848995606,om11_2,CJM,tun29,SB
2029,367,8427.05661440091,om11_2,CJM,tun29,SB
2030,367,9186.63042891528,om11_2,CJM,tun29,SB
2031,367,9684.33790047142,om11_2,CJM,tun29,SB
2032,367,10968.2646621697,om11_2,CJM,tun29,SB
2033,367,14082.10532246,om11_2,CJM,tun29,SB
2034,367,15417.810952017,om11_2,CJM,tun29,SB
2035,367,13806.0329325625,om11_2,CJM,tun29,SB
2036,367,12853.0188304801,om11_2,CJM,tun29,SB
2037,367,12257.8493632988,om11_2,CJM,tun29,SB
2038,367,10915.3922472601,om11_2,CJM,tun29,SB
2039,367,9743.68986100256,om11_2,CJM,tun29,SB
2040,367,9528.70882323908,om11_2,CJM,tun29,SB
2041,367,9387.485024666,om11_2,CJM,tun29,SB
2042,367,8201.79977705909,om11_2,CJM,tun29,SB
2043,367,6739.51815437375,om11_2,CJM,tun29,SB
2044,367,5828.47552987241,om11_2,CJM,tun29,SB
2045,367,4857.62094129069,om11_2,CJM,tun29,SB
2046,367,3647.29615368277,om11_2,CJM,tun29,SB
2047,367,2432.73945110457,om11_2,CJM,tun29,SB
2048,367,1515.68019685185,om11_2,CJM,tun29,SB
2049,367,942.692198458171,om11_2,CJM,tun29,SB
2050,367,488.474907391476,om11_2,CJM,tun29,SB
2025,397,7216.38347223923,om11_2,CJM,tun29,SB
2026,397,6928.43695273113,om11_2,CJM,tun29,SB
2027,397,6132.43625708959,om11_2,CJM,tun29,SB
2028,397,5400.15012872416,om11_2,CJM,tun29,SB
2029,397,4613.0082642576,om11_2,CJM,tun29,SB
2030,397,3650.89903801024,om11_2,CJM,tun29,SB
2031,397,2858.66285364989,om11_2,CJM,tun29,SB
2032,397,2843.71157075901,om11_2,CJM,tun29,SB
2033,397,2946.91166896857,om11_2,CJM,tun29,SB
2034,397,2656.33281769087,om11_2,CJM,tun29,SB
2035,397,1907.58674911421,om11_2,CJM,tun29,SB
2036,397,1664.79917381905,om11_2,CJM,tun29,SB
2037,397,1870.77818052588,om11_2,CJM,tun29,SB
2038,397,2485.61461167492,om11_2,CJM,tun29,SB
2039,397,3357.32121692159,om11_2,CJM,tun29,SB
2040,397,3990.51576605489,om11_2,CJM,tun29,SB
2041,397,5218.25434248233,om11_2,CJM,tun29,SB
2042,397,6614.97605520368,om11_2,CJM,tun29,SB
2043,397,7196.25856187038,om11_2,CJM,tun29,SB
2044,397,6949.80909847065,om11_2,CJM,tun29,SB
2045,397,6355.43517783035,om11_2,CJM,tun29,SB
2046,397,5719.22292184912,om11_2,CJM,tun29,SB
2047,397,5144.61518377402,om11_2,CJM,tun29,SB
2048,397,4531.8208481294,om11_2,CJM,tun29,SB
2049,397,4316.90925854367,om11_2,CJM,tun29,SB
2050,397,4331.4949843331,om11_2,CJM,tun29,SB
2025,498,6629.64153376063,om11_2,CJM,tun29,SB
2026,498,6383.38165780603,om11_2,CJM,tun29,SB
2027,498,6124.57620968232,om11_2,CJM,tun29,SB
2028,498,6148.09599583955,om11_2,CJM,tun29,SB
2029,498,6629.37128560477,om11_2,CJM,tun29,SB
2030,498,7249.52246162731,om11_2,CJM,tun29,SB
2031,498,7663.99244495727,om11_2,CJM,tun29,SB
2032,498,8318.26015352547,om11_2,CJM,tun29,SB
2033,498,9773.79563637069,om11_2,CJM,tun29,SB
2034,498,10532.8752792495,om11_2,CJM,tun29,SB
2035,498,9361.29399947907,om11_2,CJM,tun29,SB
2036,498,8607.78450836532,om11_2,CJM,tun29,SB
2037,498,8110.23615237847,om11_2,CJM,tun29,SB
2038,498,7764.68904996107,om11_2,CJM,tun29,SB
2039,498,6953.73852000666,om11_2,CJM,tun29,SB
2040,498,6157.70951809015,om11_2,CJM,tun29,SB
2041,498,5724.45182427984,om11_2,CJM,tun29,SB
2042,498,5764.3068803634,om11_2,CJM,tun29,SB
2043,498,6563.14888689295,om11_2,CJM,tun29,SB
2044,498,8480.56893777943,om11_2,CJM,tun29,SB
2045,498,10578.1024331604,om11_2,CJM,tun29,SB
2046,498,12996.4212192562,om11_2,CJM,tun29,SB
2047,498,14589.9602974996,om11_2,CJM,tun29,SB
2048,498,14674.4127843603,om11_2,CJM,tun29,SB
2049,498,13822.97834018,om11_2,CJM,tun29,SB
2050,498,12268.8850955677,om11_2,CJM,tun29,SB
2025,37,1385.8907626811,om11_2,CJM,tun29,C
2026,37,1178.75981689009,om11_2,CJM,tun29,C
2027,37,1120.27695074747,om11_2,CJM,tun29,C
2028,37,1144.73792291791,om11_2,CJM,tun29,C
2029,37,1249.08293865004,om11_2,CJM,tun29,C
2030,37,1474.89263671572,om11_2,CJM,tun29,C
2031,37,1534.67243393474,om11_2,CJM,tun29,C
2032,37,1714.24070187785,om11_2,CJM,tun29,C
2033,37,1549.07452660716,om11_2,CJM,tun29,C
2034,37,1602.84747642743,om11_2,CJM,tun29,C
2035,37,1375.25251216881,om11_2,CJM,tun29,C
2036,37,1175.87461912338,om11_2,CJM,tun29,C
2037,37,1093.43440305883,om11_2,CJM,tun29,C
2038,37,1044.72829381842,om11_2,CJM,tun29,C
2039,37,878.83995939326,om11_2,CJM,tun29,C
2040,37,852.092951500844,om11_2,CJM,tun29,C
2041,37,1008.22557372934,om11_2,CJM,tun29,C
2042,37,1198.86241383219,om11_2,CJM,tun29,C
2043,37,1377.57409412496,om11_2,CJM,tun29,C
2044,37,1599.5067987672,om11_2,CJM,tun29,C
2045,37,1641.67536702316,om11_2,CJM,tun29,C
2046,37,1730.41214976104,om11_2,CJM,tun29,C
2047,37,1932.8392020842,om11_2,CJM,tun29,C
2048,37,2053.46219375436,om11_2,CJM,tun29,C
2049,37,2024.21854683977,om11_2,CJM,tun29,C
2050,37,2063.01933561906,om11_2,CJM,tun29,C
2025,65,1385.8907626811,om11_2,CJM,tun29,C
2026,65,1197.50510876522,om11_2,CJM,tun29,C
2027,65,1118.93780930769,om11_2,CJM,tun29,C
2028,65,1024.4776939917,om11_2,CJM,tun29,C
2029,65,1230.93410626428,om11_2,CJM,tun29,C
2030,65,1476.49489693373,om11_2,CJM,tun29,C
2031,65,1701.70087285208,om11_2,CJM,tun29,C
2032,65,1853.69796714224,om11_2,CJM,tun29,C
2033,65,2062.34930949524,om11_2,CJM,tun29,C
2034,65,2065.00637278551,om11_2,CJM,tun29,C
2035,65,2076.42701739571,om11_2,CJM,tun29,C
2036,65,2021.80577040085,om11_2,CJM,tun29,C
2037,65,2056.3958387393,om11_2,CJM,tun29,C
2038,65,2066.6593530321,om11_2,CJM,tun29,C
2039,65,2034.69351237765,om11_2,CJM,tun29,C
2040,65,2034.15796981316,om11_2,CJM,tun29,C
2041,65,2086.19438608757,om11_2,CJM,tun29,C
2042,65,2066.06527723928,om11_2,CJM,tun29,C
2043,65,2059.85840799877,om11_2,CJM,tun29,C
2044,65,2059.40627192942,om11_2,CJM,tun29,C
2045,65,2013.4419955287,om11_2,CJM,tun29,C
2046,65,2042.75669983058,om11_2,CJM,tun29,C
2047,65,2083.27710210855,om11_2,CJM,tun29,C
2048,65,2018.23254280157,om11_2,CJM,tun29,C
2049,65,1853.60399108487,om11_2,CJM,tun29,C
2050,65,1880.80752762503,om11_2,CJM,tun29,C
2025,110,1385.8907626811,om11_2,CJM,tun29,C
2026,110,1173.81443304085,om11_2,CJM,tun29,C
2027,110,1168.83190369885,om11_2,CJM,tun29,C
2028,110,1178.12388904315,om11_2,CJM,tun29,C
2029,110,1385.68818138077,om11_2,CJM,tun29,C
2030,110,1664.36864427668,om11_2,CJM,tun29,C
2031,110,1965.45946500529,om11_2,CJM,tun29,C
2032,110,2061.30811738441,om11_2,CJM,tun29,C
2033,110,2068.34351253821,om11_2,CJM,tun29,C
2034,110,2046.47931290044,om11_2,CJM,tun29,C
2035,110,1997.72052412105,om11_2,CJM,tun29,C
2036,110,2018.90832470855,om11_2,CJM,tun29,C
2037,110,2009.89254360212,om11_2,CJM,tun29,C
2038,110,2066.5670511883,om11_2,CJM,tun29,C
2039,110,2069.85533866908,om11_2,CJM,tun29,C
2040,110,2009.33822906698,om11_2,CJM,tun29,C
2041,110,1990.8631761663,om11_2,CJM,tun29,C
2042,110,1941.23436500496,om11_2,CJM,tun29,C
2043,110,1603.19992702331,om11_2,CJM,tun29,C
2044,110,1366.33868778961,om11_2,CJM,tun29,C
2045,110,1187.3174208945,om11_2,CJM,tun29,C
2046,110,1007.15627587104,om11_2,CJM,tun29,C
2047,110,857.257856438599,om11_2,CJM,tun29,C
2048,110,734.406156796805,om11_2,CJM,tun29,C
2049,110,620.202466375467,om11_2,CJM,tun29,C
2050,110,528.733963221419,om11_2,CJM,tun29,C
2025,151,1385.8907626811,om11_2,CJM,tun29,C
2026,151,1182.18333705349,om11_2,CJM,tun29,C
2027,151,1135.63341358427,om11_2,CJM,tun29,C
2028,151,1077.31802634523,om11_2,CJM,tun29,C
2029,151,1001.37570790927,om11_2,CJM,tun29,C
2030,151,1097.40182448223,om11_2,CJM,tun29,C
2031,151,1326.77008711367,om11_2,CJM,tun29,C
2032,151,1574.84169867905,om11_2,CJM,tun29,C
2033,151,1892.85627910054,om11_2,CJM,tun29,C
2034,151,2068.18337362863,om11_2,CJM,tun29,C
2035,151,2021.31949243137,om11_2,CJM,tun29,C
2036,151,2076.33689349292,om11_2,CJM,tun29,C
2037,151,2057.36296287199,om11_2,CJM,tun29,C
2038,151,1993.66625588643,om11_2,CJM,tun29,C
2039,151,2079.86463800664,om11_2,CJM,tun29,C
2040,151,2031.67264115656,om11_2,CJM,tun29,C
2041,151,2027.95090335404,om11_2,CJM,tun29,C
2042,151,2064.3775307224,om11_2,CJM,tun29,C
2043,151,2010.77770266521,om11_2,CJM,tun29,C
2044,151,1992.15184161985,om11_2,CJM,tun29,C
2045,151,2088.83308850943,om11_2,CJM,tun29,C
2046,151,2008.68871118073,om11_2,CJM,tun29,C
2047,151,2068.14443853453,om11_2,CJM,tun29,C
2048,151,2087.91880304905,om11_2,CJM,tun29,C
2049,151,2079.6877045108,om11_2,CJM,tun29,C
2050,151,2005.14431281347,om11_2,CJM,tun29,C
2025,158,1385.8907626811,om11_2,CJM,tun29,C
2026,158,1178.19060087487,om11_2,CJM,tun29,C
2027,158,1162.71092150192,om11_2,CJM,tun29,C
2028,158,992.5752224682,om11_2,CJM,tun29,C
2029,158,1069.45454535068,om11_2,CJM,tun29,C
2030,158,1101.73086160123,om11_2,CJM,tun29,C
2031,158,1017.68283875604,om11_2,CJM,tun29,C
2032,158,1031.15248763675,om11_2,CJM,tun29,C
2033,158,989.799421830144,om11_2,CJM,tun29,C
2034,158,1049.06964794392,om11_2,CJM,tun29,C
2035,158,983.057253964462,om11_2,CJM,tun29,C
2036,158,1012.63777576884,om11_2,CJM,tun29,C
2037,158,852.889331390214,om11_2,CJM,tun29,C
2038,158,737.141890834909,om11_2,CJM,tun29,C
2039,158,616.782002768609,om11_2,CJM,tun29,C
2040,158,584.360836352072,om11_2,CJM,tun29,C
2041,158,717.738837391763,om11_2,CJM,tun29,C
2042,158,751.374116321433,om11_2,CJM,tun29,C
2043,158,691.43745305247,om11_2,CJM,tun29,C
2044,158,606.270066886316,om11_2,CJM,tun29,C
2045,158,650.115144342913,om11_2,CJM,tun29,C
2046,158,595.603294896815,om11_2,CJM,tun29,C
2047,158,573.661647600867,om11_2,CJM,tun29,C
2048,158,703.608737789871,om11_2,CJM,tun29,C
2049,158,838.110889172513,om11_2,CJM,tun29,C
2050,158,1024.69803078409,om11_2,CJM,tun29,C
2025,165,1385.8907626811,om11_2,CJM,tun29,C
2026,165,1192.06662909596,om11_2,CJM,tun29,C
2027,165,1147.426404218,om11_2,CJM,tun29,C
2028,165,1254.33672110961,om11_2,CJM,tun29,C
2029,165,1402.32627212967,om11_2,CJM,tun29,C
2030,165,1611.92445675583,om11_2,CJM,tun29,C
2031,165,1428.30231574507,om11_2,CJM,tun29,C
2032,165,1446.55593293131,om11_2,CJM,tun29,C
2033,165,1480.57103137359,om11_2,CJM,tun29,C
2034,165,1400.20753167154,om11_2,CJM,tun29,C
2035,165,1233.06908012535,om11_2,CJM,tun29,C
2036,165,1115.3457949286,om11_2,CJM,tun29,C
2037,165,1205.35462228603,om11_2,CJM,tun29,C
2038,165,1240.34733152815,om11_2,CJM,tun29,C
2039,165,1287.92368689334,om11_2,CJM,tun29,C
2040,165,1434.10637829705,om11_2,CJM,tun29,C
2041,165,1666.46933881886,om11_2,CJM,tun29,C
2042,165,1734.6921321158,om11_2,CJM,tun29,C
2043,165,1657.27433328791,om11_2,CJM,tun29,C
2044,165,1908.46665004851,om11_2,CJM,tun29,C
2045,165,2059.6861576765,om11_2,CJM,tun29,C
2046,165,2065.20977726086,om11_2,CJM,tun29,C
2047,165,1996.46279261107,om11_2,CJM,tun29,C
2048,165,2049.59597317512,om11_2,CJM,tun29,C
2049,165,2023.03907663608,om11_2,CJM,tun29,C
2050,165,1725.24044361834,om11_2,CJM,tun29,C
2025,177,1385.8907626811,om11_2,CJM,tun29,C
2026,177,1186.24496558777,om11_2,CJM,tun29,C
2027,177,1151.79199918096,om11_2,CJM,tun29,C
2028,177,1102.75358936882,om11_2,CJM,tun29,C
2029,177,1127.22192249452,om11_2,CJM,tun29,C
2030,177,1340.77541859064,om11_2,CJM,tun29,C
2031,177,1649.10402368605,om11_2,CJM,tun29,C
2032,177,1938.77976360317,om11_2,CJM,tun29,C
2033,177,1651.08570989172,om11_2,CJM,tun29,C
2034,177,1597.54020502565,om11_2,CJM,tun29,C
2035,177,1588.618160453,om11_2,CJM,tun29,C
2036,177,1628.40718749771,om11_2,CJM,tun29,C
2037,177,1687.82983055553,om11_2,CJM,tun29,C
2038,177,1473.51364397726,om11_2,CJM,tun29,C
2039,177,1347.0843606329,om11_2,CJM,tun29,C
2040,177,1163.72189112704,om11_2,CJM,tun29,C
2041,177,973.802927844164,om11_2,CJM,tun29,C
2042,177,810.053335373173,om11_2,CJM,tun29,C
2043,177,728.657136944015,om11_2,CJM,tun29,C
2044,177,820.269654360366,om11_2,CJM,tun29,C
2045,177,856.853085090672,om11_2,CJM,tun29,C
2046,177,1007.72452032371,om11_2,CJM,tun29,C
2047,177,1161.21373627945,om11_2,CJM,tun29,C
2048,177,1197.66647156219,om11_2,CJM,tun29,C
2049,177,1015.0681236341,om11_2,CJM,tun29,C
2050,177,968.554936437723,om11_2,CJM,tun29,C
2025,186,1385.8907626811,om11_2,CJM,tun29,C
2026,186,1201.4997082587,om11_2,CJM,tun29,C
2027,186,1132.03712744565,om11_2,CJM,tun29,C
2028,186,1053.74353917282,om11_2,CJM,tun29,C
2029,186,1104.38535116873,om11_2,CJM,tun29,C
2030,186,1323.75874401748,om11_2,CJM,tun29,C
2031,186,1548.65446156692,om11_2,CJM,tun29,C
2032,186,1873.79256063438,om11_2,CJM,tun29,C
2033,186,2037.1581408036,om11_2,CJM,tun29,C
2034,186,2055.86008030115,om11_2,CJM,tun29,C
2035,186,2031.19344691405,om11_2,CJM,tun29,C
2036,186,2005.12284469911,om11_2,CJM,tun29,C
2037,186,2004.54474099571,om11_2,CJM,tun29,C
2038,186,2040.55102634189,om11_2,CJM,tun29,C
2039,186,2085.59266101624,om11_2,CJM,tun29,C
2040,186,2011.51697146239,om11_2,CJM,tun29,C
2041,186,2085.12966612735,om11_2,CJM,tun29,C
2042,186,1716.36356134982,om11_2,CJM,tun29,C
2043,186,1482.65521436566,om11_2,CJM,tun29,C
2044,186,1646.11946438789,om11_2,CJM,tun29,C
2045,186,1810.69489903455,om11_2,CJM,tun29,C
2046,186,1894.0375909024,om11_2,CJM,tun29,C
2047,186,1569.31373748233,om11_2,CJM,tun29,C
2048,186,1362.02864946452,om11_2,CJM,tun29,C
2049,186,1325.17711361535,om11_2,CJM,tun29,C
2050,186,1206.45746679336,om11_2,CJM,tun29,C
2025,246,1385.8907626811,om11_2,CJM,tun29,C
2026,246,1227.6723576392,om11_2,CJM,tun29,C
2027,246,1123.92194046942,om11_2,CJM,tun29,C
2028,246,972.469172485891,om11_2,CJM,tun29,C
2029,246,1148.34862322608,om11_2,CJM,tun29,C
2030,246,1432.08642093712,om11_2,CJM,tun29,C
2031,246,1655.46926799249,om11_2,CJM,tun29,C
2032,246,1999.75212501827,om11_2,CJM,tun29,C
2033,246,1905.24796356429,om11_2,CJM,tun29,C
2034,246,1639.70867693709,om11_2,CJM,tun29,C
2035,246,1407.01086016552,om11_2,CJM,tun29,C
2036,246,1199.04536782077,om11_2,CJM,tun29,C
2037,246,1005.10235089457,om11_2,CJM,tun29,C
2038,246,839.405282906138,om11_2,CJM,tun29,C
2039,246,731.336702857674,om11_2,CJM,tun29,C
2040,246,618.817766025045,om11_2,CJM,tun29,C
2041,246,532.546264398085,om11_2,CJM,tun29,C
2042,246,76.0326404460461,om11_2,CJM,tun29,C
2043,246,1.01228591158611e-05,om11_2,CJM,tun29,C
2044,246,1.01398600925679e-05,om11_2,CJM,tun29,C
2045,246,1.01517314264344e-05,om11_2,CJM,tun29,C
2046,246,1.01661365700355e-05,om11_2,CJM,tun29,C
2047,246,1.01407095648452e-05,om11_2,CJM,tun29,C
2048,246,1.01491771170633e-05,om11_2,CJM,tun29,C
2049,246,1.01132709150452e-05,om11_2,CJM,tun29,C
2050,246,1.01162195721701e-05,om11_2,CJM,tun29,C
2025,327,1385.8907626811,om11_2,CJM,tun29,C
2026,327,1215.26927050821,om11_2,CJM,tun29,C
2027,327,1134.54371032815,om11_2,CJM,tun29,C
2028,327,1129.73451274043,om11_2,CJM,tun29,C
2029,327,1350.98436551879,om11_2,CJM,tun29,C
2030,327,1622.13815985726,om11_2,CJM,tun29,C
2031,327,1972.62629094137,om11_2,CJM,tun29,C
2032,327,1665.41619397502,om11_2,CJM,tun29,C
2033,327,1404.87657021353,om11_2,CJM,tun29,C
2034,327,1324.30238813918,om11_2,CJM,tun29,C
2035,327,1209.99578497774,om11_2,CJM,tun29,C
2036,327,1228.36448761464,om11_2,CJM,tun29,C
2037,327,1357.81101018143,om11_2,CJM,tun29,C
2038,327,1633.28732234287,om11_2,CJM,tun29,C
2039,327,1953.35475016599,om11_2,CJM,tun29,C
2040,327,2042.65911060967,om11_2,CJM,tun29,C
2041,327,2061.73207994606,om11_2,CJM,tun29,C
2042,327,1719.34756677595,om11_2,CJM,tun29,C
2043,327,1508.83146448779,om11_2,CJM,tun29,C
2044,327,1267.37758940841,om11_2,CJM,tun29,C
2045,327,1087.56038843606,om11_2,CJM,tun29,C
2046,327,928.039297138522,om11_2,CJM,tun29,C
2047,327,770.306295273069,om11_2,CJM,tun29,C
2048,327,672.167251077048,om11_2,CJM,tun29,C
2049,327,549.703119341047,om11_2,CJM,tun29,C
2050,327,484.6552961683,om11_2,CJM,tun29,C
2025,344,1385.8907626811,om11_2,CJM,tun29,C
2026,344,1223.58737918911,om11_2,CJM,tun29,C
2027,344,1145.83896583559,om11_2,CJM,tun29,C
2028,344,1395.38647301848,om11_2,CJM,tun29,C
2029,344,1662.18423617615,om11_2,CJM,tun29,C
2030,344,1967.04054836395,om11_2,CJM,tun29,C
2031,344,2073.7982633261,om11_2,CJM,tun29,C
2032,344,1709.84532853439,om11_2,CJM,tun29,C
2033,344,1475.48749892952,om11_2,CJM,tun29,C
2034,344,1254.65182364033,om11_2,CJM,tun29,C
2035,344,1276.40903079455,om11_2,CJM,tun29,C
2036,344,1073.14490774032,om11_2,CJM,tun29,C
2037,344,928.919759723439,om11_2,CJM,tun29,C
2038,344,955.816612929823,om11_2,CJM,tun29,C
2039,344,1000.97297923079,om11_2,CJM,tun29,C
2040,344,934.888007885092,om11_2,CJM,tun29,C
2041,344,864.979501096163,om11_2,CJM,tun29,C
2042,344,742.433902845759,om11_2,CJM,tun29,C
2043,344,744.260066524269,om11_2,CJM,tun29,C
2044,344,703.290858736408,om11_2,CJM,tun29,C
2045,344,694.258713846713,om11_2,CJM,tun29,C
2046,344,574.957903026354,om11_2,CJM,tun29,C
2047,344,545.691728301026,om11_2,CJM,tun29,C
2048,344,458.710412289977,om11_2,CJM,tun29,C
2049,344,430.572793807203,om11_2,CJM,tun29,C
2050,344,408.398988082193,om11_2,CJM,tun29,C
2025,348,1385.8907626811,om11_2,CJM,tun29,C
2026,348,1217.46570047007,om11_2,CJM,tun29,C
2027,348,1157.88615233128,om11_2,CJM,tun29,C
2028,348,975.826311155218,om11_2,CJM,tun29,C
2029,348,1090.50740017511,om11_2,CJM,tun29,C
2030,348,1231.5615558136,om11_2,CJM,tun29,C
2031,348,1355.75544140252,om11_2,CJM,tun29,C
2032,348,1129.35179607484,om11_2,CJM,tun29,C
2033,348,1021.81868657835,om11_2,CJM,tun29,C
2034,348,1203.56886038747,om11_2,CJM,tun29,C
2035,348,1426.62753005732,om11_2,CJM,tun29,C
2036,348,1463.50912764187,om11_2,CJM,tun29,C
2037,348,1284.49645942124,om11_2,CJM,tun29,C
2038,348,1091.07050312549,om11_2,CJM,tun29,C
2039,348,960.099120919292,om11_2,CJM,tun29,C
2040,348,884.560079107497,om11_2,CJM,tun29,C
2041,348,777.720433557231,om11_2,CJM,tun29,C
2042,348,650.254210310508,om11_2,CJM,tun29,C
2043,348,545.496584143742,om11_2,CJM,tun29,C
2044,348,464.145997467851,om11_2,CJM,tun29,C
2045,348,410.16164461676,om11_2,CJM,tun29,C
2046,348,371.940972866103,om11_2,CJM,tun29,C
2047,348,441.56113573085,om11_2,CJM,tun29,C
2048,348,535.870124362188,om11_2,CJM,tun29,C
2049,348,642.903910682492,om11_2,CJM,tun29,C
2050,348,781.06884909393,om11_2,CJM,tun29,C
2025,367,1385.8907626811,om11_2,CJM,tun29,C
2026,367,1227.76958057183,om11_2,CJM,tun29,C
2027,367,1138.66662004739,om11_2,CJM,tun29,C
2028,367,1248.17504921287,om11_2,CJM,tun29,C
2029,367,1559.07832566881,om11_2,CJM,tun29,C
2030,367,1804.7257670092,om11_2,CJM,tun29,C
2031,367,2022.86935004997,om11_2,CJM,tun29,C
2032,367,2054.3555800188,om11_2,CJM,tun29,C
2033,367,1941.6541341795,om11_2,CJM,tun29,C
2034,367,1884.25875185464,om11_2,CJM,tun29,C
2035,367,1916.95297820907,om11_2,CJM,tun29,C
2036,367,2014.83453023214,om11_2,CJM,tun29,C
2037,367,2001.6844503194,om11_2,CJM,tun29,C
2038,367,2069.68886358672,om11_2,CJM,tun29,C
2039,367,2039.57579756281,om11_2,CJM,tun29,C
2040,367,2069.1729279005,om11_2,CJM,tun29,C
2041,367,2023.95519421969,om11_2,CJM,tun29,C
2042,367,2074.57536145702,om11_2,CJM,tun29,C
2043,367,2057.84252095723,om11_2,CJM,tun29,C
2044,367,2040.1468848915,om11_2,CJM,tun29,C
2045,367,2008.91559620979,om11_2,CJM,tun29,C
2046,367,1754.23494936411,om11_2,CJM,tun29,C
2047,367,1594.063092858,om11_2,CJM,tun29,C
2048,367,1382.89363451485,om11_2,CJM,tun29,C
2049,367,1168.99367377072,om11_2,CJM,tun29,C
2050,367,978.039718944503,om11_2,CJM,tun29,C
2025,397,1385.8907626811,om11_2,CJM,tun29,C
2026,397,1219.03529499018,om11_2,CJM,tun29,C
2027,397,1140.5774345825,om11_2,CJM,tun29,C
2028,397,1095.71217512108,om11_2,CJM,tun29,C
2029,397,1354.67712102394,om11_2,CJM,tun29,C
2030,397,1590.05152576534,om11_2,CJM,tun29,C
2031,397,1540.31281402898,om11_2,CJM,tun29,C
2032,397,1311.66403394171,om11_2,CJM,tun29,C
2033,397,1114.40101363141,om11_2,CJM,tun29,C
2034,397,979.964726618115,om11_2,CJM,tun29,C
2035,397,818.007578688541,om11_2,CJM,tun29,C
2036,397,716.057485295802,om11_2,CJM,tun29,C
2037,397,630.305779729762,om11_2,CJM,tun29,C
2038,397,530.570010774572,om11_2,CJM,tun29,C
2039,397,455.503704241404,om11_2,CJM,tun29,C
2040,397,548.280877039717,om11_2,CJM,tun29,C
2041,397,602.263081081312,om11_2,CJM,tun29,C
2042,397,714.138784637277,om11_2,CJM,tun29,C
2043,397,843.6378461293,om11_2,CJM,tun29,C
2044,397,1038.29995637525,om11_2,CJM,tun29,C
2045,397,1114.48550956389,om11_2,CJM,tun29,C
2046,397,1292.52558172143,om11_2,CJM,tun29,C
2047,397,1182.2568868438,om11_2,CJM,tun29,C
2048,397,1227.75954250639,om11_2,CJM,tun29,C
2049,397,1096.70790416385,om11_2,CJM,tun29,C
2050,397,1096.73236617007,om11_2,CJM,tun29,C
2025,498,1385.8907626811,om11_2,CJM,tun29,C
2026,498,1211.18746792151,om11_2,CJM,tun29,C
2027,498,1134.73509978528,om11_2,CJM,tun29,C
2028,498,1023.50546265472,om11_2,CJM,tun29,C
2029,498,1058.30066910125,om11_2,CJM,tun29,C
2030,498,1124.36935508343,om11_2,CJM,tun29,C
2031,498,1035.04688155054,om11_2,CJM,tun29,C
2032,498,925.260024087137,om11_2,CJM,tun29,C
2033,498,1119.70121174027,om11_2,CJM,tun29,C
2034,498,1278.41298107183,om11_2,CJM,tun29,C
2035,498,1536.93986409509,om11_2,CJM,tun29,C
2036,498,1515.2009637141,om11_2,CJM,tun29,C
2037,498,1867.48906051891,om11_2,CJM,tun29,C
2038,498,2036.57043246993,om11_2,CJM,tun29,C
2039,498,2069.83115473612,om11_2,CJM,tun29,C
2040,498,1908.98748834811,om11_2,CJM,tun29,C
2041,498,1587.98216548344,om11_2,CJM,tun29,C
2042,498,1466.55119072537,om11_2,CJM,tun29,C
2043,498,1422.90963167086,om11_2,CJM,tun29,C
2044,498,1295.20678167264,om11_2,CJM,tun29,C
2045,498,1212.80697596861,om11_2,CJM,tun29,C
2046,498,1104.16014630678,om11_2,CJM,tun29,C
2047,498,1169.04268913215,om11_2,CJM,tun29,C
2048,498,1376.90092933025,om11_2,CJM,tun29,C
2049,498,1656.72402196568,om11_2,CJM,tun29,C
2050,498,1957.93148784793,om11_2,CJM,tun29,C
2025,37,8593.12324912998,om11_2,CJM,tun45,SB
2026,37,9928.25804698709,om11_2,CJM,tun45,SB
2027,37,10947.6436426018,om11_2,CJM,tun45,SB
2028,37,10751.1328607559,om11_2,CJM,tun45,SB
2029,37,9778.12227990473,om11_2,CJM,tun45,SB
2030,37,8788.79690061087,om11_2,CJM,tun45,SB
2031,37,7762.45626089052,om11_2,CJM,tun45,SB
2032,37,6540.11315416036,om11_2,CJM,tun45,SB
2033,37,6104.89395600044,om11_2,CJM,tun45,SB
2034,37,6096.63302501418,om11_2,CJM,tun45,SB
2035,37,5017.30460726177,om11_2,CJM,tun45,SB
2036,37,4661.66417299934,om11_2,CJM,tun45,SB
2037,37,4759.57595249037,om11_2,CJM,tun45,SB
2038,37,5177.40182975426,om11_2,CJM,tun45,SB
2039,37,7238.620510802,om11_2,CJM,tun45,SB
2040,37,11129.2500267919,om11_2,CJM,tun45,SB
2041,37,13736.5466283399,om11_2,CJM,tun45,SB
2042,37,14234.9644965817,om11_2,CJM,tun45,SB
2043,37,14587.6504755624,om11_2,CJM,tun45,SB
2044,37,15098.6435290004,om11_2,CJM,tun45,SB
2045,37,15021.0244013518,om11_2,CJM,tun45,SB
2046,37,14990.2236760965,om11_2,CJM,tun45,SB
2047,37,14943.1079431601,om11_2,CJM,tun45,SB
2048,37,14037.9925716628,om11_2,CJM,tun45,SB
2049,37,12857.271233202,om11_2,CJM,tun45,SB
2050,37,12850.5172049741,om11_2,CJM,tun45,SB
2025,65,7734.49472637435,om11_2,CJM,tun45,SB
2026,65,9003.94735926813,om11_2,CJM,tun45,SB
2027,65,10404.6221252282,om11_2,CJM,tun45,SB
2028,65,11084.0743798866,om11_2,CJM,tun45,SB
2029,65,11125.93485538,om11_2,CJM,tun45,SB
2030,65,11498.8627802179,om11_2,CJM,tun45,SB
2031,65,12497.0582435642,om11_2,CJM,tun45,SB
2032,65,14504.6145228345,om11_2,CJM,tun45,SB
2033,65,16358.5639098147,om11_2,CJM,tun45,SB
2034,65,16747.2579427043,om11_2,CJM,tun45,SB
2035,65,14822.1020227732,om11_2,CJM,tun45,SB
2036,65,13788.2509143206,om11_2,CJM,tun45,SB
2037,65,13442.1060848407,om11_2,CJM,tun45,SB
2038,65,13196.7903647619,om11_2,CJM,tun45,SB
2039,65,12675.20428159,om11_2,CJM,tun45,SB
2040,65,12601.0192529329,om11_2,CJM,tun45,SB
2041,65,12339.7773121504,om11_2,CJM,tun45,SB
2042,65,11410.9979035972,om11_2,CJM,tun45,SB
2043,65,11141.1981866978,om11_2,CJM,tun45,SB
2044,65,10543.8036163895,om11_2,CJM,tun45,SB
2045,65,9530.10139174454,om11_2,CJM,tun45,SB
2046,65,8474.6150610264,om11_2,CJM,tun45,SB
2047,65,7048.84359203776,om11_2,CJM,tun45,SB
2048,65,5766.65941689662,om11_2,CJM,tun45,SB
2049,65,4274.24953288108,om11_2,CJM,tun45,SB
2050,65,2819.53423604334,om11_2,CJM,tun45,SB
2025,110,9634.882166157,om11_2,CJM,tun45,SB
2026,110,10526.7308190915,om11_2,CJM,tun45,SB
2027,110,10666.1053420329,om11_2,CJM,tun45,SB
2028,110,11684.5576371763,om11_2,CJM,tun45,SB
2029,110,13565.479670723,om11_2,CJM,tun45,SB
2030,110,15418.2034682572,om11_2,CJM,tun45,SB
2031,110,16152.7615039301,om11_2,CJM,tun45,SB
2032,110,15627.865042824,om11_2,CJM,tun45,SB
2033,110,15067.79173028,om11_2,CJM,tun45,SB
2034,110,14552.9720846994,om11_2,CJM,tun45,SB
2035,110,12752.0620611432,om11_2,CJM,tun45,SB
2036,110,11320.7422082406,om11_2,CJM,tun45,SB
2037,110,10222.5689661784,om11_2,CJM,tun45,SB
2038,110,8478.49255391331,om11_2,CJM,tun45,SB
2039,110,6806.13833256958,om11_2,CJM,tun45,SB
2040,110,5494.6535672991,om11_2,CJM,tun45,SB
2041,110,4492.32315208757,om11_2,CJM,tun45,SB
2042,110,3431.97853333928,om11_2,CJM,tun45,SB
2043,110,3195.93151032249,om11_2,CJM,tun45,SB
2044,110,2901.62456386344,om11_2,CJM,tun45,SB
2045,110,2217.86137464057,om11_2,CJM,tun45,SB
2046,110,1623.38354750255,om11_2,CJM,tun45,SB
2047,110,1318.19673857127,om11_2,CJM,tun45,SB
2048,110,1000.52675479372,om11_2,CJM,tun45,SB
2049,110,726.120482236114,om11_2,CJM,tun45,SB
2050,110,455.776160611101,om11_2,CJM,tun45,SB
2025,151,6742.27315938003,om11_2,CJM,tun45,SB
2026,151,7463.62896173338,om11_2,CJM,tun45,SB
2027,151,7919.34604365933,om11_2,CJM,tun45,SB
2028,151,8035.26491934827,om11_2,CJM,tun45,SB
2029,151,9728.66607020153,om11_2,CJM,tun45,SB
2030,151,12663.4690445722,om11_2,CJM,tun45,SB
2031,151,15776.0317988471,om11_2,CJM,tun45,SB
2032,151,17258.7793882242,om11_2,CJM,tun45,SB
2033,151,17856.9033904955,om11_2,CJM,tun45,SB
2034,151,17767.679311934,om11_2,CJM,tun45,SB
2035,151,15877.141060068,om11_2,CJM,tun45,SB
2036,151,14597.335675993,om11_2,CJM,tun45,SB
2037,151,14145.8028020444,om11_2,CJM,tun45,SB
2038,151,15127.7212938926,om11_2,CJM,tun45,SB
2039,151,16063.2694874892,om11_2,CJM,tun45,SB
2040,151,16174.9682771129,om11_2,CJM,tun45,SB
2041,151,17037.0113159865,om11_2,CJM,tun45,SB
2042,151,17986.7157823831,om11_2,CJM,tun45,SB
2043,151,19847.2880130333,om11_2,CJM,tun45,SB
2044,151,23403.5026497669,om11_2,CJM,tun45,SB
2045,151,27247.7605085134,om11_2,CJM,tun45,SB
2046,151,29683.9133438683,om11_2,CJM,tun45,SB
2047,151,32154.9149031166,om11_2,CJM,tun45,SB
2048,151,34787.9107894492,om11_2,CJM,tun45,SB
2049,151,36213.9096804176,om11_2,CJM,tun45,SB
2050,151,36106.1473624879,om11_2,CJM,tun45,SB
2025,158,7236.77187172129,om11_2,CJM,tun45,SB
2026,158,6437.3849419092,om11_2,CJM,tun45,SB
2027,158,6127.97947716096,om11_2,CJM,tun45,SB
2028,158,6046.83818971254,om11_2,CJM,tun45,SB
2029,158,5615.05779930223,om11_2,CJM,tun45,SB
2030,158,4964.2015166183,om11_2,CJM,tun45,SB
2031,158,4652.55846045377,om11_2,CJM,tun45,SB
2032,158,4633.71057263211,om11_2,CJM,tun45,SB
2033,158,4358.80753433529,om11_2,CJM,tun45,SB
2034,158,3861.16836901514,om11_2,CJM,tun45,SB
2035,158,3003.55166179546,om11_2,CJM,tun45,SB
2036,158,2573.04475239168,om11_2,CJM,tun45,SB
2037,158,2709.43819845553,om11_2,CJM,tun45,SB
2038,158,2894.68933109822,om11_2,CJM,tun45,SB
2039,158,2860.61625046861,om11_2,CJM,tun45,SB
2040,158,2776.18781238182,om11_2,CJM,tun45,SB
2041,158,3080.07763278893,om11_2,CJM,tun45,SB
2042,158,3334.01800577102,om11_2,CJM,tun45,SB
2043,158,3403.44619114405,om11_2,CJM,tun45,SB
2044,158,3896.18345395905,om11_2,CJM,tun45,SB
2045,158,4769.72763140145,om11_2,CJM,tun45,SB
2046,158,5677.79396316347,om11_2,CJM,tun45,SB
2047,158,7185.31044627107,om11_2,CJM,tun45,SB
2048,158,8781.90140529825,om11_2,CJM,tun45,SB
2049,158,11342.519691886,om11_2,CJM,tun45,SB
2050,158,13672.5827160925,om11_2,CJM,tun45,SB
2025,165,7753.47260672735,om11_2,CJM,tun45,SB
2026,165,7970.5351798997,om11_2,CJM,tun45,SB
2027,165,8032.56561069591,om11_2,CJM,tun45,SB
2028,165,8156.92106494057,om11_2,CJM,tun45,SB
2029,165,7847.73220197025,om11_2,CJM,tun45,SB
2030,165,7377.6751883537,om11_2,CJM,tun45,SB
2031,165,6893.63867419426,om11_2,CJM,tun45,SB
2032,165,6500.62235917851,om11_2,CJM,tun45,SB
2033,165,6517.02313170041,om11_2,CJM,tun45,SB
2034,165,6545.72719665328,om11_2,CJM,tun45,SB
2035,165,5452.2406338702,om11_2,CJM,tun45,SB
2036,165,5093.98313543335,om11_2,CJM,tun45,SB
2037,165,7300.35434482136,om11_2,CJM,tun45,SB
2038,165,9963.33900218468,om11_2,CJM,tun45,SB
2039,165,10733.0786646841,om11_2,CJM,tun45,SB
2040,165,10978.485611477,om11_2,CJM,tun45,SB
2041,165,11059.6541257625,om11_2,CJM,tun45,SB
2042,165,10690.6597242343,om11_2,CJM,tun45,SB
2043,165,10595.4021988794,om11_2,CJM,tun45,SB
2044,165,9895.00477339882,om11_2,CJM,tun45,SB
2045,165,9048.00190879992,om11_2,CJM,tun45,SB
2046,165,8366.01982989601,om11_2,CJM,tun45,SB
2047,165,7301.69598921968,om11_2,CJM,tun45,SB
2048,165,6233.7319832467,om11_2,CJM,tun45,SB
2049,165,4678.46559606098,om11_2,CJM,tun45,SB
2050,165,3252.54669916275,om11_2,CJM,tun45,SB
2025,177,8041.24231146839,om11_2,CJM,tun45,SB
2026,177,8250.49003053428,om11_2,CJM,tun45,SB
2027,177,8755.71110959991,om11_2,CJM,tun45,SB
2028,177,9379.8612017013,om11_2,CJM,tun45,SB
2029,177,9186.38884634507,om11_2,CJM,tun45,SB
2030,177,8514.32420817457,om11_2,CJM,tun45,SB
2031,177,8214.39742707108,om11_2,CJM,tun45,SB
2032,177,8035.53749936252,om11_2,CJM,tun45,SB
2033,177,7848.86720597566,om11_2,CJM,tun45,SB
2034,177,7491.86962443252,om11_2,CJM,tun45,SB
2035,177,5960.64988988606,om11_2,CJM,tun45,SB
2036,177,4988.99732817441,om11_2,CJM,tun45,SB
2037,177,4524.6896520955,om11_2,CJM,tun45,SB
2038,177,4276.13359511842,om11_2,CJM,tun45,SB
2039,177,4560.71898539751,om11_2,CJM,tun45,SB
2040,177,4637.29564757964,om11_2,CJM,tun45,SB
2041,177,4394.31350941407,om11_2,CJM,tun45,SB
2042,177,4444.15170604075,om11_2,CJM,tun45,SB
2043,177,5043.53108213712,om11_2,CJM,tun45,SB
2044,177,5385.46568550432,om11_2,CJM,tun45,SB
2045,177,5576.72831064166,om11_2,CJM,tun45,SB
2046,177,5655.78339456013,om11_2,CJM,tun45,SB
2047,177,5743.55112079533,om11_2,CJM,tun45,SB
2048,177,5711.14623459409,om11_2,CJM,tun45,SB
2049,177,5347.23968675592,om11_2,CJM,tun45,SB
2050,177,5250.30643734065,om11_2,CJM,tun45,SB
2025,186,7859.93258500356,om11_2,CJM,tun45,SB
2026,186,9790.27177052,om11_2,CJM,tun45,SB
2027,186,12361.7074345412,om11_2,CJM,tun45,SB
2028,186,13543.4342200185,om11_2,CJM,tun45,SB
2029,186,13908.0828080938,om11_2,CJM,tun45,SB
2030,186,14327.7920870155,om11_2,CJM,tun45,SB
2031,186,14551.5207803263,om11_2,CJM,tun45,SB
2032,186,14385.4200883528,om11_2,CJM,tun45,SB
2033,186,13563.8394132583,om11_2,CJM,tun45,SB
2034,186,12447.6163738186,om11_2,CJM,tun45,SB
2035,186,10188.6264345317,om11_2,CJM,tun45,SB
2036,186,8742.28983885032,om11_2,CJM,tun45,SB
2037,186,8061.86025501096,om11_2,CJM,tun45,SB
2038,186,6918.68186877962,om11_2,CJM,tun45,SB
2039,186,6438.30504216047,om11_2,CJM,tun45,SB
2040,186,6540.63819150996,om11_2,CJM,tun45,SB
2041,186,6190.01968291927,om11_2,CJM,tun45,SB
2042,186,6246.1858084652,om11_2,CJM,tun45,SB
2043,186,6791.51690368078,om11_2,CJM,tun45,SB
2044,186,7036.33626942026,om11_2,CJM,tun45,SB
2045,186,6469.95782361995,om11_2,CJM,tun45,SB
2046,186,5103.052163357,om11_2,CJM,tun45,SB
2047,186,3931.65688969333,om11_2,CJM,tun45,SB
2048,186,3322.37851133475,om11_2,CJM,tun45,SB
2049,186,3086.13989837909,om11_2,CJM,tun45,SB
2050,186,3714.6606651464,om11_2,CJM,tun45,SB
2025,246,8847.56725195435,om11_2,CJM,tun45,SB
2026,246,9417.21572427035,om11_2,CJM,tun45,SB
2027,246,9061.04641171634,om11_2,CJM,tun45,SB
2028,246,8889.86104607956,om11_2,CJM,tun45,SB
2029,246,8892.01662076153,om11_2,CJM,tun45,SB
2030,246,8220.45988672521,om11_2,CJM,tun45,SB
2031,246,7101.67857717991,om11_2,CJM,tun45,SB
2032,246,5916.04201122219,om11_2,CJM,tun45,SB
2033,246,4557.48365262256,om11_2,CJM,tun45,SB
2034,246,3533.41521042601,om11_2,CJM,tun45,SB
2035,246,2052.70722415917,om11_2,CJM,tun45,SB
2036,246,1305.88330807225,om11_2,CJM,tun45,SB
2037,246,1143.34716960176,om11_2,CJM,tun45,SB
2038,246,1113.51361352615,om11_2,CJM,tun45,SB
2039,246,1004.3569774479,om11_2,CJM,tun45,SB
2040,246,775.047871054106,om11_2,CJM,tun45,SB
2041,246,539.765501898491,om11_2,CJM,tun45,SB
2042,246,396.721848529364,om11_2,CJM,tun45,SB
2043,246,443.258866029591,om11_2,CJM,tun45,SB
2044,246,624.985353334006,om11_2,CJM,tun45,SB
2045,246,1127.1171264441,om11_2,CJM,tun45,SB
2046,246,2381.32967640436,om11_2,CJM,tun45,SB
2047,246,4125.10004688267,om11_2,CJM,tun45,SB
2048,246,5897.74050704375,om11_2,CJM,tun45,SB
2049,246,7345.69666562335,om11_2,CJM,tun45,SB
2050,246,9378.53046476688,om11_2,CJM,tun45,SB
2025,327,6418.0774926786,om11_2,CJM,tun45,SB
2026,327,7056.70788853332,om11_2,CJM,tun45,SB
2027,327,6804.91012817707,om11_2,CJM,tun45,SB
2028,327,6813.78165759564,om11_2,CJM,tun45,SB
2029,327,6984.16639145982,om11_2,CJM,tun45,SB
2030,327,7202.66194847307,om11_2,CJM,tun45,SB
2031,327,7068.34557059384,om11_2,CJM,tun45,SB
2032,327,6944.0907878894,om11_2,CJM,tun45,SB
2033,327,7095.79213322092,om11_2,CJM,tun45,SB
2034,327,6803.45287499862,om11_2,CJM,tun45,SB
2035,327,5791.02446543525,om11_2,CJM,tun45,SB
2036,327,5508.03754432876,om11_2,CJM,tun45,SB
2037,327,6204.20150008217,om11_2,CJM,tun45,SB
2038,327,6401.43688547281,om11_2,CJM,tun45,SB
2039,327,5851.09192556188,om11_2,CJM,tun45,SB
2040,327,4993.81749310146,om11_2,CJM,tun45,SB
2041,327,3951.45960042109,om11_2,CJM,tun45,SB
2042,327,2783.36683441463,om11_2,CJM,tun45,SB
2043,327,2230.90482013017,om11_2,CJM,tun45,SB
2044,327,2088.50169465362,om11_2,CJM,tun45,SB
2045,327,1673.50492225492,om11_2,CJM,tun45,SB
2046,327,1264.99016515906,om11_2,CJM,tun45,SB
2047,327,1243.35616600375,om11_2,CJM,tun45,SB
2048,327,1503.59407079619,om11_2,CJM,tun45,SB
2049,327,1881.88287463092,om11_2,CJM,tun45,SB
2050,327,2396.21647112879,om11_2,CJM,tun45,SB
2025,344,8341.1219780227,om11_2,CJM,tun45,SB
2026,344,9173.70729642607,om11_2,CJM,tun45,SB
2027,344,9620.29874118383,om11_2,CJM,tun45,SB
2028,344,9455.78661769131,om11_2,CJM,tun45,SB
2029,344,9074.25529178226,om11_2,CJM,tun45,SB
2030,344,8588.01209794492,om11_2,CJM,tun45,SB
2031,344,7590.93085283695,om11_2,CJM,tun45,SB
2032,344,6585.34895263889,om11_2,CJM,tun45,SB
2033,344,5441.21195757493,om11_2,CJM,tun45,SB
2034,344,4779.54448465198,om11_2,CJM,tun45,SB
2035,344,3742.39929379597,om11_2,CJM,tun45,SB
2036,344,3205.10446363019,om11_2,CJM,tun45,SB
2037,344,3006.01725708082,om11_2,CJM,tun45,SB
2038,344,2661.91657934014,om11_2,CJM,tun45,SB
2039,344,2310.56188521723,om11_2,CJM,tun45,SB
2040,344,2023.21917746399,om11_2,CJM,tun45,SB
2041,344,1796.36083099332,om11_2,CJM,tun45,SB
2042,344,1868.53589000981,om11_2,CJM,tun45,SB
2043,344,1859.10953715926,om11_2,CJM,tun45,SB
2044,344,1638.10799493253,om11_2,CJM,tun45,SB
2045,344,1412.45287361114,om11_2,CJM,tun45,SB
2046,344,1281.19626847111,om11_2,CJM,tun45,SB
2047,344,1210.34154287961,om11_2,CJM,tun45,SB
2048,344,1279.37158070251,om11_2,CJM,tun45,SB
2049,344,1434.50600838267,om11_2,CJM,tun45,SB
2050,344,1745.19503066894,om11_2,CJM,tun45,SB
2025,348,6263.92727977176,om11_2,CJM,tun45,SB
2026,348,6576.21255034834,om11_2,CJM,tun45,SB
2027,348,6212.49150468918,om11_2,CJM,tun45,SB
2028,348,5945.11077748938,om11_2,CJM,tun45,SB
2029,348,5548.31773377079,om11_2,CJM,tun45,SB
2030,348,4959.46174400512,om11_2,CJM,tun45,SB
2031,348,4620.18465405804,om11_2,CJM,tun45,SB
2032,348,4727.83349930769,om11_2,CJM,tun45,SB
2033,348,4767.97209409342,om11_2,CJM,tun45,SB
2034,348,4679.4195434408,om11_2,CJM,tun45,SB
2035,348,3983.76874009684,om11_2,CJM,tun45,SB
2036,348,3526.21614010125,om11_2,CJM,tun45,SB
2037,348,3042.57130480097,om11_2,CJM,tun45,SB
2038,348,2495.80520530322,om11_2,CJM,tun45,SB
2039,348,1952.26528150444,om11_2,CJM,tun45,SB
2040,348,1639.44083875701,om11_2,CJM,tun45,SB
2041,348,1417.74396587152,om11_2,CJM,tun45,SB
2042,348,1302.68705511155,om11_2,CJM,tun45,SB
2043,348,1498.68303615968,om11_2,CJM,tun45,SB
2044,348,1856.67440899705,om11_2,CJM,tun45,SB
2045,348,2205.31686095228,om11_2,CJM,tun45,SB
2046,348,2611.42660525236,om11_2,CJM,tun45,SB
2047,348,3064.76880177996,om11_2,CJM,tun45,SB
2048,348,3561.47325434091,om11_2,CJM,tun45,SB
2049,348,4308.74040262421,om11_2,CJM,tun45,SB
2050,348,5463.9536346519,om11_2,CJM,tun45,SB
2025,367,7127.3628316359,om11_2,CJM,tun45,SB
2026,367,7400.72135762415,om11_2,CJM,tun45,SB
2027,367,7434.2682601386,om11_2,CJM,tun45,SB
2028,367,7580.15920984958,om11_2,CJM,tun45,SB
2029,367,8382.79506157784,om11_2,CJM,tun45,SB
2030,367,9227.30901357958,om11_2,CJM,tun45,SB
2031,367,9775.23742606077,om11_2,CJM,tun45,SB
2032,367,11044.4403845648,om11_2,CJM,tun45,SB
2033,367,14117.5088856733,om11_2,CJM,tun45,SB
2034,367,15401.3970306146,om11_2,CJM,tun45,SB
2035,367,13727.5383489902,om11_2,CJM,tun45,SB
2036,367,12765.1922979465,om11_2,CJM,tun45,SB
2037,367,12172.369629476,om11_2,CJM,tun45,SB
2038,367,10833.7179847013,om11_2,CJM,tun45,SB
2039,367,9666.889072251,om11_2,CJM,tun45,SB
2040,367,9451.42925572412,om11_2,CJM,tun45,SB
2041,367,9311.91396834134,om11_2,CJM,tun45,SB
2042,367,8132.34962475472,om11_2,CJM,tun45,SB
2043,367,6675.71866733552,om11_2,CJM,tun45,SB
2044,367,5765.37206542427,om11_2,CJM,tun45,SB
2045,367,4793.74555518915,om11_2,CJM,tun45,SB
2046,367,3566.31761162355,om11_2,CJM,tun45,SB
2047,367,2338.04481193817,om11_2,CJM,tun45,SB
2048,367,1407.56052216786,om11_2,CJM,tun45,SB
2049,367,807.397670834058,om11_2,CJM,tun45,SB
2050,367,311.821913621531,om11_2,CJM,tun45,SB
2025,397,7216.38347223923,om11_2,CJM,tun45,SB
2026,397,6916.46405540904,om11_2,CJM,tun45,SB
2027,397,6096.426716207,om11_2,CJM,tun45,SB
2028,397,5344.68122178262,om11_2,CJM,tun45,SB
2029,397,4576.7502612369,om11_2,CJM,tun45,SB
2030,397,3699.96430908254,om11_2,CJM,tun45,SB
2031,397,2893.1932241419,om11_2,CJM,tun45,SB
2032,397,2863.54753014083,om11_2,CJM,tun45,SB
2033,397,2955.49693012888,om11_2,CJM,tun45,SB
2034,397,2655.4456587268,om11_2,CJM,tun45,SB
2035,397,1895.81810385587,om11_2,CJM,tun45,SB
2036,397,1637.01350010126,om11_2,CJM,tun45,SB
2037,397,1823.76837406642,om11_2,CJM,tun45,SB
2038,397,2413.13323314864,om11_2,CJM,tun45,SB
2039,397,3260.22570502774,om11_2,CJM,tun45,SB
2040,397,3887.13986973697,om11_2,CJM,tun45,SB
2041,397,5100.92188177568,om11_2,CJM,tun45,SB
2042,397,6505.91253268715,om11_2,CJM,tun45,SB
2043,397,7136.85180294477,om11_2,CJM,tun45,SB
2044,397,6991.79389435476,om11_2,CJM,tun45,SB
2045,397,6473.17569626858,om11_2,CJM,tun45,SB
2046,397,5901.46823808632,om11_2,CJM,tun45,SB
2047,397,5304.64162324525,om11_2,CJM,tun45,SB
2048,397,4642.41119015715,om11_2,CJM,tun45,SB
2049,397,4374.00327136493,om11_2,CJM,tun45,SB
2050,397,4334.91890702823,om11_2,CJM,tun45,SB
2025,498,6629.64153376063,om11_2,CJM,tun45,SB
2026,498,6371.42259084026,om11_2,CJM,tun45,SB
2027,498,6089.44767355236,om11_2,CJM,tun45,SB
2028,498,6091.97173884102,om11_2,CJM,tun45,SB
2029,498,6551.98091845414,om11_2,CJM,tun45,SB
2030,498,7151.78466096302,om11_2,CJM,tun45,SB
2031,498,7552.68195435243,om11_2,CJM,tun45,SB
2032,498,8199.96461712386,om11_2,CJM,tun45,SB
2033,498,9680.75342127723,om11_2,CJM,tun45,SB
2034,498,10487.9021731535,om11_2,CJM,tun45,SB
2035,498,9434.37510114063,om11_2,CJM,tun45,SB
2036,498,8688.45422174374,om11_2,CJM,tun45,SB
2037,498,8238.67436504789,om11_2,CJM,tun45,SB
2038,498,7896.04046493727,om11_2,CJM,tun45,SB
2039,498,7080.02166878607,om11_2,CJM,tun45,SB
2040,498,6211.48984275935,om11_2,CJM,tun45,SB
2041,498,5717.05759767821,om11_2,CJM,tun45,SB
2042,498,5691.97608235705,om11_2,CJM,tun45,SB
2043,498,6433.13186761925,om11_2,CJM,tun45,SB
2044,498,8300.51453120795,om11_2,CJM,tun45,SB
2045,498,10366.9639718916,om11_2,CJM,tun45,SB
2046,498,12771.4142441007,om11_2,CJM,tun45,SB
2047,498,14363.9973485766,om11_2,CJM,tun45,SB
2048,498,14496.4697896626,om11_2,CJM,tun45,SB
2049,498,13767.3018913124,om11_2,CJM,tun45,SB
2050,498,12425.0207668576,om11_2,CJM,tun45,SB
2025,37,1385.8907626811,om11_2,CJM,tun45,C
2026,37,1193.92197554879,om11_2,CJM,tun45,C
2027,37,1147.35001681147,om11_2,CJM,tun45,C
2028,37,1172.05865302184,om11_2,CJM,tun45,C
2029,37,1278.42745970767,om11_2,CJM,tun45,C
2030,37,1467.95486791522,om11_2,CJM,tun45,C
2031,37,1565.10124919094,om11_2,CJM,tun45,C
2032,37,1744.40278504292,om11_2,CJM,tun45,C
2033,37,1572.62121071687,om11_2,CJM,tun45,C
2034,37,1624.30007828264,om11_2,CJM,tun45,C
2035,37,1393.65896738821,om11_2,CJM,tun45,C
2036,37,1191.61258963471,om11_2,CJM,tun45,C
2037,37,1084.60899652821,om11_2,CJM,tun45,C
2038,37,1028.92330667719,om11_2,CJM,tun45,C
2039,37,865.544584568024,om11_2,CJM,tun45,C
2040,37,834.241654420005,om11_2,CJM,tun45,C
2041,37,949.334766955672,om11_2,CJM,tun45,C
2042,37,1081.80159107093,om11_2,CJM,tun45,C
2043,37,1253.11924655058,om11_2,CJM,tun45,C
2044,37,1430.27367104075,om11_2,CJM,tun45,C
2045,37,1661.82067601282,om11_2,CJM,tun45,C
2046,37,1771.30139729432,om11_2,CJM,tun45,C
2047,37,1996.95815300464,om11_2,CJM,tun45,C
2048,37,2053.46219406699,om11_2,CJM,tun45,C
2049,37,2024.21854734004,om11_2,CJM,tun45,C
2050,37,2063.01933623984,om11_2,CJM,tun45,C
2025,65,1385.8907626811,om11_2,CJM,tun45,C
2026,65,1212.90818301219,om11_2,CJM,tun45,C
2027,65,1145.97852226222,om11_2,CJM,tun45,C
2028,65,1047.83599648319,om11_2,CJM,tun45,C
2029,65,1206.54133842939,om11_2,CJM,tun45,C
2030,65,1386.93447913527,om11_2,CJM,tun45,C
2031,65,1531.87668484794,om11_2,CJM,tun45,C
2032,65,1757.95008794938,om11_2,CJM,tun45,C
2033,65,2062.34929308405,om11_2,CJM,tun45,C
2034,65,2065.00637278551,om11_2,CJM,tun45,C
2035,65,2076.42701739571,om11_2,CJM,tun45,C
2036,65,2021.80577209355,om11_2,CJM,tun45,C
2037,65,2056.39584041996,om11_2,CJM,tun45,C
2038,65,2066.6592633674,om11_2,CJM,tun45,C
2039,65,2034.69351237765,om11_2,CJM,tun45,C
2040,65,2034.15796981317,om11_2,CJM,tun45,C
2041,65,2086.19438608759,om11_2,CJM,tun45,C
2042,65,2066.06527723935,om11_2,CJM,tun45,C
2043,65,2059.85840799875,om11_2,CJM,tun45,C
2044,65,2059.4063161978,om11_2,CJM,tun45,C
2045,65,2013.44203381925,om11_2,CJM,tun45,C
2046,65,2042.75669483783,om11_2,CJM,tun45,C
2047,65,2083.27710199844,om11_2,CJM,tun45,C
2048,65,2018.23254267958,om11_2,CJM,tun45,C
2049,65,1948.61644649234,om11_2,CJM,tun45,C
2050,65,1979.11245877269,om11_2,CJM,tun45,C
2025,110,1385.8907626811,om11_2,CJM,tun45,C
2026,110,1188.913229672,om11_2,CJM,tun45,C
2027,110,1197.07837611327,om11_2,CJM,tun45,C
2028,110,1206.16696648426,om11_2,CJM,tun45,C
2029,110,1359.56061113146,om11_2,CJM,tun45,C
2030,110,1564.94536110032,om11_2,CJM,tun45,C
2031,110,1771.04798446595,om11_2,CJM,tun45,C
2032,110,2061.30811738441,om11_2,CJM,tun45,C
2033,110,2068.34342160581,om11_2,CJM,tun45,C
2034,110,2046.47931795137,om11_2,CJM,tun45,C
2035,110,1997.72052876653,om11_2,CJM,tun45,C
2036,110,2018.90823025482,om11_2,CJM,tun45,C
2037,110,2009.89254360212,om11_2,CJM,tun45,C
2038,110,2066.56705118833,om11_2,CJM,tun45,C
2039,110,2069.85533866973,om11_2,CJM,tun45,C
2040,110,2009.33822906682,om11_2,CJM,tun45,C
2041,110,1990.86317616528,om11_2,CJM,tun45,C
2042,110,2046.0706907975,om11_2,CJM,tun45,C
2043,110,1689.78070927702,om11_2,CJM,tun45,C
2044,110,1440.12778322201,om11_2,CJM,tun45,C
2045,110,1251.43847613641,om11_2,CJM,tun45,C
2046,110,1061.54773182531,om11_2,CJM,tun45,C
2047,110,903.554051038045,om11_2,CJM,tun45,C
2048,110,774.067747494541,om11_2,CJM,tun45,C
2049,110,653.69648904194,om11_2,CJM,tun45,C
2050,110,557.28823107554,om11_2,CJM,tun45,C
2025,151,1385.8907626811,om11_2,CJM,tun45,C
2026,151,1197.38872078274,om11_2,CJM,tun45,C
2027,151,1163.07758467054,om11_2,CJM,tun45,C
2028,151,1102.47965808607,om11_2,CJM,tun45,C
2029,151,1022.03898857986,om11_2,CJM,tun45,C
2030,151,1117.26204570704,om11_2,CJM,tun45,C
2031,151,1294.4987447071,om11_2,CJM,tun45,C
2032,151,1472.51409916969,om11_2,CJM,tun45,C
2033,151,1696.12084056545,om11_2,CJM,tun45,C
2034,151,1972.91208969152,om11_2,CJM,tun45,C
2035,151,2021.3194931171,om11_2,CJM,tun45,C
2036,151,2076.33689448943,om11_2,CJM,tun45,C
2037,151,2057.36296539138,om11_2,CJM,tun45,C
2038,151,1993.66626406834,om11_2,CJM,tun45,C
2039,151,2079.86463800664,om11_2,CJM,tun45,C
2040,151,2031.67264115656,om11_2,CJM,tun45,C
2041,151,2027.95091031094,om11_2,CJM,tun45,C
2042,151,2064.37753281008,om11_2,CJM,tun45,C
2043,151,2010.77770292885,om11_2,CJM,tun45,C
2044,151,1992.15184172758,om11_2,CJM,tun45,C
2045,151,2088.83308856427,om11_2,CJM,tun45,C
2046,151,2008.68871122596,om11_2,CJM,tun45,C
2047,151,2068.14443855765,om11_2,CJM,tun45,C
2048,151,2087.91880305728,om11_2,CJM,tun45,C
2049,151,2079.68770451471,om11_2,CJM,tun45,C
2050,151,2005.14431281602,om11_2,CJM,tun45,C
2025,158,1385.8907626811,om11_2,CJM,tun45,C
2026,158,1193.34491076362,om11_2,CJM,tun45,C
2027,158,1190.80945795046,om11_2,CJM,tun45,C
2028,158,1014.86329223304,om11_2,CJM,tun45,C
2029,158,1091.52530265722,om11_2,CJM,tun45,C
2030,158,1119.86228164435,om11_2,CJM,tun45,C
2031,158,1027.7118150319,om11_2,CJM,tun45,C
2032,158,1035.59642159476,om11_2,CJM,tun45,C
2033,158,988.882500545847,om11_2,CJM,tun45,C
2034,158,1044.24171728174,om11_2,CJM,tun45,C
2035,158,976.003428223731,om11_2,CJM,tun45,C
2036,158,1006.04391610323,om11_2,CJM,tun45,C
2037,158,847.33568329662,om11_2,CJM,tun45,C
2038,158,732.341940309027,om11_2,CJM,tun45,C
2039,158,610.220809749472,om11_2,CJM,tun45,C
2040,158,577.71174130999,om11_2,CJM,tun45,C
2041,158,680.006614469026,om11_2,CJM,tun45,C
2042,158,745.196496225355,om11_2,CJM,tun45,C
2043,158,686.561855652869,om11_2,CJM,tun45,C
2044,158,603.166171265825,om11_2,CJM,tun45,C
2045,158,649.306646303454,om11_2,CJM,tun45,C
2046,158,594.764474736962,om11_2,CJM,tun45,C
2047,158,572.397632598098,om11_2,CJM,tun45,C
2048,158,672.805962181666,om11_2,CJM,tun45,C
2049,158,768.027348185768,om11_2,CJM,tun45,C
2050,158,905.338616544171,om11_2,CJM,tun45,C
2025,165,1385.8907626811,om11_2,CJM,tun45,C
2026,165,1207.39999294436,om11_2,CJM,tun45,C
2027,165,1175.15558227505,om11_2,CJM,tun45,C
2028,165,1284.59643692933,om11_2,CJM,tun45,C
2029,165,1435.06625649092,om11_2,CJM,tun45,C
2030,165,1602.05384060796,om11_2,CJM,tun45,C
2031,165,1449.94669713908,om11_2,CJM,tun45,C
2032,165,1461.13345204335,om11_2,CJM,tun45,C
2033,165,1491.79016474505,om11_2,CJM,tun45,C
2034,165,1409.52483724279,om11_2,CJM,tun45,C
2035,165,1238.78110983805,om11_2,CJM,tun45,C
2036,165,1114.45526006572,om11_2,CJM,tun45,C
2037,165,1199.4345718696,om11_2,CJM,tun45,C
2038,165,1230.28081549586,om11_2,CJM,tun45,C
2039,165,1278.15597553121,om11_2,CJM,tun45,C
2040,165,1432.59934195971,om11_2,CJM,tun45,C
2041,165,1619.8928149255,om11_2,CJM,tun45,C
2042,165,1744.44393660399,om11_2,CJM,tun45,C
2043,165,1667.95239013795,om11_2,CJM,tun45,C
2044,165,1874.45556698952,om11_2,CJM,tun45,C
2045,165,2059.68615767646,om11_2,CJM,tun45,C
2046,165,2065.20977725972,om11_2,CJM,tun45,C
2047,165,1996.46275536178,om11_2,CJM,tun45,C
2048,165,2049.59597414664,om11_2,CJM,tun45,C
2049,165,2043.8040378875,om11_2,CJM,tun45,C
2050,165,1742.94872783983,om11_2,CJM,tun45,C
2025,177,1385.8907626811,om11_2,CJM,tun45,C
2026,177,1201.50232681969,om11_2,CJM,tun45,C
2027,177,1179.62666510845,om11_2,CJM,tun45,C
2028,177,1128.76121924296,om11_2,CJM,tun45,C
2029,177,1151.65954442814,om11_2,CJM,tun45,C
2030,177,1312.76599390183,om11_2,CJM,tun45,C
2031,177,1547.37624250043,om11_2,CJM,tun45,C
2032,177,1743.38353308953,om11_2,CJM,tun45,C
2033,177,1603.08830097537,om11_2,CJM,tun45,C
2034,177,1637.17003837839,om11_2,CJM,tun45,C
2035,177,1670.01984136482,om11_2,CJM,tun45,C
2036,177,1738.09466094128,om11_2,CJM,tun45,C
2037,177,1808.04372533399,om11_2,CJM,tun45,C
2038,177,1578.46309500913,om11_2,CJM,tun45,C
2039,177,1409.77563997021,om11_2,CJM,tun45,C
2040,177,1217.87975679015,om11_2,CJM,tun45,C
2041,177,1019.12225103196,om11_2,CJM,tun45,C
2042,177,847.75199888739,om11_2,CJM,tun45,C
2043,177,723.448593459712,om11_2,CJM,tun45,C
2044,177,779.814271943715,om11_2,CJM,tun45,C
2045,177,809.745468933224,om11_2,CJM,tun45,C
2046,177,912.642310615473,om11_2,CJM,tun45,C
2047,177,1059.88689590714,om11_2,CJM,tun45,C
2048,177,1132.04180447876,om11_2,CJM,tun45,C
2049,177,969.906804065168,om11_2,CJM,tun45,C
2050,177,942.861272682985,om11_2,CJM,tun45,C
2025,186,1385.8907626811,om11_2,CJM,tun45,C
2026,186,1216.95404180482,om11_2,CJM,tun45,C
2027,186,1159.39439162881,om11_2,CJM,tun45,C
2028,186,1078.28642477862,om11_2,CJM,tun45,C
2029,186,1129.20392907235,om11_2,CJM,tun45,C
2030,186,1352.18931088358,om11_2,CJM,tun45,C
2031,186,1516.00201664693,om11_2,CJM,tun45,C
2032,186,1757.85624101083,om11_2,CJM,tun45,C
2033,186,2012.07762164515,om11_2,CJM,tun45,C
2034,186,2055.86008030115,om11_2,CJM,tun45,C
2035,186,2031.19344691405,om11_2,CJM,tun45,C
2036,186,2005.12284469911,om11_2,CJM,tun45,C
2037,186,2004.54474099571,om11_2,CJM,tun45,C
2038,186,2040.55102627549,om11_2,CJM,tun45,C
2039,186,2085.59266101578,om11_2,CJM,tun45,C
2040,186,2011.51697144364,om11_2,CJM,tun45,C
2041,186,2085.12966612837,om11_2,CJM,tun45,C
2042,186,1723.08627721958,om11_2,CJM,tun45,C
2043,186,1535.88245092064,om11_2,CJM,tun45,C
2044,186,1704.03608011256,om11_2,CJM,tun45,C
2045,186,1871.74518559369,om11_2,CJM,tun45,C
2046,186,1952.12970729373,om11_2,CJM,tun45,C
2047,186,1617.44623494933,om11_2,CJM,tun45,C
2048,186,1403.80349570173,om11_2,CJM,tun45,C
2049,186,1324.81950122569,om11_2,CJM,tun45,C
2050,186,1190.42430746052,om11_2,CJM,tun45,C
2025,246,1385.8907626811,om11_2,CJM,tun45,C
2026,246,1243.46348919612,om11_2,CJM,tun45,C
2027,246,1151.08309946335,om11_2,CJM,tun45,C
2028,246,994.413181913441,om11_2,CJM,tun45,C
2029,246,1125.33383742799,om11_2,CJM,tun45,C
2030,246,1344.91068616808,om11_2,CJM,tun45,C
2031,246,1489.91651736492,om11_2,CJM,tun45,C
2032,246,1724.77946622269,om11_2,CJM,tun45,C
2033,246,1960.49820147642,om11_2,CJM,tun45,C
2034,246,1687.25854714552,om11_2,CJM,tun45,C
2035,246,1447.81273251339,om11_2,CJM,tun45,C
2036,246,1233.81645404093,om11_2,CJM,tun45,C
2037,246,1055.3508395818,om11_2,CJM,tun45,C
2038,246,881.370010985071,om11_2,CJM,tun45,C
2039,246,767.898714406768,om11_2,CJM,tun45,C
2040,246,649.754572807481,om11_2,CJM,tun45,C
2041,246,559.170065355763,om11_2,CJM,tun45,C
2042,246,474.953604733504,om11_2,CJM,tun45,C
2043,246,406.061093608148,om11_2,CJM,tun45,C
2044,246,334.105584260358,om11_2,CJM,tun45,C
2045,246,283.843432342376,om11_2,CJM,tun45,C
2046,246,272.958778819155,om11_2,CJM,tun45,C
2047,246,280.286892237713,om11_2,CJM,tun45,C
2048,246,300.843161475173,om11_2,CJM,tun45,C
2049,246,351.917817702394,om11_2,CJM,tun45,C
2050,246,412.294244134827,om11_2,CJM,tun45,C
2025,327,1385.8907626811,om11_2,CJM,tun45,C
2026,327,1230.90135955173,om11_2,CJM,tun45,C
2027,327,1161.9615588122,om11_2,CJM,tun45,C
2028,327,1156.25396582242,om11_2,CJM,tun45,C
2029,327,1325.08505663341,om11_2,CJM,tun45,C
2030,327,1524.7472841684,om11_2,CJM,tun45,C
2031,327,1776.93457949433,om11_2,CJM,tun45,C
2032,327,1629.43422747011,om11_2,CJM,tun45,C
2033,327,1448.47180520749,om11_2,CJM,tun45,C
2034,327,1387.29826674049,om11_2,CJM,tun45,C
2035,327,1286.67727684389,om11_2,CJM,tun45,C
2036,327,1312.09267112862,om11_2,CJM,tun45,C
2037,327,1442.63915846977,om11_2,CJM,tun45,C
2038,327,1663.02039462312,om11_2,CJM,tun45,C
2039,327,1906.04302396877,om11_2,CJM,tun45,C
2040,327,2042.65911060973,om11_2,CJM,tun45,C
2041,327,2061.73207993509,om11_2,CJM,tun45,C
2042,327,1743.42576937335,om11_2,CJM,tun45,C
2043,327,1529.9615438197,om11_2,CJM,tun45,C
2044,327,1285.12628409062,om11_2,CJM,tun45,C
2045,327,1102.79087495756,om11_2,CJM,tun45,C
2046,327,941.0358076362,om11_2,CJM,tun45,C
2047,327,781.093870621337,om11_2,CJM,tun45,C
2048,327,681.580461015689,om11_2,CJM,tun45,C
2049,327,557.401308830729,om11_2,CJM,tun45,C
2050,327,491.442538549617,om11_2,CJM,tun45,C
2025,344,1385.8907626811,om11_2,CJM,tun45,C
2026,344,1239.32576514677,om11_2,CJM,tun45,C
2027,344,1173.52977321398,om11_2,CJM,tun45,C
2028,344,1369.56178184273,om11_2,CJM,tun45,C
2029,344,1563.44595535985,om11_2,CJM,tun45,C
2030,344,1773.10159668271,om11_2,CJM,tun45,C
2031,344,2073.79827109291,om11_2,CJM,tun45,C
2032,344,1755.63066708699,om11_2,CJM,tun45,C
2033,344,1540.20975824266,om11_2,CJM,tun45,C
2034,344,1331.17186175061,om11_2,CJM,tun45,C
2035,344,1355.88451564997,om11_2,CJM,tun45,C
2036,344,1139.96417163195,om11_2,CJM,tun45,C
2037,344,981.949696238612,om11_2,CJM,tun45,C
2038,344,979.002874593638,om11_2,CJM,tun45,C
2039,344,1006.42310326987,om11_2,CJM,tun45,C
2040,344,924.454062699384,om11_2,CJM,tun45,C
2041,344,843.172478076002,om11_2,CJM,tun45,C
2042,344,723.71638122076,om11_2,CJM,tun45,C
2043,344,711.367673620656,om11_2,CJM,tun45,C
2044,344,671.100994324558,om11_2,CJM,tun45,C
2045,344,661.29850024777,om11_2,CJM,tun45,C
2046,344,547.661543818807,om11_2,CJM,tun45,C
2047,344,516.632604023721,om11_2,CJM,tun45,C
2048,344,434.283208431412,om11_2,CJM,tun45,C
2049,344,404.33377928907,om11_2,CJM,tun45,C
2050,344,381.310889291019,om11_2,CJM,tun45,C
2025,348,1385.8907626811,om11_2,CJM,tun45,C
2026,348,1233.12480054741,om11_2,CJM,tun45,C
2027,348,1185.86809744287,om11_2,CJM,tun45,C
2028,348,997.888403988594,om11_2,CJM,tun45,C
2029,348,1113.71189469362,om11_2,CJM,tun45,C
2030,348,1255.06974018282,om11_2,CJM,tun45,C
2031,348,1377.10233735261,om11_2,CJM,tun45,C
2032,348,1147.13387872094,om11_2,CJM,tun45,C
2033,348,1024.81160123483,om11_2,CJM,tun45,C
2034,348,1156.79853407515,om11_2,CJM,tun45,C
2035,348,1314.05633064685,om11_2,CJM,tun45,C
2036,348,1455.48439602287,om11_2,CJM,tun45,C
2037,348,1279.92593816137,om11_2,CJM,tun45,C
2038,348,1087.18823401218,om11_2,CJM,tun45,C
2039,348,979.778350707402,om11_2,CJM,tun45,C
2040,348,906.356219697936,om11_2,CJM,tun45,C
2041,348,796.462344390956,om11_2,CJM,tun45,C
2042,348,665.924373910493,om11_2,CJM,tun45,C
2043,348,558.642244214684,om11_2,CJM,tun45,C
2044,348,475.331228719387,om11_2,CJM,tun45,C
2045,348,420.045933100102,om11_2,CJM,tun45,C
2046,348,363.8649481365,om11_2,CJM,tun45,C
2047,348,413.974542095545,om11_2,CJM,tun45,C
2048,348,481.458581676252,om11_2,CJM,tun45,C
2049,348,553.556619964491,om11_2,CJM,tun45,C
2050,348,644.498473514579,om11_2,CJM,tun45,C
2025,367,1385.8907626811,om11_2,CJM,tun45,C
2026,367,1243.56209175419,om11_2,CJM,tun45,C
2027,367,1166.18410130129,om11_2,CJM,tun45,C
2028,367,1278.4959792114,om11_2,CJM,tun45,C
2029,367,1530.41212559554,om11_2,CJM,tun45,C
2030,367,1697.72864865593,om11_2,CJM,tun45,C
2031,367,1971.42799013317,om11_2,CJM,tun45,C
2032,367,2085.79194923988,om11_2,CJM,tun45,C
2033,367,1994.93617951788,om11_2,CJM,tun45,C
2034,367,1951.38649793748,om11_2,CJM,tun45,C
2035,367,1986.0782488128,om11_2,CJM,tun45,C
2036,367,2014.83453077153,om11_2,CJM,tun45,C
2037,367,2001.68444930233,om11_2,CJM,tun45,C
2038,367,2069.68886128211,om11_2,CJM,tun45,C
2039,367,2039.57579756281,om11_2,CJM,tun45,C
2040,367,2072.92944117103,om11_2,CJM,tun45,C
2041,367,2023.95519421959,om11_2,CJM,tun45,C
2042,367,2074.57536145703,om11_2,CJM,tun45,C
2043,367,2057.84252095892,om11_2,CJM,tun45,C
2044,367,2040.14688489151,om11_2,CJM,tun45,C
2045,367,2008.91559620979,om11_2,CJM,tun45,C
2046,367,1776.46192546312,om11_2,CJM,tun45,C
2047,367,1613.72129560157,om11_2,CJM,tun45,C
2048,367,1399.94766655933,om11_2,CJM,tun45,C
2049,367,1183.4098624936,om11_2,CJM,tun45,C
2050,367,990.101037569515,om11_2,CJM,tun45,C
2025,397,1385.8907626811,om11_2,CJM,tun45,C
2026,397,1234.71476105283,om11_2,CJM,tun45,C
2027,397,1168.14108357297,om11_2,CJM,tun45,C
2028,397,1121.35557743957,om11_2,CJM,tun45,C
2029,397,1328.61530358852,om11_2,CJM,tun45,C
2030,397,1494.48392013867,om11_2,CJM,tun45,C
2031,397,1563.67067692987,om11_2,CJM,tun45,C
2032,397,1331.55458370386,om11_2,CJM,tun45,C
2033,397,1131.30019531446,om11_2,CJM,tun45,C
2034,397,994.825267622241,om11_2,CJM,tun45,C
2035,397,830.412142585916,om11_2,CJM,tun45,C
2036,397,733.478938586015,om11_2,CJM,tun45,C
2037,397,645.640921007218,om11_2,CJM,tun45,C
2038,397,543.478612236244,om11_2,CJM,tun45,C
2039,397,466.585966112706,om11_2,CJM,tun45,C
2040,397,538.219529445241,om11_2,CJM,tun45,C
2041,397,599.494949028542,om11_2,CJM,tun45,C
2042,397,681.237441115368,om11_2,CJM,tun45,C
2043,397,771.238208958207,om11_2,CJM,tun45,C
2044,397,909.644950880184,om11_2,CJM,tun45,C
2045,397,1040.14914983163,om11_2,CJM,tun45,C
2046,397,1223.6578521402,om11_2,CJM,tun45,C
2047,397,1214.37924076408,om11_2,CJM,tun45,C
2048,397,1277.92080635574,om11_2,CJM,tun45,C
2049,397,1153.91310135412,om11_2,CJM,tun45,C
2050,397,1161.201807882,om11_2,CJM,tun45,C
2025,498,1385.8907626811,om11_2,CJM,tun45,C
2026,498,1226.76598382885,om11_2,CJM,tun45,C
2027,498,1162.15756847954,om11_2,CJM,tun45,C
2028,498,1046.81070031661,om11_2,CJM,tun45,C
2029,498,1080.68262901223,om11_2,CJM,tun45,C
2030,498,1144.15877090622,om11_2,CJM,tun45,C
2031,498,1048.06446962906,om11_2,CJM,tun45,C
2032,498,932.430548897611,om11_2,CJM,tun45,C
2033,498,1081.36282381633,om11_2,CJM,tun45,C
2034,498,1214.83638680227,om11_2,CJM,tun45,C
2035,498,1399.65204650366,om11_2,CJM,tun45,C
2036,498,1530.99106897017,om11_2,CJM,tun45,C
2037,498,1808.32747645657,om11_2,CJM,tun45,C
2038,498,2036.57042758225,om11_2,CJM,tun45,C
2039,498,2069.83115473053,om11_2,CJM,tun45,C
2040,498,1992.1572643563,om11_2,CJM,tun45,C
2041,498,1657.16654821394,om11_2,CJM,tun45,C
2042,498,1538.66704398327,om11_2,CJM,tun45,C
2043,498,1484.01437088265,om11_2,CJM,tun45,C
2044,498,1332.46327251094,om11_2,CJM,tun45,C
2045,498,1231.49243705196,om11_2,CJM,tun45,C
2046,498,1108.45082701991,om11_2,CJM,tun45,C
2047,498,1166.89730150628,om11_2,CJM,tun45,C
2048,498,1317.1085006098,om11_2,CJM,tun45,C
2049,498,1518.74766691782,om11_2,CJM,tun45,C
2050,498,1720.08354913367,om11_2,CJM,tun45,C
2025,37,8593.12324912998,om11_2,CJM,tun43,SB
2026,37,9881.51309904888,om11_2,CJM,tun43,SB
2027,37,10843.8932649568,om11_2,CJM,tun43,SB
2028,37,10604.0127013111,om11_2,CJM,tun43,SB
2029,37,9582.91806144923,om11_2,CJM,tun43,SB
2030,37,8539.18052834353,om11_2,CJM,tun43,SB
2031,37,7471.15581963632,om11_2,CJM,tun43,SB
2032,37,6210.63968300502,om11_2,CJM,tun43,SB
2033,37,5734.00931831649,om11_2,CJM,tun43,SB
2034,37,5700.01732697948,om11_2,CJM,tun43,SB
2035,37,4694.33491795964,om11_2,CJM,tun43,SB
2036,37,4429.60738171615,om11_2,CJM,tun43,SB
2037,37,4544.66073275797,om11_2,CJM,tun43,SB
2038,37,4971.77512879343,om11_2,CJM,tun43,SB
2039,37,7015.46491934628,om11_2,CJM,tun43,SB
2040,37,10860.2510198298,om11_2,CJM,tun43,SB
2041,37,13449.1661641918,om11_2,CJM,tun43,SB
2042,37,13962.7838542492,om11_2,CJM,tun43,SB
2043,37,14330.0965985802,om11_2,CJM,tun43,SB
2044,37,14854.8059723354,om11_2,CJM,tun43,SB
2045,37,14791.5467054196,om11_2,CJM,tun43,SB
2046,37,14719.4851612857,om11_2,CJM,tun43,SB
2047,37,14649.2999286369,om11_2,CJM,tun43,SB
2048,37,13759.2019477531,om11_2,CJM,tun43,SB
2049,37,12602.7277024107,om11_2,CJM,tun43,SB
2050,37,12612.251343606,om11_2,CJM,tun43,SB
2025,65,7734.49472637435,om11_2,CJM,tun43,SB
2026,65,8955.10020606981,om11_2,CJM,tun43,SB
2027,65,10299.8906501392,om11_2,CJM,tun43,SB
2028,65,10937.2625654567,om11_2,CJM,tun43,SB
2029,65,10929.7111807556,om11_2,CJM,tun43,SB
2030,65,11249.4318171535,om11_2,CJM,tun43,SB
2031,65,12180.8841190901,om11_2,CJM,tun43,SB
2032,65,14112.8535954693,om11_2,CJM,tun43,SB
2033,65,15958.0246866406,om11_2,CJM,tun43,SB
2034,65,16366.1082494875,om11_2,CJM,tun43,SB
2035,65,14471.638393004,om11_2,CJM,tun43,SB
2036,65,13460.5983256309,om11_2,CJM,tun43,SB
2037,65,13126.660779301,om11_2,CJM,tun43,SB
2038,65,12891.9194488464,om11_2,CJM,tun43,SB
2039,65,12386.3867520869,om11_2,CJM,tun43,SB
2040,65,12327.9741704231,om11_2,CJM,tun43,SB
2041,65,12082.3550602797,om11_2,CJM,tun43,SB
2042,65,11173.6890143834,om11_2,CJM,tun43,SB
2043,65,10916.0618175486,om11_2,CJM,tun43,SB
2044,65,10326.0977446057,om11_2,CJM,tun43,SB
2045,65,9320.69296991227,om11_2,CJM,tun43,SB
2046,65,8274.54710476632,om11_2,CJM,tun43,SB
2047,65,6859.28160361066,om11_2,CJM,tun43,SB
2048,65,5585.17141025334,om11_2,CJM,tun43,SB
2049,65,4064.17801346807,om11_2,CJM,tun43,SB
2050,65,2573.89805304496,om11_2,CJM,tun43,SB
2025,110,9634.882166157,om11_2,CJM,tun43,SB
2026,110,10479.1999340746,om11_2,CJM,tun43,SB
2027,110,10557.6355457146,om11_2,CJM,tun43,SB
2028,110,11531.8046136523,om11_2,CJM,tun43,SB
2029,110,13348.5917459878,om11_2,CJM,tun43,SB
2030,110,15131.6016779419,om11_2,CJM,tun43,SB
2031,110,15800.6966524908,om11_2,CJM,tun43,SB
2032,110,15283.3957163315,om11_2,CJM,tun43,SB
2033,110,14742.8680557388,om11_2,CJM,tun43,SB
2034,110,14246.260111837,om11_2,CJM,tun43,SB
2035,110,12468.2030859369,om11_2,CJM,tun43,SB
2036,110,11056.2801473646,om11_2,CJM,tun43,SB
2037,110,9975.78896979644,om11_2,CJM,tun43,SB
2038,110,8251.19525600947,om11_2,CJM,tun43,SB
2039,110,6597.97095929505,om11_2,CJM,tun43,SB
2040,110,5299.56707768725,om11_2,CJM,tun43,SB
2041,110,4300.26394366826,om11_2,CJM,tun43,SB
2042,110,3228.61607853555,om11_2,CJM,tun43,SB
2043,110,3039.56956178538,om11_2,CJM,tun43,SB
2044,110,2797.19821592016,om11_2,CJM,tun43,SB
2045,110,2203.20974511315,om11_2,CJM,tun43,SB
2046,110,1702.66669894019,om11_2,CJM,tun43,SB
2047,110,1510.76627393952,om11_2,CJM,tun43,SB
2048,110,1350.3388084395,om11_2,CJM,tun43,SB
2049,110,1248.43240189285,om11_2,CJM,tun43,SB
2050,110,1132.69721128205,om11_2,CJM,tun43,SB
2025,151,6742.27315938003,om11_2,CJM,tun43,SB
2026,151,7415.48202441664,om11_2,CJM,tun43,SB
2027,151,7812.47428758319,om11_2,CJM,tun43,SB
2028,151,7887.29989803892,om11_2,CJM,tun43,SB
2029,151,9536.32508269884,om11_2,CJM,tun43,SB
2030,151,12421.611822433,om11_2,CJM,tun43,SB
2031,151,15492.3798277193,om11_2,CJM,tun43,SB
2032,151,16938.1774019973,om11_2,CJM,tun43,SB
2033,151,17493.89851169,om11_2,CJM,tun43,SB
2034,151,17367.8627252657,om11_2,CJM,tun43,SB
2035,151,15488.5734703851,om11_2,CJM,tun43,SB
2036,151,14233.0854891653,om11_2,CJM,tun43,SB
2037,151,13801.0517101674,om11_2,CJM,tun43,SB
2038,151,14796.851324143,om11_2,CJM,tun43,SB
2039,151,15751.0065204913,om11_2,CJM,tun43,SB
2040,151,15887.3111295522,om11_2,CJM,tun43,SB
2041,151,16769.5447230964,om11_2,CJM,tun43,SB
2042,151,17734.9615337497,om11_2,CJM,tun43,SB
2043,151,19606.5139775742,om11_2,CJM,tun43,SB
2044,151,23168.369894742,om11_2,CJM,tun43,SB
2045,151,27021.0637877341,om11_2,CJM,tun43,SB
2046,151,29469.4802304181,om11_2,CJM,tun43,SB
2047,151,31955.4420512017,om11_2,CJM,tun43,SB
2048,151,34603.3066475135,om11_2,CJM,tun43,SB
2049,151,36043.6625409002,om11_2,CJM,tun43,SB
2050,151,35953.0468662632,om11_2,CJM,tun43,SB
2025,158,7236.77187172129,om11_2,CJM,tun43,SB
2026,158,6388.451650034,om11_2,CJM,tun43,SB
2027,158,6020.7935718014,om11_2,CJM,tun43,SB
2028,158,5896.36301556398,om11_2,CJM,tun43,SB
2029,158,5430.19523685584,om11_2,CJM,tun43,SB
2030,158,4760.28666689602,om11_2,CJM,tun43,SB
2031,158,4440.85977214979,om11_2,CJM,tun43,SB
2032,158,4416.44352022637,om11_2,CJM,tun43,SB
2033,158,4147.82838321107,om11_2,CJM,tun43,SB
2034,158,3666.30282959189,om11_2,CJM,tun43,SB
2035,158,2833.82618127892,om11_2,CJM,tun43,SB
2036,158,2411.65734467291,om11_2,CJM,tun43,SB
2037,158,2555.33786163405,om11_2,CJM,tun43,SB
2038,158,2733.15246158333,om11_2,CJM,tun43,SB
2039,158,2702.166552034,om11_2,CJM,tun43,SB
2040,158,2621.06097271656,om11_2,CJM,tun43,SB
2041,158,2911.97360226003,om11_2,CJM,tun43,SB
2042,158,3146.79819055058,om11_2,CJM,tun43,SB
2043,158,3206.89841552993,om11_2,CJM,tun43,SB
2044,158,3682.73812711182,om11_2,CJM,tun43,SB
2045,158,4528.83546201058,om11_2,CJM,tun43,SB
2046,158,5416.04354623683,om11_2,CJM,tun43,SB
2047,158,6902.45555008682,om11_2,CJM,tun43,SB
2048,158,8483.80705442293,om11_2,CJM,tun43,SB
2049,158,11030.0822104003,om11_2,CJM,tun43,SB
2050,158,13358.5754401134,om11_2,CJM,tun43,SB
2025,165,7753.47260672735,om11_2,CJM,tun43,SB
2026,165,7920.79794205738,om11_2,CJM,tun43,SB
2027,165,7925.79615790233,om11_2,CJM,tun43,SB
2028,165,7995.59465149525,om11_2,CJM,tun43,SB
2029,165,7627.76267003291,om11_2,CJM,tun43,SB
2030,165,7098.44731882703,om11_2,CJM,tun43,SB
2031,165,6581.43485942217,om11_2,CJM,tun43,SB
2032,165,6174.54510645564,om11_2,CJM,tun43,SB
2033,165,6180.37533122751,om11_2,CJM,tun43,SB
2034,165,6210.63241479503,om11_2,CJM,tun43,SB
2035,165,5146.95009385388,om11_2,CJM,tun43,SB
2036,165,4809.24660637292,om11_2,CJM,tun43,SB
2037,165,6974.13134112516,om11_2,CJM,tun43,SB
2038,165,9596.87569058695,om11_2,CJM,tun43,SB
2039,165,10383.9113583359,om11_2,CJM,tun43,SB
2040,165,10645.7800132396,om11_2,CJM,tun43,SB
2041,165,10732.5959581324,om11_2,CJM,tun43,SB
2042,165,10341.8880304464,om11_2,CJM,tun43,SB
2043,165,10228.3523438881,om11_2,CJM,tun43,SB
2044,165,9514.04521891789,om11_2,CJM,tun43,SB
2045,165,8672.26446204066,om11_2,CJM,tun43,SB
2046,165,8005.38587109791,om11_2,CJM,tun43,SB
2047,165,6959.55665763287,om11_2,CJM,tun43,SB
2048,165,5903.66740187802,om11_2,CJM,tun43,SB
2049,165,4373.39981351129,om11_2,CJM,tun43,SB
2050,165,2996.61868083504,om11_2,CJM,tun43,SB
2025,177,8041.24231146839,om11_2,CJM,tun43,SB
2026,177,8201.9921947721,om11_2,CJM,tun43,SB
2027,177,8647.83467206007,om11_2,CJM,tun43,SB
2028,177,9225.58891556726,om11_2,CJM,tun43,SB
2029,177,8989.72820462078,om11_2,CJM,tun43,SB
2030,177,8277.83568804359,om11_2,CJM,tun43,SB
2031,177,7930.70002257653,om11_2,CJM,tun43,SB
2032,177,7689.07083287116,om11_2,CJM,tun43,SB
2033,177,7489.3579377942,om11_2,CJM,tun43,SB
2034,177,7146.76866490308,om11_2,CJM,tun43,SB
2035,177,5650.85726863953,om11_2,CJM,tun43,SB
2036,177,4702.54868159077,om11_2,CJM,tun43,SB
2037,177,4243.4630156049,om11_2,CJM,tun43,SB
2038,177,4024.19642383796,om11_2,CJM,tun43,SB
2039,177,4316.10429530354,om11_2,CJM,tun43,SB
2040,177,4453.24251006458,om11_2,CJM,tun43,SB
2041,177,4296.25901485493,om11_2,CJM,tun43,SB
2042,177,4470.14091110345,om11_2,CJM,tun43,SB
2043,177,5098.75349633969,om11_2,CJM,tun43,SB
2044,177,5433.85745937759,om11_2,CJM,tun43,SB
2045,177,5595.19515231829,om11_2,CJM,tun43,SB
2046,177,5636.65928439951,om11_2,CJM,tun43,SB
2047,177,5684.1031839063,om11_2,CJM,tun43,SB
2048,177,5593.31503046298,om11_2,CJM,tun43,SB
2049,177,5185.36556064986,om11_2,CJM,tun43,SB
2050,177,5055.66113642712,om11_2,CJM,tun43,SB
2025,186,7859.93258500356,om11_2,CJM,tun43,SB
2026,186,9741.48766043344,om11_2,CJM,tun43,SB
2027,186,12261.2201079339,om11_2,CJM,tun43,SB
2028,186,13395.6500745252,om11_2,CJM,tun43,SB
2029,186,13718.1534902529,om11_2,CJM,tun43,SB
2030,186,14090.1262392162,om11_2,CJM,tun43,SB
2031,186,14263.695525643,om11_2,CJM,tun43,SB
2032,186,14045.7392914879,om11_2,CJM,tun43,SB
2033,186,13212.1009843208,om11_2,CJM,tun43,SB
2034,186,12120.3829024562,om11_2,CJM,tun43,SB
2035,186,9892.21076073767,om11_2,CJM,tun43,SB
2036,186,8472.78049941614,om11_2,CJM,tun43,SB
2037,186,7805.45985964107,om11_2,CJM,tun43,SB
2038,186,6674.82689047101,om11_2,CJM,tun43,SB
2039,186,6201.25312099208,om11_2,CJM,tun43,SB
2040,186,6302.11952845306,om11_2,CJM,tun43,SB
2041,186,5948.80663841841,om11_2,CJM,tun43,SB
2042,186,5989.7280049787,om11_2,CJM,tun43,SB
2043,186,6512.56137900042,om11_2,CJM,tun43,SB
2044,186,6728.74608068876,om11_2,CJM,tun43,SB
2045,186,6137.42642278261,om11_2,CJM,tun43,SB
2046,186,4754.86903937837,om11_2,CJM,tun43,SB
2047,186,3642.67105723512,om11_2,CJM,tun43,SB
2048,186,3132.72154196634,om11_2,CJM,tun43,SB
2049,186,2906.48763240175,om11_2,CJM,tun43,SB
2050,186,3511.17760967666,om11_2,CJM,tun43,SB
2025,246,8847.56725195435,om11_2,CJM,tun43,SB
2026,246,9365.39736295931,om11_2,CJM,tun43,SB
2027,246,8957.08820880763,om11_2,CJM,tun43,SB
2028,246,8745.32528612799,om11_2,CJM,tun43,SB
2029,246,8705.31922162593,om11_2,CJM,tun43,SB
2030,246,7981.22822142193,om11_2,CJM,tun43,SB
2031,246,6814.02117190622,om11_2,CJM,tun43,SB
2032,246,5573.51197451677,om11_2,CJM,tun43,SB
2033,246,4191.15833740616,om11_2,CJM,tun43,SB
2034,246,3224.19070273531,om11_2,CJM,tun43,SB
2035,246,1854.20949159464,om11_2,CJM,tun43,SB
2036,246,1148.49199952363,om11_2,CJM,tun43,SB
2037,246,974.298008611937,om11_2,CJM,tun43,SB
2038,246,950.494666849792,om11_2,CJM,tun43,SB
2039,246,875.384946672075,om11_2,CJM,tun43,SB
2040,246,719.484533702736,om11_2,CJM,tun43,SB
2041,246,576.804270327438,om11_2,CJM,tun43,SB
2042,246,552.573810651383,om11_2,CJM,tun43,SB
2043,246,779.870780410148,om11_2,CJM,tun43,SB
2044,246,1222.73892710016,om11_2,CJM,tun43,SB
2045,246,2229.09239544771,om11_2,CJM,tun43,SB
2046,246,4362.81207035927,om11_2,CJM,tun43,SB
2047,246,6917.23713381327,om11_2,CJM,tun43,SB
2048,246,9135.45733781031,om11_2,CJM,tun43,SB
2049,246,10775.5484897827,om11_2,CJM,tun43,SB
2050,246,12979.0513248162,om11_2,CJM,tun43,SB
2025,327,6418.0774926786,om11_2,CJM,tun43,SB
2026,327,7008.55751862494,om11_2,CJM,tun43,SB
2027,327,6701.91767658619,om11_2,CJM,tun43,SB
2028,327,6663.79084543396,om11_2,CJM,tun43,SB
2029,327,6775.10683445151,om11_2,CJM,tun43,SB
2030,327,6916.01200740519,om11_2,CJM,tun43,SB
2031,327,6698.04169133294,om11_2,CJM,tun43,SB
2032,327,6529.37820217289,om11_2,CJM,tun43,SB
2033,327,6653.77807731668,om11_2,CJM,tun43,SB
2034,327,6363.29055067305,om11_2,CJM,tun43,SB
2035,327,5383.0963348636,om11_2,CJM,tun43,SB
2036,327,5117.82336658233,om11_2,CJM,tun43,SB
2037,327,5798.17976470038,om11_2,CJM,tun43,SB
2038,327,5998.80029382812,om11_2,CJM,tun43,SB
2039,327,5490.62187199522,om11_2,CJM,tun43,SB
2040,327,4637.01185373193,om11_2,CJM,tun43,SB
2041,327,3578.88581580564,om11_2,CJM,tun43,SB
2042,327,2423.51097028453,om11_2,CJM,tun43,SB
2043,327,1913.22726365829,om11_2,CJM,tun43,SB
2044,327,1830.38938878577,om11_2,CJM,tun43,SB
2045,327,1530.0499504588,om11_2,CJM,tun43,SB
2046,327,1264.29117857343,om11_2,CJM,tun43,SB
2047,327,1399.92138896524,om11_2,CJM,tun43,SB
2048,327,1881.92926981752,om11_2,CJM,tun43,SB
2049,327,2548.22862041785,om11_2,CJM,tun43,SB
2050,327,3411.26279667938,om11_2,CJM,tun43,SB
2025,344,8341.1219780227,om11_2,CJM,tun43,SB
2026,344,9124.92480111702,om11_2,CJM,tun43,SB
2027,344,9514.23788989208,om11_2,CJM,tun43,SB
2028,344,9294.88907255974,om11_2,CJM,tun43,SB
2029,344,8846.84228072551,om11_2,CJM,tun43,SB
2030,344,8285.87863897276,om11_2,CJM,tun43,SB
2031,344,7286.24162111321,om11_2,CJM,tun43,SB
2032,344,6259.08330704819,om11_2,CJM,tun43,SB
2033,344,5107.14415547896,om11_2,CJM,tun43,SB
2034,344,4452.23811035627,om11_2,CJM,tun43,SB
2035,344,3434.14196109879,om11_2,CJM,tun43,SB
2036,344,2911.41061733129,om11_2,CJM,tun43,SB
2037,344,2732.98081819306,om11_2,CJM,tun43,SB
2038,344,2412.36454017392,om11_2,CJM,tun43,SB
2039,344,2085.72519312388,om11_2,CJM,tun43,SB
2040,344,1808.86793236464,om11_2,CJM,tun43,SB
2041,344,1583.35211965203,om11_2,CJM,tun43,SB
2042,344,1640.03910759332,om11_2,CJM,tun43,SB
2043,344,1614.42784149311,om11_2,CJM,tun43,SB
2044,344,1396.72168875197,om11_2,CJM,tun43,SB
2045,344,1172.06498921439,om11_2,CJM,tun43,SB
2046,344,1047.90238108078,om11_2,CJM,tun43,SB
2047,344,962.575506106588,om11_2,CJM,tun43,SB
2048,344,996.741456887582,om11_2,CJM,tun43,SB
2049,344,1100.20337719582,om11_2,CJM,tun43,SB
2050,344,1330.90415958901,om11_2,CJM,tun43,SB
2025,348,6263.92727977176,om11_2,CJM,tun43,SB
2026,348,6525.31324345026,om11_2,CJM,tun43,SB
2027,348,6103.99696330714,om11_2,CJM,tun43,SB
2028,348,5802.61238623602,om11_2,CJM,tun43,SB
2029,348,5366.25025674439,om11_2,CJM,tun43,SB
2030,348,4737.34293392182,om11_2,CJM,tun43,SB
2031,348,4361.98916993606,om11_2,CJM,tun43,SB
2032,348,4490.64868841102,om11_2,CJM,tun43,SB
2033,348,4530.88028892516,om11_2,CJM,tun43,SB
2034,348,4444.24448188675,om11_2,CJM,tun43,SB
2035,348,3754.25644402104,om11_2,CJM,tun43,SB
2036,348,3291.30251146992,om11_2,CJM,tun43,SB
2037,348,2803.08061738026,om11_2,CJM,tun43,SB
2038,348,2309.57317277731,om11_2,CJM,tun43,SB
2039,348,1783.43924949633,om11_2,CJM,tun43,SB
2040,348,1470.43365214859,om11_2,CJM,tun43,SB
2041,348,1241.29337845696,om11_2,CJM,tun43,SB
2042,348,1134.17910782843,om11_2,CJM,tun43,SB
2043,348,1315.28059354959,om11_2,CJM,tun43,SB
2044,348,1661.27504829372,om11_2,CJM,tun43,SB
2045,348,2018.82394444451,om11_2,CJM,tun43,SB
2046,348,2407.28901220535,om11_2,CJM,tun43,SB
2047,348,2843.86377070724,om11_2,CJM,tun43,SB
2048,348,3328.09586394258,om11_2,CJM,tun43,SB
2049,348,4063.78764839641,om11_2,CJM,tun43,SB
2050,348,5209.37306946037,om11_2,CJM,tun43,SB
2025,367,7127.3628316359,om11_2,CJM,tun43,SB
2026,367,7352.26984154731,om11_2,CJM,tun43,SB
2027,367,7327.14436491712,om11_2,CJM,tun43,SB
2028,367,7417.57736470602,om11_2,CJM,tun43,SB
2029,367,8151.33941709979,om11_2,CJM,tun43,SB
2030,367,8917.58665361844,om11_2,CJM,tun43,SB
2031,367,9413.39571584717,om11_2,CJM,tun43,SB
2032,367,10663.9762945127,om11_2,CJM,tun43,SB
2033,367,13690.2799331509,om11_2,CJM,tun43,SB
2034,367,14946.8365713339,om11_2,CJM,tun43,SB
2035,367,13272.4410299213,om11_2,CJM,tun43,SB
2036,367,12323.0975950293,om11_2,CJM,tun43,SB
2037,367,11738.6965714418,om11_2,CJM,tun43,SB
2038,367,10416.1041945338,om11_2,CJM,tun43,SB
2039,367,9272.09072147365,om11_2,CJM,tun43,SB
2040,367,9067.78771171884,om11_2,CJM,tun43,SB
2041,367,8937.34298338331,om11_2,CJM,tun43,SB
2042,367,7787.47366702336,om11_2,CJM,tun43,SB
2043,367,6357.99251689595,om11_2,CJM,tun43,SB
2044,367,5449.65231180415,om11_2,CJM,tun43,SB
2045,367,4472.72054487686,om11_2,CJM,tun43,SB
2046,367,3270.88396534298,om11_2,CJM,tun43,SB
2047,367,2078.53341645299,om11_2,CJM,tun43,SB
2048,367,1188.97829751744,om11_2,CJM,tun43,SB
2049,367,642.20253114966,om11_2,CJM,tun43,SB
2050,367,213.543934365683,om11_2,CJM,tun43,SB
2025,397,7216.38347223923,om11_2,CJM,tun43,SB
2026,397,6866.75238493043,om11_2,CJM,tun43,SB
2027,397,5990.92431990763,om11_2,CJM,tun43,SB
2028,397,5199.53093208285,om11_2,CJM,tun43,SB
2029,397,4374.84189324769,om11_2,CJM,tun43,SB
2030,397,3433.58712204593,om11_2,CJM,tun43,SB
2031,397,2594.36972254381,om11_2,CJM,tun43,SB
2032,397,2577.20860124176,om11_2,CJM,tun43,SB
2033,397,2716.5980731999,om11_2,CJM,tun43,SB
2034,397,2501.13505909892,om11_2,CJM,tun43,SB
2035,397,1846.50568146797,om11_2,CJM,tun43,SB
2036,397,1616.89442493642,om11_2,CJM,tun43,SB
2037,397,1846.78232500003,om11_2,CJM,tun43,SB
2038,397,2478.43601907969,om11_2,CJM,tun43,SB
2039,397,3364.54016394112,om11_2,CJM,tun43,SB
2040,397,4037.81669019797,om11_2,CJM,tun43,SB
2041,397,5298.3528256549,om11_2,CJM,tun43,SB
2042,397,6762.37166536155,om11_2,CJM,tun43,SB
2043,397,7440.29471554366,om11_2,CJM,tun43,SB
2044,397,7332.94941311091,om11_2,CJM,tun43,SB
2045,397,6855.01025120508,om11_2,CJM,tun43,SB
2046,397,6337.69923586254,om11_2,CJM,tun43,SB
2047,397,5657.28447057267,om11_2,CJM,tun43,SB
2048,397,4846.0770760304,om11_2,CJM,tun43,SB
2049,397,4431.18111088809,om11_2,CJM,tun43,SB
2050,397,4259.76503557307,om11_2,CJM,tun43,SB
2025,498,6629.64153376063,om11_2,CJM,tun43,SB
2026,498,6321.78038172415,om11_2,CJM,tun43,SB
2027,498,5985.57550973873,om11_2,CJM,tun43,SB
2028,498,5943.12359615496,om11_2,CJM,tun43,SB
2029,498,6358.70354394126,om11_2,CJM,tun43,SB
2030,498,6918.95324584321,om11_2,CJM,tun43,SB
2031,498,7296.65711674239,om11_2,CJM,tun43,SB
2032,498,7933.27954903683,om11_2,CJM,tun43,SB
2033,498,9395.68590206832,om11_2,CJM,tun43,SB
2034,498,10190.7625667792,om11_2,CJM,tun43,SB
2035,498,9138.93018084043,om11_2,CJM,tun43,SB
2036,498,8390.87102264575,om11_2,CJM,tun43,SB
2037,498,7928.11834674057,om11_2,CJM,tun43,SB
2038,498,7582.3630083796,om11_2,CJM,tun43,SB
2039,498,6776.21575452119,om11_2,CJM,tun43,SB
2040,498,5903.11382451175,om11_2,CJM,tun43,SB
2041,498,5408.74503079259,om11_2,CJM,tun43,SB
2042,498,5378.82390389988,om11_2,CJM,tun43,SB
2043,498,6100.10227584898,om11_2,CJM,tun43,SB
2044,498,7941.21134007999,om11_2,CJM,tun43,SB
2045,498,9992.49864935569,om11_2,CJM,tun43,SB
2046,498,12389.7695039037,om11_2,CJM,tun43,SB
2047,498,13981.4349491899,om11_2,CJM,tun43,SB
2048,498,14124.8168221551,om11_2,CJM,tun43,SB
2049,498,13414.0383595394,om11_2,CJM,tun43,SB
2050,498,12097.5510902345,om11_2,CJM,tun43,SB
2025,37,1385.8907626811,om11_2,CJM,tun43,C
2026,37,1256.75025459674,om11_2,CJM,tun43,C
2027,37,1207.0212643671,om11_2,CJM,tun43,C
2028,37,1231.40117613128,om11_2,CJM,tun43,C
2029,37,1340.11858030221,om11_2,CJM,tun43,C
2030,37,1538.79172289747,om11_2,CJM,tun43,C
2031,37,1624.72191419012,om11_2,CJM,tun43,C
2032,37,1799.13615324071,om11_2,CJM,tun43,C
2033,37,1607.79174993285,om11_2,CJM,tun43,C
2034,37,1648.82964633421,om11_2,CJM,tun43,C
2035,37,1331.48750970068,om11_2,CJM,tun43,C
2036,37,1092.89870071207,om11_2,CJM,tun43,C
2037,37,1049.87548978202,om11_2,CJM,tun43,C
2038,37,990.881200684851,om11_2,CJM,tun43,C
2039,37,833.217791646458,om11_2,CJM,tun43,C
2040,37,823.429828322652,om11_2,CJM,tun43,C
2041,37,937.03132663711,om11_2,CJM,tun43,C
2042,37,1067.78137209314,om11_2,CJM,tun43,C
2043,37,1236.87873962784,om11_2,CJM,tun43,C
2044,37,1411.73723123816,om11_2,CJM,tun43,C
2045,37,1653.39471707431,om11_2,CJM,tun43,C
2046,37,1834.90870890724,om11_2,CJM,tun43,C
2047,37,2031.58617807703,om11_2,CJM,tun43,C
2048,37,2053.46218915945,om11_2,CJM,tun43,C
2049,37,2024.21853914878,om11_2,CJM,tun43,C
2050,37,2063.0193400248,om11_2,CJM,tun43,C
2025,65,1385.8907626811,om11_2,CJM,tun43,C
2026,65,1276.73557846622,om11_2,CJM,tun43,C
2027,65,1205.57846101904,om11_2,CJM,tun43,C
2028,65,1098.52480811774,om11_2,CJM,tun43,C
2029,65,1264.90748250611,om11_2,CJM,tun43,C
2030,65,1454.02710314687,om11_2,CJM,tun43,C
2031,65,1605.98086692976,om11_2,CJM,tun43,C
2032,65,1842.9905396359,om11_2,CJM,tun43,C
2033,65,2062.34931338219,om11_2,CJM,tun43,C
2034,65,2065.00637278551,om11_2,CJM,tun43,C
2035,65,2076.42701739571,om11_2,CJM,tun43,C
2036,65,2021.80576877789,om11_2,CJM,tun43,C
2037,65,2056.39583743996,om11_2,CJM,tun43,C
2038,65,2066.6593530321,om11_2,CJM,tun43,C
2039,65,2034.69351237765,om11_2,CJM,tun43,C
2040,65,2034.15796981316,om11_2,CJM,tun43,C
2041,65,2086.19438608755,om11_2,CJM,tun43,C
2042,65,2066.06527723924,om11_2,CJM,tun43,C
2043,65,2059.85840799878,om11_2,CJM,tun43,C
2044,65,2059.40628132942,om11_2,CJM,tun43,C
2045,65,2013.44200309172,om11_2,CJM,tun43,C
2046,65,2042.75670119678,om11_2,CJM,tun43,C
2047,65,2083.27710213422,om11_2,CJM,tun43,C
2048,65,2018.2325428256,om11_2,CJM,tun43,C
2049,65,1995.92068823263,om11_2,CJM,tun43,C
2050,65,2024.17751812734,om11_2,CJM,tun43,C
2025,110,1385.8907626811,om11_2,CJM,tun43,C
2026,110,1251.47793513651,om11_2,CJM,tun43,C
2027,110,1259.3359062953,om11_2,CJM,tun43,C
2028,110,1266.83443750783,om11_2,CJM,tun43,C
2029,110,1427.9434393241,om11_2,CJM,tun43,C
2030,110,1643.65857587178,om11_2,CJM,tun43,C
2031,110,1860.12774381378,om11_2,CJM,tun43,C
2032,110,2061.30811738441,om11_2,CJM,tun43,C
2033,110,2068.34351253821,om11_2,CJM,tun43,C
2034,110,2046.47931028152,om11_2,CJM,tun43,C
2035,110,1997.72052116009,om11_2,CJM,tun43,C
2036,110,2018.90832470855,om11_2,CJM,tun43,C
2037,110,2009.89254360212,om11_2,CJM,tun43,C
2038,110,2066.56705118828,om11_2,CJM,tun43,C
2039,110,2069.85533866857,om11_2,CJM,tun43,C
2040,110,2009.338229067,om11_2,CJM,tun43,C
2041,110,1990.86317616638,om11_2,CJM,tun43,C
2042,110,2064.19648163611,om11_2,CJM,tun43,C
2043,110,1604.47076518923,om11_2,CJM,tun43,C
2044,110,1350.3269641361,om11_2,CJM,tun43,C
2045,110,1135.18840457376,om11_2,CJM,tun43,C
2046,110,946.239786211651,om11_2,CJM,tun43,C
2047,110,758.030842926642,om11_2,CJM,tun43,C
2048,110,611.199194274674,om11_2,CJM,tun43,C
2049,110,485.792733341847,om11_2,CJM,tun43,C
2050,110,440.41900629418,om11_2,CJM,tun43,C
2025,151,1385.8907626811,om11_2,CJM,tun43,C
2026,151,1260.39941938924,om11_2,CJM,tun43,C
2027,151,1223.56677808421,om11_2,CJM,tun43,C
2028,151,1156.93761423741,om11_2,CJM,tun43,C
2029,151,1063.81039651814,om11_2,CJM,tun43,C
2030,151,1154.39380911243,om11_2,CJM,tun43,C
2031,151,1337.52090039721,om11_2,CJM,tun43,C
2032,151,1521.45252748929,om11_2,CJM,tun43,C
2033,151,1752.49074942347,om11_2,CJM,tun43,C
2034,151,2038.48104211536,om11_2,CJM,tun43,C
2035,151,2021.31949233161,om11_2,CJM,tun43,C
2036,151,2076.33689312617,om11_2,CJM,tun43,C
2037,151,2057.36296176033,om11_2,CJM,tun43,C
2038,151,1993.6662515477,om11_2,CJM,tun43,C
2039,151,2079.86463800664,om11_2,CJM,tun43,C
2040,151,2031.67264115656,om11_2,CJM,tun43,C
2041,151,2027.95089957011,om11_2,CJM,tun43,C
2042,151,2064.37752966096,om11_2,CJM,tun43,C
2043,151,2010.77770253946,om11_2,CJM,tun43,C
2044,151,1992.1518415661,om11_2,CJM,tun43,C
2045,151,2088.83308848132,om11_2,CJM,tun43,C
2046,151,2008.6887111573,om11_2,CJM,tun43,C
2047,151,2068.1444385226,om11_2,CJM,tun43,C
2048,151,2087.91880304481,om11_2,CJM,tun43,C
2049,151,2079.68770450879,om11_2,CJM,tun43,C
2050,151,2005.14431281215,om11_2,CJM,tun43,C
2025,158,1385.8907626811,om11_2,CJM,tun43,C
2026,158,1256.14281455987,om11_2,CJM,tun43,C
2027,158,1252.74092588479,om11_2,CJM,tun43,C
2028,158,1062.86264243694,om11_2,CJM,tun43,C
2029,158,1135.33555912839,om11_2,CJM,tun43,C
2030,158,1151.50847212745,om11_2,CJM,tun43,C
2031,158,1040.32104571799,om11_2,CJM,tun43,C
2032,158,1036.33035934745,om11_2,CJM,tun43,C
2033,158,979.293015233966,om11_2,CJM,tun43,C
2034,158,1028.23490803891,om11_2,CJM,tun43,C
2035,158,957.834367782333,om11_2,CJM,tun43,C
2036,158,990.445396656456,om11_2,CJM,tun43,C
2037,158,810.210455955346,om11_2,CJM,tun43,C
2038,158,715.302339711133,om11_2,CJM,tun43,C
2039,158,597.155425992628,om11_2,CJM,tun43,C
2040,158,566.276117070073,om11_2,CJM,tun43,C
2041,158,666.546092403151,om11_2,CJM,tun43,C
2042,158,738.597374821412,om11_2,CJM,tun43,C
2043,158,680.305412955085,om11_2,CJM,tun43,C
2044,158,595.6923482936,om11_2,CJM,tun43,C
2045,158,642.831297869213,om11_2,CJM,tun43,C
2046,158,586.428140318186,om11_2,CJM,tun43,C
2047,158,562.779973690459,om11_2,CJM,tun43,C
2048,158,661.501201478085,om11_2,CJM,tun43,C
2049,158,755.122638889519,om11_2,CJM,tun43,C
2050,158,890.126747811487,om11_2,CJM,tun43,C
2025,165,1385.8907626811,om11_2,CJM,tun43,C
2026,165,1270.93753225464,om11_2,CJM,tun43,C
2027,165,1236.27295402384,om11_2,CJM,tun43,C
2028,165,1349.50497768894,om11_2,CJM,tun43,C
2029,165,1502.30413647,om11_2,CJM,tun43,C
2030,165,1677.11567330354,om11_2,CJM,tun43,C
2031,165,1487.92721681389,om11_2,CJM,tun43,C
2032,165,1479.02066459779,om11_2,CJM,tun43,C
2033,165,1492.97408298529,om11_2,CJM,tun43,C
2034,165,1401.4969183939,om11_2,CJM,tun43,C
2035,165,1225.24118010775,om11_2,CJM,tun43,C
2036,165,1091.77636906512,om11_2,CJM,tun43,C
2037,165,1168.80136504217,om11_2,CJM,tun43,C
2038,165,1195.45629292227,om11_2,CJM,tun43,C
2039,165,1248.85659949917,om11_2,CJM,tun43,C
2040,165,1421.65567579571,om11_2,CJM,tun43,C
2041,165,1607.51840926772,om11_2,CJM,tun43,C
2042,165,1766.32814643386,om11_2,CJM,tun43,C
2043,165,1690.74222817964,om11_2,CJM,tun43,C
2044,165,1900.06693373956,om11_2,CJM,tun43,C
2045,165,2059.68615767627,om11_2,CJM,tun43,C
2046,165,2065.20977725648,om11_2,CJM,tun43,C
2047,165,1996.46278957134,om11_2,CJM,tun43,C
2048,165,2049.59597490139,om11_2,CJM,tun43,C
2049,165,2032.09500399422,om11_2,CJM,tun43,C
2050,165,1693.46031831206,om11_2,CJM,tun43,C
2025,177,1385.8907626811,om11_2,CJM,tun43,C
2026,177,1264.72949341432,om11_2,CJM,tun43,C
2027,177,1240.97654091586,om11_2,CJM,tun43,C
2028,177,1185.17565693298,om11_2,CJM,tun43,C
2029,177,1201.33601791711,om11_2,CJM,tun43,C
2030,177,1369.39174359393,om11_2,CJM,tun43,C
2031,177,1614.12183173294,om11_2,CJM,tun43,C
2032,177,1818.58386179712,om11_2,CJM,tun43,C
2033,177,1609.11309241079,om11_2,CJM,tun43,C
2034,177,1631.91623305076,om11_2,CJM,tun43,C
2035,177,1659.02478091087,om11_2,CJM,tun43,C
2036,177,1724.50058164738,om11_2,CJM,tun43,C
2037,177,1790.36741071445,om11_2,CJM,tun43,C
2038,177,1519.01414523396,om11_2,CJM,tun43,C
2039,177,1378.7416183217,om11_2,CJM,tun43,C
2040,177,1121.00708239239,om11_2,CJM,tun43,C
2041,177,898.241391833058,om11_2,CJM,tun43,C
2042,177,703.245017332914,om11_2,CJM,tun43,C
2043,177,695.279347184618,om11_2,CJM,tun43,C
2044,177,794.108094656783,om11_2,CJM,tun43,C
2045,177,844.227481871336,om11_2,CJM,tun43,C
2046,177,951.506021829954,om11_2,CJM,tun43,C
2047,177,1105.02083037789,om11_2,CJM,tun43,C
2048,177,1201.93497029691,om11_2,CJM,tun43,C
2049,177,1019.01665246291,om11_2,CJM,tun43,C
2050,177,978.368160870714,om11_2,CJM,tun43,C
2025,186,1385.8907626811,om11_2,CJM,tun43,C
2026,186,1280.994342733,om11_2,CJM,tun43,C
2027,186,1219.69203513453,om11_2,CJM,tun43,C
2028,186,1131.58598365781,om11_2,CJM,tun43,C
2029,186,1180.7917724552,om11_2,CJM,tun43,C
2030,186,1409.22360205854,om11_2,CJM,tun43,C
2031,186,1579.94580031055,om11_2,CJM,tun43,C
2032,186,1832.00125036419,om11_2,CJM,tun43,C
2033,186,2037.15816258692,om11_2,CJM,tun43,C
2034,186,2055.86008030115,om11_2,CJM,tun43,C
2035,186,2031.19344691404,om11_2,CJM,tun43,C
2036,186,2005.12284469909,om11_2,CJM,tun43,C
2037,186,2004.54470055885,om11_2,CJM,tun43,C
2038,186,2040.55102647494,om11_2,CJM,tun43,C
2039,186,2085.59266101687,om11_2,CJM,tun43,C
2040,186,2011.51697147739,om11_2,CJM,tun43,C
2041,186,2085.12966610266,om11_2,CJM,tun43,C
2042,186,1731.00811171544,om11_2,CJM,tun43,C
2043,186,1541.19789254708,om11_2,CJM,tun43,C
2044,186,1720.98986716165,om11_2,CJM,tun43,C
2045,186,1899.01269376972,om11_2,CJM,tun43,C
2046,186,1982.32776333129,om11_2,CJM,tun43,C
2047,186,1545.85127171173,om11_2,CJM,tun43,C
2048,186,1271.57106440585,om11_2,CJM,tun43,C
2049,186,1307.29803869282,om11_2,CJM,tun43,C
2050,186,1169.1247248043,om11_2,CJM,tun43,C
2025,246,1385.8907626811,om11_2,CJM,tun43,C
2026,246,1308.89881025157,om11_2,CJM,tun43,C
2027,246,1210.94851067949,om11_2,CJM,tun43,C
2028,246,1042.06280347738,om11_2,CJM,tun43,C
2029,246,1179.25684029274,om11_2,CJM,tun43,C
2030,246,1409.35520872226,om11_2,CJM,tun43,C
2031,246,1561.30933142152,om11_2,CJM,tun43,C
2032,246,1807.42628426461,om11_2,CJM,tun43,C
2033,246,1994.54428164438,om11_2,CJM,tun43,C
2034,246,1636.02565001307,om11_2,CJM,tun43,C
2035,246,1357.86977380819,om11_2,CJM,tun43,C
2036,246,1187.60880580401,om11_2,CJM,tun43,C
2037,246,1009.65626417979,om11_2,CJM,tun43,C
2038,246,793.607959187068,om11_2,CJM,tun43,C
2039,246,650.762842136832,om11_2,CJM,tun43,C
2040,246,518.249883046163,om11_2,CJM,tun43,C
2041,246,419.763664950539,om11_2,CJM,tun43,C
2042,246,335.570039213904,om11_2,CJM,tun43,C
2043,246,279.107372094048,om11_2,CJM,tun43,C
2044,246,270.174736540445,om11_2,CJM,tun43,C
2045,246,270.035539853416,om11_2,CJM,tun43,C
2046,246,287.269972506375,om11_2,CJM,tun43,C
2047,246,339.229640215536,om11_2,CJM,tun43,C
2048,246,377.394300290095,om11_2,CJM,tun43,C
2049,246,441.465171913549,om11_2,CJM,tun43,C
2050,246,517.204700102399,om11_2,CJM,tun43,C
2025,327,1385.8907626811,om11_2,CJM,tun43,C
2026,327,1295.6756185604,om11_2,CJM,tun43,C
2027,327,1222.39273506276,om11_2,CJM,tun43,C
2028,327,1213.03571039306,om11_2,CJM,tun43,C
2029,327,1390.1578204416,om11_2,CJM,tun43,C
2030,327,1599.62513400413,om11_2,CJM,tun43,C
2031,327,1864.19693568434,om11_2,CJM,tun43,C
2032,327,1668.59550656987,om11_2,CJM,tun43,C
2033,327,1462.88295862864,om11_2,CJM,tun43,C
2034,327,1383.03358983106,om11_2,CJM,tun43,C
2035,327,1265.20378807804,om11_2,CJM,tun43,C
2036,327,1277.9717843174,om11_2,CJM,tun43,C
2037,327,1402.05832664727,om11_2,CJM,tun43,C
2038,327,1616.24033058805,om11_2,CJM,tun43,C
2039,327,1852.42684377574,om11_2,CJM,tun43,C
2040,327,2042.65911060905,om11_2,CJM,tun43,C
2041,327,2061.73207996073,om11_2,CJM,tun43,C
2042,327,1719.16707012699,om11_2,CJM,tun43,C
2043,327,1419.92759301764,om11_2,CJM,tun43,C
2044,327,1122.54187650122,om11_2,CJM,tun43,C
2045,327,906.610971466831,om11_2,CJM,tun43,C
2046,327,728.12344804844,om11_2,CJM,tun43,C
2047,327,568.817774644862,om11_2,CJM,tun43,C
2048,327,467.151902979605,om11_2,CJM,tun43,C
2049,327,359.567172600796,om11_2,CJM,tun43,C
2050,327,316.187405874525,om11_2,CJM,tun43,C
2025,344,1385.8907626811,om11_2,CJM,tun43,C
2026,344,1304.54334183166,om11_2,CJM,tun43,C
2027,344,1234.56257314577,om11_2,CJM,tun43,C
2028,344,1440.78979167164,om11_2,CJM,tun43,C
2029,344,1644.75747073024,om11_2,CJM,tun43,C
2030,344,1865.31685825772,om11_2,CJM,tun43,C
2031,344,2073.79826604161,om11_2,CJM,tun43,C
2032,344,1795.99854640153,om11_2,CJM,tun43,C
2033,344,1559.39371192075,om11_2,CJM,tun43,C
2034,344,1333.33373685939,om11_2,CJM,tun43,C
2035,344,1351.32206700482,om11_2,CJM,tun43,C
2036,344,1114.63671943396,om11_2,CJM,tun43,C
2037,344,935.739201985485,om11_2,CJM,tun43,C
2038,344,936.699045851199,om11_2,CJM,tun43,C
2039,344,961.062224117868,om11_2,CJM,tun43,C
2040,344,885.442541966781,om11_2,CJM,tun43,C
2041,344,807.696397100307,om11_2,CJM,tun43,C
2042,344,683.67633700194,om11_2,CJM,tun43,C
2043,344,677.309580166639,om11_2,CJM,tun43,C
2044,344,637.566222600324,om11_2,CJM,tun43,C
2045,344,626.209051452831,om11_2,CJM,tun43,C
2046,344,491.647449921676,om11_2,CJM,tun43,C
2047,344,481.652568815199,om11_2,CJM,tun43,C
2048,344,399.682186489184,om11_2,CJM,tun43,C
2049,344,369.473509806543,om11_2,CJM,tun43,C
2050,344,344.906499306705,om11_2,CJM,tun43,C
2025,348,1385.8907626811,om11_2,CJM,tun43,C
2026,348,1298.01605277784,om11_2,CJM,tun43,C
2027,348,1247.54258870923,om11_2,CJM,tun43,C
2028,348,1045.65411932417,om11_2,CJM,tun43,C
2029,348,1160.48427420958,om11_2,CJM,tun43,C
2030,348,1298.77770928572,om11_2,CJM,tun43,C
2031,348,1413.78272498811,om11_2,CJM,tun43,C
2032,348,1108.41303049678,om11_2,CJM,tun43,C
2033,348,1023.88390646839,om11_2,CJM,tun43,C
2034,348,1155.75136014907,om11_2,CJM,tun43,C
2035,348,1312.86680029733,om11_2,CJM,tun43,C
2036,348,1449.70267021327,om11_2,CJM,tun43,C
2037,348,1271.89018653074,om11_2,CJM,tun43,C
2038,348,1016.81180837706,om11_2,CJM,tun43,C
2039,348,964.289708665189,om11_2,CJM,tun43,C
2040,348,887.361543407345,om11_2,CJM,tun43,C
2041,348,774.973357572012,om11_2,CJM,tun43,C
2042,348,621.628879393146,om11_2,CJM,tun43,C
2043,348,508.637885320638,om11_2,CJM,tun43,C
2044,348,407.32619511637,om11_2,CJM,tun43,C
2045,348,349.30929700233,om11_2,CJM,tun43,C
2046,348,343.718802127842,om11_2,CJM,tun43,C
2047,348,391.053973319597,om11_2,CJM,tun43,C
2048,348,454.801617510922,om11_2,CJM,tun43,C
2049,348,522.907796695509,om11_2,CJM,tun43,C
2050,348,608.814463792539,om11_2,CJM,tun43,C
2025,367,1385.8907626811,om11_2,CJM,tun43,C
2026,367,1309.00260359879,om11_2,CJM,tun43,C
2027,367,1226.83487630001,om11_2,CJM,tun43,C
2028,367,1343.37349343113,om11_2,CJM,tun43,C
2029,367,1608.07317111202,om11_2,CJM,tun43,C
2030,367,1783.88020198128,om11_2,CJM,tun43,C
2031,367,2022.86934378186,om11_2,CJM,tun43,C
2032,367,2085.79193622161,om11_2,CJM,tun43,C
2033,367,2022.47593249812,om11_2,CJM,tun43,C
2034,367,1973.0462391189,om11_2,CJM,tun43,C
2035,367,2011.61799570012,om11_2,CJM,tun43,C
2036,367,2014.83453280359,om11_2,CJM,tun43,C
2037,367,2001.68444727968,om11_2,CJM,tun43,C
2038,367,2069.68884783466,om11_2,CJM,tun43,C
2039,367,2039.57579756281,om11_2,CJM,tun43,C
2040,367,2072.92944117097,om11_2,CJM,tun43,C
2041,367,2023.95519421878,om11_2,CJM,tun43,C
2042,367,2074.57532424196,om11_2,CJM,tun43,C
2043,367,2057.84252096086,om11_2,CJM,tun43,C
2044,367,2040.14688489153,om11_2,CJM,tun43,C
2045,367,2008.91559344157,om11_2,CJM,tun43,C
2046,367,1750.27500995341,om11_2,CJM,tun43,C
2047,367,1589.10669055554,om11_2,CJM,tun43,C
2048,367,1351.30161282557,om11_2,CJM,tun43,C
2049,367,1075.09474655266,om11_2,CJM,tun43,C
2050,367,846.56855362886,om11_2,CJM,tun43,C
2025,397,1385.8907626811,om11_2,CJM,tun43,C
2026,397,1299.68968519177,om11_2,CJM,tun43,C
2027,397,1228.89361583645,om11_2,CJM,tun43,C
2028,397,1176.36323077346,om11_2,CJM,tun43,C
2029,397,1393.78999206541,om11_2,CJM,tun43,C
2030,397,1567.7952363809,om11_2,CJM,tun43,C
2031,397,1597.58672154773,om11_2,CJM,tun43,C
2032,397,1280.41037753577,om11_2,CJM,tun43,C
2033,397,1023.85660150682,om11_2,CJM,tun43,C
2034,397,847.38181744947,om11_2,CJM,tun43,C
2035,397,721.496037749213,om11_2,CJM,tun43,C
2036,397,704.450081352229,om11_2,CJM,tun43,C
2037,397,583.612634711833,om11_2,CJM,tun43,C
2038,397,500.430871101779,om11_2,CJM,tun43,C
2039,397,430.050506468369,om11_2,CJM,tun43,C
2040,397,496.074886094804,om11_2,CJM,tun43,C
2041,397,567.637026060179,om11_2,CJM,tun43,C
2042,397,645.035614679135,om11_2,CJM,tun43,C
2043,397,730.253617925053,om11_2,CJM,tun43,C
2044,397,861.305247446397,om11_2,CJM,tun43,C
2045,397,984.874285251297,om11_2,CJM,tun43,C
2046,397,1158.63109769701,om11_2,CJM,tun43,C
2047,397,1314.01059073935,om11_2,CJM,tun43,C
2048,397,1432.84843882413,om11_2,CJM,tun43,C
2049,397,1307.58455781507,om11_2,CJM,tun43,C
2050,397,1318.71151041256,om11_2,CJM,tun43,C
2025,498,1385.8907626811,om11_2,CJM,tun43,C
2026,498,1291.32260951277,om11_2,CJM,tun43,C
2027,498,1222.59892805049,om11_2,CJM,tun43,C
2028,498,1097.08879455624,om11_2,CJM,tun43,C
2029,498,1125.83670528052,om11_2,CJM,tun43,C
2030,498,1180.11643325509,om11_2,CJM,tun43,C
2031,498,1068.48076830742,om11_2,CJM,tun43,C
2032,498,941.328495848732,om11_2,CJM,tun43,C
2033,498,1091.68196058122,om11_2,CJM,tun43,C
2034,498,1226.42922383436,om11_2,CJM,tun43,C
2035,498,1413.00858376572,om11_2,CJM,tun43,C
2036,498,1545.49625086333,om11_2,CJM,tun43,C
2037,498,1825.46022975608,om11_2,CJM,tun43,C
2038,498,2036.57043553214,om11_2,CJM,tun43,C
2039,498,2069.83115473829,om11_2,CJM,tun43,C
2040,498,2013.2092336085,om11_2,CJM,tun43,C
2041,498,1659.89217023319,om11_2,CJM,tun43,C
2042,498,1533.38363749118,om11_2,CJM,tun43,C
2043,498,1468.66135061108,om11_2,CJM,tun43,C
2044,498,1308.40626916972,om11_2,CJM,tun43,C
2045,498,1207.65112386154,om11_2,CJM,tun43,C
2046,498,1091.00803581533,om11_2,CJM,tun43,C
2047,498,1159.86359729811,om11_2,CJM,tun43,C
2048,498,1309.16936784297,om11_2,CJM,tun43,C
2049,498,1509.59311404647,om11_2,CJM,tun43,C
2050,498,1709.71540394224,om11_2,CJM,tun43,C
2025,37,8593.12324912998,om11_3,CJM,tun29,SB
2026,37,9862.89103332529,om11_3,CJM,tun29,SB
2027,37,10950.3985771775,om11_3,CJM,tun29,SB
2028,37,11706.9203983541,om11_3,CJM,tun29,SB
2029,37,11897.2928565492,om11_3,CJM,tun29,SB
2030,37,11358.8611190091,om11_3,CJM,tun29,SB
2031,37,11139.312439223,om11_3,CJM,tun29,SB
2032,37,10812.5578304609,om11_3,CJM,tun29,SB
2033,37,9868.07523703491,om11_3,CJM,tun29,SB
2034,37,9321.72883673922,om11_3,CJM,tun29,SB
2035,37,8968.93250078195,om11_3,CJM,tun29,SB
2036,37,10024.301894266,om11_3,CJM,tun29,SB
2037,37,12048.126510236,om11_3,CJM,tun29,SB
2038,37,13328.3646454259,om11_3,CJM,tun29,SB
2039,37,13594.3580806452,om11_3,CJM,tun29,SB
2040,37,12983.3460123873,om11_3,CJM,tun29,SB
2041,37,12960.3148299502,om11_3,CJM,tun29,SB
2042,37,12981.2048280564,om11_3,CJM,tun29,SB
2043,37,13469.4441580793,om11_3,CJM,tun29,SB
2044,37,14125.6362241284,om11_3,CJM,tun29,SB
2045,37,13967.7059857406,om11_3,CJM,tun29,SB
2046,37,13096.6311678495,om11_3,CJM,tun29,SB
2047,37,12274.4533557346,om11_3,CJM,tun29,SB
2048,37,12075.316990799,om11_3,CJM,tun29,SB
2049,37,12370.5025579719,om11_3,CJM,tun29,SB
2050,37,12478.2649119317,om11_3,CJM,tun29,SB
2025,65,7734.49472637435,om11_3,CJM,tun29,SB
2026,65,8263.51615114407,om11_3,CJM,tun29,SB
2027,65,8330.69337592602,om11_3,CJM,tun29,SB
2028,65,8243.54646265507,om11_3,CJM,tun29,SB
2029,65,8895.12053356051,om11_3,CJM,tun29,SB
2030,65,10514.4464951212,om11_3,CJM,tun29,SB
2031,65,11521.3626497456,om11_3,CJM,tun29,SB
2032,65,11908.75917253,om11_3,CJM,tun29,SB
2033,65,11874.4776045658,om11_3,CJM,tun29,SB
2034,65,12448.8912400682,om11_3,CJM,tun29,SB
2035,65,12696.4519328791,om11_3,CJM,tun29,SB
2036,65,13024.1201015992,om11_3,CJM,tun29,SB
2037,65,13364.7626133207,om11_3,CJM,tun29,SB
2038,65,13399.8329605428,om11_3,CJM,tun29,SB
2039,65,13091.7877066918,om11_3,CJM,tun29,SB
2040,65,12919.5136606454,om11_3,CJM,tun29,SB
2041,65,12722.5123936931,om11_3,CJM,tun29,SB
2042,65,11826.0563794999,om11_3,CJM,tun29,SB
2043,65,11136.2746501434,om11_3,CJM,tun29,SB
2044,65,10252.5848500375,om11_3,CJM,tun29,SB
2045,65,9885.30426487959,om11_3,CJM,tun29,SB
2046,65,9969.94438948133,om11_3,CJM,tun29,SB
2047,65,9215.56760497019,om11_3,CJM,tun29,SB
2048,65,8731.40761685151,om11_3,CJM,tun29,SB
2049,65,9294.66730459625,om11_3,CJM,tun29,SB
2050,65,10443.0101280909,om11_3,CJM,tun29,SB
2025,110,9634.882166157,om11_3,CJM,tun29,SB
2026,110,10140.2029628697,om11_3,CJM,tun29,SB
2027,110,10202.082620478,om11_3,CJM,tun29,SB
2028,110,11015.7768436028,om11_3,CJM,tun29,SB
2029,110,11588.3965914965,om11_3,CJM,tun29,SB
2030,110,11896.8814609365,om11_3,CJM,tun29,SB
2031,110,11669.4869848265,om11_3,CJM,tun29,SB
2032,110,10621.4789731906,om11_3,CJM,tun29,SB
2033,110,9001.73620635604,om11_3,CJM,tun29,SB
2034,110,7859.20096470577,om11_3,CJM,tun29,SB
2035,110,6703.21323318963,om11_3,CJM,tun29,SB
2036,110,5341.57412655877,om11_3,CJM,tun29,SB
2037,110,4273.56323871353,om11_3,CJM,tun29,SB
2038,110,3476.20798141039,om11_3,CJM,tun29,SB
2039,110,2675.2032716104,om11_3,CJM,tun29,SB
2040,110,1755.06585589402,om11_3,CJM,tun29,SB
2041,110,1084.81442662546,om11_3,CJM,tun29,SB
2042,110,470.471352604154,om11_3,CJM,tun29,SB
2043,110,53.1760880972656,om11_3,CJM,tun29,SB
2044,110,0,om11_3,CJM,tun29,SB
2045,110,0,om11_3,CJM,tun29,SB
2046,110,0,om11_3,CJM,tun29,SB
2047,110,0,om11_3,CJM,tun29,SB
2048,110,0,om11_3,CJM,tun29,SB
2049,110,0,om11_3,CJM,tun29,SB
2050,110,0,om11_3,CJM,tun29,SB
2025,151,6742.27315938003,om11_3,CJM,tun29,SB
2026,151,6754.6098266043,om11_3,CJM,tun29,SB
2027,151,6453.25232857485,om11_3,CJM,tun29,SB
2028,151,7434.06446539909,om11_3,CJM,tun29,SB
2029,151,9494.80990028122,om11_3,CJM,tun29,SB
2030,151,11441.7029236948,om11_3,CJM,tun29,SB
2031,151,13118.7430406438,om11_3,CJM,tun29,SB
2032,151,13464.2904983008,om11_3,CJM,tun29,SB
2033,151,12711.4595934013,om11_3,CJM,tun29,SB
2034,151,12355.5909664666,om11_3,CJM,tun29,SB
2035,151,11701.0127208359,om11_3,CJM,tun29,SB
2036,151,11024.5370144178,om11_3,CJM,tun29,SB
2037,151,10097.1493114391,om11_3,CJM,tun29,SB
2038,151,8793.43852832644,om11_3,CJM,tun29,SB
2039,151,7144.52387241761,om11_3,CJM,tun29,SB
2040,151,5460.5181964808,om11_3,CJM,tun29,SB
2041,151,4026.1889508138,om11_3,CJM,tun29,SB
2042,151,2805.03132454164,om11_3,CJM,tun29,SB
2043,151,2182.12164225894,om11_3,CJM,tun29,SB
2044,151,1585.06952204501,om11_3,CJM,tun29,SB
2045,151,1062.13550681569,om11_3,CJM,tun29,SB
2046,151,496.264273180684,om11_3,CJM,tun29,SB
2047,151,5.03346369388919,om11_3,CJM,tun29,SB
2048,151,0,om11_3,CJM,tun29,SB
2049,151,0,om11_3,CJM,tun29,SB
2050,151,0,om11_3,CJM,tun29,SB
2025,158,7236.77187172129,om11_3,CJM,tun29,SB
2026,158,6767.08410841761,om11_3,CJM,tun29,SB
2027,158,6403.93849152591,om11_3,CJM,tun29,SB
2028,158,5980.83067425188,om11_3,CJM,tun29,SB
2029,158,5676.47754001031,om11_3,CJM,tun29,SB
2030,158,5474.69440744103,om11_3,CJM,tun29,SB
2031,158,5340.93868015537,om11_3,CJM,tun29,SB
2032,158,4902.4766190647,om11_3,CJM,tun29,SB
2033,158,4187.32466814486,om11_3,CJM,tun29,SB
2034,158,3625.2904807114,om11_3,CJM,tun29,SB
2035,158,3103.33746783643,om11_3,CJM,tun29,SB
2036,158,2552.74323686912,om11_3,CJM,tun29,SB
2037,158,2010.0320774849,om11_3,CJM,tun29,SB
2038,158,2021.00099559978,om11_3,CJM,tun29,SB
2039,158,2083.92935672748,om11_3,CJM,tun29,SB
2040,158,2366.46571537132,om11_3,CJM,tun29,SB
2041,158,2850.45994685881,om11_3,CJM,tun29,SB
2042,158,3387.906918422,om11_3,CJM,tun29,SB
2043,158,4335.95968342853,om11_3,CJM,tun29,SB
2044,158,5119.55530002677,om11_3,CJM,tun29,SB
2045,158,5667.48119877294,om11_3,CJM,tun29,SB
2046,158,6045.28684423135,om11_3,CJM,tun29,SB
2047,158,6690.28245860106,om11_3,CJM,tun29,SB
2048,158,7150.03446235041,om11_3,CJM,tun29,SB
2049,158,7502.07788424861,om11_3,CJM,tun29,SB
2050,158,8081.88392926732,om11_3,CJM,tun29,SB
2025,165,7753.47260672735,om11_3,CJM,tun29,SB
2026,165,8066.21719608026,om11_3,CJM,tun29,SB
2027,165,8119.06221239322,om11_3,CJM,tun29,SB
2028,165,8458.41746950791,om11_3,CJM,tun29,SB
2029,165,8920.36672457588,om11_3,CJM,tun29,SB
2030,165,8926.72288045148,om11_3,CJM,tun29,SB
2031,165,8881.76037807778,om11_3,CJM,tun29,SB
2032,165,9025.76121026611,om11_3,CJM,tun29,SB
2033,165,8800.94877174254,om11_3,CJM,tun29,SB
2034,165,8819.14159914085,om11_3,CJM,tun29,SB
2035,165,8613.49613874978,om11_3,CJM,tun29,SB
2036,165,8517.77354329349,om11_3,CJM,tun29,SB
2037,165,7628.91236780786,om11_3,CJM,tun29,SB
2038,165,6343.25634425538,om11_3,CJM,tun29,SB
2039,165,4835.00209993824,om11_3,CJM,tun29,SB
2040,165,3462.85549567977,om11_3,CJM,tun29,SB
2041,165,2368.30501404993,om11_3,CJM,tun29,SB
2042,165,1759.33875927939,om11_3,CJM,tun29,SB
2043,165,1918.49386795951,om11_3,CJM,tun29,SB
2044,165,2190.90571348499,om11_3,CJM,tun29,SB
2045,165,2384.40887673579,om11_3,CJM,tun29,SB
2046,165,2580.13002388069,om11_3,CJM,tun29,SB
2047,165,2557.02449102416,om11_3,CJM,tun29,SB
2048,165,2476.90438466432,om11_3,CJM,tun29,SB
2049,165,2342.73121303798,om11_3,CJM,tun29,SB
2050,165,2566.57825178255,om11_3,CJM,tun29,SB
2025,177,8041.24231146839,om11_3,CJM,tun29,SB
2026,177,7666.8106732455,om11_3,CJM,tun29,SB
2027,177,7202.49256429521,om11_3,CJM,tun29,SB
2028,177,7078.32922424258,om11_3,CJM,tun29,SB
2029,177,6597.41320123524,om11_3,CJM,tun29,SB
2030,177,5643.66777740376,om11_3,CJM,tun29,SB
2031,177,4645.32898984409,om11_3,CJM,tun29,SB
2032,177,3867.20526943895,om11_3,CJM,tun29,SB
2033,177,3794.07994500861,om11_3,CJM,tun29,SB
2034,177,4117.13901826431,om11_3,CJM,tun29,SB
2035,177,4136.31621715525,om11_3,CJM,tun29,SB
2036,177,4274.10760854693,om11_3,CJM,tun29,SB
2037,177,4160.61532124703,om11_3,CJM,tun29,SB
2038,177,3986.93160707494,om11_3,CJM,tun29,SB
2039,177,3739.12165312309,om11_3,CJM,tun29,SB
2040,177,3338.22761704231,om11_3,CJM,tun29,SB
2041,177,2942.87509703164,om11_3,CJM,tun29,SB
2042,177,2755.71809052338,om11_3,CJM,tun29,SB
2043,177,2822.51277831677,om11_3,CJM,tun29,SB
2044,177,2798.25969935557,om11_3,CJM,tun29,SB
2045,177,2868.02889355609,om11_3,CJM,tun29,SB
2046,177,2803.97568742165,om11_3,CJM,tun29,SB
2047,177,2449.86049497213,om11_3,CJM,tun29,SB
2048,177,1969.21181959105,om11_3,CJM,tun29,SB
2049,177,1620.20923913587,om11_3,CJM,tun29,SB
2050,177,1434.49491575594,om11_3,CJM,tun29,SB
2025,186,7859.93258500356,om11_3,CJM,tun29,SB
2026,186,8319.04153717045,om11_3,CJM,tun29,SB
2027,186,8733.2035623317,om11_3,CJM,tun29,SB
2028,186,8918.30439147259,om11_3,CJM,tun29,SB
2029,186,8965.17459096341,om11_3,CJM,tun29,SB
2030,186,9560.20912582892,om11_3,CJM,tun29,SB
2031,186,11015.2262929135,om11_3,CJM,tun29,SB
2032,186,11392.1551672583,om11_3,CJM,tun29,SB
2033,186,10150.1061192557,om11_3,CJM,tun29,SB
2034,186,9211.55568507025,om11_3,CJM,tun29,SB
2035,186,8287.49267995856,om11_3,CJM,tun29,SB
2036,186,8233.8012097943,om11_3,CJM,tun29,SB
2037,186,8525.36381299707,om11_3,CJM,tun29,SB
2038,186,9733.19421307989,om11_3,CJM,tun29,SB
2039,186,10772.6319128367,om11_3,CJM,tun29,SB
2040,186,10352.1287492942,om11_3,CJM,tun29,SB
2041,186,10043.9717113381,om11_3,CJM,tun29,SB
2042,186,11393.1606050881,om11_3,CJM,tun29,SB
2043,186,14517.0164995382,om11_3,CJM,tun29,SB
2044,186,17180.4603772092,om11_3,CJM,tun29,SB
2045,186,19060.8457133533,om11_3,CJM,tun29,SB
2046,186,19650.9235711539,om11_3,CJM,tun29,SB
2047,186,19641.3080417669,om11_3,CJM,tun29,SB
2048,186,19918.4267716782,om11_3,CJM,tun29,SB
2049,186,20787.4404770633,om11_3,CJM,tun29,SB
2050,186,22774.9274146362,om11_3,CJM,tun29,SB
2025,246,8847.56725195435,om11_3,CJM,tun29,SB
2026,246,9206.22729741019,om11_3,CJM,tun29,SB
2027,246,8679.35899896749,om11_3,CJM,tun29,SB
2028,246,8060.70158382156,om11_3,CJM,tun29,SB
2029,246,7531.95297521791,om11_3,CJM,tun29,SB
2030,246,6792.4922906781,om11_3,CJM,tun29,SB
2031,246,6409.69984113455,om11_3,CJM,tun29,SB
2032,246,6721.91047523967,om11_3,CJM,tun29,SB
2033,246,6970.36847469597,om11_3,CJM,tun29,SB
2034,246,7049.84039387768,om11_3,CJM,tun29,SB
2035,246,6900.45959364946,om11_3,CJM,tun29,SB
2036,246,6755.41557344505,om11_3,CJM,tun29,SB
2037,246,6029.84215436857,om11_3,CJM,tun29,SB
2038,246,5384.972498405,om11_3,CJM,tun29,SB
2039,246,4917.45498528257,om11_3,CJM,tun29,SB
2040,246,4598.87790765265,om11_3,CJM,tun29,SB
2041,246,4297.79735977839,om11_3,CJM,tun29,SB
2042,246,4094.83789682133,om11_3,CJM,tun29,SB
2043,246,4583.48691105984,om11_3,CJM,tun29,SB
2044,246,6141.62068206753,om11_3,CJM,tun29,SB
2045,246,7668.85930390138,om11_3,CJM,tun29,SB
2046,246,8738.69622340559,om11_3,CJM,tun29,SB
2047,246,10324.4651152252,om11_3,CJM,tun29,SB
2048,246,11694.4701926794,om11_3,CJM,tun29,SB
2049,246,12145.9692254445,om11_3,CJM,tun29,SB
2050,246,12117.6940933367,om11_3,CJM,tun29,SB
2025,327,6418.0774926786,om11_3,CJM,tun29,SB
2026,327,7066.51428975195,om11_3,CJM,tun29,SB
2027,327,7676.45909510555,om11_3,CJM,tun29,SB
2028,327,8701.82015127596,om11_3,CJM,tun29,SB
2029,327,9982.49557405082,om11_3,CJM,tun29,SB
2030,327,11122.0125393549,om11_3,CJM,tun29,SB
2031,327,11927.0828959168,om11_3,CJM,tun29,SB
2032,327,13014.1033815467,om11_3,CJM,tun29,SB
2033,327,13240.0022275877,om11_3,CJM,tun29,SB
2034,327,12724.545140534,om11_3,CJM,tun29,SB
2035,327,11673.5557164437,om11_3,CJM,tun29,SB
2036,327,10671.4420631449,om11_3,CJM,tun29,SB
2037,327,9581.40995419534,om11_3,CJM,tun29,SB
2038,327,8080.42403057474,om11_3,CJM,tun29,SB
2039,327,6496.19016158726,om11_3,CJM,tun29,SB
2040,327,5026.69335803872,om11_3,CJM,tun29,SB
2041,327,3731.912021266,om11_3,CJM,tun29,SB
2042,327,2549.86621265439,om11_3,CJM,tun29,SB
2043,327,1810.35126810727,om11_3,CJM,tun29,SB
2044,327,1482.4262200944,om11_3,CJM,tun29,SB
2045,327,1599.87242944191,om11_3,CJM,tun29,SB
2046,327,1549.98146246254,om11_3,CJM,tun29,SB
2047,327,1289.19024067,om11_3,CJM,tun29,SB
2048,327,1264.56686396425,om11_3,CJM,tun29,SB
2049,327,1313.70716610761,om11_3,CJM,tun29,SB
2050,327,1567.00678335623,om11_3,CJM,tun29,SB
2025,344,8341.1219780227,om11_3,CJM,tun29,SB
2026,344,8529.51495193139,om11_3,CJM,tun29,SB
2027,344,8931.31444071722,om11_3,CJM,tun29,SB
2028,344,10081.9686260159,om11_3,CJM,tun29,SB
2029,344,13012.0175547964,om11_3,CJM,tun29,SB
2030,344,15703.6938843312,om11_3,CJM,tun29,SB
2031,344,16400.1858313407,om11_3,CJM,tun29,SB
2032,344,15902.7073743066,om11_3,CJM,tun29,SB
2033,344,15203.4372411004,om11_3,CJM,tun29,SB
2034,344,15443.1921032143,om11_3,CJM,tun29,SB
2035,344,15028.9716165032,om11_3,CJM,tun29,SB
2036,344,13845.5413884729,om11_3,CJM,tun29,SB
2037,344,12500.9233895295,om11_3,CJM,tun29,SB
2038,344,11591.429323398,om11_3,CJM,tun29,SB
2039,344,10686.950149414,om11_3,CJM,tun29,SB
2040,344,10163.6032757085,om11_3,CJM,tun29,SB
2041,344,10555.0064631752,om11_3,CJM,tun29,SB
2042,344,10705.75656775,om11_3,CJM,tun29,SB
2043,344,10468.6770001476,om11_3,CJM,tun29,SB
2044,344,10088.0437615203,om11_3,CJM,tun29,SB
2045,344,10217.5310644613,om11_3,CJM,tun29,SB
2046,344,10336.789616517,om11_3,CJM,tun29,SB
2047,344,11118.4393774753,om11_3,CJM,tun29,SB
2048,344,12927.412499207,om11_3,CJM,tun29,SB
2049,344,13972.9047781583,om11_3,CJM,tun29,SB
2050,344,14390.5994843725,om11_3,CJM,tun29,SB
2025,348,6263.92727977176,om11_3,CJM,tun29,SB
2026,348,6634.24150687551,om11_3,CJM,tun29,SB
2027,348,6313.4160056961,om11_3,CJM,tun29,SB
2028,348,6225.92646813399,om11_3,CJM,tun29,SB
2029,348,6271.00760613005,om11_3,CJM,tun29,SB
2030,348,5983.31768429149,om11_3,CJM,tun29,SB
2031,348,5205.36453906866,om11_3,CJM,tun29,SB
2032,348,4734.12372912473,om11_3,CJM,tun29,SB
2033,348,4231.63754606686,om11_3,CJM,tun29,SB
2034,348,3703.30156778141,om11_3,CJM,tun29,SB
2035,348,2702.63446854383,om11_3,CJM,tun29,SB
2036,348,1814.44842624695,om11_3,CJM,tun29,SB
2037,348,1079.82550936305,om11_3,CJM,tun29,SB
2038,348,636.51391515368,om11_3,CJM,tun29,SB
2039,348,225.481502119301,om11_3,CJM,tun29,SB
2040,348,2.57835279328718e-13,om11_3,CJM,tun29,SB
2041,348,0,om11_3,CJM,tun29,SB
2042,348,0,om11_3,CJM,tun29,SB
2043,348,0,om11_3,CJM,tun29,SB
2044,348,0,om11_3,CJM,tun29,SB
2045,348,0,om11_3,CJM,tun29,SB
2046,348,0,om11_3,CJM,tun29,SB
2047,348,0,om11_3,CJM,tun29,SB
2048,348,0,om11_3,CJM,tun29,SB
2049,348,0,om11_3,CJM,tun29,SB
2050,348,0,om11_3,CJM,tun29,SB
2025,367,7127.3628316359,om11_3,CJM,tun29,SB
2026,367,6782.74695417802,om11_3,CJM,tun29,SB
2027,367,5795.62563310939,om11_3,CJM,tun29,SB
2028,367,5015.91347868195,om11_3,CJM,tun29,SB
2029,367,4415.9045673101,om11_3,CJM,tun29,SB
2030,367,3825.27109296318,om11_3,CJM,tun29,SB
2031,367,3538.67693251232,om11_3,CJM,tun29,SB
2032,367,3325.8056522533,om11_3,CJM,tun29,SB
2033,367,3269.99881345521,om11_3,CJM,tun29,SB
2034,367,4012.50630641852,om11_3,CJM,tun29,SB
2035,367,5782.63146043064,om11_3,CJM,tun29,SB
2036,367,7479.07098358648,om11_3,CJM,tun29,SB
2037,367,8574.55461863311,om11_3,CJM,tun29,SB
2038,367,9496.96666724073,om11_3,CJM,tun29,SB
2039,367,10368.9214473422,om11_3,CJM,tun29,SB
2040,367,11904.3045620759,om11_3,CJM,tun29,SB
2041,367,13458.8362936753,om11_3,CJM,tun29,SB
2042,367,15156.1403168478,om11_3,CJM,tun29,SB
2043,367,16280.4967147861,om11_3,CJM,tun29,SB
2044,367,17279.1651122574,om11_3,CJM,tun29,SB
2045,367,19142.7207996995,om11_3,CJM,tun29,SB
2046,367,20104.3422600693,om11_3,CJM,tun29,SB
2047,367,19739.2433859676,om11_3,CJM,tun29,SB
2048,367,18808.4044947704,om11_3,CJM,tun29,SB
2049,367,17982.2917022425,om11_3,CJM,tun29,SB
2050,367,17293.6553869422,om11_3,CJM,tun29,SB
2025,397,7216.38347223923,om11_3,CJM,tun29,SB
2026,397,7300.77018102053,om11_3,CJM,tun29,SB
2027,397,6857.30475075402,om11_3,CJM,tun29,SB
2028,397,6485.73790240827,om11_3,CJM,tun29,SB
2029,397,6486.63766405322,om11_3,CJM,tun29,SB
2030,397,6826.32446145767,om11_3,CJM,tun29,SB
2031,397,7011.81995859806,om11_3,CJM,tun29,SB
2032,397,7577.81901564381,om11_3,CJM,tun29,SB
2033,397,8258.71064506265,om11_3,CJM,tun29,SB
2034,397,8928.87967393997,om11_3,CJM,tun29,SB
2035,397,9290.46736073135,om11_3,CJM,tun29,SB
2036,397,8960.31628242027,om11_3,CJM,tun29,SB
2037,397,8301.36240688634,om11_3,CJM,tun29,SB
2038,397,7338.67293853363,om11_3,CJM,tun29,SB
2039,397,6140.51602126266,om11_3,CJM,tun29,SB
2040,397,4534.74262448505,om11_3,CJM,tun29,SB
2041,397,3056.99391930763,om11_3,CJM,tun29,SB
2042,397,1157.72592775981,om11_3,CJM,tun29,SB
2043,397,73.8230572445013,om11_3,CJM,tun29,SB
2044,397,0,om11_3,CJM,tun29,SB
2045,397,0,om11_3,CJM,tun29,SB
2046,397,0,om11_3,CJM,tun29,SB
2047,397,0,om11_3,CJM,tun29,SB
2048,397,0,om11_3,CJM,tun29,SB
2049,397,0,om11_3,CJM,tun29,SB
2050,397,0,om11_3,CJM,tun29,SB
2025,498,6629.64153376063,om11_3,CJM,tun29,SB
2026,498,6075.78645564865,om11_3,CJM,tun29,SB
2027,498,5630.79486543481,om11_3,CJM,tun29,SB
2028,498,5409.65193832948,om11_3,CJM,tun29,SB
2029,498,5487.92293197033,om11_3,CJM,tun29,SB
2030,498,5691.84943345389,om11_3,CJM,tun29,SB
2031,498,5857.67953764925,om11_3,CJM,tun29,SB
2032,498,6500.66539145796,om11_3,CJM,tun29,SB
2033,498,7138.38192493581,om11_3,CJM,tun29,SB
2034,498,7751.59758260916,om11_3,CJM,tun29,SB
2035,498,8589.72789246498,om11_3,CJM,tun29,SB
2036,498,8761.12266870616,om11_3,CJM,tun29,SB
2037,498,7742.38274995506,om11_3,CJM,tun29,SB
2038,498,6831.30363923271,om11_3,CJM,tun29,SB
2039,498,5609.56733404833,om11_3,CJM,tun29,SB
2040,498,4539.81723779887,om11_3,CJM,tun29,SB
2041,498,4010.74369212714,om11_3,CJM,tun29,SB
2042,498,3366.7550837613,om11_3,CJM,tun29,SB
2043,498,2967.74837346336,om11_3,CJM,tun29,SB
2044,498,3274.73730173224,om11_3,CJM,tun29,SB
2045,498,4719.2792573364,om11_3,CJM,tun29,SB
2046,498,6191.60311650688,om11_3,CJM,tun29,SB
2047,498,6911.87410736495,om11_3,CJM,tun29,SB
2048,498,7287.48872208046,om11_3,CJM,tun29,SB
2049,498,7812.97906708573,om11_3,CJM,tun29,SB
2050,498,7974.99571573516,om11_3,CJM,tun29,SB
2025,37,1385.8907626811,om11_3,CJM,tun29,C
2026,37,1178.7598168901,om11_3,CJM,tun29,C
2027,37,1120.27695074661,om11_3,CJM,tun29,C
2028,37,1142.72500609628,om11_3,CJM,tun29,C
2029,37,1245.4376878842,om11_3,CJM,tun29,C
2030,37,1478.92732313356,om11_3,CJM,tun29,C
2031,37,1561.42456043254,om11_3,CJM,tun29,C
2032,37,1872.71637550101,om11_3,CJM,tun29,C
2033,37,1812.15942880823,om11_3,CJM,tun29,C
2034,37,2025.37880628325,om11_3,CJM,tun29,C
2035,37,1755.09752206672,om11_3,CJM,tun29,C
2036,37,1578.63888706823,om11_3,CJM,tun29,C
2037,37,1610.71449605621,om11_3,CJM,tun29,C
2038,37,1622.99283608983,om11_3,CJM,tun29,C
2039,37,1519.85714740481,om11_3,CJM,tun29,C
2040,37,1670.91734574989,om11_3,CJM,tun29,C
2041,37,1984.11065009552,om11_3,CJM,tun29,C
2042,37,1994.66319205348,om11_3,CJM,tun29,C
2043,37,2009.16922024603,om11_3,CJM,tun29,C
2044,37,1994.09301142213,om11_3,CJM,tun29,C
2045,37,1900.90205903871,om11_3,CJM,tun29,C
2046,37,1760.45603622947,om11_3,CJM,tun29,C
2047,37,1942.51412031488,om11_3,CJM,tun29,C
2048,37,2053.46221766628,om11_3,CJM,tun29,C
2049,37,2024.21859044324,om11_3,CJM,tun29,C
2050,37,2063.01939432149,om11_3,CJM,tun29,C
2025,65,1385.8907626811,om11_3,CJM,tun29,C
2026,65,1197.50510876522,om11_3,CJM,tun29,C
2027,65,1118.93780930772,om11_3,CJM,tun29,C
2028,65,1022.54622517111,om11_3,CJM,tun29,C
2029,65,1183.22692532009,om11_3,CJM,tun29,C
2030,65,1333.05722336328,om11_3,CJM,tun29,C
2031,65,1483.25111592814,om11_3,CJM,tun29,C
2032,65,1529.76210668235,om11_3,CJM,tun29,C
2033,65,1791.15934956569,om11_3,CJM,tun29,C
2034,65,2057.17105228646,om11_3,CJM,tun29,C
2035,65,2031.17366516777,om11_3,CJM,tun29,C
2036,65,2021.80583504411,om11_3,CJM,tun29,C
2037,65,1966.65409532476,om11_3,CJM,tun29,C
2038,65,2066.6593530321,om11_3,CJM,tun29,C
2039,65,2034.69351237765,om11_3,CJM,tun29,C
2040,65,2034.15796981318,om11_3,CJM,tun29,C
2041,65,2086.19438608768,om11_3,CJM,tun29,C
2042,65,2066.06527723963,om11_3,CJM,tun29,C
2043,65,2059.85840799877,om11_3,CJM,tun29,C
2044,65,2059.40631619776,om11_3,CJM,tun29,C
2045,65,2013.44203381907,om11_3,CJM,tun29,C
2046,65,2042.75670625395,om11_3,CJM,tun29,C
2047,65,2083.27710173026,om11_3,CJM,tun29,C
2048,65,2018.23254230416,om11_3,CJM,tun29,C
2049,65,2010.80444953615,om11_3,CJM,tun29,C
2050,65,2051.06750773728,om11_3,CJM,tun29,C
2025,110,1385.8907626811,om11_3,CJM,tun29,C
2026,110,1173.8144330409,om11_3,CJM,tun29,C
2027,110,1168.83190368517,om11_3,CJM,tun29,C
2028,110,1168.49024931413,om11_3,CJM,tun29,C
2029,110,1374.35726727721,om11_3,CJM,tun29,C
2030,110,1650.75893407097,om11_3,CJM,tun29,C
2031,110,1909.9784573008,om11_3,CJM,tun29,C
2032,110,2059.57021118754,om11_3,CJM,tun29,C
2033,110,2068.34348067629,om11_3,CJM,tun29,C
2034,110,2046.47939107223,om11_3,CJM,tun29,C
2035,110,1997.72058570591,om11_3,CJM,tun29,C
2036,110,2018.90832284363,om11_3,CJM,tun29,C
2037,110,1799.44640619743,om11_3,CJM,tun29,C
2038,110,1697.71259565898,om11_3,CJM,tun29,C
2039,110,1472.76874800812,om11_3,CJM,tun29,C
2040,110,1281.594371112,om11_3,CJM,tun29,C
2041,110,1079.33903439183,om11_3,CJM,tun29,C
2042,110,951.231950105769,om11_3,CJM,tun29,C
2043,110,785.590354703646,om11_3,CJM,tun29,C
2044,110,114.882516969734,om11_3,CJM,tun29,C
2045,110,1.01200700686538e-05,om11_3,CJM,tun29,C
2046,110,1.01213572923808e-05,om11_3,CJM,tun29,C
2047,110,1.01484802744375e-05,om11_3,CJM,tun29,C
2048,110,1.01307825174043e-05,om11_3,CJM,tun29,C
2049,110,1.01461112131106e-05,om11_3,CJM,tun29,C
2050,110,1.01374515232341e-05,om11_3,CJM,tun29,C
2025,151,1385.8907626811,om11_3,CJM,tun29,C
2026,151,1182.18333705349,om11_3,CJM,tun29,C
2027,151,1135.63341358456,om11_3,CJM,tun29,C
2028,151,1072.59039231438,om11_3,CJM,tun29,C
2029,151,981.656423665319,om11_3,CJM,tun29,C
2030,151,1040.04958961564,om11_3,CJM,tun29,C
2031,151,1257.43064615383,om11_3,CJM,tun29,C
2032,151,1492.53758208505,om11_3,CJM,tun29,C
2033,151,1793.93213436696,om11_3,CJM,tun29,C
2034,151,2068.18336854607,om11_3,CJM,tun29,C
2035,151,2021.31942840686,om11_3,CJM,tun29,C
2036,151,2076.33691072589,om11_3,CJM,tun29,C
2037,151,2057.36299216406,om11_3,CJM,tun29,C
2038,151,1993.66632903575,om11_3,CJM,tun29,C
2039,151,2079.86463800662,om11_3,CJM,tun29,C
2040,151,2031.67263811417,om11_3,CJM,tun29,C
2041,151,2027.95099905817,om11_3,CJM,tun29,C
2042,151,1959.94657147393,om11_3,CJM,tun29,C
2043,151,1622.69945058719,om11_3,CJM,tun29,C
2044,151,1366.51810242232,om11_3,CJM,tun29,C
2045,151,1217.91117598945,om11_3,CJM,tun29,C
2046,151,995.50499094953,om11_3,CJM,tun29,C
2047,151,871.225533189518,om11_3,CJM,tun29,C
2048,151,7.90930241734317,om11_3,CJM,tun29,C
2049,151,1.00855898460407e-05,om11_3,CJM,tun29,C
2050,151,1.0098201808468e-05,om11_3,CJM,tun29,C
2025,158,1385.8907626811,om11_3,CJM,tun29,C
2026,158,1178.19060087475,om11_3,CJM,tun29,C
2027,158,1162.71092148553,om11_3,CJM,tun29,C
2028,158,995.401441983275,om11_3,CJM,tun29,C
2029,158,1082.32087803648,om11_3,CJM,tun29,C
2030,158,1125.85508607932,om11_3,CJM,tun29,C
2031,158,1031.61291392989,om11_3,CJM,tun29,C
2032,158,1039.21780499026,om11_3,CJM,tun29,C
2033,158,1004.37899083494,om11_3,CJM,tun29,C
2034,158,1101.83146484441,om11_3,CJM,tun29,C
2035,158,1031.04320761664,om11_3,CJM,tun29,C
2036,158,1036.75757466383,om11_3,CJM,tun29,C
2037,158,873.204115120107,om11_3,CJM,tun29,C
2038,158,754.699711782849,om11_3,CJM,tun29,C
2039,158,628.581805916723,om11_3,CJM,tun29,C
2040,158,530.114842311162,om11_3,CJM,tun29,C
2041,158,566.219536544736,om11_3,CJM,tun29,C
2042,158,570.639989622256,om11_3,CJM,tun29,C
2043,158,545.65540845209,om11_3,CJM,tun29,C
2044,158,532.347021422633,om11_3,CJM,tun29,C
2045,158,611.565614240757,om11_3,CJM,tun29,C
2046,158,613.801510687593,om11_3,CJM,tun29,C
2047,158,638.516007200502,om11_3,CJM,tun29,C
2048,158,783.154048337169,om11_3,CJM,tun29,C
2049,158,932.862115106289,om11_3,CJM,tun29,C
2050,158,1056.53884183623,om11_3,CJM,tun29,C
2025,165,1385.8907626811,om11_3,CJM,tun29,C
2026,165,1192.06662909595,om11_3,CJM,tun29,C
2027,165,1147.42640421498,om11_3,CJM,tun29,C
2028,165,1260.2249142606,om11_3,CJM,tun29,C
2029,165,1411.04018130834,om11_3,CJM,tun29,C
2030,165,1631.10257919768,om11_3,CJM,tun29,C
2031,165,1462.87280756314,om11_3,CJM,tun29,C
2032,165,1524.30728862565,om11_3,CJM,tun29,C
2033,165,1647.32870812302,om11_3,CJM,tun29,C
2034,165,1622.25947544129,om11_3,CJM,tun29,C
2035,165,1488.60092437452,om11_3,CJM,tun29,C
2036,165,1405.286898716,om11_3,CJM,tun29,C
2037,165,1601.55017471725,om11_3,CJM,tun29,C
2038,165,1755.17493163683,om11_3,CJM,tun29,C
2039,165,1869.60884939868,om11_3,CJM,tun29,C
2040,165,1668.15838285492,om11_3,CJM,tun29,C
2041,165,1486.98327740208,om11_3,CJM,tun29,C
2042,165,1297.836759987,om11_3,CJM,tun29,C
2043,165,1106.45834181261,om11_3,CJM,tun29,C
2044,165,919.067997807472,om11_3,CJM,tun29,C
2045,165,794.666014777022,om11_3,CJM,tun29,C
2046,165,677.277562250832,om11_3,CJM,tun29,C
2047,165,556.522416228329,om11_3,CJM,tun29,C
2048,165,485.633487510012,om11_3,CJM,tun29,C
2049,165,524.36334398279,om11_3,CJM,tun29,C
2050,165,534.815672858736,om11_3,CJM,tun29,C
2025,177,1385.8907626811,om11_3,CJM,tun29,C
2026,177,1186.24496558777,om11_3,CJM,tun29,C
2027,177,1151.79199919494,om11_3,CJM,tun29,C
2028,177,1095.1638780493,om11_3,CJM,tun29,C
2029,177,1093.00015936019,om11_3,CJM,tun29,C
2030,177,1300.07030287603,om11_3,CJM,tun29,C
2031,177,1599.03823212475,om11_3,CJM,tun29,C
2032,177,1623.95086816493,om11_3,CJM,tun29,C
2033,177,1382.97403396289,om11_3,CJM,tun29,C
2034,177,1185.46858597806,om11_3,CJM,tun29,C
2035,177,984.368009978308,om11_3,CJM,tun29,C
2036,177,878.823742895565,om11_3,CJM,tun29,C
2037,177,919.400501942194,om11_3,CJM,tun29,C
2038,177,851.471137413221,om11_3,CJM,tun29,C
2039,177,902.505711248844,om11_3,CJM,tun29,C
2040,177,856.753057712024,om11_3,CJM,tun29,C
2041,177,801.339651338244,om11_3,CJM,tun29,C
2042,177,666.590583736274,om11_3,CJM,tun29,C
2043,177,661.451948296475,om11_3,CJM,tun29,C
2044,177,689.3735148671,om11_3,CJM,tun29,C
2045,177,648.54457097695,om11_3,CJM,tun29,C
2046,177,687.873502041011,om11_3,CJM,tun29,C
2047,177,684.195840842097,om11_3,CJM,tun29,C
2048,177,648.601510176688,om11_3,CJM,tun29,C
2049,177,541.112987707113,om11_3,CJM,tun29,C
2050,177,472.868589851226,om11_3,CJM,tun29,C
2025,186,1385.8907626811,om11_3,CJM,tun29,C
2026,186,1201.49970836168,om11_3,CJM,tun29,C
2027,186,1132.03712744565,om11_3,CJM,tun29,C
2028,186,1027.45664094897,om11_3,CJM,tun29,C
2029,186,1038.80452384789,om11_3,CJM,tun29,C
2030,186,1154.16873239071,om11_3,CJM,tun29,C
2031,186,1249.3837060982,om11_3,CJM,tun29,C
2032,186,1511.69028058651,om11_3,CJM,tun29,C
2033,186,1805.54207065523,om11_3,CJM,tun29,C
2034,186,2055.86007968158,om11_3,CJM,tun29,C
2035,186,2031.19344684155,om11_3,CJM,tun29,C
2036,186,2005.12284465895,om11_3,CJM,tun29,C
2037,186,2004.54474099551,om11_3,CJM,tun29,C
2038,186,2040.5510265253,om11_3,CJM,tun29,C
2039,186,1828.9758699038,om11_3,CJM,tun29,C
2040,186,1795.10486435606,om11_3,CJM,tun29,C
2041,186,1944.57340956756,om11_3,CJM,tun29,C
2042,186,1939.87009272392,om11_3,CJM,tun29,C
2043,186,2028.61754738847,om11_3,CJM,tun29,C
2044,186,2012.45151691622,om11_3,CJM,tun29,C
2045,186,2012.31146251546,om11_3,CJM,tun29,C
2046,186,2057.46013537735,om11_3,CJM,tun29,C
2047,186,2005.55088364434,om11_3,CJM,tun29,C
2048,186,2047.81738711365,om11_3,CJM,tun29,C
2049,186,2053.51506172159,om11_3,CJM,tun29,C
2050,186,2015.55256264707,om11_3,CJM,tun29,C
2025,246,1385.8907626811,om11_3,CJM,tun29,C
2026,246,1227.67235763923,om11_3,CJM,tun29,C
2027,246,1123.92194046737,om11_3,CJM,tun29,C
2028,246,971.037743186209,om11_3,CJM,tun29,C
2029,246,1146.65830622979,om11_3,CJM,tun29,C
2030,246,1429.97845695801,om11_3,CJM,tun29,C
2031,246,1653.03249491077,om11_3,CJM,tun29,C
2032,246,1874.86002734862,om11_3,CJM,tun29,C
2033,246,1716.21284110228,om11_3,CJM,tun29,C
2034,246,1477.01986103825,om11_3,CJM,tun29,C
2035,246,1317.41314760833,om11_3,CJM,tun29,C
2036,246,1444.36180061297,om11_3,CJM,tun29,C
2037,246,1587.30313484707,om11_3,CJM,tun29,C
2038,246,1329.88550079284,om11_3,CJM,tun29,C
2039,246,1158.67042670802,om11_3,CJM,tun29,C
2040,246,1016.4826263308,om11_3,CJM,tun29,C
2041,246,1034.17664074919,om11_3,CJM,tun29,C
2042,246,1043.71185113981,om11_3,CJM,tun29,C
2043,246,1009.60234453,om11_3,CJM,tun29,C
2044,246,876.25566884167,om11_3,CJM,tun29,C
2045,246,873.058880125624,om11_3,CJM,tun29,C
2046,246,906.006999403142,om11_3,CJM,tun29,C
2047,246,972.323965278147,om11_3,CJM,tun29,C
2048,246,1038.3561256433,om11_3,CJM,tun29,C
2049,246,1267.45002717825,om11_3,CJM,tun29,C
2050,246,1549.45963382959,om11_3,CJM,tun29,C
2025,327,1385.8907626811,om11_3,CJM,tun29,C
2026,327,1215.26927050821,om11_3,CJM,tun29,C
2027,327,1134.54371032815,om11_3,CJM,tun29,C
2028,327,1129.68227388576,om11_3,CJM,tun29,C
2029,327,1350.92189608433,om11_3,CJM,tun29,C
2030,327,1622.06315228595,om11_3,CJM,tun29,C
2031,327,1972.53507681696,om11_3,CJM,tun29,C
2032,327,2038.271444456,om11_3,CJM,tun29,C
2033,327,1991.4935276147,om11_3,CJM,tun29,C
2034,327,2043.02498883531,om11_3,CJM,tun29,C
2035,327,1996.11688888291,om11_3,CJM,tun29,C
2036,327,2037.01365428171,om11_3,CJM,tun29,C
2037,327,2015.01186670394,om11_3,CJM,tun29,C
2038,327,2019.85236148931,om11_3,CJM,tun29,C
2039,327,2013.06089410544,om11_3,CJM,tun29,C
2040,327,2042.65911060976,om11_3,CJM,tun29,C
2041,327,2061.73207996055,om11_3,CJM,tun29,C
2042,327,2007.5127160282,om11_3,CJM,tun29,C
2043,327,1761.71380904936,om11_3,CJM,tun29,C
2044,327,1479.79191387114,om11_3,CJM,tun29,C
2045,327,1269.83708888499,om11_3,CJM,tun29,C
2046,327,1083.58003062987,om11_3,CJM,tun29,C
2047,327,899.410748983799,om11_3,CJM,tun29,C
2048,327,784.823458456458,om11_3,CJM,tun29,C
2049,327,641.834160417715,om11_3,CJM,tun29,C
2050,327,565.884227622854,om11_3,CJM,tun29,C
2025,344,1385.8907626811,om11_3,CJM,tun29,C
2026,344,1223.58737918911,om11_3,CJM,tun29,C
2027,344,1145.83896583618,om11_3,CJM,tun29,C
2028,344,1395.38647301856,om11_3,CJM,tun29,C
2029,344,1662.18423617615,om11_3,CJM,tun29,C
2030,344,1967.04054836394,om11_3,CJM,tun29,C
2031,344,2073.7982710929,om11_3,CJM,tun29,C
2032,344,1957.58700633125,om11_3,CJM,tun29,C
2033,344,2042.19723032961,om11_3,CJM,tun29,C
2034,344,2034.51003591797,om11_3,CJM,tun29,C
2035,344,2019.85064859923,om11_3,CJM,tun29,C
2036,344,1997.87738284527,om11_3,CJM,tun29,C
2037,344,2024.64056732199,om11_3,CJM,tun29,C
2038,344,2089.36962428162,om11_3,CJM,tun29,C
2039,344,1994.46726072236,om11_3,CJM,tun29,C
2040,344,1992.7883671935,om11_3,CJM,tun29,C
2041,344,2068.85597220832,om11_3,CJM,tun29,C
2042,344,2089.1196496847,om11_3,CJM,tun29,C
2043,344,2072.88605641102,om11_3,CJM,tun29,C
2044,344,1998.33517415408,om11_3,CJM,tun29,C
2045,344,2083.21161587769,om11_3,CJM,tun29,C
2046,344,2029.68747311736,om11_3,CJM,tun29,C
2047,344,2015.21428936179,om11_3,CJM,tun29,C
2048,344,1968.41624458936,om11_3,CJM,tun29,C
2049,344,2020.52455579229,om11_3,CJM,tun29,C
2050,344,2034.04538315716,om11_3,CJM,tun29,C
2025,348,1385.8907626811,om11_3,CJM,tun29,C
2026,348,1217.46570047007,om11_3,CJM,tun29,C
2027,348,1157.88615233128,om11_3,CJM,tun29,C
2028,348,976.633479652485,om11_3,CJM,tun29,C
2029,348,1093.39276695735,om11_3,CJM,tun29,C
2030,348,1239.73124737151,om11_3,CJM,tun29,C
2031,348,1381.52260763039,om11_3,CJM,tun29,C
2032,348,1150.81598820995,om11_3,CJM,tun29,C
2033,348,1091.53927895345,om11_3,CJM,tun29,C
2034,348,1285.69060749401,om11_3,CJM,tun29,C
2035,348,1466.30762329064,om11_3,CJM,tun29,C
2036,348,1376.80840388571,om11_3,CJM,tun29,C
2037,348,1182.12357099378,om11_3,CJM,tun29,C
2038,348,1004.11344131583,om11_3,CJM,tun29,C
2039,348,872.555153693722,om11_3,CJM,tun29,C
2040,348,409.869144025567,om11_3,CJM,tun29,C
2041,348,1.0155518521055e-05,om11_3,CJM,tun29,C
2042,348,1.01635634009138e-05,om11_3,CJM,tun29,C
2043,348,1.01453410277719e-05,om11_3,CJM,tun29,C
2044,348,1.01778763582602e-05,om11_3,CJM,tun29,C
2045,348,1.00751106722877e-05,om11_3,CJM,tun29,C
2046,348,1.00854191893237e-05,om11_3,CJM,tun29,C
2047,348,1.01094069333119e-05,om11_3,CJM,tun29,C
2048,348,1.01131781133026e-05,om11_3,CJM,tun29,C
2049,348,1.01043593484681e-05,om11_3,CJM,tun29,C
2050,348,1.00854851367079e-05,om11_3,CJM,tun29,C
2025,367,1385.8907626811,om11_3,CJM,tun29,C
2026,367,1227.76958057184,om11_3,CJM,tun29,C
2027,367,1138.66662004984,om11_3,CJM,tun29,C
2028,367,1210.35287097204,om11_3,CJM,tun29,C
2029,367,1472.99945492272,om11_3,CJM,tun29,C
2030,367,1636.26006013122,om11_3,CJM,tun29,C
2031,367,1501.56163288926,om11_3,CJM,tun29,C
2032,367,1316.02834009615,om11_3,CJM,tun29,C
2033,367,1087.00438451907,om11_3,CJM,tun29,C
2034,367,918.879442554154,om11_3,CJM,tun29,C
2035,367,807.676286344456,om11_3,CJM,tun29,C
2036,367,795.845034972967,om11_3,CJM,tun29,C
2037,367,814.916880783215,om11_3,CJM,tun29,C
2038,367,952.861858546524,om11_3,CJM,tun29,C
2039,367,987.606113209517,om11_3,CJM,tun29,C
2040,367,1132.56340831431,om11_3,CJM,tun29,C
2041,367,1326.96707033751,om11_3,CJM,tun29,C
2042,367,1632.18623748145,om11_3,CJM,tun29,C
2043,367,1942.82584816955,om11_3,CJM,tun29,C
2044,367,2040.14683842763,om11_3,CJM,tun29,C
2045,367,2008.91557185787,om11_3,CJM,tun29,C
2046,367,2047.04560436159,om11_3,CJM,tun29,C
2047,367,2040.59239777674,om11_3,CJM,tun29,C
2048,367,2082.67071138959,om11_3,CJM,tun29,C
2049,367,2071.21444796786,om11_3,CJM,tun29,C
2050,367,2038.68661780001,om11_3,CJM,tun29,C
2025,397,1385.8907626811,om11_3,CJM,tun29,C
2026,397,1219.03529499016,om11_3,CJM,tun29,C
2027,397,1140.57743454785,om11_3,CJM,tun29,C
2028,397,1105.00596996314,om11_3,CJM,tun29,C
2029,397,1366.16744808608,om11_3,CJM,tun29,C
2030,397,1603.53828994547,om11_3,CJM,tun29,C
2031,397,1708.10571392059,om11_3,CJM,tun29,C
2032,397,1454.54923797388,om11_3,CJM,tun29,C
2033,397,1235.79750921708,om11_3,CJM,tun29,C
2034,397,1501.33182496932,om11_3,CJM,tun29,C
2035,397,1681.57119710165,om11_3,CJM,tun29,C
2036,397,1807.74926098181,om11_3,CJM,tun29,C
2037,397,1591.26166279249,om11_3,CJM,tun29,C
2038,397,1536.72670319969,om11_3,CJM,tun29,C
2039,397,1428.14087346406,om11_3,CJM,tun29,C
2040,397,1719.02516725552,om11_3,CJM,tun29,C
2041,397,1786.47347183647,om11_3,CJM,tun29,C
2042,397,2033.72584018982,om11_3,CJM,tun29,C
2043,397,1701.78039116728,om11_3,CJM,tun29,C
2044,397,165.961920576476,om11_3,CJM,tun29,C
2045,397,1.01517572174327e-05,om11_3,CJM,tun29,C
2046,397,1.01726677130102e-05,om11_3,CJM,tun29,C
2047,397,1.01737395760215e-05,om11_3,CJM,tun29,C
2048,397,1.01643690361591e-05,om11_3,CJM,tun29,C
2049,397,1.01726364333075e-05,om11_3,CJM,tun29,C
2050,397,1.01760360913371e-05,om11_3,CJM,tun29,C
2025,498,1385.8907626811,om11_3,CJM,tun29,C
2026,498,1211.18746792151,om11_3,CJM,tun29,C
2027,498,1134.73509978529,om11_3,CJM,tun29,C
2028,498,1017.8952102447,om11_3,CJM,tun29,C
2029,498,1043.30036386192,om11_3,CJM,tun29,C
2030,498,1081.39114729891,om11_3,CJM,tun29,C
2031,498,961.923014972618,om11_3,CJM,tun29,C
2032,498,833.29769147698,om11_3,CJM,tun29,C
2033,498,964.886899482888,om11_3,CJM,tun29,C
2034,498,1047.32826991543,om11_3,CJM,tun29,C
2035,498,1256.47231310608,om11_3,CJM,tun29,C
2036,498,1187.45978868046,om11_3,CJM,tun29,C
2037,498,1463.54720986306,om11_3,CJM,tun29,C
2038,498,1748.62441745278,om11_3,CJM,tun29,C
2039,498,1905.13701641687,om11_3,CJM,tun29,C
2040,498,1754.00714671827,om11_3,CJM,tun29,C
2041,498,1459.0625051993,om11_3,CJM,tun29,C
2042,498,1294.1579694785,om11_3,CJM,tun29,C
2043,498,1207.25832691707,om11_3,CJM,tun29,C
2044,498,1023.55168341559,om11_3,CJM,tun29,C
2045,498,879.16476665711,om11_3,CJM,tun29,C
2046,498,754.65818029642,om11_3,CJM,tun29,C
2047,498,653.093616269365,om11_3,CJM,tun29,C
2048,498,673.147176209985,om11_3,CJM,tun29,C
2049,498,809.948686367136,om11_3,CJM,tun29,C
2050,498,957.204717867438,om11_3,CJM,tun29,C
2025,37,8593.12324912998,om11_3,CJM,tun45,SB
2026,37,9851.62788435522,om11_3,CJM,tun45,SB
2027,37,10915.3648625953,om11_3,CJM,tun45,SB
2028,37,11650.379009499,om11_3,CJM,tun45,SB
2029,37,11815.8683153853,om11_3,CJM,tun45,SB
2030,37,11290.1576442424,om11_3,CJM,tun45,SB
2031,37,11051.7553378928,om11_3,CJM,tun45,SB
2032,37,10724.2996888053,om11_3,CJM,tun45,SB
2033,37,9755.97967396925,om11_3,CJM,tun45,SB
2034,37,9189.36100778935,om11_3,CJM,tun45,SB
2035,37,8813.47851337435,om11_3,CJM,tun45,SB
2036,37,9847.63479288425,om11_3,CJM,tun45,SB
2037,37,11852.9024000655,om11_3,CJM,tun45,SB
2038,37,13126.5801009455,om11_3,CJM,tun45,SB
2039,37,13397.6056733157,om11_3,CJM,tun45,SB
2040,37,12793.7770361646,om11_3,CJM,tun45,SB
2041,37,12834.7110133441,om11_3,CJM,tun45,SB
2042,37,12872.4984550081,om11_3,CJM,tun45,SB
2043,37,13363.1407834625,om11_3,CJM,tun45,SB
2044,37,14022.5794029112,om11_3,CJM,tun45,SB
2045,37,13849.713144531,om11_3,CJM,tun45,SB
2046,37,12959.951702944,om11_3,CJM,tun45,SB
2047,37,12117.7060704266,om11_3,CJM,tun45,SB
2048,37,11919.5037508731,om11_3,CJM,tun45,SB
2049,37,12218.2318432513,om11_3,CJM,tun45,SB
2050,37,12331.6690181412,om11_3,CJM,tun45,SB
2025,65,7734.49472637435,om11_3,CJM,tun45,SB
2026,65,8251.72845572591,om11_3,CJM,tun45,SB
2027,65,8295.65052418097,om11_3,CJM,tun45,SB
2028,65,8188.89090367471,om11_3,CJM,tun45,SB
2029,65,8819.54293292873,om11_3,CJM,tun45,SB
2030,65,10412.769879779,om11_3,CJM,tun45,SB
2031,65,11401.2683324615,om11_3,CJM,tun45,SB
2032,65,11774.5126579163,om11_3,CJM,tun45,SB
2033,65,11724.8719808969,om11_3,CJM,tun45,SB
2034,65,12295.5729573261,om11_3,CJM,tun45,SB
2035,65,12528.2465930451,om11_3,CJM,tun45,SB
2036,65,12855.8805412873,om11_3,CJM,tun45,SB
2037,65,13188.728818886,om11_3,CJM,tun45,SB
2038,65,13227.4115036366,om11_3,CJM,tun45,SB
2039,65,12927.4067947191,om11_3,CJM,tun45,SB
2040,65,12762.1010324494,om11_3,CJM,tun45,SB
2041,65,12570.9532392294,om11_3,CJM,tun45,SB
2042,65,11682.228352533,om11_3,CJM,tun45,SB
2043,65,10999.8271615506,om11_3,CJM,tun45,SB
2044,65,10123.1821320742,om11_3,CJM,tun45,SB
2045,65,9760.0375773715,om11_3,CJM,tun45,SB
2046,65,9847.1429848929,om11_3,CJM,tun45,SB
2047,65,9097.95469061775,om11_3,CJM,tun45,SB
2048,65,8617.90190581717,om11_3,CJM,tun45,SB
2049,65,9179.71739866867,om11_3,CJM,tun45,SB
2050,65,10322.8555768336,om11_3,CJM,tun45,SB
2025,110,9634.882166157,om11_3,CJM,tun45,SB
2026,110,10128.7395189204,om11_3,CJM,tun45,SB
2027,110,10164.4985225963,om11_3,CJM,tun45,SB
2028,110,10957.6250367318,om11_3,CJM,tun45,SB
2029,110,11548.3658653274,om11_3,CJM,tun45,SB
2030,110,11942.2154076636,om11_3,CJM,tun45,SB
2031,110,11843.2458272415,om11_3,CJM,tun45,SB
2032,110,10805.6936117847,om11_3,CJM,tun45,SB
2033,110,9172.84064545639,om11_3,CJM,tun45,SB
2034,110,8019.34386279493,om11_3,CJM,tun45,SB
2035,110,6856.1223653801,om11_3,CJM,tun45,SB
2036,110,5488.70311790108,om11_3,CJM,tun45,SB
2037,110,4330.23135958354,om11_3,CJM,tun45,SB
2038,110,3442.90425908112,om11_3,CJM,tun45,SB
2039,110,2574.83448417683,om11_3,CJM,tun45,SB
2040,110,1603.56897736115,om11_3,CJM,tun45,SB
2041,110,882.611166814308,om11_3,CJM,tun45,SB
2042,110,221.214432468555,om11_3,CJM,tun45,SB
2043,110,0,om11_3,CJM,tun45,SB
2044,110,0,om11_3,CJM,tun45,SB
2045,110,0,om11_3,CJM,tun45,SB
2046,110,0,om11_3,CJM,tun45,SB
2047,110,0,om11_3,CJM,tun45,SB
2048,110,0,om11_3,CJM,tun45,SB
2049,110,0,om11_3,CJM,tun45,SB
2050,110,0,om11_3,CJM,tun45,SB
2025,151,6742.27315938003,om11_3,CJM,tun45,SB
2026,151,6742.98537839432,om11_3,CJM,tun45,SB
2027,151,6416.67265151201,om11_3,CJM,tun45,SB
2028,151,7375.63154340775,om11_3,CJM,tun45,SB
2029,151,9413.81819241712,om11_3,CJM,tun45,SB
2030,151,11339.9426545707,om11_3,CJM,tun45,SB
2031,151,13039.4488092116,om11_3,CJM,tun45,SB
2032,151,13461.405558,om11_3,CJM,tun45,SB
2033,151,12887.3238701029,om11_3,CJM,tun45,SB
2034,151,12685.1990129345,om11_3,CJM,tun45,SB
2035,151,12055.4336301342,om11_3,CJM,tun45,SB
2036,151,11365.03806235,om11_3,CJM,tun45,SB
2037,151,10417.9939039129,om11_3,CJM,tun45,SB
2038,151,9090.36238654506,om11_3,CJM,tun45,SB
2039,151,7417.11656443172,om11_3,CJM,tun45,SB
2040,151,5713.02335439129,om11_3,CJM,tun45,SB
2041,151,4269.21130250518,om11_3,CJM,tun45,SB
2042,151,2957.68027877418,om11_3,CJM,tun45,SB
2043,151,2236.37359466605,om11_3,CJM,tun45,SB
2044,151,1558.48710821131,om11_3,CJM,tun45,SB
2045,151,957.441058675465,om11_3,CJM,tun45,SB
2046,151,314.680504508367,om11_3,CJM,tun45,SB
2047,151,0,om11_3,CJM,tun45,SB
2048,151,0,om11_3,CJM,tun45,SB
2049,151,0,om11_3,CJM,tun45,SB
2050,151,0,om11_3,CJM,tun45,SB
2025,158,7236.77187172129,om11_3,CJM,tun45,SB
2026,158,6755.33055352532,om11_3,CJM,tun45,SB
2027,158,6367.79872460798,om11_3,CJM,tun45,SB
2028,158,5924.79808025378,om11_3,CJM,tun45,SB
2029,158,5602.06959721614,om11_3,CJM,tun45,SB
2030,158,5384.80817956409,om11_3,CJM,tun45,SB
2031,158,5242.08204147711,om11_3,CJM,tun45,SB
2032,158,4802.62859712645,om11_3,CJM,tun45,SB
2033,158,4092.12138085025,om11_3,CJM,tun45,SB
2034,158,3534.28872687199,om11_3,CJM,tun45,SB
2035,158,3016.58847234414,om11_3,CJM,tun45,SB
2036,158,2470.55680652673,om11_3,CJM,tun45,SB
2037,158,1933.67396765141,om11_3,CJM,tun45,SB
2038,158,1938.61152611081,om11_3,CJM,tun45,SB
2039,158,1993.61110774326,om11_3,CJM,tun45,SB
2040,158,2262.15085312411,om11_3,CJM,tun45,SB
2041,158,2730.58127045811,om11_3,CJM,tun45,SB
2042,158,3253.75935777678,om11_3,CJM,tun45,SB
2043,158,4181.82352826156,om11_3,CJM,tun45,SB
2044,158,4953.45617530002,om11_3,CJM,tun45,SB
2045,158,5504.5381059429,om11_3,CJM,tun45,SB
2046,158,5883.36283805806,om11_3,CJM,tun45,SB
2047,158,6527.45359703303,om11_3,CJM,tun45,SB
2048,158,7014.04570736757,om11_3,CJM,tun45,SB
2049,158,7438.30763768575,om11_3,CJM,tun45,SB
2050,158,8072.40653627173,om11_3,CJM,tun45,SB
2025,165,7753.47260672735,om11_3,CJM,tun45,SB
2026,165,8054.23761899496,om11_3,CJM,tun45,SB
2027,165,8082.82785505941,om11_3,CJM,tun45,SB
2028,165,8395.96187867942,om11_3,CJM,tun45,SB
2029,165,8827.3892127194,om11_3,CJM,tun45,SB
2030,165,8848.76766191747,om11_3,CJM,tun45,SB
2031,165,8788.48886129666,om11_3,CJM,tun45,SB
2032,165,8918.34995470826,om11_3,CJM,tun45,SB
2033,165,8677.47103720369,om11_3,CJM,tun45,SB
2034,165,8683.13604183086,om11_3,CJM,tun45,SB
2035,165,8465.29032347213,om11_3,CJM,tun45,SB
2036,165,8362.64364977998,om11_3,CJM,tun45,SB
2037,165,7480.97838629904,om11_3,CJM,tun45,SB
2038,165,6202.77682029053,om11_3,CJM,tun45,SB
2039,165,4700.92363458608,om11_3,CJM,tun45,SB
2040,165,3335.05960369126,om11_3,CJM,tun45,SB
2041,165,2244.51995241185,om11_3,CJM,tun45,SB
2042,165,1631.24055685328,om11_3,CJM,tun45,SB
2043,165,1757.16488471494,om11_3,CJM,tun45,SB
2044,165,1978.83127968186,om11_3,CJM,tun45,SB
2045,165,2119.63452884619,om11_3,CJM,tun45,SB
2046,165,2267.98337460567,om11_3,CJM,tun45,SB
2047,165,2212.3303636283,om11_3,CJM,tun45,SB
2048,165,2109.86291427952,om11_3,CJM,tun45,SB
2049,165,1977.01640416071,om11_3,CJM,tun45,SB
2050,165,2173.86935177972,om11_3,CJM,tun45,SB
2025,177,8041.24231146839,om11_3,CJM,tun45,SB
2026,177,7655.10982983503,om11_3,CJM,tun45,SB
2027,177,7166.02176901077,om11_3,CJM,tun45,SB
2028,177,7020.43160483029,om11_3,CJM,tun45,SB
2029,177,6518.44657022813,om11_3,CJM,tun45,SB
2030,177,5590.7699533132,om11_3,CJM,tun45,SB
2031,177,4678.14303412831,om11_3,CJM,tun45,SB
2032,177,3895.03730473153,om11_3,CJM,tun45,SB
2033,177,3808.08746831702,om11_3,CJM,tun45,SB
2034,177,4123.12880718476,om11_3,CJM,tun45,SB
2035,177,4132.79316578038,om11_3,CJM,tun45,SB
2036,177,4250.75510139851,om11_3,CJM,tun45,SB
2037,177,4117.5464261404,om11_3,CJM,tun45,SB
2038,177,3926.49279000553,om11_3,CJM,tun45,SB
2039,177,3663.33087490297,om11_3,CJM,tun45,SB
2040,177,3251.26532476125,om11_3,CJM,tun45,SB
2041,177,2850.34704224849,om11_3,CJM,tun45,SB
2042,177,2655.39957614449,om11_3,CJM,tun45,SB
2043,177,2717.06464578022,om11_3,CJM,tun45,SB
2044,177,2692.2670394232,om11_3,CJM,tun45,SB
2045,177,2762.79527538036,om11_3,CJM,tun45,SB
2046,177,2703.61692160216,om11_3,CJM,tun45,SB
2047,177,2360.88747980623,om11_3,CJM,tun45,SB
2048,177,1893.22498387826,om11_3,CJM,tun45,SB
2049,177,1553.33618506995,om11_3,CJM,tun45,SB
2050,177,1369.84406271018,om11_3,CJM,tun45,SB
2025,186,7859.93258500356,om11_3,CJM,tun45,SB
2026,186,8307.22167118535,om11_3,CJM,tun45,SB
2027,186,8699.75498861057,om11_3,CJM,tun45,SB
2028,186,8863.25088750442,om11_3,CJM,tun45,SB
2029,186,8889.86374969868,om11_3,CJM,tun45,SB
2030,186,9462.70612351258,om11_3,CJM,tun45,SB
2031,186,10897.9421809548,om11_3,CJM,tun45,SB
2032,186,11306.9316641396,om11_3,CJM,tun45,SB
2033,186,10180.8860908671,om11_3,CJM,tun45,SB
2034,186,9318.44059651153,om11_3,CJM,tun45,SB
2035,186,8408.938506263,om11_3,CJM,tun45,SB
2036,186,8355.24870392576,om11_3,CJM,tun45,SB
2037,186,8647.32235329065,om11_3,CJM,tun45,SB
2038,186,9857.94220171405,om11_3,CJM,tun45,SB
2039,186,10831.7658576577,om11_3,CJM,tun45,SB
2040,186,10335.1370063689,om11_3,CJM,tun45,SB
2041,186,9952.89911820655,om11_3,CJM,tun45,SB
2042,186,11223.917183337,om11_3,CJM,tun45,SB
2043,186,14331.6636770895,om11_3,CJM,tun45,SB
2044,186,16993.5911893519,om11_3,CJM,tun45,SB
2045,186,18880.662132278,om11_3,CJM,tun45,SB
2046,186,19479.1108748732,om11_3,CJM,tun45,SB
2047,186,19477.4996605046,om11_3,CJM,tun45,SB
2048,186,19761.9561906506,om11_3,CJM,tun45,SB
2049,186,20637.7754180886,om11_3,CJM,tun45,SB
2050,186,22632.7226416593,om11_3,CJM,tun45,SB
2025,246,8847.56725195435,om11_3,CJM,tun45,SB
2026,246,9193.73836812464,om11_3,CJM,tun45,SB
2027,246,8644.52528557628,om11_3,CJM,tun45,SB
2028,246,8006.72344732261,om11_3,CJM,tun45,SB
2029,246,7496.4684963412,om11_3,CJM,tun45,SB
2030,246,6839.04613804077,om11_3,CJM,tun45,SB
2031,246,6604.63942635479,om11_3,CJM,tun45,SB
2032,246,7054.07937071476,om11_3,CJM,tun45,SB
2033,246,7263.72196312119,om11_3,CJM,tun45,SB
2034,246,7299.0971059822,om11_3,CJM,tun45,SB
2035,246,7064.71108745175,om11_3,CJM,tun45,SB
2036,246,6818.83530800773,om11_3,CJM,tun45,SB
2037,246,5984.01270996296,om11_3,CJM,tun45,SB
2038,246,5250.62580970075,om11_3,CJM,tun45,SB
2039,246,4713.18778448408,om11_3,CJM,tun45,SB
2040,246,4361.52200464137,om11_3,CJM,tun45,SB
2041,246,4060.45650312776,om11_3,CJM,tun45,SB
2042,246,3872.08048356128,om11_3,CJM,tun45,SB
2043,246,4367.8478054396,om11_3,CJM,tun45,SB
2044,246,5918.4593500771,om11_3,CJM,tun45,SB
2045,246,7447.00195265201,om11_3,CJM,tun45,SB
2046,246,8531.9191069057,om11_3,CJM,tun45,SB
2047,246,10124.09049277,om11_3,CJM,tun45,SB
2048,246,11497.7542628232,om11_3,CJM,tun45,SB
2049,246,12000.296035757,om11_3,CJM,tun45,SB
2050,246,12091.0311368636,om11_3,CJM,tun45,SB
2025,327,6418.0774926786,om11_3,CJM,tun45,SB
2026,327,7054.91840671279,om11_3,CJM,tun45,SB
2027,327,7641.04927195163,om11_3,CJM,tun45,SB
2028,327,8643.42480762593,om11_3,CJM,tun45,SB
2029,327,9937.47098250035,om11_3,CJM,tun45,SB
2030,327,11152.4513086338,om11_3,CJM,tun45,SB
2031,327,12117.0209113401,om11_3,CJM,tun45,SB
2032,327,13239.6099316247,om11_3,CJM,tun45,SB
2033,327,13463.4493643475,om11_3,CJM,tun45,SB
2034,327,12938.8716650455,om11_3,CJM,tun45,SB
2035,327,11876.772549238,om11_3,CJM,tun45,SB
2036,327,10865.9539044132,om11_3,CJM,tun45,SB
2037,327,9768.48940095269,om11_3,CJM,tun45,SB
2038,327,8257.45110050633,om11_3,CJM,tun45,SB
2039,327,6662.64472336775,om11_3,CJM,tun45,SB
2040,327,5186.26798417563,om11_3,CJM,tun45,SB
2041,327,3888.46747843234,om11_3,CJM,tun45,SB
2042,327,2703.74008604943,om11_3,CJM,tun45,SB
2043,327,1974.6566467793,om11_3,CJM,tun45,SB
2044,327,1686.11297011677,om11_3,CJM,tun45,SB
2045,327,1908.46701417762,om11_3,CJM,tun45,SB
2046,327,1966.56534109651,om11_3,CJM,tun45,SB
2047,327,1783.18887420101,om11_3,CJM,tun45,SB
2048,327,1909.40151117064,om11_3,CJM,tun45,SB
2049,327,2155.12956015356,om11_3,CJM,tun45,SB
2050,327,2716.87015928623,om11_3,CJM,tun45,SB
2025,344,8341.1219780227,om11_3,CJM,tun45,SB
2026,344,8517.74228275362,om11_3,CJM,tun45,SB
2027,344,8895.00341303753,om11_3,CJM,tun45,SB
2028,344,10063.202320407,om11_3,CJM,tun45,SB
2029,344,13072.1900924266,om11_3,CJM,tun45,SB
2030,344,15922.5588825965,om11_3,CJM,tun45,SB
2031,344,16632.9343203754,om11_3,CJM,tun45,SB
2032,344,16087.3930406283,om11_3,CJM,tun45,SB
2033,344,15368.6070336957,om11_3,CJM,tun45,SB
2034,344,15601.9234374415,om11_3,CJM,tun45,SB
2035,344,15180.1529118749,om11_3,CJM,tun45,SB
2036,344,13986.8638393783,om11_3,CJM,tun45,SB
2037,344,12631.7462635756,om11_3,CJM,tun45,SB
2038,344,11712.7084329112,om11_3,CJM,tun45,SB
2039,344,10799.2084928142,om11_3,CJM,tun45,SB
2040,344,10269.494392949,om11_3,CJM,tun45,SB
2041,344,10658.2336461601,om11_3,CJM,tun45,SB
2042,344,10806.1873361181,om11_3,CJM,tun45,SB
2043,344,10565.7502219304,om11_3,CJM,tun45,SB
2044,344,10182.0691890434,om11_3,CJM,tun45,SB
2045,344,10311.7457752782,om11_3,CJM,tun45,SB
2046,344,10431.9430345623,om11_3,CJM,tun45,SB
2047,344,11214.6775160886,om11_3,CJM,tun45,SB
2048,344,13008.0815809187,om11_3,CJM,tun45,SB
2049,344,14008.5718943179,om11_3,CJM,tun45,SB
2050,344,14418.1777293023,om11_3,CJM,tun45,SB
2025,348,6263.92727977176,om11_3,CJM,tun45,SB
2026,348,6621.98720136396,om11_3,CJM,tun45,SB
2027,348,6276.21930826065,om11_3,CJM,tun45,SB
2028,348,6172.04070354457,om11_3,CJM,tun45,SB
2029,348,6196.26372490581,om11_3,CJM,tun45,SB
2030,348,5886.17535525553,om11_3,CJM,tun45,SB
2031,348,5091.41055405768,om11_3,CJM,tun45,SB
2032,348,4606.69358967979,om11_3,CJM,tun45,SB
2033,348,4100.28853624413,om11_3,CJM,tun45,SB
2034,348,3611.53641893217,om11_3,CJM,tun45,SB
2035,348,2669.07931981994,om11_3,CJM,tun45,SB
2036,348,1792.01534133717,om11_3,CJM,tun45,SB
2037,348,1062.7603042706,om11_3,CJM,tun45,SB
2038,348,621.581258835748,om11_3,CJM,tun45,SB
2039,348,209.845038079109,om11_3,CJM,tun45,SB
2040,348,0,om11_3,CJM,tun45,SB
2041,348,0,om11_3,CJM,tun45,SB
2042,348,0,om11_3,CJM,tun45,SB
2043,348,0,om11_3,CJM,tun45,SB
2044,348,0,om11_3,CJM,tun45,SB
2045,348,0,om11_3,CJM,tun45,SB
2046,348,0,om11_3,CJM,tun45,SB
2047,348,0,om11_3,CJM,tun45,SB
2048,348,0,om11_3,CJM,tun45,SB
2049,348,0,om11_3,CJM,tun45,SB
2050,348,0,om11_3,CJM,tun45,SB
2025,367,7127.3628316359,om11_3,CJM,tun45,SB
2026,367,6771.0474494013,om11_3,CJM,tun45,SB
2027,367,5759.66850845042,om11_3,CJM,tun45,SB
2028,367,4955.15788866933,om11_3,CJM,tun45,SB
2029,367,4344.14030798614,om11_3,CJM,tun45,SB
2030,367,3743.01867317977,om11_3,CJM,tun45,SB
2031,367,3435.68558980724,om11_3,CJM,tun45,SB
2032,367,3204.90360763811,om11_3,CJM,tun45,SB
2033,367,3127.92380405766,om11_3,CJM,tun45,SB
2034,367,3831.41335300356,om11_3,CJM,tun45,SB
2035,367,5537.86617357016,om11_3,CJM,tun45,SB
2036,367,7198.48856798079,om11_3,CJM,tun45,SB
2037,367,8288.3765714165,om11_3,CJM,tun45,SB
2038,367,9214.05578841116,om11_3,CJM,tun45,SB
2039,367,10089.626339658,om11_3,CJM,tun45,SB
2040,367,11626.5778010466,om11_3,CJM,tun45,SB
2041,367,13232.2771413324,om11_3,CJM,tun45,SB
2042,367,15059.9550587912,om11_3,CJM,tun45,SB
2043,367,16407.3017219027,om11_3,CJM,tun45,SB
2044,367,17517.2884907351,om11_3,CJM,tun45,SB
2045,367,19391.0392385926,om11_3,CJM,tun45,SB
2046,367,20340.948873139,om11_3,CJM,tun45,SB
2047,367,19959.1271615242,om11_3,CJM,tun45,SB
2048,367,19010.7789992463,om11_3,CJM,tun45,SB
2049,367,18168.2201628672,om11_3,CJM,tun45,SB
2050,367,17464.8553752624,om11_3,CJM,tun45,SB
2025,397,7216.38347223923,om11_3,CJM,tun45,SB
2026,397,7288.82385168722,om11_3,CJM,tun45,SB
2027,397,6821.30740824942,om11_3,CJM,tun45,SB
2028,397,6429.89264558996,om11_3,CJM,tun45,SB
2029,397,6448.2888548874,om11_3,CJM,tun45,SB
2030,397,6869.60033565321,om11_3,CJM,tun45,SB
2031,397,7040.05807569712,om11_3,CJM,tun45,SB
2032,397,7587.14843390654,om11_3,CJM,tun45,SB
2033,397,8249.54370835029,om11_3,CJM,tun45,SB
2034,397,8923.87160748268,om11_3,CJM,tun45,SB
2035,397,9284.13920818712,om11_3,CJM,tun45,SB
2036,397,8913.09833814721,om11_3,CJM,tun45,SB
2037,397,8216.49374321504,om11_3,CJM,tun45,SB
2038,397,7222.34845372669,om11_3,CJM,tun45,SB
2039,397,6000.94696914831,om11_3,CJM,tun45,SB
2040,397,4429.60816695944,om11_3,CJM,tun45,SB
2041,397,2944.76692824537,om11_3,CJM,tun45,SB
2042,397,1052.64328838972,om11_3,CJM,tun45,SB
2043,397,9.68284747228641e-07,om11_3,CJM,tun45,SB
2044,397,0,om11_3,CJM,tun45,SB
2045,397,0,om11_3,CJM,tun45,SB
2046,397,0,om11_3,CJM,tun45,SB
2047,397,0,om11_3,CJM,tun45,SB
2048,397,0,om11_3,CJM,tun45,SB
2049,397,0,om11_3,CJM,tun45,SB
2050,397,0,om11_3,CJM,tun45,SB
2025,498,6629.64153376063,om11_3,CJM,tun45,SB
2026,498,6063.8124107655,om11_3,CJM,tun45,SB
2027,498,5595.57496828477,om11_3,CJM,tun45,SB
2028,498,5353.87617413505,om11_3,CJM,tun45,SB
2029,498,5411.39244083933,om11_3,CJM,tun45,SB
2030,498,5596.26781642904,om11_3,CJM,tun45,SB
2031,498,5750.24970628398,om11_3,CJM,tun45,SB
2032,498,6385.60660673497,om11_3,CJM,tun45,SB
2033,498,7018.48432570741,om11_3,CJM,tun45,SB
2034,498,7628.44459404252,om11_3,CJM,tun45,SB
2035,498,8497.42274741573,om11_3,CJM,tun45,SB
2036,498,8674.74150479512,om11_3,CJM,tun45,SB
2037,498,7710.41859982097,om11_3,CJM,tun45,SB
2038,498,6918.13174433672,om11_3,CJM,tun45,SB
2039,498,5730.88027903855,om11_3,CJM,tun45,SB
2040,498,4632.82483569323,om11_3,CJM,tun45,SB
2041,498,4077.59089370272,om11_3,CJM,tun45,SB
2042,498,3382.12503185577,om11_3,CJM,tun45,SB
2043,498,2934.03301249767,om11_3,CJM,tun45,SB
2044,498,3197.68161378582,om11_3,CJM,tun45,SB
2045,498,4594.42656506542,om11_3,CJM,tun45,SB
2046,498,6023.22995602059,om11_3,CJM,tun45,SB
2047,498,6717.06664491001,om11_3,CJM,tun45,SB
2048,498,7088.52868835104,om11_3,CJM,tun45,SB
2049,498,7637.23741989909,om11_3,CJM,tun45,SB
2050,498,7867.72909299364,om11_3,CJM,tun45,SB
2025,37,1385.8907626811,om11_3,CJM,tun45,C
2026,37,1193.92197554879,om11_3,CJM,tun45,C
2027,37,1147.35001681102,om11_3,CJM,tun45,C
2028,37,1169.9815425047,om11_3,CJM,tun45,C
2029,37,1274.66502740487,om11_3,CJM,tun45,C
2030,37,1463.63465345562,om11_3,CJM,tun45,C
2031,37,1592.69594638064,om11_3,CJM,tun45,C
2032,37,1871.67042501308,om11_3,CJM,tun45,C
2033,37,1844.68479448621,om11_3,CJM,tun45,C
2034,37,2057.15055020055,om11_3,CJM,tun45,C
2035,37,1783.32057497009,om11_3,CJM,tun45,C
2036,37,1597.93233250924,om11_3,CJM,tun45,C
2037,37,1624.88759820768,om11_3,CJM,tun45,C
2038,37,1630.03086641796,om11_3,CJM,tun45,C
2039,37,1521.16382589856,om11_3,CJM,tun45,C
2040,37,1672.17811975021,om11_3,CJM,tun45,C
2041,37,1902.87408501484,om11_3,CJM,tun45,C
2042,37,1994.66319211382,om11_3,CJM,tun45,C
2043,37,2009.16922142599,om11_3,CJM,tun45,C
2044,37,1994.0930188086,om11_3,CJM,tun45,C
2045,37,1927.00281059283,om11_3,CJM,tun45,C
2046,37,1789.29175159488,om11_3,CJM,tun45,C
2047,37,1975.31597271539,om11_3,CJM,tun45,C
2048,37,2053.46221930448,om11_3,CJM,tun45,C
2049,37,2024.21859228353,om11_3,CJM,tun45,C
2050,37,2063.01939590024,om11_3,CJM,tun45,C
2025,65,1385.8907626811,om11_3,CJM,tun45,C
2026,65,1212.90818301219,om11_3,CJM,tun45,C
2027,65,1145.97852226224,om11_3,CJM,tun45,C
2028,65,1045.8418972403,om11_3,CJM,tun45,C
2029,65,1204.24521274032,om11_3,CJM,tun45,C
2030,65,1360.06091014552,om11_3,CJM,tun45,C
2031,65,1502.19470040692,om11_3,CJM,tun45,C
2032,65,1551.07431952557,om11_3,CJM,tun45,C
2033,65,1812.65596779398,om11_3,CJM,tun45,C
2034,65,2065.00635133999,om11_3,CJM,tun45,C
2035,65,2052.27347051019,om11_3,CJM,tun45,C
2036,65,2021.8058441005,om11_3,CJM,tun45,C
2037,65,1982.42457092498,om11_3,CJM,tun45,C
2038,65,2066.6593530321,om11_3,CJM,tun45,C
2039,65,2034.69351237764,om11_3,CJM,tun45,C
2040,65,2034.15796981318,om11_3,CJM,tun45,C
2041,65,2086.19438608768,om11_3,CJM,tun45,C
2042,65,2066.06527723963,om11_3,CJM,tun45,C
2043,65,2059.85840799876,om11_3,CJM,tun45,C
2044,65,2059.40631619775,om11_3,CJM,tun45,C
2045,65,2013.44203381904,om11_3,CJM,tun45,C
2046,65,2042.75670625395,om11_3,CJM,tun45,C
2047,65,2083.27710195482,om11_3,CJM,tun45,C
2048,65,2018.23254258111,om11_3,CJM,tun45,C
2049,65,2010.8044495758,om11_3,CJM,tun45,C
2050,65,2051.06750774032,om11_3,CJM,tun45,C
2025,110,1385.8907626811,om11_3,CJM,tun45,C
2026,110,1188.91322967204,om11_3,CJM,tun45,C
2027,110,1197.07837611125,om11_3,CJM,tun45,C
2028,110,1196.22606305557,om11_3,CJM,tun45,C
2029,110,1348.35547806445,om11_3,CJM,tun45,C
2030,110,1552.04750409444,om11_3,CJM,tun45,C
2031,110,1756.45155778345,om11_3,CJM,tun45,C
2032,110,2061.30811738441,om11_3,CJM,tun45,C
2033,110,2068.34351253821,om11_3,CJM,tun45,C
2034,110,2046.47938009017,om11_3,CJM,tun45,C
2035,110,1997.7205653671,om11_3,CJM,tun45,C
2036,110,2018.90831893392,om11_3,CJM,tun45,C
2037,110,1902.80443716532,om11_3,CJM,tun45,C
2038,110,1797.89919912954,om11_3,CJM,tun45,C
2039,110,1557.56398498226,om11_3,CJM,tun45,C
2040,110,1345.51330189022,om11_3,CJM,tun45,C
2041,110,1133.1705732642,om11_3,CJM,tun45,C
2042,110,998.674207079476,om11_3,CJM,tun45,C
2043,110,474.934964714592,om11_3,CJM,tun45,C
2044,110,1.01452777052906e-05,om11_3,CJM,tun45,C
2045,110,1.01200700686538e-05,om11_3,CJM,tun45,C
2046,110,1.01213572923808e-05,om11_3,CJM,tun45,C
2047,110,1.01484802744375e-05,om11_3,CJM,tun45,C
2048,110,1.01307825174043e-05,om11_3,CJM,tun45,C
2049,110,1.01461112131106e-05,om11_3,CJM,tun45,C
2050,110,1.01374515232341e-05,om11_3,CJM,tun45,C
2025,151,1385.8907626811,om11_3,CJM,tun45,C
2026,151,1197.38872078274,om11_3,CJM,tun45,C
2027,151,1163.07758467069,om11_3,CJM,tun45,C
2028,151,1097.59948760872,om11_3,CJM,tun45,C
2029,151,1001.66763115353,om11_3,CJM,tun45,C
2030,151,1057.95851376639,om11_3,CJM,tun45,C
2031,151,1225.78760627685,om11_3,CJM,tun45,C
2032,151,1394.35402494911,om11_3,CJM,tun45,C
2033,151,1606.09186179595,om11_3,CJM,tun45,C
2034,151,1868.19119643914,om11_3,CJM,tun45,C
2035,151,2021.3194383344,om11_3,CJM,tun45,C
2036,151,2076.33691072589,om11_3,CJM,tun45,C
2037,151,2057.36299216406,om11_3,CJM,tun45,C
2038,151,1993.66632903579,om11_3,CJM,tun45,C
2039,151,2079.86463800646,om11_3,CJM,tun45,C
2040,151,2031.67262501715,om11_3,CJM,tun45,C
2041,151,2027.95099905797,om11_3,CJM,tun45,C
2042,151,2064.37757629969,om11_3,CJM,tun45,C
2043,151,1752.49262044749,om11_3,CJM,tun45,C
2044,151,1475.82036281758,om11_3,CJM,tun45,C
2045,151,1315.32696798152,om11_3,CJM,tun45,C
2046,151,1075.13141121814,om11_3,CJM,tun45,C
2047,151,598.959317349618,om11_3,CJM,tun45,C
2048,151,1.01164705020387e-05,om11_3,CJM,tun45,C
2049,151,1.00855898460407e-05,om11_3,CJM,tun45,C
2050,151,1.0098201808468e-05,om11_3,CJM,tun45,C
2025,158,1385.8907626811,om11_3,CJM,tun45,C
2026,158,1193.34491076353,om11_3,CJM,tun45,C
2027,158,1190.8094579413,om11_3,CJM,tun45,C
2028,158,1017.78095285233,om11_3,CJM,tun45,C
2029,158,1104.81570627056,om11_3,CJM,tun45,C
2030,158,1144.79179246326,om11_3,CJM,tun45,C
2031,158,1042.13210449324,om11_3,CJM,tun45,C
2032,158,1043.91089966369,om11_3,CJM,tun45,C
2033,158,1003.85694066617,om11_3,CJM,tun45,C
2034,158,1098.23974459712,om11_3,CJM,tun45,C
2035,158,1024.87127854648,om11_3,CJM,tun45,C
2036,158,1029.9747917319,om11_3,CJM,tun45,C
2037,158,867.491348520856,om11_3,CJM,tun45,C
2038,158,749.762237002332,om11_3,CJM,tun45,C
2039,158,624.469432797926,om11_3,CJM,tun45,C
2040,158,526.646669998064,om11_3,CJM,tun45,C
2041,158,556.542670882098,om11_3,CJM,tun45,C
2042,158,560.415697176053,om11_3,CJM,tun45,C
2043,158,536.376279724957,om11_3,CJM,tun45,C
2044,158,523.314284617517,om11_3,CJM,tun45,C
2045,158,593.046092148247,om11_3,CJM,tun45,C
2046,158,605.261208943731,om11_3,CJM,tun45,C
2047,158,631.043314276108,om11_3,CJM,tun45,C
2048,158,741.739098555295,om11_3,CJM,tun45,C
2049,158,846.71650352958,om11_3,CJM,tun45,C
2050,158,998.096151902601,om11_3,CJM,tun45,C
2025,165,1385.8907626811,om11_3,CJM,tun45,C
2026,165,1207.39999294435,om11_3,CJM,tun45,C
2027,165,1175.15558227301,om11_3,CJM,tun45,C
2028,165,1290.67223614634,om11_3,CJM,tun45,C
2029,165,1444.06010032047,om11_3,CJM,tun45,C
2030,165,1612.09422857275,om11_3,CJM,tun45,C
2031,165,1485.57161135812,om11_3,CJM,tun45,C
2032,165,1541.59958817165,om11_3,CJM,tun45,C
2033,165,1664.76510636634,om11_3,CJM,tun45,C
2034,165,1640.02427485589,om11_3,CJM,tun45,C
2035,165,1503.62178258337,om11_3,CJM,tun45,C
2036,165,1413.75779369816,om11_3,CJM,tun45,C
2037,165,1598.64589400956,om11_3,CJM,tun45,C
2038,165,1755.91562180908,om11_3,CJM,tun45,C
2039,165,1869.65177766994,om11_3,CJM,tun45,C
2040,165,1666.54422309452,om11_3,CJM,tun45,C
2041,165,1482.93471693961,om11_3,CJM,tun45,C
2042,165,1294.30317871541,om11_3,CJM,tun45,C
2043,165,1103.44582063241,om11_3,CJM,tun45,C
2044,165,916.565678899379,om11_3,CJM,tun45,C
2045,165,792.502401421928,om11_3,CJM,tun45,C
2046,165,675.433558916433,om11_3,CJM,tun45,C
2047,165,555.007189337373,om11_3,CJM,tun45,C
2048,165,484.311267760185,om11_3,CJM,tun45,C
2049,165,488.429305886092,om11_3,CJM,tun45,C
2050,165,492.898090368336,om11_3,CJM,tun45,C
2025,177,1385.8907626811,om11_3,CJM,tun45,C
2026,177,1201.50232681969,om11_3,CJM,tun45,C
2027,177,1179.62666511796,om11_3,CJM,tun45,C
2028,177,1120.92903687539,om11_3,CJM,tun45,C
2029,177,1116.33695262161,om11_3,CJM,tun45,C
2030,177,1272.5021003194,om11_3,CJM,tun45,C
2031,177,1499.91658451264,om11_3,CJM,tun45,C
2032,177,1641.96794827773,om11_3,CJM,tun45,C
2033,177,1398.31757326078,om11_3,CJM,tun45,C
2034,177,1198.62088197117,om11_3,CJM,tun45,C
2035,177,995.289176393383,om11_3,CJM,tun45,C
2036,177,903.699415811062,om11_3,CJM,tun45,C
2037,177,942.539609226885,om11_3,CJM,tun45,C
2038,177,869.086003899578,om11_3,CJM,tun45,C
2039,177,918.287266409855,om11_3,CJM,tun45,C
2040,177,867.388060629016,om11_3,CJM,tun45,C
2041,177,807.850053584672,om11_3,CJM,tun45,C
2042,177,672.006227838226,om11_3,CJM,tun45,C
2043,177,658.238368093422,om11_3,CJM,tun45,C
2044,177,682.234471935633,om11_3,CJM,tun45,C
2045,177,637.658664674424,om11_3,CJM,tun45,C
2046,177,673.968756321305,om11_3,CJM,tun45,C
2047,177,668.625603407335,om11_3,CJM,tun45,C
2048,177,634.694235423276,om11_3,CJM,tun45,C
2049,177,529.510475419564,om11_3,CJM,tun45,C
2050,177,465.191250560017,om11_3,CJM,tun45,C
2025,186,1385.8907626811,om11_3,CJM,tun45,C
2026,186,1216.95404188098,om11_3,CJM,tun45,C
2027,186,1159.39439162881,om11_3,CJM,tun45,C
2028,186,1051.15991240949,om11_3,CJM,tun45,C
2029,186,1061.50853408225,om11_3,CJM,tun45,C
2030,186,1177.10062256912,om11_3,CJM,tun45,C
2031,186,1270.48984516982,om11_3,CJM,tun45,C
2032,186,1473.17647640522,om11_3,CJM,tun45,C
2033,186,1686.22747427813,om11_3,CJM,tun45,C
2034,186,1956.96384208474,om11_3,CJM,tun45,C
2035,186,2031.19344679175,om11_3,CJM,tun45,C
2036,186,2005.12284462791,om11_3,CJM,tun45,C
2037,186,2004.54474099525,om11_3,CJM,tun45,C
2038,186,2040.5510265253,om11_3,CJM,tun45,C
2039,186,1915.17384860532,om11_3,CJM,tun45,C
2040,186,1879.52910795708,om11_3,CJM,tun45,C
2041,186,2033.06223025005,om11_3,CJM,tun45,C
2042,186,2017.07497880307,om11_3,CJM,tun45,C
2043,186,2028.61754739032,om11_3,CJM,tun45,C
2044,186,2012.45151692539,om11_3,CJM,tun45,C
2045,186,2012.31146253864,om11_3,CJM,tun45,C
2046,186,2057.46013541241,om11_3,CJM,tun45,C
2047,186,2005.55088364106,om11_3,CJM,tun45,C
2048,186,2047.81738708531,om11_3,CJM,tun45,C
2049,186,2053.51506167134,om11_3,CJM,tun45,C
2050,186,2015.55256250395,om11_3,CJM,tun45,C
2025,246,1385.8907626811,om11_3,CJM,tun45,C
2026,246,1243.46348919615,om11_3,CJM,tun45,C
2027,246,1151.08309946464,om11_3,CJM,tun45,C
2028,246,992.935927270704,om11_3,CJM,tun45,C
2029,246,1123.66209164765,om11_3,CJM,tun45,C
2030,246,1342.91274883143,om11_3,CJM,tun45,C
2031,246,1487.70316613869,om11_3,CJM,tun45,C
2032,246,1722.21721323895,om11_3,CJM,tun45,C
2033,246,1766.25025772722,om11_3,CJM,tun45,C
2034,246,1520.08344522807,om11_3,CJM,tun45,C
2035,246,1418.55325064344,om11_3,CJM,tun45,C
2036,246,1562.86101117085,om11_3,CJM,tun45,C
2037,246,1703.89850919892,om11_3,CJM,tun45,C
2038,246,1423.00074569458,om11_3,CJM,tun45,C
2039,246,1239.79763614174,om11_3,CJM,tun45,C
2040,246,1049.05004839568,om11_3,CJM,tun45,C
2041,246,1035.80955858103,om11_3,CJM,tun45,C
2042,246,1026.24101891753,om11_3,CJM,tun45,C
2043,246,979.669919486853,om11_3,CJM,tun45,C
2044,246,843.886320514225,om11_3,CJM,tun45,C
2045,246,841.878655739111,om11_3,CJM,tun45,C
2046,246,878.313533724331,om11_3,CJM,tun45,C
2047,246,953.224678584082,om11_3,CJM,tun45,C
2048,246,1026.91659631638,om11_3,CJM,tun45,C
2049,246,1201.25797171611,om11_3,CJM,tun45,C
2050,246,1407.35058644126,om11_3,CJM,tun45,C
2025,327,1385.8907626811,om11_3,CJM,tun45,C
2026,327,1230.90135955173,om11_3,CJM,tun45,C
2027,327,1161.9615588122,om11_3,CJM,tun45,C
2028,327,1156.20005945283,om11_3,CJM,tun45,C
2029,327,1325.02327909398,om11_3,CJM,tun45,C
2030,327,1524.67619805896,om11_3,CJM,tun45,C
2031,327,1776.85173599099,om11_3,CJM,tun45,C
2032,327,2029.58886619304,om11_3,CJM,tun45,C
2033,327,1991.4935259454,om11_3,CJM,tun45,C
2034,327,2043.02497274038,om11_3,CJM,tun45,C
2035,327,1996.11688888292,om11_3,CJM,tun45,C
2036,327,2037.01365428171,om11_3,CJM,tun45,C
2037,327,2015.01186670395,om11_3,CJM,tun45,C
2038,327,2019.85236148933,om11_3,CJM,tun45,C
2039,327,2013.06089410579,om11_3,CJM,tun45,C
2040,327,2042.65911060974,om11_3,CJM,tun45,C
2041,327,2061.73207995705,om11_3,CJM,tun45,C
2042,327,2007.51271602823,om11_3,CJM,tun45,C
2043,327,1761.71380784753,om11_3,CJM,tun45,C
2044,327,1479.79191387114,om11_3,CJM,tun45,C
2045,327,1269.83708888499,om11_3,CJM,tun45,C
2046,327,1083.58003102341,om11_3,CJM,tun45,C
2047,327,899.410748993783,om11_3,CJM,tun45,C
2048,327,784.823458473657,om11_3,CJM,tun45,C
2049,327,641.834160415739,om11_3,CJM,tun45,C
2050,327,565.884227622809,om11_3,CJM,tun45,C
2025,344,1385.8907626811,om11_3,CJM,tun45,C
2026,344,1239.32576514677,om11_3,CJM,tun45,C
2027,344,1173.52977321434,om11_3,CJM,tun45,C
2028,344,1369.56178184281,om11_3,CJM,tun45,C
2029,344,1563.44595535988,om11_3,CJM,tun45,C
2030,344,1773.10159668271,om11_3,CJM,tun45,C
2031,344,2073.79827109289,om11_3,CJM,tun45,C
2032,344,2011.5827394516,om11_3,CJM,tun45,C
2033,344,2042.19723031424,om11_3,CJM,tun45,C
2034,344,2034.51003573788,om11_3,CJM,tun45,C
2035,344,2019.85064927345,om11_3,CJM,tun45,C
2036,344,1997.87738475501,om11_3,CJM,tun45,C
2037,344,2024.6405724937,om11_3,CJM,tun45,C
2038,344,2089.36962428162,om11_3,CJM,tun45,C
2039,344,1994.46726072236,om11_3,CJM,tun45,C
2040,344,1992.78836719347,om11_3,CJM,tun45,C
2041,344,2068.85596613374,om11_3,CJM,tun45,C
2042,344,2089.11964778695,om11_3,CJM,tun45,C
2043,344,2072.88605639085,om11_3,CJM,tun45,C
2044,344,1998.33517415293,om11_3,CJM,tun45,C
2045,344,2083.21161587721,om11_3,CJM,tun45,C
2046,344,2029.68747311666,om11_3,CJM,tun45,C
2047,344,2015.21428936123,om11_3,CJM,tun45,C
2048,344,1992.93684080309,om11_3,CJM,tun45,C
2049,344,2076.19857781988,om11_3,CJM,tun45,C
2050,344,2034.04538315702,om11_3,CJM,tun45,C
2025,348,1385.8907626811,om11_3,CJM,tun45,C
2026,348,1233.12480054741,om11_3,CJM,tun45,C
2027,348,1185.86809744287,om11_3,CJM,tun45,C
2028,348,998.7213763071,om11_3,CJM,tun45,C
2029,348,1116.69064261219,om11_3,CJM,tun45,C
2030,348,1263.5013483465,om11_3,CJM,tun45,C
2031,348,1403.67030429513,om11_3,CJM,tun45,C
2032,348,1169.26514237904,om11_3,CJM,tun45,C
2033,348,1096.74252586418,om11_3,CJM,tun45,C
2034,348,1237.99354456836,om11_3,CJM,tun45,C
2035,348,1406.28917362996,om11_3,CJM,tun45,C
2036,348,1367.91443902697,om11_3,CJM,tun45,C
2037,348,1174.48723923014,om11_3,CJM,tun45,C
2038,348,997.627027056806,om11_3,CJM,tun45,C
2039,348,866.918585218937,om11_3,CJM,tun45,C
2040,348,401.255776730733,om11_3,CJM,tun45,C
2041,348,1.01084339162029e-05,om11_3,CJM,tun45,C
2042,348,1.01150045121343e-05,om11_3,CJM,tun45,C
2043,348,1.01046287663182e-05,om11_3,CJM,tun45,C
2044,348,1.01141041324805e-05,om11_3,CJM,tun45,C
2045,348,1.00751106722877e-05,om11_3,CJM,tun45,C
2046,348,1.00854191893237e-05,om11_3,CJM,tun45,C
2047,348,1.01094069333119e-05,om11_3,CJM,tun45,C
2048,348,1.01131781133026e-05,om11_3,CJM,tun45,C
2049,348,1.01043593484681e-05,om11_3,CJM,tun45,C
2050,348,1.00854851367079e-05,om11_3,CJM,tun45,C
2025,367,1385.8907626811,om11_3,CJM,tun45,C
2026,367,1243.5620917542,om11_3,CJM,tun45,C
2027,367,1166.18410130286,om11_3,CJM,tun45,C
2028,367,1239.46756985749,om11_3,CJM,tun45,C
2029,367,1483.69351882338,om11_3,CJM,tun45,C
2030,367,1645.90240144767,om11_3,CJM,tun45,C
2031,367,1521.63338878885,om11_3,CJM,tun45,C
2032,367,1333.6200240313,om11_3,CJM,tun45,C
2033,367,1101.53464711606,om11_3,CJM,tun45,C
2034,367,931.162336649537,om11_3,CJM,tun45,C
2035,367,818.472707323154,om11_3,CJM,tun45,C
2036,367,782.100856207977,om11_3,CJM,tun45,C
2037,367,799.122102771609,om11_3,CJM,tun45,C
2038,367,935.352090701982,om11_3,CJM,tun45,C
2039,367,972.367876775076,om11_3,CJM,tun45,C
2040,367,1118.58407467206,om11_3,CJM,tun45,C
2041,367,1255.98035394387,om11_3,CJM,tun45,C
2042,367,1480.50203104199,om11_3,CJM,tun45,C
2043,367,1688.8449015785,om11_3,CJM,tun45,C
2044,367,1925.47065644767,om11_3,CJM,tun45,C
2045,367,2008.91557373405,om11_3,CJM,tun45,C
2046,367,2047.04560498674,om11_3,CJM,tun45,C
2047,367,2040.59239808552,om11_3,CJM,tun45,C
2048,367,2082.67071168427,om11_3,CJM,tun45,C
2049,367,2071.21444834106,om11_3,CJM,tun45,C
2050,367,2038.68661829054,om11_3,CJM,tun45,C
2025,397,1385.8907626811,om11_3,CJM,tun45,C
2026,397,1234.71476105282,om11_3,CJM,tun45,C
2027,397,1168.14108355599,om11_3,CJM,tun45,C
2028,397,1130.94741179566,om11_3,CJM,tun45,C
2029,397,1339.97999305756,om11_3,CJM,tun45,C
2030,397,1507.26740897992,om11_3,CJM,tun45,C
2031,397,1733.76389552222,om11_3,CJM,tun45,C
2032,397,1476.39864016993,om11_3,CJM,tun45,C
2033,397,1254.36094862041,om11_3,CJM,tun45,C
2034,397,1492.3489516083,om11_3,CJM,tun45,C
2035,397,1685.37358592575,om11_3,CJM,tun45,C
2036,397,1857.86976248309,om11_3,CJM,tun45,C
2037,397,1635.37995766804,om11_3,CJM,tun45,C
2038,397,1574.66145814544,om11_3,CJM,tun45,C
2039,397,1458.69467818397,om11_3,CJM,tun45,C
2040,397,1682.64375830881,om11_3,CJM,tun45,C
2041,397,1804.52768839733,om11_3,CJM,tun45,C
2042,397,2033.72584018978,om11_3,CJM,tun45,C
2043,397,1701.78039116868,om11_3,CJM,tun45,C
2044,397,1.14572776422247e-05,om11_3,CJM,tun45,C
2045,397,1.01517572174327e-05,om11_3,CJM,tun45,C
2046,397,1.01726677130102e-05,om11_3,CJM,tun45,C
2047,397,1.01737395760215e-05,om11_3,CJM,tun45,C
2048,397,1.01643690361591e-05,om11_3,CJM,tun45,C
2049,397,1.01726364333075e-05,om11_3,CJM,tun45,C
2050,397,1.01760360913371e-05,om11_3,CJM,tun45,C
2025,498,1385.8907626811,om11_3,CJM,tun45,C
2026,498,1226.76598382885,om11_3,CJM,tun45,C
2027,498,1162.15756847954,om11_3,CJM,tun45,C
2028,498,1041.02093413826,om11_3,CJM,tun45,C
2029,498,1065.19485493193,om11_3,CJM,tun45,C
2030,498,1099.7864355391,om11_3,CJM,tun45,C
2031,498,972.615601977293,om11_3,CJM,tun45,C
2032,498,837.636161354647,om11_3,CJM,tun45,C
2033,498,967.026236738062,om11_3,CJM,tun45,C
2034,498,1048.72656778956,om11_3,CJM,tun45,C
2035,498,1208.27161726569,om11_3,CJM,tun45,C
2036,498,1187.86201448528,om11_3,CJM,tun45,C
2037,498,1403.04116381338,om11_3,CJM,tun45,C
2038,498,1606.48549699544,om11_3,CJM,tun45,C
2039,498,1877.63051375696,om11_3,CJM,tun45,C
2040,498,1788.49019329926,om11_3,CJM,tun45,C
2041,498,1487.74706354216,om11_3,CJM,tun45,C
2042,498,1350.5963131158,om11_3,CJM,tun45,C
2043,498,1265.94099540163,om11_3,CJM,tun45,C
2044,498,1073.3047003906,om11_3,CJM,tun45,C
2045,498,908.794026785402,om11_3,CJM,tun45,C
2046,498,780.091369132103,om11_3,CJM,tun45,C
2047,498,675.103916699041,om11_3,CJM,tun45,C
2048,498,667.817171034841,om11_3,CJM,tun45,C
2049,498,770.054836574243,om11_3,CJM,tun45,C
2050,498,872.138728708732,om11_3,CJM,tun45,C
2025,37,8593.12324912998,om11_3,CJM,tun43,SB
2026,37,9804.87431043525,om11_3,CJM,tun43,SB
2027,37,10811.437766596,om11_3,CJM,tun43,SB
2028,37,11500.8283422275,om11_3,CJM,tun43,SB
2029,37,11615.1218877718,om11_3,CJM,tun43,SB
2030,37,11034.9391455545,om11_3,CJM,tun43,SB
2031,37,10752.223162945,om11_3,CJM,tun43,SB
2032,37,10372.1307515026,om11_3,CJM,tun43,SB
2033,37,9360.62693517269,om11_3,CJM,tun43,SB
2034,37,8807.58471064423,om11_3,CJM,tun43,SB
2035,37,8422.56936342079,om11_3,CJM,tun43,SB
2036,37,9438.84112450229,om11_3,CJM,tun43,SB
2037,37,11426.2017634201,om11_3,CJM,tun43,SB
2038,37,12704.2924436381,om11_3,CJM,tun43,SB
2039,37,12997.5957719652,om11_3,CJM,tun43,SB
2040,37,12414.7606167882,om11_3,CJM,tun43,SB
2041,37,12467.2101860641,om11_3,CJM,tun43,SB
2042,37,12510.2630354732,om11_3,CJM,tun43,SB
2043,37,13007.357874908,om11_3,CJM,tun43,SB
2044,37,13676.826473072,om11_3,CJM,tun43,SB
2045,37,13492.7052860292,om11_3,CJM,tun43,SB
2046,37,12591.1596864667,om11_3,CJM,tun43,SB
2047,37,11732.4714928318,om11_3,CJM,tun43,SB
2048,37,11541.1341947733,om11_3,CJM,tun43,SB
2049,37,11846.9994128096,om11_3,CJM,tun43,SB
2050,37,11972.8334677593,om11_3,CJM,tun43,SB
2025,65,7734.49472637435,om11_3,CJM,tun43,SB
2026,65,8202.80204559414,om11_3,CJM,tun43,SB
2027,65,8191.85780689005,om11_3,CJM,tun43,SB
2028,65,8043.76354377181,om11_3,CJM,tun43,SB
2029,65,8618.42745645357,om11_3,CJM,tun43,SB
2030,65,10157.2325989103,om11_3,CJM,tun43,SB
2031,65,11091.7955580099,om11_3,CJM,tun43,SB
2032,65,11441.7531656536,om11_3,CJM,tun43,SB
2033,65,11374.0564394705,om11_3,CJM,tun43,SB
2034,65,11948.5839953572,om11_3,CJM,tun43,SB
2035,65,12167.339513262,om11_3,CJM,tun43,SB
2036,65,12497.2937725905,om11_3,CJM,tun43,SB
2037,65,12818.6716383466,om11_3,CJM,tun43,SB
2038,65,12865.1172871644,om11_3,CJM,tun43,SB
2039,65,12580.8893996093,om11_3,CJM,tun43,SB
2040,65,12429.2002984254,om11_3,CJM,tun43,SB
2041,65,12249.452057443,om11_3,CJM,tun43,SB
2042,65,11376.3694030814,om11_3,CJM,tun43,SB
2043,65,10708.948506448,om11_3,CJM,tun43,SB
2044,65,9846.68730485004,om11_3,CJM,tun43,SB
2045,65,9491.60079900532,om11_3,CJM,tun43,SB
2046,65,9583.16398521342,om11_3,CJM,tun43,SB
2047,65,8844.53981497495,om11_3,CJM,tun43,SB
2048,65,8372.73708376986,om11_3,CJM,tun43,SB
2049,65,8930.5137093196,om11_3,CJM,tun43,SB
2050,65,10061.3017545498,om11_3,CJM,tun43,SB
2025,110,9634.882166157,om11_3,CJM,tun43,SB
2026,110,10081.1703839715,om11_3,CJM,tun43,SB
2027,110,10055.6753404566,om11_3,CJM,tun43,SB
2028,110,10805.2282541752,om11_3,CJM,tun43,SB
2029,110,11335.4156079034,om11_3,CJM,tun43,SB
2030,110,11663.6143190806,om11_3,CJM,tun43,SB
2031,110,11500.1481392585,om11_3,CJM,tun43,SB
2032,110,10469.1559757038,om11_3,CJM,tun43,SB
2033,110,8859.15168492065,om11_3,CJM,tun43,SB
2034,110,7723.93833343924,om11_3,CJM,tun43,SB
2035,110,6572.03032577419,om11_3,CJM,tun43,SB
2036,110,5214.28934204012,om11_3,CJM,tun43,SB
2037,110,4059.88816597384,om11_3,CJM,tun43,SB
2038,110,3177.97615628475,om11_3,CJM,tun43,SB
2039,110,2327.40965949173,om11_3,CJM,tun43,SB
2040,110,1382.31202848572,om11_3,CJM,tun43,SB
2041,110,718.429887033744,om11_3,CJM,tun43,SB
2042,110,149.563407872033,om11_3,CJM,tun43,SB
2043,110,0,om11_3,CJM,tun43,SB
2044,110,0,om11_3,CJM,tun43,SB
2045,110,0,om11_3,CJM,tun43,SB
2046,110,0,om11_3,CJM,tun43,SB
2047,110,0,om11_3,CJM,tun43,SB
2048,110,0,om11_3,CJM,tun43,SB
2049,110,0,om11_3,CJM,tun43,SB
2050,110,0,om11_3,CJM,tun43,SB
2025,151,6742.27315938003,om11_3,CJM,tun43,SB
2026,151,6694.71915990019,om11_3,CJM,tun43,SB
2027,151,6309.96600669343,om11_3,CJM,tun43,SB
2028,151,7220.99445273672,om11_3,CJM,tun43,SB
2029,151,9209.85136916144,om11_3,CJM,tun43,SB
2030,151,11094.57355786,om11_3,CJM,tun43,SB
2031,151,12764.3740844674,om11_3,CJM,tun43,SB
2032,151,13156.4376680099,om11_3,CJM,tun43,SB
2033,151,12543.5824427442,om11_3,CJM,tun43,SB
2034,151,12306.6533688071,om11_3,CJM,tun43,SB
2035,151,11679.4092005203,om11_3,CJM,tun43,SB
2036,151,11003.7077358286,om11_3,CJM,tun43,SB
2037,151,10076.8792097836,om11_3,CJM,tun43,SB
2038,151,8773.60282567267,om11_3,CJM,tun43,SB
2039,151,7125.53729094298,om11_3,CJM,tun43,SB
2040,151,5442.68677505037,om11_3,CJM,tun43,SB
2041,151,4009.06808341084,om11_3,CJM,tun43,SB
2042,151,2698.21588880468,om11_3,CJM,tun43,SB
2043,151,1973.64972403231,om11_3,CJM,tun43,SB
2044,151,1355.06384717196,om11_3,CJM,tun43,SB
2045,151,835.200768168572,om11_3,CJM,tun43,SB
2046,151,315.718414584922,om11_3,CJM,tun43,SB
2047,151,0,om11_3,CJM,tun43,SB
2048,151,0,om11_3,CJM,tun43,SB
2049,151,0,om11_3,CJM,tun43,SB
2050,151,0,om11_3,CJM,tun43,SB
2025,158,7236.77187172129,om11_3,CJM,tun43,SB
2026,158,6706.52595293409,om11_3,CJM,tun43,SB
2027,158,6261.63908463577,om11_3,CJM,tun43,SB
2028,158,5776.98866972271,om11_3,CJM,tun43,SB
2029,158,5418.21637563297,om11_3,CJM,tun43,SB
2030,158,5174.40076898914,om11_3,CJM,tun43,SB
2031,158,5019.79316098714,om11_3,CJM,tun43,SB
2032,158,4584.92704776911,om11_3,CJM,tun43,SB
2033,158,3890.66739962057,om11_3,CJM,tun43,SB
2034,158,3345.78313404483,om11_3,CJM,tun43,SB
2035,158,2839.67576602138,om11_3,CJM,tun43,SB
2036,158,2304.24741174635,om11_3,CJM,tun43,SB
2037,158,1821.41520470556,om11_3,CJM,tun43,SB
2038,158,1851.92584356431,om11_3,CJM,tun43,SB
2039,158,1937.56782821995,om11_3,CJM,tun43,SB
2040,158,2215.91758404672,om11_3,CJM,tun43,SB
2041,158,2675.3266586332,om11_3,CJM,tun43,SB
2042,158,3182.95459666511,om11_3,CJM,tun43,SB
2043,158,4089.26110077491,om11_3,CJM,tun43,SB
2044,158,4840.88705809582,om11_3,CJM,tun43,SB
2045,158,5374.68645624512,om11_3,CJM,tun43,SB
2046,158,5739.54990493821,om11_3,CJM,tun43,SB
2047,158,6367.65873882029,om11_3,CJM,tun43,SB
2048,158,6837.64266665812,om11_3,CJM,tun43,SB
2049,158,7246.2087182617,om11_3,CJM,tun43,SB
2050,158,7862.77270497461,om11_3,CJM,tun43,SB
2025,165,7753.47260672735,om11_3,CJM,tun43,SB
2026,165,8004.51427530215,om11_3,CJM,tun43,SB
2027,165,7976.27931598554,om11_3,CJM,tun43,SB
2028,165,8233.74737050559,om11_3,CJM,tun43,SB
2029,165,8602.13125180443,om11_3,CJM,tun43,SB
2030,165,8561.61338327136,om11_3,CJM,tun43,SB
2031,165,8465.14597558963,om11_3,CJM,tun43,SB
2032,165,8576.54549344033,om11_3,CJM,tun43,SB
2033,165,8326.25720175101,om11_3,CJM,tun43,SB
2034,165,8329.41290720576,om11_3,CJM,tun43,SB
2035,165,8113.90028749823,om11_3,CJM,tun43,SB
2036,165,8018.66191475776,om11_3,CJM,tun43,SB
2037,165,7155.57068231941,om11_3,CJM,tun43,SB
2038,165,5905.8335701764,om11_3,CJM,tun43,SB
2039,165,4428.89138648703,om11_3,CJM,tun43,SB
2040,165,3081.20323258077,om11_3,CJM,tun43,SB
2041,165,2001.23331776554,om11_3,CJM,tun43,SB
2042,165,1444.0809764203,om11_3,CJM,tun43,SB
2043,165,1607.20239600696,om11_3,CJM,tun43,SB
2044,165,1881.69292819811,om11_3,CJM,tun43,SB
2045,165,2132.99268245809,om11_3,CJM,tun43,SB
2046,165,2412.96858192694,om11_3,CJM,tun43,SB
2047,165,2481.35674525743,om11_3,CJM,tun43,SB
2048,165,2442.19663751953,om11_3,CJM,tun43,SB
2049,165,2330.70389173701,om11_3,CJM,tun43,SB
2050,165,2543.26397859053,om11_3,CJM,tun43,SB
2025,177,8041.24231146839,om11_3,CJM,tun43,SB
2026,177,7606.53339850553,om11_3,CJM,tun43,SB
2027,177,7058.75811919489,om11_3,CJM,tun43,SB
2028,177,6867.67893638075,om11_3,CJM,tun43,SB
2029,177,6323.85423171216,om11_3,CJM,tun43,SB
2030,177,5357.14180058669,om11_3,CJM,tun43,SB
2031,177,4401.57287474874,om11_3,CJM,tun43,SB
2032,177,3599.13606707486,om11_3,CJM,tun43,SB
2033,177,3544.65466146415,om11_3,CJM,tun43,SB
2034,177,3895.71141209103,om11_3,CJM,tun43,SB
2035,177,3952.42921602768,om11_3,CJM,tun43,SB
2036,177,4086.30027389605,om11_3,CJM,tun43,SB
2037,177,3956.88318884178,om11_3,CJM,tun43,SB
2038,177,3760.02620293153,om11_3,CJM,tun43,SB
2039,177,3486.76490410908,om11_3,CJM,tun43,SB
2040,177,3065.15958050923,om11_3,CJM,tun43,SB
2041,177,2659.27919961943,om11_3,CJM,tun43,SB
2042,177,2479.8190998576,om11_3,CJM,tun43,SB
2043,177,2533.33478969621,om11_3,CJM,tun43,SB
2044,177,2507.13096475725,om11_3,CJM,tun43,SB
2045,177,2576.39028110711,om11_3,CJM,tun43,SB
2046,177,2520.96514573439,om11_3,CJM,tun43,SB
2047,177,2193.57547057014,om11_3,CJM,tun43,SB
2048,177,1745.35116502778,om11_3,CJM,tun43,SB
2049,177,1433.35169799949,om11_3,CJM,tun43,SB
2050,177,1255.06306804827,om11_3,CJM,tun43,SB
2025,186,7859.93258500356,om11_3,CJM,tun43,SB
2026,186,8258.1763215358,om11_3,CJM,tun43,SB
2027,186,8599.83700765341,om11_3,CJM,tun43,SB
2028,186,8717.17691604814,om11_3,CJM,tun43,SB
2029,186,8702.2386173091,om11_3,CJM,tun43,SB
2030,186,9231.67735813193,om11_3,CJM,tun43,SB
2031,186,10629.4313211369,om11_3,CJM,tun43,SB
2032,186,11006.0761053913,om11_3,CJM,tun43,SB
2033,186,9851.05791415581,om11_3,CJM,tun43,SB
2034,186,8963.86057192776,om11_3,CJM,tun43,SB
2035,186,8055.63726822176,om11_3,CJM,tun43,SB
2036,186,8000.2370433332,om11_3,CJM,tun43,SB
2037,186,8288.28479305974,om11_3,CJM,tun43,SB
2038,186,9488.39419789034,om11_3,CJM,tun43,SB
2039,186,10462.3364742546,om11_3,CJM,tun43,SB
2040,186,9979.35474144168,om11_3,CJM,tun43,SB
2041,186,9598.54575783272,om11_3,CJM,tun43,SB
2042,186,10850.5529316853,om11_3,CJM,tun43,SB
2043,186,13929.3914648744,om11_3,CJM,tun43,SB
2044,186,16584.3168877933,om11_3,CJM,tun43,SB
2045,186,18483.1286726884,om11_3,CJM,tun43,SB
2046,186,19096.791892079,om11_3,CJM,tun43,SB
2047,186,19110.2881814518,om11_3,CJM,tun43,SB
2048,186,19409.8352506226,om11_3,CJM,tun43,SB
2049,186,20300.3240777443,om11_3,CJM,tun43,SB
2050,186,22311.4086725398,om11_3,CJM,tun43,SB
2025,246,8847.56725195435,om11_3,CJM,tun43,SB
2026,246,9141.89700050476,om11_3,CJM,tun43,SB
2027,246,8540.51680932412,om11_3,CJM,tun43,SB
2028,246,7863.3021233517,om11_3,CJM,tun43,SB
2029,246,7311.95232269476,om11_3,CJM,tun43,SB
2030,246,6600.09936051621,om11_3,CJM,tun43,SB
2031,246,6307.30057074488,om11_3,CJM,tun43,SB
2032,246,6679.7205577763,om11_3,CJM,tun43,SB
2033,246,6870.81921247052,om11_3,CJM,tun43,SB
2034,246,6957.14707257876,om11_3,CJM,tun43,SB
2035,246,6752.09370543664,om11_3,CJM,tun43,SB
2036,246,6519.50510921462,om11_3,CJM,tun43,SB
2037,246,5693.21959316989,om11_3,CJM,tun43,SB
2038,246,4975.66440369656,om11_3,CJM,tun43,SB
2039,246,4512.42628174355,om11_3,CJM,tun43,SB
2040,246,4181.4435568525,om11_3,CJM,tun43,SB
2041,246,3888.2562638651,om11_3,CJM,tun43,SB
2042,246,3703.40899422881,om11_3,CJM,tun43,SB
2043,246,4185.4886206087,om11_3,CJM,tun43,SB
2044,246,5705.81133902025,om11_3,CJM,tun43,SB
2045,246,7208.60155189363,om11_3,CJM,tun43,SB
2046,246,8281.22277562969,om11_3,CJM,tun43,SB
2047,246,9857.29114484114,om11_3,CJM,tun43,SB
2048,246,11211.8844898225,om11_3,CJM,tun43,SB
2049,246,11700.3047451008,om11_3,CJM,tun43,SB
2050,246,11783.6997167479,om11_3,CJM,tun43,SB
2025,327,6418.0774926786,om11_3,CJM,tun43,SB
2026,327,7006.76784351352,om11_3,CJM,tun43,SB
2027,327,7535.62594883646,om11_3,CJM,tun43,SB
2028,327,8487.90769276568,om11_3,CJM,tun43,SB
2029,327,9719.46892290473,om11_3,CJM,tun43,SB
2030,327,10860.2287150597,om11_3,CJM,tun43,SB
2031,327,11744.4277994039,om11_3,CJM,tun43,SB
2032,327,12841.6089863092,om11_3,CJM,tun43,SB
2033,327,13067.1985335554,om11_3,CJM,tun43,SB
2034,327,12555.4039893001,om11_3,CJM,tun43,SB
2035,327,11509.2116355301,om11_3,CJM,tun43,SB
2036,327,10511.5760138011,om11_3,CJM,tun43,SB
2037,327,9426.74675369256,om11_3,CJM,tun43,SB
2038,327,7933.89604420626,om11_3,CJM,tun43,SB
2039,327,6358.33929067405,om11_3,CJM,tun43,SB
2040,327,4894.45940159333,om11_3,CJM,tun43,SB
2041,327,3601.89688932552,om11_3,CJM,tun43,SB
2042,327,2421.91172238383,om11_3,CJM,tun43,SB
2043,327,1752.54041663938,om11_3,CJM,tun43,SB
2044,327,1532.16757460813,om11_3,CJM,tun43,SB
2045,327,1829.14852453714,om11_3,CJM,tun43,SB
2046,327,2024.2784836149,om11_3,CJM,tun43,SB
2047,327,2021.35379976558,om11_3,CJM,tun43,SB
2048,327,2387.11485429021,om11_3,CJM,tun43,SB
2049,327,2932.96270467001,om11_3,CJM,tun43,SB
2050,327,3895.36860029729,om11_3,CJM,tun43,SB
2025,344,8341.1219780227,om11_3,CJM,tun43,SB
2026,344,8468.8668777109,om11_3,CJM,tun43,SB
2027,344,8787.85638423453,om11_3,CJM,tun43,SB
2028,344,9895.99227761205,om11_3,CJM,tun43,SB
2029,344,12822.7389072277,om11_3,CJM,tun43,SB
2030,344,15587.542978286,om11_3,CJM,tun43,SB
2031,344,16297.248388278,om11_3,CJM,tun43,SB
2032,344,15765.9888827132,om11_3,CJM,tun43,SB
2033,344,15059.5346894831,om11_3,CJM,tun43,SB
2034,344,15299.8526990136,om11_3,CJM,tun43,SB
2035,344,14889.9376151369,om11_3,CJM,tun43,SB
2036,344,13714.9206818367,om11_3,CJM,tun43,SB
2037,344,12379.7776099992,om11_3,CJM,tun43,SB
2038,344,11479.2455857791,om11_3,CJM,tun43,SB
2039,344,10583.2535846631,om11_3,CJM,tun43,SB
2040,344,10065.6026588471,om11_3,CJM,tun43,SB
2041,344,10459.2360247788,om11_3,CJM,tun43,SB
2042,344,10612.402297633,om11_3,CJM,tun43,SB
2043,344,10378.3018187917,om11_3,CJM,tun43,SB
2044,344,10000.3907089325,om11_3,CJM,tun43,SB
2045,344,10129.5731413027,om11_3,CJM,tun43,SB
2046,344,10247.8419877587,om11_3,CJM,tun43,SB
2047,344,11028.3604430784,om11_3,CJM,tun43,SB
2048,344,12815.7487946932,om11_3,CJM,tun43,SB
2049,344,13815.2600059374,om11_3,CJM,tun43,SB
2050,344,14229.1305019621,om11_3,CJM,tun43,SB
2025,348,6263.92727977176,om11_3,CJM,tun43,SB
2026,348,6571.09631410042,om11_3,CJM,tun43,SB
2027,348,6167.76972182665,om11_3,CJM,tun43,SB
2028,348,6028.7669618143,om11_3,CJM,tun43,SB
2029,348,6010.64804622002,om11_3,CJM,tun43,SB
2030,348,5658.59243832407,om11_3,CJM,tun43,SB
2031,348,4836.37918573836,om11_3,CJM,tun43,SB
2032,348,4385.6120137196,om11_3,CJM,tun43,SB
2033,348,3884.31558292915,om11_3,CJM,tun43,SB
2034,348,3394.91319369437,om11_3,CJM,tun43,SB
2035,348,2453.64537593412,om11_3,CJM,tun43,SB
2036,348,1586.15233209944,om11_3,CJM,tun43,SB
2037,348,899.694232860597,om11_3,CJM,tun43,SB
2038,348,514.007268344958,om11_3,CJM,tun43,SB
2039,348,171.915867847236,om11_3,CJM,tun43,SB
2040,348,0,om11_3,CJM,tun43,SB
2041,348,0,om11_3,CJM,tun43,SB
2042,348,0,om11_3,CJM,tun43,SB
2043,348,0,om11_3,CJM,tun43,SB
2044,348,0,om11_3,CJM,tun43,SB
2045,348,0,om11_3,CJM,tun43,SB
2046,348,0,om11_3,CJM,tun43,SB
2047,348,0,om11_3,CJM,tun43,SB
2048,348,0,om11_3,CJM,tun43,SB
2049,348,0,om11_3,CJM,tun43,SB
2050,348,0,om11_3,CJM,tun43,SB
2025,367,7127.3628316359,om11_3,CJM,tun43,SB
2026,367,6722.46481633107,om11_3,CJM,tun43,SB
2027,367,5653.54310297599,om11_3,CJM,tun43,SB
2028,367,4797.54025348707,om11_3,CJM,tun43,SB
2029,367,4121.64953533109,om11_3,CJM,tun43,SB
2030,367,3439.70167650299,om11_3,CJM,tun43,SB
2031,367,3090.76141076435,om11_3,CJM,tun43,SB
2032,367,2869.72607981364,om11_3,CJM,tun43,SB
2033,367,2828.98725260278,om11_3,CJM,tun43,SB
2034,367,3552.4826097055,om11_3,CJM,tun43,SB
2035,367,5276.24573449382,om11_3,CJM,tun43,SB
2036,367,6918.27424137795,om11_3,CJM,tun43,SB
2037,367,8000.79124969317,om11_3,CJM,tun43,SB
2038,367,8915.7926580524,om11_3,CJM,tun43,SB
2039,367,9769.70600912438,om11_3,CJM,tun43,SB
2040,367,11274.4592131993,om11_3,CJM,tun43,SB
2041,367,12855.2230216026,om11_3,CJM,tun43,SB
2042,367,14662.274647983,om11_3,CJM,tun43,SB
2043,367,15994.8566039027,om11_3,CJM,tun43,SB
2044,367,17097.151169577,om11_3,CJM,tun43,SB
2045,367,18979.7768507123,om11_3,CJM,tun43,SB
2046,367,19946.8231349259,om11_3,CJM,tun43,SB
2047,367,19589.8415694698,om11_3,CJM,tun43,SB
2048,367,18668.1362971714,om11_3,CJM,tun43,SB
2049,367,17851.5410220623,om11_3,CJM,tun43,SB
2050,367,17172.2378827365,om11_3,CJM,tun43,SB
2025,397,7216.38347223923,om11_3,CJM,tun43,SB
2026,397,7239.22386911341,om11_3,CJM,tun43,SB
2027,397,6715.79258356117,om11_3,CJM,tun43,SB
2028,397,6283.5653835837,om11_3,CJM,tun43,SB
2029,397,6242.19109535238,om11_3,CJM,tun43,SB
2030,397,6591.69797915217,om11_3,CJM,tun43,SB
2031,397,6716.95731300945,om11_3,CJM,tun43,SB
2032,397,7290.83947158808,om11_3,CJM,tun43,SB
2033,397,8046.60435701482,om11_3,CJM,tun43,SB
2034,397,8813.44583742603,om11_3,CJM,tun43,SB
2035,397,9310.93415177242,om11_3,CJM,tun43,SB
2036,397,9074.55713007224,om11_3,CJM,tun43,SB
2037,397,8357.67465220777,om11_3,CJM,tun43,SB
2038,397,7288.61002863782,om11_3,CJM,tun43,SB
2039,397,5973.0804336254,om11_3,CJM,tun43,SB
2040,397,4291.54408055779,om11_3,CJM,tun43,SB
2041,397,2693.65921166579,om11_3,CJM,tun43,SB
2042,397,813.023459866481,om11_3,CJM,tun43,SB
2043,397,0,om11_3,CJM,tun43,SB
2044,397,0,om11_3,CJM,tun43,SB
2045,397,0,om11_3,CJM,tun43,SB
2046,397,0,om11_3,CJM,tun43,SB
2047,397,0,om11_3,CJM,tun43,SB
2048,397,0,om11_3,CJM,tun43,SB
2049,397,0,om11_3,CJM,tun43,SB
2050,397,0,om11_3,CJM,tun43,SB
2025,498,6629.64153376063,om11_3,CJM,tun43,SB
2026,498,6014.1070854624,om11_3,CJM,tun43,SB
2027,498,5491.34783753392,om11_3,CJM,tun43,SB
2028,498,5205.88484925899,om11_3,CJM,tun43,SB
2029,498,5220.40712687894,om11_3,CJM,tun43,SB
2030,498,5368.73830313439,om11_3,CJM,tun43,SB
2031,498,5503.12018627338,om11_3,CJM,tun43,SB
2032,498,6125.6987073192,om11_3,CJM,tun43,SB
2033,498,6752.32190394083,om11_3,CJM,tun43,SB
2034,498,7358.3466720052,om11_3,CJM,tun43,SB
2035,498,8219.23269395711,om11_3,CJM,tun43,SB
2036,498,8397.63992312134,om11_3,CJM,tun43,SB
2037,498,7446.9821888823,om11_3,CJM,tun43,SB
2038,498,6666.37226313045,om11_3,CJM,tun43,SB
2039,498,5491.55992827663,om11_3,CJM,tun43,SB
2040,498,4373.64675644444,om11_3,CJM,tun43,SB
2041,498,3812.49307246623,om11_3,CJM,tun43,SB
2042,498,3117.50085876806,om11_3,CJM,tun43,SB
2043,498,2672.2002949177,om11_3,CJM,tun43,SB
2044,498,2920.62443341625,om11_3,CJM,tun43,SB
2045,498,4248.9394503542,om11_3,CJM,tun43,SB
2046,498,5653.59422533357,om11_3,CJM,tun43,SB
2047,498,6386.25715411771,om11_3,CJM,tun43,SB
2048,498,6776.39902739373,om11_3,CJM,tun43,SB
2049,498,7331.26530691428,om11_3,CJM,tun43,SB
2050,498,7577.79213955556,om11_3,CJM,tun43,SB
2025,37,1385.8907626811,om11_3,CJM,tun43,C
2026,37,1256.75025459674,om11_3,CJM,tun43,C
2027,37,1207.02126436709,om11_3,CJM,tun43,C
2028,37,1229.1823704831,om11_3,CJM,tun43,C
2029,37,1336.09592426127,om11_3,CJM,tun43,C
2030,37,1534.17270640714,om11_3,CJM,tun43,C
2031,37,1654.13695736806,om11_3,CJM,tun43,C
2032,37,1943.87335585547,om11_3,CJM,tun43,C
2033,37,1897.87944526194,om11_3,CJM,tun43,C
2034,37,2057.15056407874,om11_3,CJM,tun43,C
2035,37,1812.9125694602,om11_3,CJM,tun43,C
2036,37,1606.88666403013,om11_3,CJM,tun43,C
2037,37,1624.04239133373,om11_3,CJM,tun43,C
2038,37,1620.08436214053,om11_3,CJM,tun43,C
2039,37,1508.28285719542,om11_3,CJM,tun43,C
2040,37,1666.42829381542,om11_3,CJM,tun43,C
2041,37,1896.33100573879,om11_3,CJM,tun43,C
2042,37,1994.66319223762,om11_3,CJM,tun43,C
2043,37,2009.16922413205,om11_3,CJM,tun43,C
2044,37,1994.09303655801,om11_3,CJM,tun43,C
2045,37,1964.90499894966,om11_3,CJM,tun43,C
2046,37,1828.44184080433,om11_3,CJM,tun43,C
2047,37,2020.43651526395,om11_3,CJM,tun43,C
2048,37,2053.46222180733,om11_3,CJM,tun43,C
2049,37,2024.21859509904,om11_3,CJM,tun43,C
2050,37,2063.01939823881,om11_3,CJM,tun43,C
2025,65,1385.8907626811,om11_3,CJM,tun43,C
2026,65,1276.73557846622,om11_3,CJM,tun43,C
2027,65,1205.57846101904,om11_3,CJM,tun43,C
2028,65,1096.39004224845,om11_3,CJM,tun43,C
2029,65,1262.44938480307,om11_3,CJM,tun43,C
2030,65,1412.53539911841,om11_3,CJM,tun43,C
2031,65,1560.1530585892,om11_3,CJM,tun43,C
2032,65,1586.01102458952,om11_3,CJM,tun43,C
2033,65,1845.0241496168,om11_3,CJM,tun43,C
2034,65,2065.00636762211,om11_3,CJM,tun43,C
2035,65,2076.42701495612,om11_3,CJM,tun43,C
2036,65,2021.8058536438,om11_3,CJM,tun43,C
2037,65,2007.83656348898,om11_3,CJM,tun43,C
2038,65,2066.6593530321,om11_3,CJM,tun43,C
2039,65,2034.69351237765,om11_3,CJM,tun43,C
2040,65,2034.15796981318,om11_3,CJM,tun43,C
2041,65,2086.19434124751,om11_3,CJM,tun43,C
2042,65,2066.06522802832,om11_3,CJM,tun43,C
2043,65,2059.85840799877,om11_3,CJM,tun43,C
2044,65,2059.40631619774,om11_3,CJM,tun43,C
2045,65,2013.44203381921,om11_3,CJM,tun43,C
2046,65,2042.75667856909,om11_3,CJM,tun43,C
2047,65,2083.27710214336,om11_3,CJM,tun43,C
2048,65,2018.23254280716,om11_3,CJM,tun43,C
2049,65,2010.80444960675,om11_3,CJM,tun43,C
2050,65,2051.06750774266,om11_3,CJM,tun43,C
2025,110,1385.8907626811,om11_3,CJM,tun43,C
2026,110,1251.47793513652,om11_3,CJM,tun43,C
2027,110,1259.33590630101,om11_3,CJM,tun43,C
2028,110,1256.21522605092,om11_3,CJM,tun43,C
2029,110,1415.97373527891,om11_3,CJM,tun43,C
2030,110,1629.88064514928,om11_3,CJM,tun43,C
2031,110,1844.53526867323,om11_3,CJM,tun43,C
2032,110,2061.30806569024,om11_3,CJM,tun43,C
2033,110,2068.34349564153,om11_3,CJM,tun43,C
2034,110,2046.47939543471,om11_3,CJM,tun43,C
2035,110,1997.72059335412,om11_3,CJM,tun43,C
2036,110,2018.90832401345,om11_3,CJM,tun43,C
2037,110,1908.04272253774,om11_3,CJM,tun43,C
2038,110,1795.1370225596,om11_3,CJM,tun43,C
2039,110,1541.76070359463,om11_3,CJM,tun43,C
2040,110,1318.42460631335,om11_3,CJM,tun43,C
2041,110,1045.04177998907,om11_3,CJM,tun43,C
2042,110,866.828656530801,om11_3,CJM,tun43,C
2043,110,330.382137372798,om11_3,CJM,tun43,C
2044,110,1.01452777052906e-05,om11_3,CJM,tun43,C
2045,110,1.01200700686538e-05,om11_3,CJM,tun43,C
2046,110,1.01213572923808e-05,om11_3,CJM,tun43,C
2047,110,1.01484802744375e-05,om11_3,CJM,tun43,C
2048,110,1.01307825174043e-05,om11_3,CJM,tun43,C
2049,110,1.01461112131106e-05,om11_3,CJM,tun43,C
2050,110,1.01374515232341e-05,om11_3,CJM,tun43,C
2025,151,1385.8907626811,om11_3,CJM,tun43,C
2026,151,1260.39941938924,om11_3,CJM,tun43,C
2027,151,1223.56677808423,om11_3,CJM,tun43,C
2028,151,1151.71657170251,om11_3,CJM,tun43,C
2029,151,1041.98195492681,om11_3,CJM,tun43,C
2030,151,1090.7173035891,om11_3,CJM,tun43,C
2031,151,1263.7430820125,om11_3,CJM,tun43,C
2032,151,1437.52901917832,om11_3,CJM,tun43,C
2033,151,1655.82314329602,om11_3,CJM,tun43,C
2034,151,1926.03816450636,om11_3,CJM,tun43,C
2035,151,2021.31942948719,om11_3,CJM,tun43,C
2036,151,2076.33691072589,om11_3,CJM,tun43,C
2037,151,2057.36299216406,om11_3,CJM,tun43,C
2038,151,1993.66632903575,om11_3,CJM,tun43,C
2039,151,2079.86463800662,om11_3,CJM,tun43,C
2040,151,2031.67263840594,om11_3,CJM,tun43,C
2041,151,2027.95099905817,om11_3,CJM,tun43,C
2042,151,2064.37757661226,om11_3,CJM,tun43,C
2043,151,1743.98276626442,om11_3,CJM,tun43,C
2044,151,1382.26257878064,om11_3,CJM,tun43,C
2045,151,1159.47619930125,om11_3,CJM,tun43,C
2046,151,891.991519728191,om11_3,CJM,tun43,C
2047,151,596.873322226534,om11_3,CJM,tun43,C
2048,151,1.01164705020387e-05,om11_3,CJM,tun43,C
2049,151,1.00855898460407e-05,om11_3,CJM,tun43,C
2050,151,1.0098201808468e-05,om11_3,CJM,tun43,C
2025,158,1385.8907626811,om11_3,CJM,tun43,C
2026,158,1256.14281455985,om11_3,CJM,tun43,C
2027,158,1252.74092588312,om11_3,CJM,tun43,C
2028,158,1065.98518582746,om11_3,CJM,tun43,C
2029,158,1149.58319472523,om11_3,CJM,tun43,C
2030,158,1178.26361372177,om11_3,CJM,tun43,C
2031,158,1055.91055106043,om11_3,CJM,tun43,C
2032,158,1045.29977833934,om11_3,CJM,tun43,C
2033,158,995.220890909452,om11_3,CJM,tun43,C
2034,158,1084.86948725802,om11_3,CJM,tun43,C
2035,158,1008.50686162969,om11_3,CJM,tun43,C
2036,158,1013.94366004511,om11_3,CJM,tun43,C
2037,158,805.250839649925,om11_3,CJM,tun43,C
2038,158,697.746995716267,om11_3,CJM,tun43,C
2039,158,566.744440702693,om11_3,CJM,tun43,C
2040,158,500.552138286797,om11_3,CJM,tun43,C
2041,158,553.662145424549,om11_3,CJM,tun43,C
2042,158,564.877879786671,om11_3,CJM,tun43,C
2043,158,544.520549198679,om11_3,CJM,tun43,C
2044,158,532.637902808442,om11_3,CJM,tun43,C
2045,158,603.612085654144,om11_3,CJM,tun43,C
2046,158,616.041568020891,om11_3,CJM,tun43,C
2047,158,642.285938229585,om11_3,CJM,tun43,C
2048,158,754.95387114718,om11_3,CJM,tun43,C
2049,158,861.801547377892,om11_3,CJM,tun43,C
2050,158,1015.87817223464,om11_3,CJM,tun43,C
2025,165,1385.8907626811,om11_3,CJM,tun43,C
2026,165,1270.93753225464,om11_3,CJM,tun43,C
2027,165,1236.27295402326,om11_3,CJM,tun43,C
2028,165,1355.99447203893,om11_3,CJM,tun43,C
2029,165,1511.9194815225,om11_3,CJM,tun43,C
2030,165,1687.84988184129,om11_3,CJM,tun43,C
2031,165,1525.85150664069,om11_3,CJM,tun43,C
2032,165,1564.6226496355,om11_3,CJM,tun43,C
2033,165,1676.75709371212,om11_3,CJM,tun43,C
2034,165,1646.24879128733,om11_3,CJM,tun43,C
2035,165,1505.97615337376,om11_3,CJM,tun43,C
2036,165,1407.35040298256,om11_3,CJM,tun43,C
2037,165,1591.40055898519,om11_3,CJM,tun43,C
2038,165,1740.02771630523,om11_3,CJM,tun43,C
2039,165,1857.46472369192,om11_3,CJM,tun43,C
2040,165,1657.08959825754,om11_3,CJM,tun43,C
2041,165,1471.21441085664,om11_3,CJM,tun43,C
2042,165,1208.5399652944,om11_3,CJM,tun43,C
2043,165,969.721611043366,om11_3,CJM,tun43,C
2044,165,758.107359025166,om11_3,CJM,tun43,C
2045,165,616.934091164585,om11_3,CJM,tun43,C
2046,165,494.87085686986,om11_3,CJM,tun43,C
2047,165,431.628335277039,om11_3,CJM,tun43,C
2048,165,430.406686202013,om11_3,CJM,tun43,C
2049,165,496.909433578351,om11_3,CJM,tun43,C
2050,165,546.312452129747,om11_3,CJM,tun43,C
2025,177,1385.8907626811,om11_3,CJM,tun43,C
2026,177,1264.72949341432,om11_3,CJM,tun43,C
2027,177,1240.97654091871,om11_3,CJM,tun43,C
2028,177,1176.80709491138,om11_3,CJM,tun43,C
2029,177,1163.58350474079,om11_3,CJM,tun43,C
2030,177,1326.35798443024,om11_3,CJM,tun43,C
2031,177,1563.39734213466,om11_3,CJM,tun43,C
2032,177,1661.18560723203,om11_3,CJM,tun43,C
2033,177,1331.46686214241,om11_3,CJM,tun43,C
2034,177,1110.42529163623,om11_3,CJM,tun43,C
2035,177,929.350828688789,om11_3,CJM,tun43,C
2036,177,872.543317922379,om11_3,CJM,tun43,C
2037,177,926.787970512866,om11_3,CJM,tun43,C
2038,177,867.097767420221,om11_3,CJM,tun43,C
2039,177,923.728082998854,om11_3,CJM,tun43,C
2040,177,874.064324530628,om11_3,CJM,tun43,C
2041,177,812.411628769658,om11_3,CJM,tun43,C
2042,177,645.37933544514,om11_3,CJM,tun43,C
2043,177,649.948213919291,om11_3,CJM,tun43,C
2044,177,667.847291929135,om11_3,CJM,tun43,C
2045,177,619.454756256284,om11_3,CJM,tun43,C
2046,177,653.107252533908,om11_3,CJM,tun43,C
2047,177,645.741030058102,om11_3,CJM,tun43,C
2048,177,613.682088007079,om11_3,CJM,tun43,C
2049,177,492.45064698904,om11_3,CJM,tun43,C
2050,177,451.304369261472,om11_3,CJM,tun43,C
2025,186,1385.8907626811,om11_3,CJM,tun43,C
2026,186,1280.99434275118,om11_3,CJM,tun43,C
2027,186,1219.69203513453,om11_3,CJM,tun43,C
2028,186,1102.60316025257,om11_3,CJM,tun43,C
2029,186,1108.41183303202,om11_3,CJM,tun43,C
2030,186,1221.97431914981,om11_3,CJM,tun43,C
2031,186,1309.47005994876,om11_3,CJM,tun43,C
2032,186,1518.3753703174,om11_3,CJM,tun43,C
2033,186,1737.9630393553,om11_3,CJM,tun43,C
2034,186,2017.0059373183,om11_3,CJM,tun43,C
2035,186,2031.19344689244,om11_3,CJM,tun43,C
2036,186,2005.12284468709,om11_3,CJM,tun43,C
2037,186,2004.54474099568,om11_3,CJM,tun43,C
2038,186,2040.55101327788,om11_3,CJM,tun43,C
2039,186,1910.82164140232,om11_3,CJM,tun43,C
2040,186,1878.28108736887,om11_3,CJM,tun43,C
2041,186,2037.23729277393,om11_3,CJM,tun43,C
2042,186,2019.25124864684,om11_3,CJM,tun43,C
2043,186,2028.61754739227,om11_3,CJM,tun43,C
2044,186,2012.45151693525,om11_3,CJM,tun43,C
2045,186,2012.31146256415,om11_3,CJM,tun43,C
2046,186,2057.46013545467,om11_3,CJM,tun43,C
2047,186,2005.55088357153,om11_3,CJM,tun43,C
2048,186,2047.81738699036,om11_3,CJM,tun43,C
2049,186,2053.51506153711,om11_3,CJM,tun43,C
2050,186,2015.5525621527,om11_3,CJM,tun43,C
2025,246,1385.8907626811,om11_3,CJM,tun43,C
2026,246,1308.89881025159,om11_3,CJM,tun43,C
2027,246,1210.94851068247,om11_3,CJM,tun43,C
2028,246,1040.48398360835,om11_3,CJM,tun43,C
2029,246,1177.47015890359,om11_3,CJM,tun43,C
2030,246,1407.21990755369,om11_3,CJM,tun43,C
2031,246,1558.94380595245,om11_3,CJM,tun43,C
2032,246,1804.68786922543,om11_3,CJM,tun43,C
2033,246,1786.25551854332,om11_3,CJM,tun43,C
2034,246,1467.45309655111,om11_3,CJM,tun43,C
2035,246,1397.32315121819,om11_3,CJM,tun43,C
2036,246,1542.47708929284,om11_3,CJM,tun43,C
2037,246,1695.6805715869,om11_3,CJM,tun43,C
2038,246,1408.75648297678,om11_3,CJM,tun43,C
2039,246,1155.18797980221,om11_3,CJM,tun43,C
2040,246,1035.82324681453,om11_3,CJM,tun43,C
2041,246,1027.64348853884,om11_3,CJM,tun43,C
2042,246,1019.49154477309,om11_3,CJM,tun43,C
2043,246,976.586881178311,om11_3,CJM,tun43,C
2044,246,843.276893845455,om11_3,CJM,tun43,C
2045,246,842.459207850782,om11_3,CJM,tun43,C
2046,246,880.347529055238,om11_3,CJM,tun43,C
2047,246,960.448297085021,om11_3,CJM,tun43,C
2048,246,1039.78506281614,om11_3,CJM,tun43,C
2049,246,1216.31113968487,om11_3,CJM,tun43,C
2050,246,1424.9863365419,om11_3,CJM,tun43,C
2025,327,1385.8907626811,om11_3,CJM,tun43,C
2026,327,1295.6756185614,om11_3,CJM,tun43,C
2027,327,1222.39273506276,om11_3,CJM,tun43,C
2028,327,1212.9781196019,om11_3,CJM,tun43,C
2029,327,1390.09182049777,om11_3,CJM,tun43,C
2030,327,1599.54918926731,om11_3,CJM,tun43,C
2031,327,1864.10842997838,om11_3,CJM,tun43,C
2032,327,2038.27144447074,om11_3,CJM,tun43,C
2033,327,1991.49352828245,om11_3,CJM,tun43,C
2034,327,2043.02499518247,om11_3,CJM,tun43,C
2035,327,1996.11688888291,om11_3,CJM,tun43,C
2036,327,2037.01365428171,om11_3,CJM,tun43,C
2037,327,2015.01186670394,om11_3,CJM,tun43,C
2038,327,2019.85236148929,om11_3,CJM,tun43,C
2039,327,2013.06089410516,om11_3,CJM,tun43,C
2040,327,2042.65911060976,om11_3,CJM,tun43,C
2041,327,2061.73207996072,om11_3,CJM,tun43,C
2042,327,2007.51271602779,om11_3,CJM,tun43,C
2043,327,1658.08358498763,om11_3,CJM,tun43,C
2044,327,1310.81913477859,om11_3,CJM,tun43,C
2045,327,1058.67142572135,om11_3,CJM,tun43,C
2046,327,850.247254147068,om11_3,CJM,tun43,C
2047,327,664.222189612768,om11_3,CJM,tun43,C
2048,327,545.504507296406,om11_3,CJM,tun43,C
2049,327,419.875232009052,om11_3,CJM,tun43,C
2050,327,376.14665549721,om11_3,CJM,tun43,C
2025,344,1385.8907626811,om11_3,CJM,tun43,C
2026,344,1304.54334183166,om11_3,CJM,tun43,C
2027,344,1234.56257314586,om11_3,CJM,tun43,C
2028,344,1440.78979167165,om11_3,CJM,tun43,C
2029,344,1644.75747073024,om11_3,CJM,tun43,C
2030,344,1865.31685825772,om11_3,CJM,tun43,C
2031,344,2073.79827109291,om11_3,CJM,tun43,C
2032,344,2011.58273945202,om11_3,CJM,tun43,C
2033,344,2042.1972303363,om11_3,CJM,tun43,C
2034,344,2034.5100359986,om11_3,CJM,tun43,C
2035,344,2019.85065129092,om11_3,CJM,tun43,C
2036,344,1997.877380494,om11_3,CJM,tun43,C
2037,344,2024.64056175016,om11_3,CJM,tun43,C
2038,344,2089.36962428162,om11_3,CJM,tun43,C
2039,344,1994.46726072235,om11_3,CJM,tun43,C
2040,344,1992.78836719351,om11_3,CJM,tun43,C
2041,344,2068.85597601956,om11_3,CJM,tun43,C
2042,344,2089.11965084333,om11_3,CJM,tun43,C
2043,344,2072.88605642255,om11_3,CJM,tun43,C
2044,344,1998.33517415473,om11_3,CJM,tun43,C
2045,344,2083.21161587798,om11_3,CJM,tun43,C
2046,344,2029.68747311779,om11_3,CJM,tun43,C
2047,344,2015.21428936215,om11_3,CJM,tun43,C
2048,344,1992.93684080343,om11_3,CJM,tun43,C
2049,344,2076.1985778208,om11_3,CJM,tun43,C
2050,344,2034.04538315776,om11_3,CJM,tun43,C
2025,348,1385.8907626811,om11_3,CJM,tun43,C
2026,348,1298.01605277784,om11_3,CJM,tun43,C
2027,348,1247.54258870923,om11_3,CJM,tun43,C
2028,348,1046.54419850015,om11_3,CJM,tun43,C
2029,348,1163.6710347381,om11_3,CJM,tun43,C
2030,348,1307.78740756636,om11_3,CJM,tun43,C
2031,348,1442.09228820304,om11_3,CJM,tun43,C
2032,348,1130.60787570745,om11_3,CJM,tun43,C
2033,348,1100.56877263421,om11_3,CJM,tun43,C
2034,348,1242.31257854284,om11_3,CJM,tun43,C
2035,348,1411.19534680233,om11_3,CJM,tun43,C
2036,348,1359.86856863895,om11_3,CJM,tun43,C
2037,348,1117.19236613516,om11_3,CJM,tun43,C
2038,348,893.138733291906,om11_3,CJM,tun43,C
2039,348,730.466145420315,om11_3,CJM,tun43,C
2040,348,325.99476108218,om11_3,CJM,tun43,C
2041,348,1.01707213180097e-05,om11_3,CJM,tun43,C
2042,348,1.01763468037385e-05,om11_3,CJM,tun43,C
2043,348,1.00886098696137e-05,om11_3,CJM,tun43,C
2044,348,1.01141041324805e-05,om11_3,CJM,tun43,C
2045,348,1.00751106722877e-05,om11_3,CJM,tun43,C
2046,348,1.00854191893237e-05,om11_3,CJM,tun43,C
2047,348,1.01094069333119e-05,om11_3,CJM,tun43,C
2048,348,1.01131781133026e-05,om11_3,CJM,tun43,C
2049,348,1.01043593484681e-05,om11_3,CJM,tun43,C
2050,348,1.00854851367079e-05,om11_3,CJM,tun43,C
2025,367,1385.8907626811,om11_3,CJM,tun43,C
2026,367,1309.0026035988,om11_3,CJM,tun43,C
2027,367,1226.83487630042,om11_3,CJM,tun43,C
2028,367,1301.6825008354,om11_3,CJM,tun43,C
2029,367,1558.16734298733,om11_3,CJM,tun43,C
2030,367,1728.51828063647,om11_3,CJM,tun43,C
2031,367,1549.15787026587,om11_3,CJM,tun43,C
2032,367,1299.48913149813,om11_3,CJM,tun43,C
2033,367,1010.20558833945,om11_3,CJM,tun43,C
2034,367,803.726092840808,om11_3,CJM,tun43,C
2035,367,681.572017421214,om11_3,CJM,tun43,C
2036,367,749.503524790952,om11_3,CJM,tun43,C
2037,367,782.004395185796,om11_3,CJM,tun43,C
2038,367,929.857691994574,om11_3,CJM,tun43,C
2039,367,980.990239815739,om11_3,CJM,tun43,C
2040,367,1135.2381436333,om11_3,CJM,tun43,C
2041,367,1274.68005075549,om11_3,CJM,tun43,C
2042,367,1502.54452403287,om11_3,CJM,tun43,C
2043,367,1713.98931093627,om11_3,CJM,tun43,C
2044,367,1954.13807178976,om11_3,CJM,tun43,C
2045,367,2008.91557114131,om11_3,CJM,tun43,C
2046,367,2047.0456040196,om11_3,CJM,tun43,C
2047,367,2040.59239754401,om11_3,CJM,tun43,C
2048,367,2082.6707111431,om11_3,CJM,tun43,C
2049,367,2071.21444765243,om11_3,CJM,tun43,C
2050,367,2038.68661740377,om11_3,CJM,tun43,C
2025,397,1385.8907626811,om11_3,CJM,tun43,C
2026,397,1299.68968519177,om11_3,CJM,tun43,C
2027,397,1228.89361583437,om11_3,CJM,tun43,C
2028,397,1186.61677494677,om11_3,CJM,tun43,C
2029,397,1405.9387034674,om11_3,CJM,tun43,C
2030,397,1581.46062242958,om11_3,CJM,tun43,C
2031,397,1782.43710942602,om11_3,CJM,tun43,C
2032,397,1428.56155561544,om11_3,CJM,tun43,C
2033,397,1142.32296540899,om11_3,CJM,tun43,C
2034,397,1359.05417152943,om11_3,CJM,tun43,C
2035,397,1534.8380819844,om11_3,CJM,tun43,C
2036,397,1714.60945685286,om11_3,CJM,tun43,C
2037,397,1669.68087877883,om11_3,CJM,tun43,C
2038,397,1655.72290310429,om11_3,CJM,tun43,C
2039,397,1556.52537740918,om11_3,CJM,tun43,C
2040,397,1795.49411537282,om11_3,CJM,tun43,C
2041,397,1933.97296959839,om11_3,CJM,tun43,C
2042,397,2033.72584013371,om11_3,CJM,tun43,C
2043,397,1418.78889634336,om11_3,CJM,tun43,C
2044,397,1.01664048719913e-05,om11_3,CJM,tun43,C
2045,397,1.01517572174327e-05,om11_3,CJM,tun43,C
2046,397,1.01726677130102e-05,om11_3,CJM,tun43,C
2047,397,1.01737395760215e-05,om11_3,CJM,tun43,C
2048,397,1.01643690361591e-05,om11_3,CJM,tun43,C
2049,397,1.01726364333075e-05,om11_3,CJM,tun43,C
2050,397,1.01760360913371e-05,om11_3,CJM,tun43,C
2025,498,1385.8907626811,om11_3,CJM,tun43,C
2026,498,1291.32260981569,om11_3,CJM,tun43,C
2027,498,1222.59892805049,om11_3,CJM,tun43,C
2028,498,1090.90140828511,om11_3,CJM,tun43,C
2029,498,1109.26319085484,om11_3,CJM,tun43,C
2030,498,1132.65772280361,om11_3,CJM,tun43,C
2031,498,987.930915474495,om11_3,CJM,tun43,C
2032,498,840.39620392198,om11_3,CJM,tun43,C
2033,498,964.973602685701,om11_3,CJM,tun43,C
2034,498,1045.50225881556,om11_3,CJM,tun43,C
2035,498,1204.55678162505,om11_3,CJM,tun43,C
2036,498,1184.29649065501,om11_3,CJM,tun43,C
2037,498,1398.82975056574,om11_3,CJM,tun43,C
2038,498,1601.66342044825,om11_3,CJM,tun43,C
2039,498,1871.99455789501,om11_3,CJM,tun43,C
2040,498,1815.11873357277,om11_3,CJM,tun43,C
2041,498,1489.45856840718,om11_3,CJM,tun43,C
2042,498,1353.9503339645,om11_3,CJM,tun43,C
2043,498,1256.45378345845,om11_3,CJM,tun43,C
2044,498,1041.18187712717,om11_3,CJM,tun43,C
2045,498,872.524503106691,om11_3,CJM,tun43,C
2046,498,704.901926307348,om11_3,CJM,tun43,C
2047,498,589.903632475481,om11_3,CJM,tun43,C
2048,498,645.484343739936,om11_3,CJM,tun43,C
2049,498,744.303025485852,om11_3,CJM,tun43,C
2050,498,842.973076473106,om11_3,CJM,tun43,C
