code,year,iter,metric,data,CMP,Metric
tun29,2025,37,SB,8593.12324912998,HS+20,Spawning biomass (thousand t)
tun29,2026,37,SB,8916.00844322865,HS+20,Spawning biomass (thousand t)
tun29,2027,37,SB,9634.40056148469,HS+20,Spawning biomass (thousand t)
tun29,2028,37,SB,13075.9599918571,HS+20,Spawning biomass (thousand t)
tun29,2029,37,SB,16099.2626268323,HS+20,Spawning biomass (thousand t)
tun29,2030,37,SB,17388.6631109993,HS+20,Spawning biomass (thousand t)
tun29,2031,37,SB,19647.5514834601,HS+20,Spawning biomass (thousand t)
tun29,2032,37,SB,21395.2599559209,HS+20,Spawning biomass (thousand t)
tun29,2033,37,SB,22380.121860957,HS+20,Spawning biomass (thousand t)
tun29,2034,37,SB,23441.4249797612,HS+20,Spawning biomass (thousand t)
tun29,2035,37,SB,23312.8639463582,HS+20,Spawning biomass (thousand t)
tun29,2036,37,SB,24952.5623619575,HS+20,Spawning biomass (thousand t)
tun29,2037,37,SB,26755.2752526557,HS+20,Spawning biomass (thousand t)
tun29,2038,37,SB,27346.0171632257,HS+20,Spawning biomass (thousand t)
tun29,2039,37,SB,26817.797268375,HS+20,Spawning biomass (thousand t)
tun29,2040,37,SB,26195.1949788347,HS+20,Spawning biomass (thousand t)
tun29,2041,37,SB,26683.0467162406,HS+20,Spawning biomass (thousand t)
tun29,2042,37,SB,27959.5064123482,HS+20,Spawning biomass (thousand t)
tun29,2043,37,SB,29684.4372568876,HS+20,Spawning biomass (thousand t)
tun29,2044,37,SB,31995.0916676008,HS+20,Spawning biomass (thousand t)
tun29,2045,37,SB,33323.5429651359,HS+20,Spawning biomass (thousand t)
tun29,2046,37,SB,32414.8868731688,HS+20,Spawning biomass (thousand t)
tun29,2047,37,SB,30941.715845288,HS+20,Spawning biomass (thousand t)
tun29,2048,37,SB,30092.4410151033,HS+20,Spawning biomass (thousand t)
tun29,2049,37,SB,33228.9723401683,HS+20,Spawning biomass (thousand t)
tun29,2050,37,SB,36676.6230355363,HS+20,Spawning biomass (thousand t)
tun29,2025,65,SB,7734.49472637435,HS+20,Spawning biomass (thousand t)
tun29,2026,65,SB,7667.60759923136,HS+20,Spawning biomass (thousand t)
tun29,2027,65,SB,7448.64676649595,HS+20,Spawning biomass (thousand t)
tun29,2028,65,SB,7545.40257765373,HS+20,Spawning biomass (thousand t)
tun29,2029,65,SB,7263.44508381194,HS+20,Spawning biomass (thousand t)
tun29,2030,65,SB,6697.22200470207,HS+20,Spawning biomass (thousand t)
tun29,2031,65,SB,5733.84177012044,HS+20,Spawning biomass (thousand t)
tun29,2032,65,SB,4708.9121140526,HS+20,Spawning biomass (thousand t)
tun29,2033,65,SB,3475.12679992433,HS+20,Spawning biomass (thousand t)
tun29,2034,65,SB,3522.71763734809,HS+20,Spawning biomass (thousand t)
tun29,2035,65,SB,3757.41207254818,HS+20,Spawning biomass (thousand t)
tun29,2036,65,SB,3904.15710815655,HS+20,Spawning biomass (thousand t)
tun29,2037,65,SB,4495.24215038119,HS+20,Spawning biomass (thousand t)
tun29,2038,65,SB,5507.59347066341,HS+20,Spawning biomass (thousand t)
tun29,2039,65,SB,7940.08398668723,HS+20,Spawning biomass (thousand t)
tun29,2040,65,SB,10556.4057960162,HS+20,Spawning biomass (thousand t)
tun29,2041,65,SB,11921.7505940956,HS+20,Spawning biomass (thousand t)
tun29,2042,65,SB,12390.0344152158,HS+20,Spawning biomass (thousand t)
tun29,2043,65,SB,12902.8892383749,HS+20,Spawning biomass (thousand t)
tun29,2044,65,SB,13614.896047621,HS+20,Spawning biomass (thousand t)
tun29,2045,65,SB,13552.4865757156,HS+20,Spawning biomass (thousand t)
tun29,2046,65,SB,12388.0596028014,HS+20,Spawning biomass (thousand t)
tun29,2047,65,SB,11292.5779652816,HS+20,Spawning biomass (thousand t)
tun29,2048,65,SB,12602.2757950881,HS+20,Spawning biomass (thousand t)
tun29,2049,65,SB,13547.1098761527,HS+20,Spawning biomass (thousand t)
tun29,2050,65,SB,13492.1462432157,HS+20,Spawning biomass (thousand t)
tun29,2025,110,SB,9634.882166157,HS+20,Spawning biomass (thousand t)
tun29,2026,110,SB,10548.6386273578,HS+20,Spawning biomass (thousand t)
tun29,2027,110,SB,10462.2580687412,HS+20,Spawning biomass (thousand t)
tun29,2028,110,SB,10133.9602980197,HS+20,Spawning biomass (thousand t)
tun29,2029,110,SB,9406.55043510068,HS+20,Spawning biomass (thousand t)
tun29,2030,110,SB,8307.22694478729,HS+20,Spawning biomass (thousand t)
tun29,2031,110,SB,6958.97288353779,HS+20,Spawning biomass (thousand t)
tun29,2032,110,SB,5990.22427219979,HS+20,Spawning biomass (thousand t)
tun29,2033,110,SB,5016.48907746796,HS+20,Spawning biomass (thousand t)
tun29,2034,110,SB,4545.96490368062,HS+20,Spawning biomass (thousand t)
tun29,2035,110,SB,4459.84051585698,HS+20,Spawning biomass (thousand t)
tun29,2036,110,SB,4688.42238347503,HS+20,Spawning biomass (thousand t)
tun29,2037,110,SB,5182.86284900485,HS+20,Spawning biomass (thousand t)
tun29,2038,110,SB,5994.76191997343,HS+20,Spawning biomass (thousand t)
tun29,2039,110,SB,6789.65579853546,HS+20,Spawning biomass (thousand t)
tun29,2040,110,SB,6788.15805870063,HS+20,Spawning biomass (thousand t)
tun29,2041,110,SB,6393.42720857044,HS+20,Spawning biomass (thousand t)
tun29,2042,110,SB,6040.45395706448,HS+20,Spawning biomass (thousand t)
tun29,2043,110,SB,6111.72372045222,HS+20,Spawning biomass (thousand t)
tun29,2044,110,SB,6317.47613811515,HS+20,Spawning biomass (thousand t)
tun29,2045,110,SB,6512.32166408307,HS+20,Spawning biomass (thousand t)
tun29,2046,110,SB,6768.57405093571,HS+20,Spawning biomass (thousand t)
tun29,2047,110,SB,6775.70860359016,HS+20,Spawning biomass (thousand t)
tun29,2048,110,SB,6256.40614658325,HS+20,Spawning biomass (thousand t)
tun29,2049,110,SB,6156.39057226778,HS+20,Spawning biomass (thousand t)
tun29,2050,110,SB,6000.79211968334,HS+20,Spawning biomass (thousand t)
tun29,2025,151,SB,6742.27315938003,HS+20,Spawning biomass (thousand t)
tun29,2026,151,SB,7136.35419478089,HS+20,Spawning biomass (thousand t)
tun29,2027,151,SB,7590.65949466519,HS+20,Spawning biomass (thousand t)
tun29,2028,151,SB,8457.52555304449,HS+20,Spawning biomass (thousand t)
tun29,2029,151,SB,9766.65587850984,HS+20,Spawning biomass (thousand t)
tun29,2030,151,SB,11738.6311102004,HS+20,Spawning biomass (thousand t)
tun29,2031,151,SB,14220.7905135696,HS+20,Spawning biomass (thousand t)
tun29,2032,151,SB,15619.4596161871,HS+20,Spawning biomass (thousand t)
tun29,2033,151,SB,15449.5420483324,HS+20,Spawning biomass (thousand t)
tun29,2034,151,SB,15535.0693665216,HS+20,Spawning biomass (thousand t)
tun29,2035,151,SB,15281.3776887074,HS+20,Spawning biomass (thousand t)
tun29,2036,151,SB,14530.7385565576,HS+20,Spawning biomass (thousand t)
tun29,2037,151,SB,13564.3784606669,HS+20,Spawning biomass (thousand t)
tun29,2038,151,SB,12384.4256241061,HS+20,Spawning biomass (thousand t)
tun29,2039,151,SB,11675.751464368,HS+20,Spawning biomass (thousand t)
tun29,2040,151,SB,11711.7621729018,HS+20,Spawning biomass (thousand t)
tun29,2041,151,SB,12539.8213049045,HS+20,Spawning biomass (thousand t)
tun29,2042,151,SB,13392.2941514429,HS+20,Spawning biomass (thousand t)
tun29,2043,151,SB,13611.4351769834,HS+20,Spawning biomass (thousand t)
tun29,2044,151,SB,12822.1729490023,HS+20,Spawning biomass (thousand t)
tun29,2045,151,SB,12376.5457798708,HS+20,Spawning biomass (thousand t)
tun29,2046,151,SB,11698.4835576549,HS+20,Spawning biomass (thousand t)
tun29,2047,151,SB,11133.1347877769,HS+20,Spawning biomass (thousand t)
tun29,2048,151,SB,10792.9382838248,HS+20,Spawning biomass (thousand t)
tun29,2049,151,SB,10372.3320277847,HS+20,Spawning biomass (thousand t)
tun29,2050,151,SB,9746.81211828721,HS+20,Spawning biomass (thousand t)
tun29,2025,158,SB,7236.77187172129,HS+20,Spawning biomass (thousand t)
tun29,2026,158,SB,6884.95729669491,HS+20,Spawning biomass (thousand t)
tun29,2027,158,SB,6503.43894183465,HS+20,Spawning biomass (thousand t)
tun29,2028,158,SB,6002.87597012739,HS+20,Spawning biomass (thousand t)
tun29,2029,158,SB,5666.09475647618,HS+20,Spawning biomass (thousand t)
tun29,2030,158,SB,5795.43414389038,HS+20,Spawning biomass (thousand t)
tun29,2031,158,SB,6131.979200776,HS+20,Spawning biomass (thousand t)
tun29,2032,158,SB,6802.35260971666,HS+20,Spawning biomass (thousand t)
tun29,2033,158,SB,8933.25601753363,HS+20,Spawning biomass (thousand t)
tun29,2034,158,SB,12407.8399892162,HS+20,Spawning biomass (thousand t)
tun29,2035,158,SB,15264.857647781,HS+20,Spawning biomass (thousand t)
tun29,2036,158,SB,18035.332548883,HS+20,Spawning biomass (thousand t)
tun29,2037,158,SB,20247.404620019,HS+20,Spawning biomass (thousand t)
tun29,2038,158,SB,21296.957569388,HS+20,Spawning biomass (thousand t)
tun29,2039,158,SB,22460.0359049836,HS+20,Spawning biomass (thousand t)
tun29,2040,158,SB,24929.4535393158,HS+20,Spawning biomass (thousand t)
tun29,2041,158,SB,27086.3603827577,HS+20,Spawning biomass (thousand t)
tun29,2042,158,SB,26721.8275289292,HS+20,Spawning biomass (thousand t)
tun29,2043,158,SB,25630.081436283,HS+20,Spawning biomass (thousand t)
tun29,2044,158,SB,24281.3554963225,HS+20,Spawning biomass (thousand t)
tun29,2045,158,SB,22215.7766524927,HS+20,Spawning biomass (thousand t)
tun29,2046,158,SB,19784.2972993787,HS+20,Spawning biomass (thousand t)
tun29,2047,158,SB,17272.5097146975,HS+20,Spawning biomass (thousand t)
tun29,2048,158,SB,15079.8005764237,HS+20,Spawning biomass (thousand t)
tun29,2049,158,SB,12703.533661396,HS+20,Spawning biomass (thousand t)
tun29,2050,158,SB,10245.277208307,HS+20,Spawning biomass (thousand t)
tun29,2025,165,SB,7753.47260672735,HS+20,Spawning biomass (thousand t)
tun29,2026,165,SB,7559.71939958111,HS+20,Spawning biomass (thousand t)
tun29,2027,165,SB,7471.39156648256,HS+20,Spawning biomass (thousand t)
tun29,2028,165,SB,8323.63505319909,HS+20,Spawning biomass (thousand t)
tun29,2029,165,SB,8693.3335462072,HS+20,Spawning biomass (thousand t)
tun29,2030,165,SB,8691.06020568935,HS+20,Spawning biomass (thousand t)
tun29,2031,165,SB,9162.30636510941,HS+20,Spawning biomass (thousand t)
tun29,2032,165,SB,9157.01074671914,HS+20,Spawning biomass (thousand t)
tun29,2033,165,SB,8267.75421341356,HS+20,Spawning biomass (thousand t)
tun29,2034,165,SB,10270.1552501262,HS+20,Spawning biomass (thousand t)
tun29,2035,165,SB,14145.9679462342,HS+20,Spawning biomass (thousand t)
tun29,2036,165,SB,17165.2458008342,HS+20,Spawning biomass (thousand t)
tun29,2037,165,SB,18484.2688383766,HS+20,Spawning biomass (thousand t)
tun29,2038,165,SB,19802.9623936025,HS+20,Spawning biomass (thousand t)
tun29,2039,165,SB,21189.3551464566,HS+20,Spawning biomass (thousand t)
tun29,2040,165,SB,21559.8554943566,HS+20,Spawning biomass (thousand t)
tun29,2041,165,SB,21475.2974399128,HS+20,Spawning biomass (thousand t)
tun29,2042,165,SB,20954.099471404,HS+20,Spawning biomass (thousand t)
tun29,2043,165,SB,20063.0607848883,HS+20,Spawning biomass (thousand t)
tun29,2044,165,SB,18974.0693665495,HS+20,Spawning biomass (thousand t)
tun29,2045,165,SB,18151.7485715928,HS+20,Spawning biomass (thousand t)
tun29,2046,165,SB,17731.5226824472,HS+20,Spawning biomass (thousand t)
tun29,2047,165,SB,17700.974712472,HS+20,Spawning biomass (thousand t)
tun29,2048,165,SB,18246.7336920388,HS+20,Spawning biomass (thousand t)
tun29,2049,165,SB,18761.4674031322,HS+20,Spawning biomass (thousand t)
tun29,2050,165,SB,18505.3474320931,HS+20,Spawning biomass (thousand t)
tun29,2025,177,SB,8041.24231146839,HS+20,Spawning biomass (thousand t)
tun29,2026,177,SB,8981.47005806579,HS+20,Spawning biomass (thousand t)
tun29,2027,177,SB,10833.502246416,HS+20,Spawning biomass (thousand t)
tun29,2028,177,SB,14194.4938740715,HS+20,Spawning biomass (thousand t)
tun29,2029,177,SB,16763.7527624485,HS+20,Spawning biomass (thousand t)
tun29,2030,177,SB,17222.9005775197,HS+20,Spawning biomass (thousand t)
tun29,2031,177,SB,17077.7674021126,HS+20,Spawning biomass (thousand t)
tun29,2032,177,SB,16770.1953543575,HS+20,Spawning biomass (thousand t)
tun29,2033,177,SB,15861.9735197753,HS+20,Spawning biomass (thousand t)
tun29,2034,177,SB,16301.7407668594,HS+20,Spawning biomass (thousand t)
tun29,2035,177,SB,18226.0731672238,HS+20,Spawning biomass (thousand t)
tun29,2036,177,SB,20127.1716465563,HS+20,Spawning biomass (thousand t)
tun29,2037,177,SB,20635.8504921485,HS+20,Spawning biomass (thousand t)
tun29,2038,177,SB,20083.6520429605,HS+20,Spawning biomass (thousand t)
tun29,2039,177,SB,19110.485550082,HS+20,Spawning biomass (thousand t)
tun29,2040,177,SB,18509.4761331705,HS+20,Spawning biomass (thousand t)
tun29,2041,177,SB,18127.5363816675,HS+20,Spawning biomass (thousand t)
tun29,2042,177,SB,16541.8582828036,HS+20,Spawning biomass (thousand t)
tun29,2043,177,SB,14928.8505544926,HS+20,Spawning biomass (thousand t)
tun29,2044,177,SB,13191.4725766997,HS+20,Spawning biomass (thousand t)
tun29,2045,177,SB,11245.5070613527,HS+20,Spawning biomass (thousand t)
tun29,2046,177,SB,9779.93528158558,HS+20,Spawning biomass (thousand t)
tun29,2047,177,SB,9123.78833009691,HS+20,Spawning biomass (thousand t)
tun29,2048,177,SB,8406.98394929283,HS+20,Spawning biomass (thousand t)
tun29,2049,177,SB,7498.8817823674,HS+20,Spawning biomass (thousand t)
tun29,2050,177,SB,6917.80248109846,HS+20,Spawning biomass (thousand t)
tun29,2025,186,SB,7859.93258500356,HS+20,Spawning biomass (thousand t)
tun29,2026,186,SB,8183.64463553886,HS+20,Spawning biomass (thousand t)
tun29,2027,186,SB,9676.97383733055,HS+20,Spawning biomass (thousand t)
tun29,2028,186,SB,12274.933408973,HS+20,Spawning biomass (thousand t)
tun29,2029,186,SB,16557.0861392344,HS+20,Spawning biomass (thousand t)
tun29,2030,186,SB,20670.8619160207,HS+20,Spawning biomass (thousand t)
tun29,2031,186,SB,25639.4489025369,HS+20,Spawning biomass (thousand t)
tun29,2032,186,SB,32017.561845555,HS+20,Spawning biomass (thousand t)
tun29,2033,186,SB,35599.0826393928,HS+20,Spawning biomass (thousand t)
tun29,2034,186,SB,37558.3522258145,HS+20,Spawning biomass (thousand t)
tun29,2035,186,SB,38117.9328059798,HS+20,Spawning biomass (thousand t)
tun29,2036,186,SB,37834.7591063407,HS+20,Spawning biomass (thousand t)
tun29,2037,186,SB,38302.9842568884,HS+20,Spawning biomass (thousand t)
tun29,2038,186,SB,38005.7689245141,HS+20,Spawning biomass (thousand t)
tun29,2039,186,SB,37839.8907007607,HS+20,Spawning biomass (thousand t)
tun29,2040,186,SB,39926.5038373811,HS+20,Spawning biomass (thousand t)
tun29,2041,186,SB,42334.3868980804,HS+20,Spawning biomass (thousand t)
tun29,2042,186,SB,42207.9657318828,HS+20,Spawning biomass (thousand t)
tun29,2043,186,SB,41225.8685709459,HS+20,Spawning biomass (thousand t)
tun29,2044,186,SB,40072.5605553817,HS+20,Spawning biomass (thousand t)
tun29,2045,186,SB,38435.0103113934,HS+20,Spawning biomass (thousand t)
tun29,2046,186,SB,36465.1260601106,HS+20,Spawning biomass (thousand t)
tun29,2047,186,SB,36041.1990468191,HS+20,Spawning biomass (thousand t)
tun29,2048,186,SB,36346.8006194555,HS+20,Spawning biomass (thousand t)
tun29,2049,186,SB,36664.75102687,HS+20,Spawning biomass (thousand t)
tun29,2050,186,SB,36646.6341226905,HS+20,Spawning biomass (thousand t)
tun29,2025,246,SB,8847.56725195435,HS+20,Spawning biomass (thousand t)
tun29,2026,246,SB,9471.05372065363,HS+20,Spawning biomass (thousand t)
tun29,2027,246,SB,9298.26471094718,HS+20,Spawning biomass (thousand t)
tun29,2028,246,SB,8884.57413173245,HS+20,Spawning biomass (thousand t)
tun29,2029,246,SB,8347.04355292313,HS+20,Spawning biomass (thousand t)
tun29,2030,246,SB,7461.9408984355,HS+20,Spawning biomass (thousand t)
tun29,2031,246,SB,6229.51650251119,HS+20,Spawning biomass (thousand t)
tun29,2032,246,SB,4889.20906505943,HS+20,Spawning biomass (thousand t)
tun29,2033,246,SB,3323.66174774775,HS+20,Spawning biomass (thousand t)
tun29,2034,246,SB,2349.25693303624,HS+20,Spawning biomass (thousand t)
tun29,2035,246,SB,1732.98252986708,HS+20,Spawning biomass (thousand t)
tun29,2036,246,SB,1764.74612448148,HS+20,Spawning biomass (thousand t)
tun29,2037,246,SB,1831.87256050003,HS+20,Spawning biomass (thousand t)
tun29,2038,246,SB,1800.44021325116,HS+20,Spawning biomass (thousand t)
tun29,2039,246,SB,1977.7328313303,HS+20,Spawning biomass (thousand t)
tun29,2040,246,SB,2117.92188039013,HS+20,Spawning biomass (thousand t)
tun29,2041,246,SB,2414.69468331987,HS+20,Spawning biomass (thousand t)
tun29,2042,246,SB,2853.5803218639,HS+20,Spawning biomass (thousand t)
tun29,2043,246,SB,3299.35026645645,HS+20,Spawning biomass (thousand t)
tun29,2044,246,SB,3763.2386623138,HS+20,Spawning biomass (thousand t)
tun29,2045,246,SB,4134.87286163751,HS+20,Spawning biomass (thousand t)
tun29,2046,246,SB,4437.63614003353,HS+20,Spawning biomass (thousand t)
tun29,2047,246,SB,4751.30599639685,HS+20,Spawning biomass (thousand t)
tun29,2048,246,SB,5240.37209884193,HS+20,Spawning biomass (thousand t)
tun29,2049,246,SB,5740.80400447466,HS+20,Spawning biomass (thousand t)
tun29,2050,246,SB,5776.43742204809,HS+20,Spawning biomass (thousand t)
tun29,2025,327,SB,6418.0774926786,HS+20,Spawning biomass (thousand t)
tun29,2026,327,SB,7750.32512311325,HS+20,Spawning biomass (thousand t)
tun29,2027,327,SB,9891.93670917104,HS+20,Spawning biomass (thousand t)
tun29,2028,327,SB,12140.6912283461,HS+20,Spawning biomass (thousand t)
tun29,2029,327,SB,14360.4375383826,HS+20,Spawning biomass (thousand t)
tun29,2030,327,SB,16370.2426992497,HS+20,Spawning biomass (thousand t)
tun29,2031,327,SB,16945.4127293039,HS+20,Spawning biomass (thousand t)
tun29,2032,327,SB,17455.5469902046,HS+20,Spawning biomass (thousand t)
tun29,2033,327,SB,18683.7196094175,HS+20,Spawning biomass (thousand t)
tun29,2034,327,SB,19952.3741864998,HS+20,Spawning biomass (thousand t)
tun29,2035,327,SB,20079.7896983803,HS+20,Spawning biomass (thousand t)
tun29,2036,327,SB,19228.0223298989,HS+20,Spawning biomass (thousand t)
tun29,2037,327,SB,17917.2559908917,HS+20,Spawning biomass (thousand t)
tun29,2038,327,SB,16200.3534886683,HS+20,Spawning biomass (thousand t)
tun29,2039,327,SB,14047.0447817605,HS+20,Spawning biomass (thousand t)
tun29,2040,327,SB,11680.2574440638,HS+20,Spawning biomass (thousand t)
tun29,2041,327,SB,9464.85146784676,HS+20,Spawning biomass (thousand t)
tun29,2042,327,SB,7265.04070153644,HS+20,Spawning biomass (thousand t)
tun29,2043,327,SB,5617.60640264927,HS+20,Spawning biomass (thousand t)
tun29,2044,327,SB,4622.79541752976,HS+20,Spawning biomass (thousand t)
tun29,2045,327,SB,3771.25212791518,HS+20,Spawning biomass (thousand t)
tun29,2046,327,SB,3680.89136869469,HS+20,Spawning biomass (thousand t)
tun29,2047,327,SB,3957.38773062346,HS+20,Spawning biomass (thousand t)
tun29,2048,327,SB,4059.60914830929,HS+20,Spawning biomass (thousand t)
tun29,2049,327,SB,4020.7112267116,HS+20,Spawning biomass (thousand t)
tun29,2050,327,SB,4347.07119907724,HS+20,Spawning biomass (thousand t)
tun29,2025,344,SB,8341.1219780227,HS+20,Spawning biomass (thousand t)
tun29,2026,344,SB,9348.60852703153,HS+20,Spawning biomass (thousand t)
tun29,2027,344,SB,10089.5148273994,HS+20,Spawning biomass (thousand t)
tun29,2028,344,SB,11228.6115230006,HS+20,Spawning biomass (thousand t)
tun29,2029,344,SB,12853.8618604821,HS+20,Spawning biomass (thousand t)
tun29,2030,344,SB,13833.2180914199,HS+20,Spawning biomass (thousand t)
tun29,2031,344,SB,13799.1671115247,HS+20,Spawning biomass (thousand t)
tun29,2032,344,SB,13489.8984545299,HS+20,Spawning biomass (thousand t)
tun29,2033,344,SB,13843.2166020799,HS+20,Spawning biomass (thousand t)
tun29,2034,344,SB,16308.3120988418,HS+20,Spawning biomass (thousand t)
tun29,2035,344,SB,18495.1402321838,HS+20,Spawning biomass (thousand t)
tun29,2036,344,SB,19111.715878967,HS+20,Spawning biomass (thousand t)
tun29,2037,344,SB,19005.3919973618,HS+20,Spawning biomass (thousand t)
tun29,2038,344,SB,18355.0964151203,HS+20,Spawning biomass (thousand t)
tun29,2039,344,SB,17579.228368193,HS+20,Spawning biomass (thousand t)
tun29,2040,344,SB,16728.6821418351,HS+20,Spawning biomass (thousand t)
tun29,2041,344,SB,15806.3779586386,HS+20,Spawning biomass (thousand t)
tun29,2042,344,SB,14321.6943607141,HS+20,Spawning biomass (thousand t)
tun29,2043,344,SB,12607.2761174271,HS+20,Spawning biomass (thousand t)
tun29,2044,344,SB,11081.6504325463,HS+20,Spawning biomass (thousand t)
tun29,2045,344,SB,9558.64513451535,HS+20,Spawning biomass (thousand t)
tun29,2046,344,SB,8402.8750301515,HS+20,Spawning biomass (thousand t)
tun29,2047,344,SB,8003.57605143988,HS+20,Spawning biomass (thousand t)
tun29,2048,344,SB,8128.8155029149,HS+20,Spawning biomass (thousand t)
tun29,2049,344,SB,9195.97374874268,HS+20,Spawning biomass (thousand t)
tun29,2050,344,SB,9470.09508231692,HS+20,Spawning biomass (thousand t)
tun29,2025,348,SB,6263.92727977176,HS+20,Spawning biomass (thousand t)
tun29,2026,348,SB,7189.83707239901,HS+20,Spawning biomass (thousand t)
tun29,2027,348,SB,8117.51450301059,HS+20,Spawning biomass (thousand t)
tun29,2028,348,SB,9217.95845723782,HS+20,Spawning biomass (thousand t)
tun29,2029,348,SB,10334.0986046005,HS+20,Spawning biomass (thousand t)
tun29,2030,348,SB,10975.8181118903,HS+20,Spawning biomass (thousand t)
tun29,2031,348,SB,10654.6738703854,HS+20,Spawning biomass (thousand t)
tun29,2032,348,SB,10196.687371624,HS+20,Spawning biomass (thousand t)
tun29,2033,348,SB,9393.04682432205,HS+20,Spawning biomass (thousand t)
tun29,2034,348,SB,8622.54153569061,HS+20,Spawning biomass (thousand t)
tun29,2035,348,SB,8227.04841604719,HS+20,Spawning biomass (thousand t)
tun29,2036,348,SB,7985.98553070934,HS+20,Spawning biomass (thousand t)
tun29,2037,348,SB,6845.94839418761,HS+20,Spawning biomass (thousand t)
tun29,2038,348,SB,5612.54871636405,HS+20,Spawning biomass (thousand t)
tun29,2039,348,SB,4246.21361392048,HS+20,Spawning biomass (thousand t)
tun29,2040,348,SB,3102.43470504748,HS+20,Spawning biomass (thousand t)
tun29,2041,348,SB,2245.67020287863,HS+20,Spawning biomass (thousand t)
tun29,2042,348,SB,1844.6231778386,HS+20,Spawning biomass (thousand t)
tun29,2043,348,SB,1814.41208557506,HS+20,Spawning biomass (thousand t)
tun29,2044,348,SB,1892.90968947102,HS+20,Spawning biomass (thousand t)
tun29,2045,348,SB,2091.40568669698,HS+20,Spawning biomass (thousand t)
tun29,2046,348,SB,2165.02207742985,HS+20,Spawning biomass (thousand t)
tun29,2047,348,SB,2224.97893781729,HS+20,Spawning biomass (thousand t)
tun29,2048,348,SB,2355.39107527221,HS+20,Spawning biomass (thousand t)
tun29,2049,348,SB,2403.64896601868,HS+20,Spawning biomass (thousand t)
tun29,2050,348,SB,2194.11565617377,HS+20,Spawning biomass (thousand t)
tun29,2025,367,SB,7127.3628316359,HS+20,Spawning biomass (thousand t)
tun29,2026,367,SB,8597.58600584399,HS+20,Spawning biomass (thousand t)
tun29,2027,367,SB,10030.9500536002,HS+20,Spawning biomass (thousand t)
tun29,2028,367,SB,10334.6572061839,HS+20,Spawning biomass (thousand t)
tun29,2029,367,SB,9791.70505558954,HS+20,Spawning biomass (thousand t)
tun29,2030,367,SB,8737.05883179817,HS+20,Spawning biomass (thousand t)
tun29,2031,367,SB,7489.33141242181,HS+20,Spawning biomass (thousand t)
tun29,2032,367,SB,6260.82795664843,HS+20,Spawning biomass (thousand t)
tun29,2033,367,SB,5064.1545921648,HS+20,Spawning biomass (thousand t)
tun29,2034,367,SB,4503.87666452774,HS+20,Spawning biomass (thousand t)
tun29,2035,367,SB,4367.06787049726,HS+20,Spawning biomass (thousand t)
tun29,2036,367,SB,4758.22279252345,HS+20,Spawning biomass (thousand t)
tun29,2037,367,SB,5287.38346958278,HS+20,Spawning biomass (thousand t)
tun29,2038,367,SB,5931.4607596329,HS+20,Spawning biomass (thousand t)
tun29,2039,367,SB,6737.8677233378,HS+20,Spawning biomass (thousand t)
tun29,2040,367,SB,7638.63055271282,HS+20,Spawning biomass (thousand t)
tun29,2041,367,SB,8181.99124906485,HS+20,Spawning biomass (thousand t)
tun29,2042,367,SB,8916.94518568749,HS+20,Spawning biomass (thousand t)
tun29,2043,367,SB,10259.630487859,HS+20,Spawning biomass (thousand t)
tun29,2044,367,SB,11050.6584814107,HS+20,Spawning biomass (thousand t)
tun29,2045,367,SB,11459.1187582501,HS+20,Spawning biomass (thousand t)
tun29,2046,367,SB,11746.1623751695,HS+20,Spawning biomass (thousand t)
tun29,2047,367,SB,13096.6969869948,HS+20,Spawning biomass (thousand t)
tun29,2048,367,SB,15991.4320588744,HS+20,Spawning biomass (thousand t)
tun29,2049,367,SB,18914.6247124946,HS+20,Spawning biomass (thousand t)
tun29,2050,367,SB,22498.1443387474,HS+20,Spawning biomass (thousand t)
tun29,2025,397,SB,7216.38347223923,HS+20,Spawning biomass (thousand t)
tun29,2026,397,SB,7556.01534985271,HS+20,Spawning biomass (thousand t)
tun29,2027,397,SB,8409.168036083,HS+20,Spawning biomass (thousand t)
tun29,2028,397,SB,10195.4815546315,HS+20,Spawning biomass (thousand t)
tun29,2029,397,SB,11410.5540918549,HS+20,Spawning biomass (thousand t)
tun29,2030,397,SB,11398.7332233038,HS+20,Spawning biomass (thousand t)
tun29,2031,397,SB,10833.0063031686,HS+20,Spawning biomass (thousand t)
tun29,2032,397,SB,11015.3419324988,HS+20,Spawning biomass (thousand t)
tun29,2033,397,SB,10840.6291321521,HS+20,Spawning biomass (thousand t)
tun29,2034,397,SB,10262.5952939514,HS+20,Spawning biomass (thousand t)
tun29,2035,397,SB,9044.12272027129,HS+20,Spawning biomass (thousand t)
tun29,2036,397,SB,8268.28142009343,HS+20,Spawning biomass (thousand t)
tun29,2037,397,SB,7857.34548725115,HS+20,Spawning biomass (thousand t)
tun29,2038,397,SB,7349.23502403754,HS+20,Spawning biomass (thousand t)
tun29,2039,397,SB,7231.99028498205,HS+20,Spawning biomass (thousand t)
tun29,2040,397,SB,7166.68614468507,HS+20,Spawning biomass (thousand t)
tun29,2041,397,SB,7422.80649993443,HS+20,Spawning biomass (thousand t)
tun29,2042,397,SB,6911.1557751739,HS+20,Spawning biomass (thousand t)
tun29,2043,397,SB,6426.39842581792,HS+20,Spawning biomass (thousand t)
tun29,2044,397,SB,5694.55308259234,HS+20,Spawning biomass (thousand t)
tun29,2045,397,SB,4825.62641483163,HS+20,Spawning biomass (thousand t)
tun29,2046,397,SB,4316.76915017759,HS+20,Spawning biomass (thousand t)
tun29,2047,397,SB,4406.53364718653,HS+20,Spawning biomass (thousand t)
tun29,2048,397,SB,4822.20156932351,HS+20,Spawning biomass (thousand t)
tun29,2049,397,SB,5837.28486245863,HS+20,Spawning biomass (thousand t)
tun29,2050,397,SB,7042.33972913235,HS+20,Spawning biomass (thousand t)
tun29,2025,498,SB,6629.64153376063,HS+20,Spawning biomass (thousand t)
tun29,2026,498,SB,6713.47739865391,HS+20,Spawning biomass (thousand t)
tun29,2027,498,SB,7249.41290140555,HS+20,Spawning biomass (thousand t)
tun29,2028,498,SB,7814.83902752587,HS+20,Spawning biomass (thousand t)
tun29,2029,498,SB,8266.22592922523,HS+20,Spawning biomass (thousand t)
tun29,2030,498,SB,8711.29861052343,HS+20,Spawning biomass (thousand t)
tun29,2031,498,SB,8697.35625427085,HS+20,Spawning biomass (thousand t)
tun29,2032,498,SB,8385.19002857653,HS+20,Spawning biomass (thousand t)
tun29,2033,498,SB,7860.19843683087,HS+20,Spawning biomass (thousand t)
tun29,2034,498,SB,7497.84862570934,HS+20,Spawning biomass (thousand t)
tun29,2035,498,SB,6588.1357992434,HS+20,Spawning biomass (thousand t)
tun29,2036,498,SB,5955.06284522504,HS+20,Spawning biomass (thousand t)
tun29,2037,498,SB,5429.09118135579,HS+20,Spawning biomass (thousand t)
tun29,2038,498,SB,5223.27426301261,HS+20,Spawning biomass (thousand t)
tun29,2039,498,SB,5134.66081449674,HS+20,Spawning biomass (thousand t)
tun29,2040,498,SB,5801.40616137224,HS+20,Spawning biomass (thousand t)
tun29,2041,498,SB,7364.13055950458,HS+20,Spawning biomass (thousand t)
tun29,2042,498,SB,9164.95322797364,HS+20,Spawning biomass (thousand t)
tun29,2043,498,SB,11107.2025117714,HS+20,Spawning biomass (thousand t)
tun29,2044,498,SB,12589.8108223961,HS+20,Spawning biomass (thousand t)
tun29,2045,498,SB,13163.7188120454,HS+20,Spawning biomass (thousand t)
tun29,2046,498,SB,13797.2349039268,HS+20,Spawning biomass (thousand t)
tun29,2047,498,SB,14837.8143460215,HS+20,Spawning biomass (thousand t)
tun29,2048,498,SB,16160.6100919646,HS+20,Spawning biomass (thousand t)
tun29,2049,498,SB,17832.3134791573,HS+20,Spawning biomass (thousand t)
tun29,2050,498,SB,18020.5971592754,HS+20,Spawning biomass (thousand t)
tun29,2025,37,C,1385.8907626811,HS+20,Catch (thousand t)
tun29,2026,37,C,1177.24999999668,HS+20,Catch (thousand t)
tun29,2027,37,C,1119.51948922145,HS+20,Catch (thousand t)
tun29,2028,37,C,1097.73667858526,HS+20,Catch (thousand t)
tun29,2029,37,C,1182.95191286135,HS+20,Catch (thousand t)
tun29,2030,37,C,1398.0723165551,HS+20,Catch (thousand t)
tun29,2031,37,C,1479.28709919352,HS+20,Catch (thousand t)
tun29,2032,37,C,1775.14451996273,HS+20,Catch (thousand t)
tun29,2033,37,C,1999.99999750712,HS+20,Catch (thousand t)
tun29,2034,37,C,1999.99999814004,HS+20,Catch (thousand t)
tun29,2035,37,C,1999.99999870441,HS+20,Catch (thousand t)
tun29,2036,37,C,1999.99999869512,HS+20,Catch (thousand t)
tun29,2037,37,C,1999.99999901625,HS+20,Catch (thousand t)
tun29,2038,37,C,1999.9999992491,HS+20,Catch (thousand t)
tun29,2039,37,C,1999.99999940717,HS+20,Catch (thousand t)
tun29,2040,37,C,1999.99999951315,HS+20,Catch (thousand t)
tun29,2041,37,C,1999.99999943971,HS+20,Catch (thousand t)
tun29,2042,37,C,1999.99999950592,HS+20,Catch (thousand t)
tun29,2043,37,C,1999.99999949761,HS+20,Catch (thousand t)
tun29,2044,37,C,1999.99999957891,HS+20,Catch (thousand t)
tun29,2045,37,C,1999.99999960429,HS+20,Catch (thousand t)
tun29,2046,37,C,1999.99999976629,HS+20,Catch (thousand t)
tun29,2047,37,C,1999.99999982105,HS+20,Catch (thousand t)
tun29,2048,37,C,1999.99999986666,HS+20,Catch (thousand t)
tun29,2049,37,C,1999.99999985651,HS+20,Catch (thousand t)
tun29,2050,37,C,1999.99999982748,HS+20,Catch (thousand t)
tun29,2025,65,C,1385.8907626811,HS+20,Catch (thousand t)
tun29,2026,65,C,1177.25,HS+20,Catch (thousand t)
tun29,2027,65,C,1119.52069589181,HS+20,Catch (thousand t)
tun29,2028,65,C,984.064659806615,HS+20,Catch (thousand t)
tun29,2029,65,C,1103.36981552431,HS+20,Catch (thousand t)
tun29,2030,65,C,1215.49310664654,HS+20,Catch (thousand t)
tun29,2031,65,C,1362.42083178031,HS+20,Catch (thousand t)
tun29,2032,65,C,1365.13091085187,HS+20,Catch (thousand t)
tun29,2033,65,C,1435.33985144545,HS+20,Catch (thousand t)
tun29,2034,65,C,1382.6656384777,HS+20,Catch (thousand t)
tun29,2035,65,C,1175.26579270577,HS+20,Catch (thousand t)
tun29,2036,65,C,998.975923799307,HS+20,Catch (thousand t)
tun29,2037,65,C,849.129534457435,HS+20,Catch (thousand t)
tun29,2038,65,C,721.760104945604,HS+20,Catch (thousand t)
tun29,2039,65,C,688.157698899483,HS+20,Catch (thousand t)
tun29,2040,65,C,825.789238677658,HS+20,Catch (thousand t)
tun29,2041,65,C,990.947086409926,HS+20,Catch (thousand t)
tun29,2042,65,C,1189.1365036158,HS+20,Catch (thousand t)
tun29,2043,65,C,1426.9637971673,HS+20,Catch (thousand t)
tun29,2044,65,C,1691.9400189714,HS+20,Catch (thousand t)
tun29,2045,65,C,1915.85846897095,HS+20,Catch (thousand t)
tun29,2046,65,C,2000,HS+20,Catch (thousand t)
tun29,2047,65,C,2000,HS+20,Catch (thousand t)
tun29,2048,65,C,1999.99999999996,HS+20,Catch (thousand t)
tun29,2049,65,C,1999.99999999994,HS+20,Catch (thousand t)
tun29,2050,65,C,1999.99999999996,HS+20,Catch (thousand t)
tun29,2025,110,C,1385.8907626811,HS+20,Catch (thousand t)
tun29,2026,110,C,1177.24999999387,HS+20,Catch (thousand t)
tun29,2027,110,C,1119.52033192932,HS+20,Catch (thousand t)
tun29,2028,110,C,1128.39850196992,HS+20,Catch (thousand t)
tun29,2029,110,C,1354.07820012374,HS+20,Catch (thousand t)
tun29,2030,110,C,1624.89385257526,HS+20,Catch (thousand t)
tun29,2031,110,C,1879.36336673084,HS+20,Catch (thousand t)
tun29,2032,110,C,1867.74582279761,HS+20,Catch (thousand t)
tun29,2033,110,C,1652.16677043549,HS+20,Catch (thousand t)
tun29,2034,110,C,1721.23788200881,HS+20,Catch (thousand t)
tun29,2035,110,C,1596.07817611496,HS+20,Catch (thousand t)
tun29,2036,110,C,1356.66644969771,HS+20,Catch (thousand t)
tun29,2037,110,C,1153.16648209624,HS+20,Catch (thousand t)
tun29,2038,110,C,980.191498201834,HS+20,Catch (thousand t)
tun29,2039,110,C,959.084082575046,HS+20,Catch (thousand t)
tun29,2040,110,C,1058.50964486974,HS+20,Catch (thousand t)
tun29,2041,110,C,1034.52671352762,HS+20,Catch (thousand t)
tun29,2042,110,C,1050.18470026374,HS+20,Catch (thousand t)
tun29,2043,110,C,1138.59028659832,HS+20,Catch (thousand t)
tun29,2044,110,C,1366.30836492587,HS+20,Catch (thousand t)
tun29,2045,110,C,1610.78725624536,HS+20,Catch (thousand t)
tun29,2046,110,C,1646.72470235793,HS+20,Catch (thousand t)
tun29,2047,110,C,1399.7159970042,HS+20,Catch (thousand t)
tun29,2048,110,C,1241.73075007343,HS+20,Catch (thousand t)
tun29,2049,110,C,1204.56649803688,HS+20,Catch (thousand t)
tun29,2050,110,C,1245.35620433594,HS+20,Catch (thousand t)
tun29,2025,151,C,1385.8907626811,HS+20,Catch (thousand t)
tun29,2026,151,C,1177.24999999999,HS+20,Catch (thousand t)
tun29,2027,151,C,1119.51880491368,HS+20,Catch (thousand t)
tun29,2028,151,C,1060.96323315649,HS+20,Catch (thousand t)
tun29,2029,151,C,961.473285274129,HS+20,Catch (thousand t)
tun29,2030,151,C,1058.45763242106,HS+20,Catch (thousand t)
tun29,2031,151,C,1270.14915804148,HS+20,Catch (thousand t)
tun29,2032,151,C,1524.17898240407,HS+20,Catch (thousand t)
tun29,2033,151,C,1829.01478142728,HS+20,Catch (thousand t)
tun29,2034,151,C,1999.99996901273,HS+20,Catch (thousand t)
tun29,2035,151,C,1999.99997228805,HS+20,Catch (thousand t)
tun29,2036,151,C,1999.99996777632,HS+20,Catch (thousand t)
tun29,2037,151,C,1999.99995434671,HS+20,Catch (thousand t)
tun29,2038,151,C,1999.99991227029,HS+20,Catch (thousand t)
tun29,2039,151,C,2000,HS+20,Catch (thousand t)
tun29,2040,151,C,1999.99999999999,HS+20,Catch (thousand t)
tun29,2041,151,C,1999.99999999998,HS+20,Catch (thousand t)
tun29,2042,151,C,1999.99999999999,HS+20,Catch (thousand t)
tun29,2043,151,C,2000,HS+20,Catch (thousand t)
tun29,2044,151,C,1999.9999817344,HS+20,Catch (thousand t)
tun29,2045,151,C,1999.99993292856,HS+20,Catch (thousand t)
tun29,2046,151,C,1999.99992789453,HS+20,Catch (thousand t)
tun29,2047,151,C,2000,HS+20,Catch (thousand t)
tun29,2048,151,C,2000,HS+20,Catch (thousand t)
tun29,2049,151,C,1999.99999999997,HS+20,Catch (thousand t)
tun29,2050,151,C,1999.99999999989,HS+20,Catch (thousand t)
tun29,2025,158,C,1385.8907626811,HS+20,Catch (thousand t)
tun29,2026,158,C,1177.24999999699,HS+20,Catch (thousand t)
tun29,2027,158,C,1119.51872463252,HS+20,Catch (thousand t)
tun29,2028,158,C,970.151916160364,HS+20,Catch (thousand t)
tun29,2029,158,C,1067.48642710665,HS+20,Catch (thousand t)
tun29,2030,158,C,1099.27838301963,HS+20,Catch (thousand t)
tun29,2031,158,C,1018.66702427767,HS+20,Catch (thousand t)
tun29,2032,158,C,1009.58073797766,HS+20,Catch (thousand t)
tun29,2033,158,C,997.619963470198,HS+20,Catch (thousand t)
tun29,2034,158,C,1176.19186467838,HS+20,Catch (thousand t)
tun29,2035,158,C,1233.52136901046,HS+20,Catch (thousand t)
tun29,2036,158,C,1480.22564282821,HS+20,Catch (thousand t)
tun29,2037,158,C,1581.7555090714,HS+20,Catch (thousand t)
tun29,2038,158,C,1889.10264116373,HS+20,Catch (thousand t)
tun29,2039,158,C,1999.99999809938,HS+20,Catch (thousand t)
tun29,2040,158,C,1999.99999724505,HS+20,Catch (thousand t)
tun29,2041,158,C,1999.99999691095,HS+20,Catch (thousand t)
tun29,2042,158,C,1999.99999614232,HS+20,Catch (thousand t)
tun29,2043,158,C,1999.9999961555,HS+20,Catch (thousand t)
tun29,2044,158,C,1999.99999623134,HS+20,Catch (thousand t)
tun29,2045,158,C,1999.99999481198,HS+20,Catch (thousand t)
tun29,2046,158,C,1999.99999261833,HS+20,Catch (thousand t)
tun29,2047,158,C,1999.99998975522,HS+20,Catch (thousand t)
tun29,2048,158,C,1999.99998067684,HS+20,Catch (thousand t)
tun29,2049,158,C,1999.99994525434,HS+20,Catch (thousand t)
tun29,2050,158,C,2000,HS+20,Catch (thousand t)
tun29,2025,165,C,1385.8907626811,HS+20,Catch (thousand t)
tun29,2026,165,C,1177.24999999878,HS+20,Catch (thousand t)
tun29,2027,165,C,1119.52040394923,HS+20,Catch (thousand t)
tun29,2028,165,C,1181.77544497412,HS+20,Catch (thousand t)
tun29,2029,165,C,1296.2376182256,HS+20,Catch (thousand t)
tun29,2030,165,C,1542.30632454688,HS+20,Catch (thousand t)
tun29,2031,165,C,1399.83549867747,HS+20,Catch (thousand t)
tun29,2032,165,C,1471.96750366661,HS+20,Catch (thousand t)
tun29,2033,165,C,1615.12703563949,HS+20,Catch (thousand t)
tun29,2034,165,C,1581.24673028603,HS+20,Catch (thousand t)
tun29,2035,165,C,1477.12570177072,HS+20,Catch (thousand t)
tun29,2036,165,C,1348.66500456792,HS+20,Catch (thousand t)
tun29,2037,165,C,1618.39800152579,HS+20,Catch (thousand t)
tun29,2038,165,C,1942.07762609702,HS+20,Catch (thousand t)
tun29,2039,165,C,1999.99998277316,HS+20,Catch (thousand t)
tun29,2040,165,C,1999.99998957128,HS+20,Catch (thousand t)
tun29,2041,165,C,1999.99999298116,HS+20,Catch (thousand t)
tun29,2042,165,C,1999.99999164287,HS+20,Catch (thousand t)
tun29,2043,165,C,1999.99998212287,HS+20,Catch (thousand t)
tun29,2044,165,C,1999.99997032517,HS+20,Catch (thousand t)
tun29,2045,165,C,1999.99996445458,HS+20,Catch (thousand t)
tun29,2046,165,C,1999.99994921748,HS+20,Catch (thousand t)
tun29,2047,165,C,1999.99991903767,HS+20,Catch (thousand t)
tun29,2048,165,C,1999.99988898189,HS+20,Catch (thousand t)
tun29,2049,165,C,2000,HS+20,Catch (thousand t)
tun29,2050,165,C,2000,HS+20,Catch (thousand t)
tun29,2025,177,C,1385.8907626811,HS+20,Catch (thousand t)
tun29,2026,177,C,1177.24999999989,HS+20,Catch (thousand t)
tun29,2027,177,C,1119.51879199809,HS+20,Catch (thousand t)
tun29,2028,177,C,1097.0273382571,HS+20,Catch (thousand t)
tun29,2029,177,C,1142.20397651078,HS+20,Catch (thousand t)
tun29,2030,177,C,1370.64477181294,HS+20,Catch (thousand t)
tun29,2031,177,C,1644.77367872252,HS+20,Catch (thousand t)
tun29,2032,177,C,1973.72842522147,HS+20,Catch (thousand t)
tun29,2033,177,C,1999.99995558686,HS+20,Catch (thousand t)
tun29,2034,177,C,1999.9999350909,HS+20,Catch (thousand t)
tun29,2035,177,C,1999.99991300953,HS+20,Catch (thousand t)
tun29,2036,177,C,2000,HS+20,Catch (thousand t)
tun29,2037,177,C,1999.99990503575,HS+20,Catch (thousand t)
tun29,2038,177,C,1999.99994986075,HS+20,Catch (thousand t)
tun29,2039,177,C,1999.99997414696,HS+20,Catch (thousand t)
tun29,2040,177,C,1999.99998344233,HS+20,Catch (thousand t)
tun29,2041,177,C,1999.99998142554,HS+20,Catch (thousand t)
tun29,2042,177,C,1999.99997631551,HS+20,Catch (thousand t)
tun29,2043,177,C,1999.99995244105,HS+20,Catch (thousand t)
tun29,2044,177,C,2000,HS+20,Catch (thousand t)
tun29,2045,177,C,1999.99999999999,HS+20,Catch (thousand t)
tun29,2046,177,C,1999.99999999995,HS+20,Catch (thousand t)
tun29,2047,177,C,1999.9999999996,HS+20,Catch (thousand t)
tun29,2048,177,C,1999.99999999732,HS+20,Catch (thousand t)
tun29,2049,177,C,1999.99999998186,HS+20,Catch (thousand t)
tun29,2050,177,C,1999.99999755648,HS+20,Catch (thousand t)
tun29,2025,186,C,1385.8907626811,HS+20,Catch (thousand t)
tun29,2026,186,C,1177.2499994187,HS+20,Catch (thousand t)
tun29,2027,186,C,1119.51911214877,HS+20,Catch (thousand t)
tun29,2028,186,C,1016.59465759464,HS+20,Catch (thousand t)
tun29,2029,186,C,1044.19078500227,HS+20,Catch (thousand t)
tun29,2030,186,C,1140.66927751835,HS+20,Catch (thousand t)
tun29,2031,186,C,1368.80313293837,HS+20,Catch (thousand t)
tun29,2032,186,C,1642.56375907873,HS+20,Catch (thousand t)
tun29,2033,186,C,1971.07651083289,HS+20,Catch (thousand t)
tun29,2034,186,C,1999.9999997528,HS+20,Catch (thousand t)
tun29,2035,186,C,1999.99999987725,HS+20,Catch (thousand t)
tun29,2036,186,C,1999.99999989384,HS+20,Catch (thousand t)
tun29,2037,186,C,1999.99999991657,HS+20,Catch (thousand t)
tun29,2038,186,C,1999.99999989742,HS+20,Catch (thousand t)
tun29,2039,186,C,1999.99999988879,HS+20,Catch (thousand t)
tun29,2040,186,C,1999.99999986424,HS+20,Catch (thousand t)
tun29,2041,186,C,1999.99999984669,HS+20,Catch (thousand t)
tun29,2042,186,C,1999.99999986888,HS+20,Catch (thousand t)
tun29,2043,186,C,1999.99999988179,HS+20,Catch (thousand t)
tun29,2044,186,C,1999.9999998945,HS+20,Catch (thousand t)
tun29,2045,186,C,1999.99999990305,HS+20,Catch (thousand t)
tun29,2046,186,C,1999.99999988578,HS+20,Catch (thousand t)
tun29,2047,186,C,1999.99999987724,HS+20,Catch (thousand t)
tun29,2048,186,C,1999.99999983536,HS+20,Catch (thousand t)
tun29,2049,186,C,1999.9999997898,HS+20,Catch (thousand t)
tun29,2050,186,C,1999.99999973496,HS+20,Catch (thousand t)
tun29,2025,246,C,1385.8907626811,HS+20,Catch (thousand t)
tun29,2026,246,C,1177.24999998942,HS+20,Catch (thousand t)
tun29,2027,246,C,1119.52029113625,HS+20,Catch (thousand t)
tun29,2028,246,C,959.839121712107,HS+20,Catch (thousand t)
tun29,2029,246,C,1151.8069265465,HS+20,Catch (thousand t)
tun29,2030,246,C,1382.16834209432,HS+20,Catch (thousand t)
tun29,2031,246,C,1658.60201074475,HS+20,Catch (thousand t)
tun29,2032,246,C,1990.32241293647,HS+20,Catch (thousand t)
tun29,2033,246,C,1819.51409734601,HS+20,Catch (thousand t)
tun29,2034,246,C,1546.58698274535,HS+20,Catch (thousand t)
tun29,2035,246,C,1314.59893507571,HS+20,Catch (thousand t)
tun29,2036,246,C,1117.40909415469,HS+20,Catch (thousand t)
tun29,2037,246,C,949.797730772064,HS+20,Catch (thousand t)
tun29,2038,246,C,807.328071161684,HS+20,Catch (thousand t)
tun29,2039,246,C,686.228860487456,HS+20,Catch (thousand t)
tun29,2040,246,C,583.294531348436,HS+20,Catch (thousand t)
tun29,2041,246,C,495.800351702187,HS+20,Catch (thousand t)
tun29,2042,246,C,421.430298824788,HS+20,Catch (thousand t)
tun29,2043,246,C,429.916985501455,HS+20,Catch (thousand t)
tun29,2044,246,C,473.187405586139,HS+20,Catch (thousand t)
tun29,2045,246,C,558.688087206089,HS+20,Catch (thousand t)
tun29,2046,246,C,610.51413938852,HS+20,Catch (thousand t)
tun29,2047,246,C,645.080163303215,HS+20,Catch (thousand t)
tun29,2048,246,C,672.332919887583,HS+20,Catch (thousand t)
tun29,2049,246,C,771.550116299623,HS+20,Catch (thousand t)
tun29,2050,246,C,864.78967362576,HS+20,Catch (thousand t)
tun29,2025,327,C,1385.8907626811,HS+20,Catch (thousand t)
tun29,2026,327,C,1177.25,HS+20,Catch (thousand t)
tun29,2027,327,C,1119.52029557651,HS+20,Catch (thousand t)
tun29,2028,327,C,1132.39957917243,HS+20,Catch (thousand t)
tun29,2029,327,C,1358.87949500574,HS+20,Catch (thousand t)
tun29,2030,327,C,1630.65539397211,HS+20,Catch (thousand t)
tun29,2031,327,C,1956.78647228706,HS+20,Catch (thousand t)
tun29,2032,327,C,1999.99998865633,HS+20,Catch (thousand t)
tun29,2033,327,C,1999.99998662189,HS+20,Catch (thousand t)
tun29,2034,327,C,1999.99997924057,HS+20,Catch (thousand t)
tun29,2035,327,C,1999.99998313347,HS+20,Catch (thousand t)
tun29,2036,327,C,1999.99997802845,HS+20,Catch (thousand t)
tun29,2037,327,C,1999.99998285131,HS+20,Catch (thousand t)
tun29,2038,327,C,1999.99997507222,HS+20,Catch (thousand t)
tun29,2039,327,C,1999.99996168591,HS+20,Catch (thousand t)
tun29,2040,327,C,1999.99993911872,HS+20,Catch (thousand t)
tun29,2041,327,C,2000,HS+20,Catch (thousand t)
tun29,2042,327,C,1999.99999999991,HS+20,Catch (thousand t)
tun29,2043,327,C,1999.99999999549,HS+20,Catch (thousand t)
tun29,2044,327,C,1999.99999906298,HS+20,Catch (thousand t)
tun29,2045,327,C,1999.9999963647,HS+20,Catch (thousand t)
tun29,2046,327,C,1762.29767998794,HS+20,Catch (thousand t)
tun29,2047,327,C,1497.95302798975,HS+20,Catch (thousand t)
tun29,2048,327,C,1273.2600737891,HS+20,Catch (thousand t)
tun29,2049,327,C,1082.27106271491,HS+20,Catch (thousand t)
tun29,2050,327,C,919.930399888404,HS+20,Catch (thousand t)
tun29,2025,344,C,1385.8907626811,HS+20,Catch (thousand t)
tun29,2026,344,C,1177.24999999992,HS+20,Catch (thousand t)
tun29,2027,344,C,1119.51941974993,HS+20,Catch (thousand t)
tun29,2028,344,C,1343.42330371032,HS+20,Catch (thousand t)
tun29,2029,344,C,1612.10796445289,HS+20,Catch (thousand t)
tun29,2030,344,C,1934.52955734348,HS+20,Catch (thousand t)
tun29,2031,344,C,1999.99999999993,HS+20,Catch (thousand t)
tun29,2032,344,C,1999.99999999844,HS+20,Catch (thousand t)
tun29,2033,344,C,1987.81155248937,HS+20,Catch (thousand t)
tun29,2034,344,C,1973.33737953095,HS+20,Catch (thousand t)
tun29,2035,344,C,1999.99997545903,HS+20,Catch (thousand t)
tun29,2036,344,C,1999.99997176985,HS+20,Catch (thousand t)
tun29,2037,344,C,1999.99997919466,HS+20,Catch (thousand t)
tun29,2038,344,C,1999.99998509643,HS+20,Catch (thousand t)
tun29,2039,344,C,1999.9999872381,HS+20,Catch (thousand t)
tun29,2040,344,C,1999.99998776059,HS+20,Catch (thousand t)
tun29,2041,344,C,1999.99998330543,HS+20,Catch (thousand t)
tun29,2042,344,C,1999.9999650496,HS+20,Catch (thousand t)
tun29,2043,344,C,1999.99991773834,HS+20,Catch (thousand t)
tun29,2044,344,C,2000,HS+20,Catch (thousand t)
tun29,2045,344,C,1999.99999999997,HS+20,Catch (thousand t)
tun29,2046,344,C,1999.9999999996,HS+20,Catch (thousand t)
tun29,2047,344,C,2000,HS+20,Catch (thousand t)
tun29,2048,344,C,1999.99999996844,HS+20,Catch (thousand t)
tun29,2049,344,C,2000,HS+20,Catch (thousand t)
tun29,2050,344,C,1989.76100485868,HS+20,Catch (thousand t)
tun29,2025,348,C,1385.8907626811,HS+20,Catch (thousand t)
tun29,2026,348,C,1177.24999999999,HS+20,Catch (thousand t)
tun29,2027,348,C,1119.51949035122,HS+20,Catch (thousand t)
tun29,2028,348,C,981.337550224636,HS+20,Catch (thousand t)
tun29,2029,348,C,1135.93528923684,HS+20,Catch (thousand t)
tun29,2030,348,C,1363.1223470803,HS+20,Catch (thousand t)
tun29,2031,348,C,1635.74681649775,HS+20,Catch (thousand t)
tun29,2032,348,C,1498.17143244726,HS+20,Catch (thousand t)
tun29,2033,348,C,1576.27538032739,HS+20,Catch (thousand t)
tun29,2034,348,C,1891.53052848703,HS+20,Catch (thousand t)
tun29,2035,348,C,1999.99996637488,HS+20,Catch (thousand t)
tun29,2036,348,C,1999.99999649139,HS+20,Catch (thousand t)
tun29,2037,348,C,1999.99999999232,HS+20,Catch (thousand t)
tun29,2038,348,C,1999.99999999989,HS+20,Catch (thousand t)
tun29,2039,348,C,1999.99999613217,HS+20,Catch (thousand t)
tun29,2040,348,C,1890.65157835851,HS+20,Catch (thousand t)
tun29,2041,348,C,1637.84891920303,HS+20,Catch (thousand t)
tun29,2042,348,C,1392.17158101485,HS+20,Catch (thousand t)
tun29,2043,348,C,1183.34584405642,HS+20,Catch (thousand t)
tun29,2044,348,C,1005.84396750519,HS+20,Catch (thousand t)
tun29,2045,348,C,854.967372379755,HS+20,Catch (thousand t)
tun29,2046,348,C,726.722266486554,HS+20,Catch (thousand t)
tun29,2047,348,C,617.713926544282,HS+20,Catch (thousand t)
tun29,2048,348,C,539.104676352119,HS+20,Catch (thousand t)
tun29,2049,348,C,590.386694505856,HS+20,Catch (thousand t)
tun29,2050,348,C,601.357025103876,HS+20,Catch (thousand t)
tun29,2025,367,C,1385.8907626811,HS+20,Catch (thousand t)
tun29,2026,367,C,1177.24999999972,HS+20,Catch (thousand t)
tun29,2027,367,C,1119.51989036114,HS+20,Catch (thousand t)
tun29,2028,367,C,1322.42921998892,HS+20,Catch (thousand t)
tun29,2029,367,C,1586.915063983,HS+20,Catch (thousand t)
tun29,2030,367,C,1904.29807680859,HS+20,Catch (thousand t)
tun29,2031,367,C,1999.99999999871,HS+20,Catch (thousand t)
tun29,2032,367,C,1999.99999999814,HS+20,Catch (thousand t)
tun29,2033,367,C,1999.99999999824,HS+20,Catch (thousand t)
tun29,2034,367,C,1699.99999999981,HS+20,Catch (thousand t)
tun29,2035,367,C,1445,HS+20,Catch (thousand t)
tun29,2036,367,C,1315.38369264073,HS+20,Catch (thousand t)
tun29,2037,367,C,1119.29263726201,HS+20,Catch (thousand t)
tun29,2038,367,C,998.554631625306,HS+20,Catch (thousand t)
tun29,2039,367,C,848.771436881193,HS+20,Catch (thousand t)
tun29,2040,367,C,746.321010941268,HS+20,Catch (thousand t)
tun29,2041,367,C,895.585211885731,HS+20,Catch (thousand t)
tun29,2042,367,C,1074.70224919121,HS+20,Catch (thousand t)
tun29,2043,367,C,1289.6427022218,HS+20,Catch (thousand t)
tun29,2044,367,C,1547.5712351348,HS+20,Catch (thousand t)
tun29,2045,367,C,1805.1510997518,HS+20,Catch (thousand t)
tun29,2046,367,C,1999.99999624251,HS+20,Catch (thousand t)
tun29,2047,367,C,1999.99999624479,HS+20,Catch (thousand t)
tun29,2048,367,C,1999.99999687633,HS+20,Catch (thousand t)
tun29,2049,367,C,1999.99999117778,HS+20,Catch (thousand t)
tun29,2050,367,C,1999.9999959563,HS+20,Catch (thousand t)
tun29,2025,397,C,1385.8907626811,HS+20,Catch (thousand t)
tun29,2026,397,C,1177.24999999948,HS+20,Catch (thousand t)
tun29,2027,397,C,1119.51862263749,HS+20,Catch (thousand t)
tun29,2028,397,C,1112.33743953438,HS+20,Catch (thousand t)
tun29,2029,397,C,1334.80492758148,HS+20,Catch (thousand t)
tun29,2030,397,C,1601.76591310151,HS+20,Catch (thousand t)
tun29,2031,397,C,1922.11909572187,HS+20,Catch (thousand t)
tun29,2032,397,C,1633.80123135963,HS+20,Catch (thousand t)
tun29,2033,397,C,1576.37797336179,HS+20,Catch (thousand t)
tun29,2034,397,C,1891.6535671843,HS+20,Catch (thousand t)
tun29,2035,397,C,1999.99999858836,HS+20,Catch (thousand t)
tun29,2036,397,C,1999.99999876713,HS+20,Catch (thousand t)
tun29,2037,397,C,1999.99999958547,HS+20,Catch (thousand t)
tun29,2038,397,C,1999.99999999833,HS+20,Catch (thousand t)
tun29,2039,397,C,1746.02648832851,HS+20,Catch (thousand t)
tun29,2040,397,C,1993.15099321062,HS+20,Catch (thousand t)
tun29,2041,397,C,1736.89014602572,HS+20,Catch (thousand t)
tun29,2042,397,C,2000,HS+20,Catch (thousand t)
tun29,2043,397,C,2000,HS+20,Catch (thousand t)
tun29,2044,397,C,2000,HS+20,Catch (thousand t)
tun29,2045,397,C,1700,HS+20,Catch (thousand t)
tun29,2046,397,C,1444.99999999985,HS+20,Catch (thousand t)
tun29,2047,397,C,1228.24999998983,HS+20,Catch (thousand t)
tun29,2048,397,C,1044.01249939148,HS+20,Catch (thousand t)
tun29,2049,397,C,887.410625,HS+20,Catch (thousand t)
tun29,2050,397,C,757.532234346009,HS+20,Catch (thousand t)
tun29,2025,498,C,1385.8907626811,HS+20,Catch (thousand t)
tun29,2026,498,C,1177.25,HS+20,Catch (thousand t)
tun29,2027,498,C,1119.51965513367,HS+20,Catch (thousand t)
tun29,2028,498,C,1004.34355868573,HS+20,Catch (thousand t)
tun29,2029,498,C,1067.21743682127,HS+20,Catch (thousand t)
tun29,2030,498,C,1153.16122942293,HS+20,Catch (thousand t)
tun29,2031,498,C,1151.03662287375,HS+20,Catch (thousand t)
tun29,2032,498,C,1072.92009293243,HS+20,Catch (thousand t)
tun29,2033,498,C,1287.50414656713,HS+20,Catch (thousand t)
tun29,2034,498,C,1460.09785988528,HS+20,Catch (thousand t)
tun29,2035,498,C,1697.44946109968,HS+20,Catch (thousand t)
tun29,2036,498,C,1501.15455748361,HS+20,Catch (thousand t)
tun29,2037,498,C,1649.47397061902,HS+20,Catch (thousand t)
tun29,2038,498,C,1683.8933132269,HS+20,Catch (thousand t)
tun29,2039,498,C,1568.75085395245,HS+20,Catch (thousand t)
tun29,2040,498,C,1354.55139614259,HS+20,Catch (thousand t)
tun29,2041,498,C,1151.36868806887,HS+20,Catch (thousand t)
tun29,2042,498,C,978.663384857608,HS+20,Catch (thousand t)
tun29,2043,498,C,1051.81429266659,HS+20,Catch (thousand t)
tun29,2044,498,C,1217.46353160339,HS+20,Catch (thousand t)
tun29,2045,498,C,1458.47616859684,HS+20,Catch (thousand t)
tun29,2046,498,C,1560.90229268601,HS+20,Catch (thousand t)
tun29,2047,498,C,1709.89723932721,HS+20,Catch (thousand t)
tun29,2048,498,C,1989.64352768229,HS+20,Catch (thousand t)
tun29,2049,498,C,1999.99991622729,HS+20,Catch (thousand t)
tun29,2050,498,C,1999.9999302201,HS+20,Catch (thousand t)
tun45,2025,37,SB,8593.12324912998,HSsym,Spawning biomass (thousand t)
tun45,2026,37,SB,8904.73017203939,HSsym,Spawning biomass (thousand t)
tun45,2027,37,SB,9599.13345105547,HSsym,Spawning biomass (thousand t)
tun45,2028,37,SB,13016.8249328656,HSsym,Spawning biomass (thousand t)
tun45,2029,37,SB,16013.321054488,HSsym,Spawning biomass (thousand t)
tun45,2030,37,SB,17307.0998310627,HSsym,Spawning biomass (thousand t)
tun45,2031,37,SB,19548.9697108016,HSsym,Spawning biomass (thousand t)
tun45,2032,37,SB,21323.7227028352,HSsym,Spawning biomass (thousand t)
tun45,2033,37,SB,22325.2044829575,HSsym,Spawning biomass (thousand t)
tun45,2034,37,SB,23390.4987984656,HSsym,Spawning biomass (thousand t)
tun45,2035,37,SB,23265.6842213807,HSsym,Spawning biomass (thousand t)
tun45,2036,37,SB,24908.3324639154,HSsym,Spawning biomass (thousand t)
tun45,2037,37,SB,26714.4745267643,HSsym,Spawning biomass (thousand t)
tun45,2038,37,SB,27308.9600878739,HSsym,Spawning biomass (thousand t)
tun45,2039,37,SB,26784.4697528404,HSsym,Spawning biomass (thousand t)
tun45,2040,37,SB,26165.6552650443,HSsym,Spawning biomass (thousand t)
tun45,2041,37,SB,26656.6168678926,HSsym,Spawning biomass (thousand t)
tun45,2042,37,SB,27935.7535341714,HSsym,Spawning biomass (thousand t)
tun45,2043,37,SB,29663.2703060939,HSsym,Spawning biomass (thousand t)
tun45,2044,37,SB,31976.1472154504,HSsym,Spawning biomass (thousand t)
tun45,2045,37,SB,33306.800053223,HSsym,Spawning biomass (thousand t)
tun45,2046,37,SB,32400.2622875793,HSsym,Spawning biomass (thousand t)
tun45,2047,37,SB,30928.914006803,HSsym,Spawning biomass (thousand t)
tun45,2048,37,SB,30081.2569421433,HSsym,Spawning biomass (thousand t)
tun45,2049,37,SB,33218.9932843806,HSsym,Spawning biomass (thousand t)
tun45,2050,37,SB,36667.7381655925,HSsym,Spawning biomass (thousand t)
tun45,2025,65,SB,7734.49472637435,HSsym,Spawning biomass (thousand t)
tun45,2026,65,SB,7655.98247396919,HSsym,Spawning biomass (thousand t)
tun45,2027,65,SB,7413.60577323499,HSsym,Spawning biomass (thousand t)
tun45,2028,65,SB,7490.94132724003,HSsym,Spawning biomass (thousand t)
tun45,2029,65,SB,7186.98808938246,HSsym,Spawning biomass (thousand t)
tun45,2030,65,SB,6601.46119907501,HSsym,Spawning biomass (thousand t)
tun45,2031,65,SB,5621.49768353605,HSsym,Spawning biomass (thousand t)
tun45,2032,65,SB,4587.42062207076,HSsym,Spawning biomass (thousand t)
tun45,2033,65,SB,3348.22892623614,HSsym,Spawning biomass (thousand t)
tun45,2034,65,SB,3381.06646654105,HSsym,Spawning biomass (thousand t)
tun45,2035,65,SB,3595.41803836174,HSsym,Spawning biomass (thousand t)
tun45,2036,65,SB,3729.74499746801,HSsym,Spawning biomass (thousand t)
tun45,2037,65,SB,4297.8586472914,HSsym,Spawning biomass (thousand t)
tun45,2038,65,SB,5277.00316325751,HSsym,Spawning biomass (thousand t)
tun45,2039,65,SB,7668.36211334336,HSsym,Spawning biomass (thousand t)
tun45,2040,65,SB,10283.9677338725,HSsym,Spawning biomass (thousand t)
tun45,2041,65,SB,11720.7434026538,HSsym,Spawning biomass (thousand t)
tun45,2042,65,SB,12339.0349727886,HSsym,Spawning biomass (thousand t)
tun45,2043,65,SB,13049.1283224389,HSsym,Spawning biomass (thousand t)
tun45,2044,65,SB,14058.8567345056,HSsym,Spawning biomass (thousand t)
tun45,2045,65,SB,14343.4529545583,HSsym,Spawning biomass (thousand t)
tun45,2046,65,SB,13358.5841342415,HSsym,Spawning biomass (thousand t)
tun45,2047,65,SB,12231.7701370701,HSsym,Spawning biomass (thousand t)
tun45,2048,65,SB,13519.2275531794,HSsym,Spawning biomass (thousand t)
tun45,2049,65,SB,14436.3151846838,HSsym,Spawning biomass (thousand t)
tun45,2050,65,SB,14330.4798791489,HSsym,Spawning biomass (thousand t)
tun45,2025,110,SB,9634.882166157,HSsym,Spawning biomass (thousand t)
tun45,2026,110,SB,10537.1559234899,HSsym,Spawning biomass (thousand t)
tun45,2027,110,SB,10426.0961348761,HSsym,Spawning biomass (thousand t)
tun45,2028,110,SB,10077.9494301552,HSsym,Spawning biomass (thousand t)
tun45,2029,110,SB,9370.03485658269,HSsym,Spawning biomass (thousand t)
tun45,2030,110,SB,8357.56017941085,HSsym,Spawning biomass (thousand t)
tun45,2031,110,SB,7118.09916629199,HSsym,Spawning biomass (thousand t)
tun45,2032,110,SB,6128.36613024816,HSsym,Spawning biomass (thousand t)
tun45,2033,110,SB,5096.0178991005,HSsym,Spawning biomass (thousand t)
tun45,2034,110,SB,4560.77552433477,HSsym,Spawning biomass (thousand t)
tun45,2035,110,SB,4408.17188325532,HSsym,Spawning biomass (thousand t)
tun45,2036,110,SB,4572.40613119292,HSsym,Spawning biomass (thousand t)
tun45,2037,110,SB,5006.20099930434,HSsym,Spawning biomass (thousand t)
tun45,2038,110,SB,5755.31636226519,HSsym,Spawning biomass (thousand t)
tun45,2039,110,SB,6527.1654658759,HSsym,Spawning biomass (thousand t)
tun45,2040,110,SB,6527.34414338882,HSsym,Spawning biomass (thousand t)
tun45,2041,110,SB,6148.11318129754,HSsym,Spawning biomass (thousand t)
tun45,2042,110,SB,5813.63525745668,HSsym,Spawning biomass (thousand t)
tun45,2043,110,SB,5896.02063702596,HSsym,Spawning biomass (thousand t)
tun45,2044,110,SB,6158.06604050524,HSsym,Spawning biomass (thousand t)
tun45,2045,110,SB,6467.71330264304,HSsym,Spawning biomass (thousand t)
tun45,2046,110,SB,6742.24443572846,HSsym,Spawning biomass (thousand t)
tun45,2047,110,SB,6759.57848947286,HSsym,Spawning biomass (thousand t)
tun45,2048,110,SB,6235.89243829296,HSsym,Spawning biomass (thousand t)
tun45,2049,110,SB,6115.70170711166,HSsym,Spawning biomass (thousand t)
tun45,2050,110,SB,5932.55542603056,HSsym,Spawning biomass (thousand t)
tun45,2025,151,SB,6742.27315938003,HSsym,Spawning biomass (thousand t)
tun45,2026,151,SB,7124.78365275775,HSsym,Spawning biomass (thousand t)
tun45,2027,151,SB,7554.31849535871,HSsym,Spawning biomass (thousand t)
tun45,2028,151,SB,8400.65702508832,HSsym,Spawning biomass (thousand t)
tun45,2029,151,SB,9690.58756086686,HSsym,Spawning biomass (thousand t)
tun45,2030,151,SB,11641.888406929,HSsym,Spawning biomass (thousand t)
tun45,2031,151,SB,14144.6272395154,HSsym,Spawning biomass (thousand t)
tun45,2032,151,SB,15619.9918098277,HSsym,Spawning biomass (thousand t)
tun45,2033,151,SB,15631.8313348876,HSsym,Spawning biomass (thousand t)
tun45,2034,151,SB,15806.5622173856,HSsym,Spawning biomass (thousand t)
tun45,2035,151,SB,15563.5585218104,HSsym,Spawning biomass (thousand t)
tun45,2036,151,SB,14797.3843800279,HSsym,Spawning biomass (thousand t)
tun45,2037,151,SB,13812.5868419832,HSsym,Spawning biomass (thousand t)
tun45,2038,151,SB,12613.4219086421,HSsym,Spawning biomass (thousand t)
tun45,2039,151,SB,11888.192176283,HSsym,Spawning biomass (thousand t)
tun45,2040,151,SB,11912.1610022607,HSsym,Spawning biomass (thousand t)
tun45,2041,151,SB,12732.5496878831,HSsym,Spawning biomass (thousand t)
tun45,2042,151,SB,13577.9366056182,HSsym,Spawning biomass (thousand t)
tun45,2043,151,SB,13787.3249549788,HSsym,Spawning biomass (thousand t)
tun45,2044,151,SB,12987.5999420488,HSsym,Spawning biomass (thousand t)
tun45,2045,151,SB,12535.5550426038,HSsym,Spawning biomass (thousand t)
tun45,2046,151,SB,11852.0241390885,HSsym,Spawning biomass (thousand t)
tun45,2047,151,SB,11280.7699586561,HSsym,Spawning biomass (thousand t)
tun45,2048,151,SB,10934.6685702703,HSsym,Spawning biomass (thousand t)
tun45,2049,151,SB,10507.8325203335,HSsym,Spawning biomass (thousand t)
tun45,2050,151,SB,9875.48213259424,HSsym,Spawning biomass (thousand t)
tun45,2025,158,SB,7236.77187172129,HSsym,Spawning biomass (thousand t)
tun45,2026,158,SB,6873.22187755642,HSsym,Spawning biomass (thousand t)
tun45,2027,158,SB,6468.09313892962,HSsym,Spawning biomass (thousand t)
tun45,2028,158,SB,5948.02080834959,HSsym,Spawning biomass (thousand t)
tun45,2029,158,SB,5593.13715442968,HSsym,Spawning biomass (thousand t)
tun45,2030,158,SB,5705.4088840682,HSsym,Spawning biomass (thousand t)
tun45,2031,158,SB,6030.3674733623,HSsym,Spawning biomass (thousand t)
tun45,2032,158,SB,6693.92099963047,HSsym,Spawning biomass (thousand t)
tun45,2033,158,SB,8814.31117741454,HSsym,Spawning biomass (thousand t)
tun45,2034,158,SB,12294.3608631696,HSsym,Spawning biomass (thousand t)
tun45,2035,158,SB,15151.4054927935,HSsym,Spawning biomass (thousand t)
tun45,2036,158,SB,17967.0243153959,HSsym,Spawning biomass (thousand t)
tun45,2037,158,SB,20173.7593199279,HSsym,Spawning biomass (thousand t)
tun45,2038,158,SB,21264.1734562941,HSsym,Spawning biomass (thousand t)
tun45,2039,158,SB,22435.4627281178,HSsym,Spawning biomass (thousand t)
tun45,2040,158,SB,24905.8777290409,HSsym,Spawning biomass (thousand t)
tun45,2041,158,SB,27064.0030405852,HSsym,Spawning biomass (thousand t)
tun45,2042,158,SB,26701.3203952272,HSsym,Spawning biomass (thousand t)
tun45,2043,158,SB,25611.6114496688,HSsym,Spawning biomass (thousand t)
tun45,2044,158,SB,24264.6926973776,HSsym,Spawning biomass (thousand t)
tun45,2045,158,SB,22200.9887476839,HSsym,Spawning biomass (thousand t)
tun45,2046,158,SB,19771.3857982926,HSsym,Spawning biomass (thousand t)
tun45,2047,158,SB,17261.2605638202,HSsym,Spawning biomass (thousand t)
tun45,2048,158,SB,15070.0470913282,HSsym,Spawning biomass (thousand t)
tun45,2049,158,SB,12695.1502885748,HSsym,Spawning biomass (thousand t)
tun45,2050,158,SB,10238.1271565438,HSsym,Spawning biomass (thousand t)
tun45,2025,165,SB,7753.47260672735,HSsym,Spawning biomass (thousand t)
tun45,2026,165,SB,7547.84708830473,HSsym,Spawning biomass (thousand t)
tun45,2027,165,SB,7435.56869592694,HSsym,Spawning biomass (thousand t)
tun45,2028,165,SB,8262.18244255596,HSsym,Spawning biomass (thousand t)
tun45,2029,165,SB,8603.8785226373,HSsym,Spawning biomass (thousand t)
tun45,2030,165,SB,8615.55453709388,HSsym,Spawning biomass (thousand t)
tun45,2031,165,SB,9071.82435154767,HSsym,Spawning biomass (thousand t)
tun45,2032,165,SB,9053.36917459438,HSsym,Spawning biomass (thousand t)
tun45,2033,165,SB,8150.34235431585,HSsym,Spawning biomass (thousand t)
tun45,2034,165,SB,10132.2230919078,HSsym,Spawning biomass (thousand t)
tun45,2035,165,SB,13977.1569370544,HSsym,Spawning biomass (thousand t)
tun45,2036,165,SB,16980.6980958211,HSsym,Spawning biomass (thousand t)
tun45,2037,165,SB,18346.4704112013,HSsym,Spawning biomass (thousand t)
tun45,2038,165,SB,19781.2598444494,HSsym,Spawning biomass (thousand t)
tun45,2039,165,SB,21194.6694737423,HSsym,Spawning biomass (thousand t)
tun45,2040,165,SB,21564.9630892458,HSsym,Spawning biomass (thousand t)
tun45,2041,165,SB,21480.280682356,HSsym,Spawning biomass (thousand t)
tun45,2042,165,SB,20958.3992036404,HSsym,Spawning biomass (thousand t)
tun45,2043,165,SB,20066.5235483421,HSsym,Spawning biomass (thousand t)
tun45,2044,165,SB,18976.9864609388,HSsym,Spawning biomass (thousand t)
tun45,2045,165,SB,18154.2520372767,HSsym,Spawning biomass (thousand t)
tun45,2046,165,SB,17733.6643294069,HSsym,Spawning biomass (thousand t)
tun45,2047,165,SB,17702.9220253552,HSsym,Spawning biomass (thousand t)
tun45,2048,165,SB,18248.4891638778,HSsym,Spawning biomass (thousand t)
tun45,2049,165,SB,18763.0467117543,HSsym,Spawning biomass (thousand t)
tun45,2050,165,SB,18506.7844607974,HSsym,Spawning biomass (thousand t)
tun45,2025,177,SB,8041.24231146839,HSsym,Spawning biomass (thousand t)
tun45,2026,177,SB,8969.87889162941,HSsym,Spawning biomass (thousand t)
tun45,2027,177,SB,10797.4580725913,HSsym,Spawning biomass (thousand t)
tun45,2028,177,SB,14135.4173637213,HSsym,Spawning biomass (thousand t)
tun45,2029,177,SB,16681.3855746902,HSsym,Spawning biomass (thousand t)
tun45,2030,177,SB,17165.0660840408,HSsym,Spawning biomass (thousand t)
tun45,2031,177,SB,17102.4121489488,HSsym,Spawning biomass (thousand t)
tun45,2032,177,SB,16954.2879141664,HSsym,Spawning biomass (thousand t)
tun45,2033,177,SB,16079.3323261354,HSsym,Spawning biomass (thousand t)
tun45,2034,177,SB,16509.0537100332,HSsym,Spawning biomass (thousand t)
tun45,2035,177,SB,18424.5307833461,HSsym,Spawning biomass (thousand t)
tun45,2036,177,SB,20314.2583311967,HSsym,Spawning biomass (thousand t)
tun45,2037,177,SB,20806.3452121097,HSsym,Spawning biomass (thousand t)
tun45,2038,177,SB,20236.634404368,HSsym,Spawning biomass (thousand t)
tun45,2039,177,SB,19249.9702948408,HSsym,Spawning biomass (thousand t)
tun45,2040,177,SB,18638.0761272531,HSsym,Spawning biomass (thousand t)
tun45,2041,177,SB,18246.0028172574,HSsym,Spawning biomass (thousand t)
tun45,2042,177,SB,16649.8942880743,HSsym,Spawning biomass (thousand t)
tun45,2043,177,SB,15026.3767066044,HSsym,Spawning biomass (thousand t)
tun45,2044,177,SB,13278.1859220276,HSsym,Spawning biomass (thousand t)
tun45,2045,177,SB,11322.2104586594,HSsym,Spawning biomass (thousand t)
tun45,2046,177,SB,9848.69990535963,HSsym,Spawning biomass (thousand t)
tun45,2047,177,SB,9186.82659637561,HSsym,Spawning biomass (thousand t)
tun45,2048,177,SB,8465.87748332836,HSsym,Spawning biomass (thousand t)
tun45,2049,177,SB,7553.93128176255,HSsym,Spawning biomass (thousand t)
tun45,2050,177,SB,6970.07397686848,HSsym,Spawning biomass (thousand t)
tun45,2025,186,SB,7859.93258500356,HSsym,Spawning biomass (thousand t)
tun45,2026,186,SB,8172.05948290718,HSsym,Spawning biomass (thousand t)
tun45,2027,186,SB,9643.46449619206,HSsym,Spawning biomass (thousand t)
tun45,2028,186,SB,12218.3949681092,HSsym,Spawning biomass (thousand t)
tun45,2029,186,SB,16476.8562608863,HSsym,Spawning biomass (thousand t)
tun45,2030,186,SB,20567.8064761089,HSsym,Spawning biomass (thousand t)
tun45,2031,186,SB,25561.803291126,HSsym,Spawning biomass (thousand t)
tun45,2032,186,SB,32020.9150296901,HSsym,Spawning biomass (thousand t)
tun45,2033,186,SB,35792.9626670305,HSsym,Spawning biomass (thousand t)
tun45,2034,186,SB,37759.0588940022,HSsym,Spawning biomass (thousand t)
tun45,2035,186,SB,38307.198453674,HSsym,Spawning biomass (thousand t)
tun45,2036,186,SB,38009.2487208871,HSsym,Spawning biomass (thousand t)
tun45,2037,186,SB,38461.3053103352,HSsym,Spawning biomass (thousand t)
tun45,2038,186,SB,38146.1083902853,HSsym,Spawning biomass (thousand t)
tun45,2039,186,SB,37962.2688438038,HSsym,Spawning biomass (thousand t)
tun45,2040,186,SB,40032.7769609751,HSsym,Spawning biomass (thousand t)
tun45,2041,186,SB,42424.7689525652,HSsym,Spawning biomass (thousand t)
tun45,2042,186,SB,42284.2404988704,HSsym,Spawning biomass (thousand t)
tun45,2043,186,SB,41289.5889317889,HSsym,Spawning biomass (thousand t)
tun45,2044,186,SB,40125.6399414974,HSsym,Spawning biomass (thousand t)
tun45,2045,186,SB,38479.6677477916,HSsym,Spawning biomass (thousand t)
tun45,2046,186,SB,36502.673231369,HSsym,Spawning biomass (thousand t)
tun45,2047,186,SB,36072.8848691122,HSsym,Spawning biomass (thousand t)
tun45,2048,186,SB,36373.7911612148,HSsym,Spawning biomass (thousand t)
tun45,2049,186,SB,36687.5318395485,HSsym,Spawning biomass (thousand t)
tun45,2050,186,SB,36665.7853388243,HSsym,Spawning biomass (thousand t)
tun45,2025,246,SB,8847.56725195435,HSsym,Spawning biomass (thousand t)
tun45,2026,246,SB,9459.07109106284,HSsym,Spawning biomass (thousand t)
tun45,2027,246,SB,9263.87103163789,HSsym,Spawning biomass (thousand t)
tun45,2028,246,SB,8831.10134649061,HSsym,Spawning biomass (thousand t)
tun45,2029,246,SB,8312.19697960826,HSsym,Spawning biomass (thousand t)
tun45,2030,246,SB,7507.43130170381,HSsym,Spawning biomass (thousand t)
tun45,2031,246,SB,6422.76505129679,HSsym,Spawning biomass (thousand t)
tun45,2032,246,SB,5314.42080876923,HSsym,Spawning biomass (thousand t)
tun45,2033,246,SB,3698.65656086872,HSsym,Spawning biomass (thousand t)
tun45,2034,246,SB,2665.25269387575,HSsym,Spawning biomass (thousand t)
tun45,2035,246,SB,2015.49424894544,HSsym,Spawning biomass (thousand t)
tun45,2036,246,SB,2087.66738713151,HSsym,Spawning biomass (thousand t)
tun45,2037,246,SB,2209.20979964664,HSsym,Spawning biomass (thousand t)
tun45,2038,246,SB,2221.02337467296,HSsym,Spawning biomass (thousand t)
tun45,2039,246,SB,2466.76117482042,HSsym,Spawning biomass (thousand t)
tun45,2040,246,SB,2674.99759884271,HSsym,Spawning biomass (thousand t)
tun45,2041,246,SB,3050.39888238009,HSsym,Spawning biomass (thousand t)
tun45,2042,246,SB,3562.07209562933,HSsym,Spawning biomass (thousand t)
tun45,2043,246,SB,4028.73573180633,HSsym,Spawning biomass (thousand t)
tun45,2044,246,SB,4483.68267816006,HSsym,Spawning biomass (thousand t)
tun45,2045,246,SB,4822.55069492576,HSsym,Spawning biomass (thousand t)
tun45,2046,246,SB,5050.34364007968,HSsym,Spawning biomass (thousand t)
tun45,2047,246,SB,5288.67118596533,HSsym,Spawning biomass (thousand t)
tun45,2048,246,SB,5697.23239403679,HSsym,Spawning biomass (thousand t)
tun45,2049,246,SB,6107.91430470815,HSsym,Spawning biomass (thousand t)
tun45,2050,246,SB,6042.60886035825,HSsym,Spawning biomass (thousand t)
tun45,2025,327,SB,6418.0774926786,HSsym,Spawning biomass (thousand t)
tun45,2026,327,SB,7739.0077706502,HSsym,Spawning biomass (thousand t)
tun45,2027,327,SB,9856.72512416742,HSsym,Spawning biomass (thousand t)
tun45,2028,327,SB,12082.0884383732,HSsym,Spawning biomass (thousand t)
tun45,2029,327,SB,14315.4602016579,HSsym,Spawning biomass (thousand t)
tun45,2030,327,SB,16400.2040373415,HSsym,Spawning biomass (thousand t)
tun45,2031,327,SB,17133.8122165652,HSsym,Spawning biomass (thousand t)
tun45,2032,327,SB,17673.5640599326,HSsym,Spawning biomass (thousand t)
tun45,2033,327,SB,18897.9573586503,HSsym,Spawning biomass (thousand t)
tun45,2034,327,SB,20159.5201261077,HSsym,Spawning biomass (thousand t)
tun45,2035,327,SB,20274.6517936757,HSsym,Spawning biomass (thousand t)
tun45,2036,327,SB,19407.1839372118,HSsym,Spawning biomass (thousand t)
tun45,2037,327,SB,18081.0402651815,HSsym,Spawning biomass (thousand t)
tun45,2038,327,SB,16349.5468072796,HSsym,Spawning biomass (thousand t)
tun45,2039,327,SB,14180.7650821538,HSsym,Spawning biomass (thousand t)
tun45,2040,327,SB,11800.0135372285,HSsym,Spawning biomass (thousand t)
tun45,2041,327,SB,9571.86452600973,HSsym,Spawning biomass (thousand t)
tun45,2042,327,SB,7360.19957924537,HSsym,Spawning biomass (thousand t)
tun45,2043,327,SB,5704.95259132991,HSsym,Spawning biomass (thousand t)
tun45,2044,327,SB,4707.43718961122,HSsym,Spawning biomass (thousand t)
tun45,2045,327,SB,3854.7647676314,HSsym,Spawning biomass (thousand t)
tun45,2046,327,SB,3713.22169930794,HSsym,Spawning biomass (thousand t)
tun45,2047,327,SB,3948.51126517924,HSsym,Spawning biomass (thousand t)
tun45,2048,327,SB,4006.13746708208,HSsym,Spawning biomass (thousand t)
tun45,2049,327,SB,3923.48794330696,HSsym,Spawning biomass (thousand t)
tun45,2050,327,SB,4200.98730510971,HSsym,Spawning biomass (thousand t)
tun45,2025,344,SB,8341.1219780227,HSsym,Spawning biomass (thousand t)
tun45,2026,344,SB,9337.28384504442,HSsym,Spawning biomass (thousand t)
tun45,2027,344,SB,10054.2995008612,HSsym,Spawning biomass (thousand t)
tun45,2028,344,SB,11210.5200437435,HSsym,Spawning biomass (thousand t)
tun45,2029,344,SB,12913.4317728373,HSsym,Spawning biomass (thousand t)
tun45,2030,344,SB,14049.4532927764,HSsym,Spawning biomass (thousand t)
tun45,2031,344,SB,14031.512802048,HSsym,Spawning biomass (thousand t)
tun45,2032,344,SB,13713.5638741278,HSsym,Spawning biomass (thousand t)
tun45,2033,344,SB,14050.211238317,HSsym,Spawning biomass (thousand t)
tun45,2034,344,SB,16494.3430921906,HSsym,Spawning biomass (thousand t)
tun45,2035,344,SB,18673.8754810976,HSsym,Spawning biomass (thousand t)
tun45,2036,344,SB,19281.6795522922,HSsym,Spawning biomass (thousand t)
tun45,2037,344,SB,19165.1893514294,HSsym,Spawning biomass (thousand t)
tun45,2038,344,SB,18504.8137972591,HSsym,Spawning biomass (thousand t)
tun45,2039,344,SB,17720.189036852,HSsym,Spawning biomass (thousand t)
tun45,2040,344,SB,16860.3749390044,HSsym,Spawning biomass (thousand t)
tun45,2041,344,SB,15928.3067604422,HSsym,Spawning biomass (thousand t)
tun45,2042,344,SB,14432.912047624,HSsym,Spawning biomass (thousand t)
tun45,2043,344,SB,12707.2582285212,HSsym,Spawning biomass (thousand t)
tun45,2044,344,SB,11171.533337482,HSsym,Spawning biomass (thousand t)
tun45,2045,344,SB,9639.8427770049,HSsym,Spawning biomass (thousand t)
tun45,2046,344,SB,8477.47282749125,HSsym,Spawning biomass (thousand t)
tun45,2047,344,SB,8074.86948185069,HSsym,Spawning biomass (thousand t)
tun45,2048,344,SB,8199.82501707111,HSsym,Spawning biomass (thousand t)
tun45,2049,344,SB,9269.76918676323,HSsym,Spawning biomass (thousand t)
tun45,2050,344,SB,9536.65537624653,HSsym,Spawning biomass (thousand t)
tun45,2025,348,SB,6263.92727977176,HSsym,Spawning biomass (thousand t)
tun45,2026,348,SB,7178.02077841438,HSsym,Spawning biomass (thousand t)
tun45,2027,348,SB,8081.30780650705,HSsym,Spawning biomass (thousand t)
tun45,2028,348,SB,9163.94145125378,HSsym,Spawning biomass (thousand t)
tun45,2029,348,SB,10263.2432427034,HSsym,Spawning biomass (thousand t)
tun45,2030,348,SB,10932.457647856,HSsym,Spawning biomass (thousand t)
tun45,2031,348,SB,10705.8468110469,HSsym,Spawning biomass (thousand t)
tun45,2032,348,SB,10238.3216954792,HSsym,Spawning biomass (thousand t)
tun45,2033,348,SB,9401.6294599201,HSsym,Spawning biomass (thousand t)
tun45,2034,348,SB,8661.46350512114,HSsym,Spawning biomass (thousand t)
tun45,2035,348,SB,8271.93278227234,HSsym,Spawning biomass (thousand t)
tun45,2036,348,SB,8029.14191703721,HSsym,Spawning biomass (thousand t)
tun45,2037,348,SB,6886.48638291022,HSsym,Spawning biomass (thousand t)
tun45,2038,348,SB,5650.22307479999,HSsym,Spawning biomass (thousand t)
tun45,2039,348,SB,4282.0149836391,HSsym,Spawning biomass (thousand t)
tun45,2040,348,SB,3085.73770800402,HSsym,Spawning biomass (thousand t)
tun45,2041,348,SB,2173.66910922722,HSsym,Spawning biomass (thousand t)
tun45,2042,348,SB,1729.47963292436,HSsym,Spawning biomass (thousand t)
tun45,2043,348,SB,1645.77907217962,HSsym,Spawning biomass (thousand t)
tun45,2044,348,SB,1653.46970421575,HSsym,Spawning biomass (thousand t)
tun45,2045,348,SB,1758.51488306774,HSsym,Spawning biomass (thousand t)
tun45,2046,348,SB,1751.28234140076,HSsym,Spawning biomass (thousand t)
tun45,2047,348,SB,1738.15930108892,HSsym,Spawning biomass (thousand t)
tun45,2048,348,SB,1794.06820606189,HSsym,Spawning biomass (thousand t)
tun45,2049,348,SB,1813.71857344537,HSsym,Spawning biomass (thousand t)
tun45,2050,348,SB,1642.29743621107,HSsym,Spawning biomass (thousand t)
tun45,2025,367,SB,7127.3628316359,HSsym,Spawning biomass (thousand t)
tun45,2026,367,SB,8586.29717786969,HSsym,Spawning biomass (thousand t)
tun45,2027,367,SB,9995.54232083112,HSsym,Spawning biomass (thousand t)
tun45,2028,367,SB,10300.5840926073,HSsym,Spawning biomass (thousand t)
tun45,2029,367,SB,9813.43727870732,HSsym,Spawning biomass (thousand t)
tun45,2030,367,SB,8889.93758587864,HSsym,Spawning biomass (thousand t)
tun45,2031,367,SB,7660.51688399948,HSsym,Spawning biomass (thousand t)
tun45,2032,367,SB,6428.59839840174,HSsym,Spawning biomass (thousand t)
tun45,2033,367,SB,5228.30826198879,HSsym,Spawning biomass (thousand t)
tun45,2034,367,SB,4606.77303466641,HSsym,Spawning biomass (thousand t)
tun45,2035,367,SB,4412.2557008294,HSsym,Spawning biomass (thousand t)
tun45,2036,367,SB,4749.48739577295,HSsym,Spawning biomass (thousand t)
tun45,2037,367,SB,5227.51491306344,HSsym,Spawning biomass (thousand t)
tun45,2038,367,SB,5830.51179951204,HSsym,Spawning biomass (thousand t)
tun45,2039,367,SB,6599.15464124581,HSsym,Spawning biomass (thousand t)
tun45,2040,367,SB,7479.82134248739,HSsym,Spawning biomass (thousand t)
tun45,2041,367,SB,8039.36404214325,HSsym,Spawning biomass (thousand t)
tun45,2042,367,SB,8836.34644613278,HSsym,Spawning biomass (thousand t)
tun45,2043,367,SB,10298.4500434063,HSsym,Spawning biomass (thousand t)
tun45,2044,367,SB,11278.169586477,HSsym,Spawning biomass (thousand t)
tun45,2045,367,SB,11932.2500651736,HSsym,Spawning biomass (thousand t)
tun45,2046,367,SB,12444.1793747568,HSsym,Spawning biomass (thousand t)
tun45,2047,367,SB,13825.6435623397,HSsym,Spawning biomass (thousand t)
tun45,2048,367,SB,16733.6305220585,HSsym,Spawning biomass (thousand t)
tun45,2049,367,SB,19655.1735120979,HSsym,Spawning biomass (thousand t)
tun45,2050,367,SB,23226.7232548882,HSsym,Spawning biomass (thousand t)
tun45,2025,397,SB,7216.38347223923,HSsym,Spawning biomass (thousand t)
tun45,2026,397,SB,7544.41749621685,HSsym,Spawning biomass (thousand t)
tun45,2027,397,SB,8373.5655456853,HSsym,Spawning biomass (thousand t)
tun45,2028,397,SB,10138.4476459069,HSsym,Spawning biomass (thousand t)
tun45,2029,397,SB,11370.1157897926,HSsym,Spawning biomass (thousand t)
tun45,2030,397,SB,11439.561561497,HSsym,Spawning biomass (thousand t)
tun45,2031,397,SB,11024.1333472857,HSsym,Spawning biomass (thousand t)
tun45,2032,397,SB,11217.8400742583,HSsym,Spawning biomass (thousand t)
tun45,2033,397,SB,10994.2578464774,HSsym,Spawning biomass (thousand t)
tun45,2034,397,SB,10424.4165567675,HSsym,Spawning biomass (thousand t)
tun45,2035,397,SB,9200.66812775617,HSsym,Spawning biomass (thousand t)
tun45,2036,397,SB,8416.3945270616,HSsym,Spawning biomass (thousand t)
tun45,2037,397,SB,8000.11443923555,HSsym,Spawning biomass (thousand t)
tun45,2038,397,SB,7486.96255159289,HSsym,Spawning biomass (thousand t)
tun45,2039,397,SB,7289.0646762142,HSsym,Spawning biomass (thousand t)
tun45,2040,397,SB,7208.38818954185,HSsym,Spawning biomass (thousand t)
tun45,2041,397,SB,7397.97717928124,HSsym,Spawning biomass (thousand t)
tun45,2042,397,SB,6875.52458558042,HSsym,Spawning biomass (thousand t)
tun45,2043,397,SB,6391.64365209235,HSsym,Spawning biomass (thousand t)
tun45,2044,397,SB,5660.61147336764,HSsym,Spawning biomass (thousand t)
tun45,2045,397,SB,4792.38517381231,HSsym,Spawning biomass (thousand t)
tun45,2046,397,SB,4283.32034010331,HSsym,Spawning biomass (thousand t)
tun45,2047,397,SB,4371.32417384742,HSsym,Spawning biomass (thousand t)
tun45,2048,397,SB,4784.42809014972,HSsym,Spawning biomass (thousand t)
tun45,2049,397,SB,5795.89846691399,HSsym,Spawning biomass (thousand t)
tun45,2050,397,SB,6991.09126584869,HSsym,Spawning biomass (thousand t)
tun45,2025,498,SB,6629.64153376063,HSsym,Spawning biomass (thousand t)
tun45,2026,498,SB,6701.82653102429,HSsym,Spawning biomass (thousand t)
tun45,2027,498,SB,7214.60691552462,HSsym,Spawning biomass (thousand t)
tun45,2028,498,SB,7759.20869039722,HSsym,Spawning biomass (thousand t)
tun45,2029,498,SB,8190.76285226227,HSsym,Spawning biomass (thousand t)
tun45,2030,498,SB,8616.86227459824,HSsym,Spawning biomass (thousand t)
tun45,2031,498,SB,8587.95934463004,HSsym,Spawning biomass (thousand t)
tun45,2032,498,SB,8268.17668364005,HSsym,Spawning biomass (thousand t)
tun45,2033,498,SB,7777.70961437177,HSsym,Spawning biomass (thousand t)
tun45,2034,498,SB,7441.16431073493,HSsym,Spawning biomass (thousand t)
tun45,2035,498,SB,6575.87249044219,HSsym,Spawning biomass (thousand t)
tun45,2036,498,SB,5937.21452313728,HSsym,Spawning biomass (thousand t)
tun45,2037,498,SB,5388.72803915229,HSsym,Spawning biomass (thousand t)
tun45,2038,498,SB,5153.57065370818,HSsym,Spawning biomass (thousand t)
tun45,2039,498,SB,5034.49429296351,HSsym,Spawning biomass (thousand t)
tun45,2040,498,SB,5671.40487553056,HSsym,Spawning biomass (thousand t)
tun45,2041,498,SB,7199.2241151262,HSsym,Spawning biomass (thousand t)
tun45,2042,498,SB,8966.61008119218,HSsym,Spawning biomass (thousand t)
tun45,2043,498,SB,10895.1150485294,HSsym,Spawning biomass (thousand t)
tun45,2044,498,SB,12378.6653070507,HSsym,Spawning biomass (thousand t)
tun45,2045,498,SB,13007.2462017494,HSsym,Spawning biomass (thousand t)
tun45,2046,498,SB,13649.9263291307,HSsym,Spawning biomass (thousand t)
tun45,2047,498,SB,14687.5322391787,HSsym,Spawning biomass (thousand t)
tun45,2048,498,SB,16023.6632110587,HSsym,Spawning biomass (thousand t)
tun45,2049,498,SB,17701.1813281951,HSsym,Spawning biomass (thousand t)
tun45,2050,498,SB,17896.4527576429,HSsym,Spawning biomass (thousand t)
tun45,2025,37,C,1385.8907626811,HSsym,Catch (thousand t)
tun45,2026,37,C,1192.3927381738,HSsym,Catch (thousand t)
tun45,2027,37,C,1146.57425016936,HSsym,Catch (thousand t)
tun45,2028,37,C,1123.72398167854,HSsym,Catch (thousand t)
tun45,2029,37,C,1210.24758705284,HSsym,Catch (thousand t)
tun45,2030,37,C,1391.78472567928,HSsym,Catch (thousand t)
tun45,2031,37,C,1508.20179498013,HSsym,Catch (thousand t)
tun45,2032,37,C,1734.4320658205,HSsym,Catch (thousand t)
tun45,2033,37,C,1994.59687534149,HSsym,Catch (thousand t)
tun45,2034,37,C,1999.99999812382,HSsym,Catch (thousand t)
tun45,2035,37,C,1999.99999869104,HSsym,Catch (thousand t)
tun45,2036,37,C,1999.99999868167,HSsym,Catch (thousand t)
tun45,2037,37,C,1999.99999900611,HSsym,Catch (thousand t)
tun45,2038,37,C,1999.99999924239,HSsym,Catch (thousand t)
tun45,2039,37,C,1999.99999940241,HSsym,Catch (thousand t)
tun45,2040,37,C,1999.99999950974,HSsym,Catch (thousand t)
tun45,2041,37,C,1999.99999943556,HSsym,Catch (thousand t)
tun45,2042,37,C,1999.99999950329,HSsym,Catch (thousand t)
tun45,2043,37,C,1999.99999949524,HSsym,Catch (thousand t)
tun45,2044,37,C,1999.99999957665,HSsym,Catch (thousand t)
tun45,2045,37,C,1999.99999960303,HSsym,Catch (thousand t)
tun45,2046,37,C,1999.99999976548,HSsym,Catch (thousand t)
tun45,2047,37,C,1999.99999982054,HSsym,Catch (thousand t)
tun45,2048,37,C,1999.99999986632,HSsym,Catch (thousand t)
tun45,2049,37,C,1999.99999985617,HSsym,Catch (thousand t)
tun45,2050,37,C,1999.99999982714,HSsym,Catch (thousand t)
tun45,2025,65,C,1385.8907626811,HSsym,Catch (thousand t)
tun45,2026,65,C,1192.39254012322,HSsym,Catch (thousand t)
tun45,2027,65,C,1146.57549512411,HSsym,Catch (thousand t)
tun45,2028,65,C,1006.47322500653,HSsym,Catch (thousand t)
tun45,2029,65,C,1127.29577065186,HSsym,Catch (thousand t)
tun45,2030,65,C,1239.30595972835,HSsym,Catch (thousand t)
tun45,2031,65,C,1385.40654962952,HSsym,Catch (thousand t)
tun45,2032,65,C,1380.70770831077,HSsym,Catch (thousand t)
tun45,2033,65,C,1445.98840826517,HSsym,Catch (thousand t)
tun45,2034,65,C,1385.74842987698,HSsym,Catch (thousand t)
tun45,2035,65,C,1177.88616539526,HSsym,Catch (thousand t)
tun45,2036,65,C,1001.20324058612,HSsym,Catch (thousand t)
tun45,2037,65,C,851.022754404644,HSsym,Catch (thousand t)
tun45,2038,65,C,723.369341323471,HSsym,Catch (thousand t)
tun45,2039,65,C,670.811645509945,HSsym,Catch (thousand t)
tun45,2040,65,C,771.433392334945,HSsym,Catch (thousand t)
tun45,2041,65,C,887.148401179866,HSsym,Catch (thousand t)
tun45,2042,65,C,1020.2206612081,HSsym,Catch (thousand t)
tun45,2043,65,C,1173.25375875889,HSsym,Catch (thousand t)
tun45,2044,65,C,1349.24182078519,HSsym,Catch (thousand t)
tun45,2045,65,C,1551.62808855869,HSsym,Catch (thousand t)
tun45,2046,65,C,1784.37227065529,HSsym,Catch (thousand t)
tun45,2047,65,C,2000,HSsym,Catch (thousand t)
tun45,2048,65,C,1999.99999999999,HSsym,Catch (thousand t)
tun45,2049,65,C,1999.99999999998,HSsym,Catch (thousand t)
tun45,2050,65,C,1999.99999999998,HSsym,Catch (thousand t)
tun45,2025,110,C,1385.8907626811,HSsym,Catch (thousand t)
tun45,2026,110,C,1192.39298838588,HSsym,Catch (thousand t)
tun45,2027,110,C,1146.57512077925,HSsym,Catch (thousand t)
tun45,2028,110,C,1155.25931138765,HSsym,Catch (thousand t)
tun45,2029,110,C,1328.54820150025,HSsym,Catch (thousand t)
tun45,2030,110,C,1527.83043475508,HSsym,Catch (thousand t)
tun45,2031,110,C,1757.00501730122,HSsym,Catch (thousand t)
tun45,2032,110,C,1908.21686286121,HSsym,Catch (thousand t)
tun45,2033,110,C,1704.71803071611,HSsym,Catch (thousand t)
tun45,2034,110,C,1798.21642317054,HSsym,Catch (thousand t)
tun45,2035,110,C,1681.24355683047,HSsym,Catch (thousand t)
tun45,2036,110,C,1429.05702330615,HSsym,Catch (thousand t)
tun45,2037,110,C,1214.69846980787,HSsym,Catch (thousand t)
tun45,2038,110,C,1032.49369792889,HSsym,Catch (thousand t)
tun45,2039,110,C,956.774850203222,HSsym,Catch (thousand t)
tun45,2040,110,C,1049.14953095546,HSsym,Catch (thousand t)
tun45,2041,110,C,1018.90626437195,HSsym,Catch (thousand t)
tun45,2042,110,C,1031.8255849848,HSsym,Catch (thousand t)
tun45,2043,110,C,1118.24512783996,HSsym,Catch (thousand t)
tun45,2044,110,C,1285.98190341867,HSsym,Catch (thousand t)
tun45,2045,110,C,1478.87919493323,HSsym,Catch (thousand t)
tun45,2046,110,C,1624.51826607899,HSsym,Catch (thousand t)
tun45,2047,110,C,1380.84052616708,HSsym,Catch (thousand t)
tun45,2048,110,C,1248.61969307596,HSsym,Catch (thousand t)
tun45,2049,110,C,1227.21309234242,HSsym,Catch (thousand t)
tun45,2050,110,C,1274.86329467286,HSsym,Catch (thousand t)
tun45,2025,151,C,1385.8907626811,HSsym,Catch (thousand t)
tun45,2026,151,C,1192.39193055696,HSsym,Catch (thousand t)
tun45,2027,151,C,1146.5735439244,HSsym,Catch (thousand t)
tun45,2028,151,C,1085.72456138756,HSsym,Catch (thousand t)
tun45,2029,151,C,981.234724942046,HSsym,Catch (thousand t)
tun45,2030,151,C,1077.41819058053,HSsym,Catch (thousand t)
tun45,2031,151,C,1239.03091841352,HSsym,Catch (thousand t)
tun45,2032,151,C,1424.88554869334,HSsym,Catch (thousand t)
tun45,2033,151,C,1638.61837937306,HSsym,Catch (thousand t)
tun45,2034,151,C,1884.41112991725,HSsym,Catch (thousand t)
tun45,2035,151,C,1999.99997428469,HSsym,Catch (thousand t)
tun45,2036,151,C,1999.9999701175,HSsym,Catch (thousand t)
tun45,2037,151,C,1999.99995808957,HSsym,Catch (thousand t)
tun45,2038,151,C,1999.99992035799,HSsym,Catch (thousand t)
tun45,2039,151,C,2000,HSsym,Catch (thousand t)
tun45,2040,151,C,1999.99999999999,HSsym,Catch (thousand t)
tun45,2041,151,C,1999.99999999998,HSsym,Catch (thousand t)
tun45,2042,151,C,1999.99999999999,HSsym,Catch (thousand t)
tun45,2043,151,C,2000,HSsym,Catch (thousand t)
tun45,2044,151,C,1999.99997071283,HSsym,Catch (thousand t)
tun45,2045,151,C,1999.99993126371,HSsym,Catch (thousand t)
tun45,2046,151,C,1999.99993144053,HSsym,Catch (thousand t)
tun45,2047,151,C,2000,HSsym,Catch (thousand t)
tun45,2048,151,C,2000,HSsym,Catch (thousand t)
tun45,2049,151,C,1999.99999999998,HSsym,Catch (thousand t)
tun45,2050,151,C,1999.9999999999,HSsym,Catch (thousand t)
tun45,2025,158,C,1385.8907626811,HSsym,Catch (thousand t)
tun45,2026,158,C,1192.39221154009,HSsym,Catch (thousand t)
tun45,2027,158,C,1146.5734612384,HSsym,Catch (thousand t)
tun45,2028,158,C,991.9739275727,HSsym,Catch (thousand t)
tun45,2029,158,C,1089.74738553433,HSsym,Catch (thousand t)
tun45,2030,158,C,1118.00530384689,HSsym,Catch (thousand t)
tun45,2031,158,C,1029.38104504493,HSsym,Catch (thousand t)
tun45,2032,158,C,1014.60432549257,HSsym,Catch (thousand t)
tun45,2033,158,C,997.849841035982,HSsym,Catch (thousand t)
tun45,2034,158,C,1147.52731717752,HSsym,Catch (thousand t)
tun45,2035,158,C,1233.44654936517,HSsym,Catch (thousand t)
tun45,2036,158,C,1418.46353177719,HSsym,Catch (thousand t)
tun45,2037,158,C,1596.33120435937,HSsym,Catch (thousand t)
tun45,2038,158,C,1835.7808845326,HSsym,Catch (thousand t)
tun45,2039,158,C,1999.99999816849,HSsym,Catch (thousand t)
tun45,2040,158,C,1999.99999723752,HSsym,Catch (thousand t)
tun45,2041,158,C,1999.99999689991,HSsym,Catch (thousand t)
tun45,2042,158,C,1999.99999612797,HSsym,Catch (thousand t)
tun45,2043,158,C,1999.99999613955,HSsym,Catch (thousand t)
tun45,2044,158,C,1999.99999621555,HSsym,Catch (thousand t)
tun45,2045,158,C,1999.99999479076,HSsym,Catch (thousand t)
tun45,2046,158,C,1999.99999258357,HSsym,Catch (thousand t)
tun45,2047,158,C,1999.99998970749,HSsym,Catch (thousand t)
tun45,2048,158,C,1999.99998058018,HSsym,Catch (thousand t)
tun45,2049,158,C,1999.99994502473,HSsym,Catch (thousand t)
tun45,2050,158,C,2000,HSsym,Catch (thousand t)
tun45,2025,165,C,1385.8907626811,HSsym,Catch (thousand t)
tun45,2026,165,C,1192.39277989878,HSsym,Catch (thousand t)
tun45,2027,165,C,1146.57519416491,HSsym,Catch (thousand t)
tun45,2028,165,C,1210.06396444375,HSsym,Catch (thousand t)
tun45,2029,165,C,1326.07656524323,HSsym,Catch (thousand t)
tun45,2030,165,C,1524.98805129308,HSsym,Catch (thousand t)
tun45,2031,165,C,1420.97882015249,HSsym,Catch (thousand t)
tun45,2032,165,C,1488.47188560444,HSsym,Catch (thousand t)
tun45,2033,165,C,1632.18415989521,HSsym,Catch (thousand t)
tun45,2034,165,C,1598.81059108796,HSsym,Catch (thousand t)
tun45,2035,165,C,1492.96562305333,HSsym,Catch (thousand t)
tun45,2036,165,C,1358.01040324311,HSsym,Catch (thousand t)
tun45,2037,165,C,1561.71197229861,HSsym,Catch (thousand t)
tun45,2038,165,C,1795.96879227601,HSsym,Catch (thousand t)
tun45,2039,165,C,1999.99998284501,HSsym,Catch (thousand t)
tun45,2040,165,C,1999.99998960201,HSsym,Catch (thousand t)
tun45,2041,165,C,1999.99999299597,HSsym,Catch (thousand t)
tun45,2042,165,C,1999.99999165497,HSsym,Catch (thousand t)
tun45,2043,165,C,1999.9999821489,HSsym,Catch (thousand t)
tun45,2044,165,C,1999.99997036984,HSsym,Catch (thousand t)
tun45,2045,165,C,1999.99996449027,HSsym,Catch (thousand t)
tun45,2046,165,C,1999.99994926082,HSsym,Catch (thousand t)
tun45,2047,165,C,1999.99991912439,HSsym,Catch (thousand t)
tun45,2048,165,C,1999.99988909148,HSsym,Catch (thousand t)
tun45,2049,165,C,2000,HSsym,Catch (thousand t)
tun45,2050,165,C,2000,HSsym,Catch (thousand t)
tun45,2025,177,C,1385.8907626811,HSsym,Catch (thousand t)
tun45,2026,177,C,1192.39166890584,HSsym,Catch (thousand t)
tun45,2027,177,C,1146.57353071954,HSsym,Catch (thousand t)
tun45,2028,177,C,1122.97687872161,HSsym,Catch (thousand t)
tun45,2029,177,C,1167.42581806491,HSsym,Catch (thousand t)
tun45,2030,177,C,1342.53969077465,HSsym,Catch (thousand t)
tun45,2031,177,C,1543.92061396128,HSsym,Catch (thousand t)
tun45,2032,177,C,1775.50871839382,HSsym,Catch (thousand t)
tun45,2033,177,C,1999.99995705376,HSsym,Catch (thousand t)
tun45,2034,177,C,1999.99993921875,HSsym,Catch (thousand t)
tun45,2035,177,C,1999.99991993731,HSsym,Catch (thousand t)
tun45,2036,177,C,1999.99990972185,HSsym,Catch (thousand t)
tun45,2037,177,C,1999.99991006341,HSsym,Catch (thousand t)
tun45,2038,177,C,1999.99995172597,HSsym,Catch (thousand t)
tun45,2039,177,C,1999.99997465604,HSsym,Catch (thousand t)
tun45,2040,177,C,1999.99998369161,HSsym,Catch (thousand t)
tun45,2041,177,C,1999.99998196854,HSsym,Catch (thousand t)
tun45,2042,177,C,1999.99997718901,HSsym,Catch (thousand t)
tun45,2043,177,C,1999.99995450878,HSsym,Catch (thousand t)
tun45,2044,177,C,2000,HSsym,Catch (thousand t)
tun45,2045,177,C,1999.99999999999,HSsym,Catch (thousand t)
tun45,2046,177,C,1999.99999999995,HSsym,Catch (thousand t)
tun45,2047,177,C,1999.99999999964,HSsym,Catch (thousand t)
tun45,2048,177,C,1999.99999999759,HSsym,Catch (thousand t)
tun45,2049,177,C,1999.99999997598,HSsym,Catch (thousand t)
tun45,2050,177,C,1999.99999608671,HSsym,Catch (thousand t)
tun45,2025,186,C,1385.8907626811,HSsym,Catch (thousand t)
tun45,2026,186,C,1192.39242020526,HSsym,Catch (thousand t)
tun45,2027,186,C,1146.57386094331,HSsym,Catch (thousand t)
tun45,2028,186,C,1040.02916474314,HSsym,Catch (thousand t)
tun45,2029,186,C,1067.04819452885,HSsym,Catch (thousand t)
tun45,2030,186,C,1163.74968751065,HSsym,Catch (thousand t)
tun45,2031,186,C,1338.31214055989,HSsym,Catch (thousand t)
tun45,2032,186,C,1539.05896138829,HSsym,Catch (thousand t)
tun45,2033,186,C,1769.91780565411,HSsym,Catch (thousand t)
tun45,2034,186,C,1999.99999975854,HSsym,Catch (thousand t)
tun45,2035,186,C,1999.99999988049,HSsym,Catch (thousand t)
tun45,2036,186,C,1999.99999989688,HSsym,Catch (thousand t)
tun45,2037,186,C,1999.99999991878,HSsym,Catch (thousand t)
tun45,2038,186,C,1999.99999990022,HSsym,Catch (thousand t)
tun45,2039,186,C,1999.99999989175,HSsym,Catch (thousand t)
tun45,2040,186,C,1999.99999986774,HSsym,Catch (thousand t)
tun45,2041,186,C,1999.99999985017,HSsym,Catch (thousand t)
tun45,2042,186,C,1999.99999987141,HSsym,Catch (thousand t)
tun45,2043,186,C,1999.99999988361,HSsym,Catch (thousand t)
tun45,2044,186,C,1999.99999989573,HSsym,Catch (thousand t)
tun45,2045,186,C,1999.99999990393,HSsym,Catch (thousand t)
tun45,2046,186,C,1999.99999988671,HSsym,Catch (thousand t)
tun45,2047,186,C,1999.99999987813,HSsym,Catch (thousand t)
tun45,2048,186,C,1999.99999983645,HSsym,Catch (thousand t)
tun45,2049,186,C,1999.99999979114,HSsym,Catch (thousand t)
tun45,2050,186,C,1999.99999973643,HSsym,Catch (thousand t)
tun45,2025,246,C,1385.8907626811,HSsym,Catch (thousand t)
tun45,2026,246,C,1192.39256592742,HSsym,Catch (thousand t)
tun45,2027,246,C,1146.57507811961,HSsym,Catch (thousand t)
tun45,2028,246,C,981.507367946132,HSsym,Catch (thousand t)
tun45,2029,246,C,1128.73345314814,HSsym,Catch (thousand t)
tun45,2030,246,C,1298.04349801328,HSsym,Catch (thousand t)
tun45,2031,246,C,1492.75002291299,HSsym,Catch (thousand t)
tun45,2032,246,C,1716.6625267114,HSsym,Catch (thousand t)
tun45,2033,246,C,1872.41971981298,HSsym,Catch (thousand t)
tun45,2034,246,C,1591.55676770726,HSsym,Catch (thousand t)
tun45,2035,246,C,1352.82325256431,HSsym,Catch (thousand t)
tun45,2036,246,C,1149.89976463897,HSsym,Catch (thousand t)
tun45,2037,246,C,977.414799982234,HSsym,Catch (thousand t)
tun45,2038,246,C,830.802579985241,HSsym,Catch (thousand t)
tun45,2039,246,C,706.182192747129,HSsym,Catch (thousand t)
tun45,2040,246,C,600.254864039336,HSsym,Catch (thousand t)
tun45,2041,246,C,510.216634427821,HSsym,Catch (thousand t)
tun45,2042,246,C,450.967120306992,HSsym,Catch (thousand t)
tun45,2043,246,C,505.589720308434,HSsym,Catch (thousand t)
tun45,2044,246,C,562.503644814806,HSsym,Catch (thousand t)
tun45,2045,246,C,646.879191535968,HSsym,Catch (thousand t)
tun45,2046,246,C,733.374304054533,HSsym,Catch (thousand t)
tun45,2047,246,C,767.206331050331,HSsym,Catch (thousand t)
tun45,2048,246,C,792.005418704735,HSsym,Catch (thousand t)
tun45,2049,246,C,891.682109136194,HSsym,Catch (thousand t)
tun45,2050,246,C,982.876854813181,HSsym,Catch (thousand t)
tun45,2025,327,C,1385.8907626811,HSsym,Catch (thousand t)
tun45,2026,327,C,1192.39304465116,HSsym,Catch (thousand t)
tun45,2027,327,C,1146.57508205986,HSsym,Catch (thousand t)
tun45,2028,327,C,1159.16064773053,HSsym,Catch (thousand t)
tun45,2029,327,C,1333.03474488898,HSsym,Catch (thousand t)
tun45,2030,327,C,1532.98995656676,HSsym,Catch (thousand t)
tun45,2031,327,C,1762.93844880886,HSsym,Catch (thousand t)
tun45,2032,327,C,1999.99998914628,HSsym,Catch (thousand t)
tun45,2033,327,C,1999.99998717762,HSsym,Catch (thousand t)
tun45,2034,327,C,1999.99997991147,HSsym,Catch (thousand t)
tun45,2035,327,C,1999.99998406058,HSsym,Catch (thousand t)
tun45,2036,327,C,1999.99997925518,HSsym,Catch (thousand t)
tun45,2037,327,C,1999.99998376672,HSsym,Catch (thousand t)
tun45,2038,327,C,1999.99997641983,HSsym,Catch (thousand t)
tun45,2039,327,C,1999.99996381385,HSsym,Catch (thousand t)
tun45,2040,327,C,1999.99994287894,HSsym,Catch (thousand t)
tun45,2041,327,C,2000,HSsym,Catch (thousand t)
tun45,2042,327,C,1999.99999999993,HSsym,Catch (thousand t)
tun45,2043,327,C,1999.99999999633,HSsym,Catch (thousand t)
tun45,2044,327,C,1999.99999905697,HSsym,Catch (thousand t)
tun45,2045,327,C,2000,HSsym,Catch (thousand t)
tun45,2046,327,C,1841.13741743966,HSsym,Catch (thousand t)
tun45,2047,327,C,1564.96680482371,HSsym,Catch (thousand t)
tun45,2048,327,C,1330.22178406971,HSsym,Catch (thousand t)
tun45,2049,327,C,1130.68851648498,HSsym,Catch (thousand t)
tun45,2050,327,C,961.085238484737,HSsym,Catch (thousand t)
tun45,2025,344,C,1385.8907626811,HSsym,Catch (thousand t)
tun45,2026,344,C,1192.39237167176,HSsym,Catch (thousand t)
tun45,2027,344,C,1146.57417834508,HSsym,Catch (thousand t)
tun45,2028,344,C,1318.56030510205,HSsym,Catch (thousand t)
tun45,2029,344,C,1516.34435086775,HSsym,Catch (thousand t)
tun45,2030,344,C,1743.79600349751,HSsym,Catch (thousand t)
tun45,2031,344,C,1999.99999999977,HSsym,Catch (thousand t)
tun45,2032,344,C,1999.99999999651,HSsym,Catch (thousand t)
tun45,2033,344,C,1999.99999986996,HSsym,Catch (thousand t)
tun45,2034,344,C,1999.99999892778,HSsym,Catch (thousand t)
tun45,2035,344,C,1999.99996165885,HSsym,Catch (thousand t)
tun45,2036,344,C,1999.99997277585,HSsym,Catch (thousand t)
tun45,2037,344,C,1999.99997994153,HSsym,Catch (thousand t)
tun45,2038,344,C,1999.99998557975,HSsym,Catch (thousand t)
tun45,2039,344,C,1999.99998765776,HSsym,Catch (thousand t)
tun45,2040,344,C,1999.9999882135,HSsym,Catch (thousand t)
tun45,2041,344,C,1999.99998402869,HSsym,Catch (thousand t)
tun45,2042,344,C,1999.99996682875,HSsym,Catch (thousand t)
tun45,2043,344,C,1999.9999222817,HSsym,Catch (thousand t)
tun45,2044,344,C,2000,HSsym,Catch (thousand t)
tun45,2045,344,C,1999.99999999997,HSsym,Catch (thousand t)
tun45,2046,344,C,1999.99999999965,HSsym,Catch (thousand t)
tun45,2047,344,C,2000,HSsym,Catch (thousand t)
tun45,2048,344,C,1999.9999999449,HSsym,Catch (thousand t)
tun45,2049,344,C,2000,HSsym,Catch (thousand t)
tun45,2050,344,C,1999.99999918543,HSsym,Catch (thousand t)
tun45,2025,348,C,1385.8907626811,HSsym,Catch (thousand t)
tun45,2026,348,C,1192.39184388022,HSsym,Catch (thousand t)
tun45,2027,348,C,1146.57425119045,HSsym,Catch (thousand t)
tun45,2028,348,C,1003.62835033723,HSsym,Catch (thousand t)
tun45,2029,348,C,1154.17260287549,HSsym,Catch (thousand t)
tun45,2030,348,C,1327.2984932925,HSsym,Catch (thousand t)
tun45,2031,348,C,1526.39326725331,HSsym,Catch (thousand t)
tun45,2032,348,C,1523.56951871176,HSsym,Catch (thousand t)
tun45,2033,348,C,1607.44330936146,HSsym,Catch (thousand t)
tun45,2034,348,C,1848.55980576567,HSsym,Catch (thousand t)
tun45,2035,348,C,1999.99995946225,HSsym,Catch (thousand t)
tun45,2036,348,C,1999.99999555549,HSsym,Catch (thousand t)
tun45,2037,348,C,1999.99999998924,HSsym,Catch (thousand t)
tun45,2038,348,C,1999.99999999984,HSsym,Catch (thousand t)
tun45,2039,348,C,1999.9999943578,HSsym,Catch (thousand t)
tun45,2040,348,C,1956.74200077585,HSsym,Catch (thousand t)
tun45,2041,348,C,1694.92504691874,HSsym,Catch (thousand t)
tun45,2042,348,C,1440.68628988146,HSsym,Catch (thousand t)
tun45,2043,348,C,1224.58334563694,HSsym,Catch (thousand t)
tun45,2044,348,C,1040.89584441806,HSsym,Catch (thousand t)
tun45,2045,348,C,884.761467772991,HSsym,Catch (thousand t)
tun45,2046,348,C,752.047247607432,HSsym,Catch (thousand t)
tun45,2047,348,C,639.240160458865,HSsym,Catch (thousand t)
tun45,2048,348,C,543.354136396367,HSsym,Catch (thousand t)
tun45,2049,348,C,522.5957158141,HSsym,Catch (thousand t)
tun45,2050,348,C,512.372008437354,HSsym,Catch (thousand t)
tun45,2025,367,C,1385.8907626811,HSsym,Catch (thousand t)
tun45,2026,367,C,1192.39268970604,HSsym,Catch (thousand t)
tun45,2027,367,C,1146.57466395095,HSsym,Catch (thousand t)
tun45,2028,367,C,1318.5608635465,HSsym,Catch (thousand t)
tun45,2029,367,C,1516.34499305047,HSsym,Catch (thousand t)
tun45,2030,367,C,1743.79674205301,HSsym,Catch (thousand t)
tun45,2031,367,C,1999.99999999678,HSsym,Catch (thousand t)
tun45,2032,367,C,1999.9999999951,HSsym,Catch (thousand t)
tun45,2033,367,C,1999.99999999264,HSsym,Catch (thousand t)
tun45,2034,367,C,1777.17054791787,HSsym,Catch (thousand t)
tun45,2035,367,C,1510.59496573045,HSsym,Catch (thousand t)
tun45,2036,367,C,1390.39095205298,HSsym,Catch (thousand t)
tun45,2037,367,C,1181.83230914618,HSsym,Catch (thousand t)
tun45,2038,367,C,1041.99557355845,HSsym,Catch (thousand t)
tun45,2039,367,C,885.696244440951,HSsym,Catch (thousand t)
tun45,2040,367,C,754.513153654042,HSsym,Catch (thousand t)
tun45,2041,367,C,867.690125824003,HSsym,Catch (thousand t)
tun45,2042,367,C,997.84363999037,HSsym,Catch (thousand t)
tun45,2043,367,C,1147.52018308647,HSsym,Catch (thousand t)
tun45,2044,367,C,1319.64819665189,HSsym,Catch (thousand t)
tun45,2045,367,C,1517.59540454022,HSsym,Catch (thousand t)
tun45,2046,367,C,1745.2347729365,HSsym,Catch (thousand t)
tun45,2047,367,C,1999.99996506605,HSsym,Catch (thousand t)
tun45,2048,367,C,1999.99997673492,HSsym,Catch (thousand t)
tun45,2049,367,C,1999.99996988223,HSsym,Catch (thousand t)
tun45,2050,367,C,1999.99999000087,HSsym,Catch (thousand t)
tun45,2025,397,C,1385.8907626811,HSsym,Catch (thousand t)
tun45,2026,397,C,1192.39201557374,HSsym,Catch (thousand t)
tun45,2027,397,C,1146.57335607823,HSsym,Catch (thousand t)
tun45,2028,397,C,1138.51750325278,HSsym,Catch (thousand t)
tun45,2029,397,C,1309.29512878843,HSsym,Catch (thousand t)
tun45,2030,397,C,1505.68939810939,HSsym,Catch (thousand t)
tun45,2031,397,C,1731.54280782566,HSsym,Catch (thousand t)
tun45,2032,397,C,1653.30274807795,HSsym,Catch (thousand t)
tun45,2033,397,C,1622.57865591564,HSsym,Catch (thousand t)
tun45,2034,397,C,1865.96545231964,HSsym,Catch (thousand t)
tun45,2035,397,C,1999.999996821,HSsym,Catch (thousand t)
tun45,2036,397,C,1999.99999686511,HSsym,Catch (thousand t)
tun45,2037,397,C,1999.99999860335,HSsym,Catch (thousand t)
tun45,2038,397,C,1999.99999999231,HSsym,Catch (thousand t)
tun45,2039,397,C,1845.62545735224,HSsym,Catch (thousand t)
tun45,2040,397,C,1999.9999997708,HSsym,Catch (thousand t)
tun45,2041,397,C,1827.01963547475,HSsym,Catch (thousand t)
tun45,2042,397,C,2000,HSsym,Catch (thousand t)
tun45,2043,397,C,2000,HSsym,Catch (thousand t)
tun45,2044,397,C,2000,HSsym,Catch (thousand t)
tun45,2045,397,C,1700,HSsym,Catch (thousand t)
tun45,2046,397,C,1444.99999999995,HSsym,Catch (thousand t)
tun45,2047,397,C,1228.24999999483,HSsym,Catch (thousand t)
tun45,2048,397,C,1044.01249960677,HSsym,Catch (thousand t)
tun45,2049,397,C,887.410625,HSsym,Catch (thousand t)
tun45,2050,397,C,767.024773871231,HSsym,Catch (thousand t)
tun45,2025,498,C,1385.8907626811,HSsym,Catch (thousand t)
tun45,2026,498,C,1192.39200595502,HSsym,Catch (thousand t)
tun45,2027,498,C,1146.57442122079,HSsym,Catch (thousand t)
tun45,2028,498,C,1027.27250324436,HSsym,Catch (thousand t)
tun45,2029,498,C,1090.09976527096,HSsym,Catch (thousand t)
tun45,2030,498,C,1174.60278602493,HSsym,Catch (thousand t)
tun45,2031,498,C,1168.26618143984,HSsym,Catch (thousand t)
tun45,2032,498,C,1085.30399850721,HSsym,Catch (thousand t)
tun45,2033,498,C,1248.09961752766,HSsym,Catch (thousand t)
tun45,2034,498,C,1435.31456015678,HSsym,Catch (thousand t)
tun45,2035,498,C,1650.61174418032,HSsym,Catch (thousand t)
tun45,2036,498,C,1515.64597938947,HSsym,Catch (thousand t)
tun45,2037,498,C,1673.681190414,HSsym,Catch (thousand t)
tun45,2038,498,C,1717.28256620903,HSsym,Catch (thousand t)
tun45,2039,498,C,1603.18918422496,HSsym,Catch (thousand t)
tun45,2040,498,C,1380.12997129468,HSsym,Catch (thousand t)
tun45,2041,498,C,1173.11047585813,HSsym,Catch (thousand t)
tun45,2042,498,C,997.143904479126,HSsym,Catch (thousand t)
tun45,2043,498,C,1051.35869401361,HSsym,Catch (thousand t)
tun45,2044,498,C,1209.06249810608,HSsym,Catch (thousand t)
tun45,2045,498,C,1390.42187256804,HSsym,Catch (thousand t)
tun45,2046,498,C,1561.52036800265,HSsym,Catch (thousand t)
tun45,2047,498,C,1716.06365417657,HSsym,Catch (thousand t)
tun45,2048,498,C,1973.47316576322,HSsym,Catch (thousand t)
tun45,2049,498,C,1999.99991365236,HSsym,Catch (thousand t)
tun45,2050,498,C,1999.99992821711,HSsym,Catch (thousand t)
tun43,2025,37,SB,8593.12324912998,HS-20,Spawning biomass (thousand t)
tun43,2026,37,SB,8857.91276830116,HS-20,Spawning biomass (thousand t)
tun43,2027,37,SB,9494.22232918236,HS-20,Spawning biomass (thousand t)
tun43,2028,37,SB,12858.3487940833,HS-20,Spawning biomass (thousand t)
tun43,2029,37,SB,15797.0245215317,HS-20,Spawning biomass (thousand t)
tun43,2030,37,SB,17038.2974421009,HS-20,Spawning biomass (thousand t)
tun43,2031,37,SB,19242.0747360957,HS-20,Spawning biomass (thousand t)
tun43,2032,37,SB,20971.2745477269,HS-20,Spawning biomass (thousand t)
tun43,2033,37,SB,21966.5675545519,HS-20,Spawning biomass (thousand t)
tun43,2034,37,SB,23051.3269526895,HS-20,Spawning biomass (thousand t)
tun43,2035,37,SB,22950.0386028712,HS-20,Spawning biomass (thousand t)
tun43,2036,37,SB,24612.0175113474,HS-20,Spawning biomass (thousand t)
tun43,2037,37,SB,26441.7404701195,HS-20,Spawning biomass (thousand t)
tun43,2038,37,SB,27061.8578421052,HS-20,Spawning biomass (thousand t)
tun43,2039,37,SB,26562.2987252872,HS-20,Spawning biomass (thousand t)
tun43,2040,37,SB,25969.0058423243,HS-20,Spawning biomass (thousand t)
tun43,2041,37,SB,26480.7366765527,HS-20,Spawning biomass (thousand t)
tun43,2042,37,SB,27777.6147440224,HS-20,Spawning biomass (thousand t)
tun43,2043,37,SB,29522.2860575485,HS-20,Spawning biomass (thousand t)
tun43,2044,37,SB,31849.8759222228,HS-20,Spawning biomass (thousand t)
tun43,2045,37,SB,33195.1041878111,HS-20,Spawning biomass (thousand t)
tun43,2046,37,SB,32302.6355372115,HS-20,Spawning biomass (thousand t)
tun43,2047,37,SB,30843.411037982,HS-20,Spawning biomass (thousand t)
tun43,2048,37,SB,30006.5303010356,HS-20,Spawning biomass (thousand t)
tun43,2049,37,SB,33152.2946884559,HS-20,Spawning biomass (thousand t)
tun43,2050,37,SB,36608.3362837466,HS-20,Spawning biomass (thousand t)
tun43,2025,65,SB,7734.49472637435,HS-20,Spawning biomass (thousand t)
tun43,2026,65,SB,7607.73012640152,HS-20,Spawning biomass (thousand t)
tun43,2027,65,SB,7309.85856212677,HS-20,Spawning biomass (thousand t)
tun43,2028,65,SB,7345.91222104189,HS-20,Spawning biomass (thousand t)
tun43,2029,65,SB,6997.2667894739,HS-20,Spawning biomass (thousand t)
tun43,2030,65,SB,6375.79514437506,HS-20,Spawning biomass (thousand t)
tun43,2031,65,SB,5368.18516244468,HS-20,Spawning biomass (thousand t)
tun43,2032,65,SB,4322.3901769514,HS-20,Spawning biomass (thousand t)
tun43,2033,65,SB,3081.33078447917,HS-20,Spawning biomass (thousand t)
tun43,2034,65,SB,3086.70260854462,HS-20,Spawning biomass (thousand t)
tun43,2035,65,SB,3315.88446239139,HS-20,Spawning biomass (thousand t)
tun43,2036,65,SB,3514.29346119722,HS-20,Spawning biomass (thousand t)
tun43,2037,65,SB,4158.23716085845,HS-20,Spawning biomass (thousand t)
tun43,2038,65,SB,5182.56267522653,HS-20,Spawning biomass (thousand t)
tun43,2039,65,SB,7573.49567146762,HS-20,Spawning biomass (thousand t)
tun43,2040,65,SB,10184.2946655329,HS-20,Spawning biomass (thousand t)
tun43,2041,65,SB,11630.1193482687,HS-20,Spawning biomass (thousand t)
tun43,2042,65,SB,12267.0037071267,HS-20,Spawning biomass (thousand t)
tun43,2043,65,SB,12997.0358526799,HS-20,Spawning biomass (thousand t)
tun43,2044,65,SB,14034.4248656444,HS-20,Spawning biomass (thousand t)
tun43,2045,65,SB,14355.0927598729,HS-20,Spawning biomass (thousand t)
tun43,2046,65,SB,13409.1128221226,HS-20,Spawning biomass (thousand t)
tun43,2047,65,SB,12285.0294802368,HS-20,Spawning biomass (thousand t)
tun43,2048,65,SB,13570.8782782194,HS-20,Spawning biomass (thousand t)
tun43,2049,65,SB,14485.9228797329,HS-20,Spawning biomass (thousand t)
tun43,2050,65,SB,14376.8472432585,HS-20,Spawning biomass (thousand t)
tun43,2025,110,SB,9634.882166157,HS-20,Spawning biomass (thousand t)
tun43,2026,110,SB,10489.5072285551,HS-20,Spawning biomass (thousand t)
tun43,2027,110,SB,10320.711980037,HS-20,Spawning biomass (thousand t)
tun43,2028,110,SB,9931.39499790405,HS-20,Spawning biomass (thousand t)
tun43,2029,110,SB,9167.73422366192,HS-20,Spawning biomass (thousand t)
tun43,2030,110,SB,8093.41447021991,HS-20,Spawning biomass (thousand t)
tun43,2031,110,SB,6786.96002071809,HS-20,Spawning biomass (thousand t)
tun43,2032,110,SB,5750.14676087598,HS-20,Spawning biomass (thousand t)
tun43,2033,110,SB,4705.3084869378,HS-20,Spawning biomass (thousand t)
tun43,2034,110,SB,4174.77468725051,HS-20,Spawning biomass (thousand t)
tun43,2035,110,SB,4038.86884171914,HS-20,Spawning biomass (thousand t)
tun43,2036,110,SB,4245.019760582,HS-20,Spawning biomass (thousand t)
tun43,2037,110,SB,4758.14077422077,HS-20,Spawning biomass (thousand t)
tun43,2038,110,SB,5576.22139137775,HS-20,Spawning biomass (thousand t)
tun43,2039,110,SB,6358.67042296343,HS-20,Spawning biomass (thousand t)
tun43,2040,110,SB,6359.38151270794,HS-20,Spawning biomass (thousand t)
tun43,2041,110,SB,5970.33619610233,HS-20,Spawning biomass (thousand t)
tun43,2042,110,SB,5611.12710670263,HS-20,Spawning biomass (thousand t)
tun43,2043,110,SB,5661.4600807623,HS-20,Spawning biomass (thousand t)
tun43,2044,110,SB,5883.30874297438,HS-20,Spawning biomass (thousand t)
tun43,2045,110,SB,6145.01656557851,HS-20,Spawning biomass (thousand t)
tun43,2046,110,SB,6388.32891354953,HS-20,Spawning biomass (thousand t)
tun43,2047,110,SB,6449.59764338715,HS-20,Spawning biomass (thousand t)
tun43,2048,110,SB,5947.7425682702,HS-20,Spawning biomass (thousand t)
tun43,2049,110,SB,5835.01371603965,HS-20,Spawning biomass (thousand t)
tun43,2050,110,SB,5654.62923735264,HS-20,Spawning biomass (thousand t)
tun43,2025,151,SB,6742.27315938003,HS-20,Spawning biomass (thousand t)
tun43,2026,151,SB,7076.74235556873,HS-20,Spawning biomass (thousand t)
tun43,2027,151,SB,7447.77269254569,HS-20,Spawning biomass (thousand t)
tun43,2028,151,SB,8249.83917310001,HS-20,Spawning biomass (thousand t)
tun43,2029,151,SB,9499.59595924846,HS-20,Spawning biomass (thousand t)
tun43,2030,151,SB,11410.1726283364,HS-20,Spawning biomass (thousand t)
tun43,2031,151,SB,13875.8748981429,HS-20,Spawning biomass (thousand t)
tun43,2032,151,SB,15313.3614897696,HS-20,Spawning biomass (thousand t)
tun43,2033,151,SB,15283.5291364668,HS-20,Spawning biomass (thousand t)
tun43,2034,151,SB,15424.2599074584,HS-20,Spawning biomass (thousand t)
tun43,2035,151,SB,15185.2045125043,HS-20,Spawning biomass (thousand t)
tun43,2036,151,SB,14439.4900427384,HS-20,Spawning biomass (thousand t)
tun43,2037,151,SB,13478.39433032,HS-20,Spawning biomass (thousand t)
tun43,2038,151,SB,12303.9493576326,HS-20,Spawning biomass (thousand t)
tun43,2039,151,SB,11600.2925601789,HS-20,Spawning biomass (thousand t)
tun43,2040,151,SB,11640.1671499376,HS-20,Spawning biomass (thousand t)
tun43,2041,151,SB,12470.7669548176,HS-20,Spawning biomass (thousand t)
tun43,2042,151,SB,13325.674095027,HS-20,Spawning biomass (thousand t)
tun43,2043,151,SB,13548.2293911666,HS-20,Spawning biomass (thousand t)
tun43,2044,151,SB,12762.6449686326,HS-20,Spawning biomass (thousand t)
tun43,2045,151,SB,12319.2366422113,HS-20,Spawning biomass (thousand t)
tun43,2046,151,SB,11643.0695033164,HS-20,Spawning biomass (thousand t)
tun43,2047,151,SB,11079.7884445158,HS-20,Spawning biomass (thousand t)
tun43,2048,151,SB,10741.6683590356,HS-20,Spawning biomass (thousand t)
tun43,2049,151,SB,10323.2591093233,HS-20,Spawning biomass (thousand t)
tun43,2050,151,SB,9700.16160472021,HS-20,Spawning biomass (thousand t)
tun43,2025,158,SB,7236.77187172129,HS-20,Spawning biomass (thousand t)
tun43,2026,158,SB,6824.49301820392,HS-20,Spawning biomass (thousand t)
tun43,2027,158,SB,6363.89566080298,HS-20,Spawning biomass (thousand t)
tun43,2028,158,SB,5803.15288225887,HS-20,Spawning biomass (thousand t)
tun43,2029,158,SB,5412.86906395107,HS-20,Spawning biomass (thousand t)
tun43,2030,158,SB,5494.37929077812,HS-20,Spawning biomass (thousand t)
tun43,2031,158,SB,5800.88314565635,HS-20,Spawning biomass (thousand t)
tun43,2032,158,SB,6454.98010037472,HS-20,Spawning biomass (thousand t)
tun43,2033,158,SB,8556.60549445065,HS-20,Spawning biomass (thousand t)
tun43,2034,158,SB,12009.9663811093,HS-20,Spawning biomass (thousand t)
tun43,2035,158,SB,14856.3968585336,HS-20,Spawning biomass (thousand t)
tun43,2036,158,SB,17671.7994373235,HS-20,Spawning biomass (thousand t)
tun43,2037,158,SB,19857.8815679844,HS-20,Spawning biomass (thousand t)
tun43,2038,158,SB,20928.0228473482,HS-20,Spawning biomass (thousand t)
tun43,2039,158,SB,22105.3072240725,HS-20,Spawning biomass (thousand t)
tun43,2040,158,SB,24587.3713735961,HS-20,Spawning biomass (thousand t)
tun43,2041,158,SB,26760.519500611,HS-20,Spawning biomass (thousand t)
tun43,2042,158,SB,26422.1879818618,HS-20,Spawning biomass (thousand t)
tun43,2043,158,SB,25360.3186906726,HS-20,Spawning biomass (thousand t)
tun43,2044,158,SB,24038.8788351001,HS-20,Spawning biomass (thousand t)
tun43,2045,158,SB,22000.6329547421,HS-20,Spawning biomass (thousand t)
tun43,2046,158,SB,19596.4951052775,HS-20,Spawning biomass (thousand t)
tun43,2047,158,SB,17108.9607704833,HS-20,Spawning biomass (thousand t)
tun43,2048,158,SB,14937.9094866584,HS-20,Spawning biomass (thousand t)
tun43,2049,158,SB,12581.5809342706,HS-20,Spawning biomass (thousand t)
tun43,2050,158,SB,10141.2411266343,HS-20,Spawning biomass (thousand t)
tun43,2025,165,SB,7753.47260672735,HS-20,Spawning biomass (thousand t)
tun43,2026,165,SB,7498.56780919629,HS-20,Spawning biomass (thousand t)
tun43,2027,165,SB,7329.81613391328,HS-20,Spawning biomass (thousand t)
tun43,2028,165,SB,8101.16535801926,HS-20,Spawning biomass (thousand t)
tun43,2029,165,SB,8385.10394155038,HS-20,Spawning biomass (thousand t)
tun43,2030,165,SB,8339.97729018095,HS-20,Spawning biomass (thousand t)
tun43,2031,165,SB,8761.35140831368,HS-20,Spawning biomass (thousand t)
tun43,2032,165,SB,8726.6457442932,HS-20,Spawning biomass (thousand t)
tun43,2033,165,SB,7820.97657470652,HS-20,Spawning biomass (thousand t)
tun43,2034,165,SB,9775.12516637174,HS-20,Spawning biomass (thousand t)
tun43,2035,165,SB,13569.8050390383,HS-20,Spawning biomass (thousand t)
tun43,2036,165,SB,16556.0622732293,HS-20,Spawning biomass (thousand t)
tun43,2037,165,SB,17936.5111739655,HS-20,Spawning biomass (thousand t)
tun43,2038,165,SB,19383.1720643421,HS-20,Spawning biomass (thousand t)
tun43,2039,165,SB,20799.3651053885,HS-20,Spawning biomass (thousand t)
tun43,2040,165,SB,21181.3835468702,HS-20,Spawning biomass (thousand t)
tun43,2041,165,SB,21116.1938582818,HS-20,Spawning biomass (thousand t)
tun43,2042,165,SB,20616.1789250999,HS-20,Spawning biomass (thousand t)
tun43,2043,165,SB,19751.1998130121,HS-20,Spawning biomass (thousand t)
tun43,2044,165,SB,18691.948255306,HS-20,Spawning biomass (thousand t)
tun43,2045,165,SB,17896.335519368,HS-20,Spawning biomass (thousand t)
tun43,2046,165,SB,17500.3053253454,HS-20,Spawning biomass (thousand t)
tun43,2047,165,SB,17492.4290514417,HS-20,Spawning biomass (thousand t)
tun43,2048,165,SB,18058.1533431156,HS-20,Spawning biomass (thousand t)
tun43,2049,165,SB,18589.4813879242,HS-20,Spawning biomass (thousand t)
tun43,2050,165,SB,18349.3247984649,HS-20,Spawning biomass (thousand t)
tun43,2025,177,SB,8041.24231146839,HS-20,Spawning biomass (thousand t)
tun43,2026,177,SB,8921.75976173648,HS-20,Spawning biomass (thousand t)
tun43,2027,177,SB,10690.5401770865,HS-20,Spawning biomass (thousand t)
tun43,2028,177,SB,13977.7417307721,HS-20,Spawning biomass (thousand t)
tun43,2029,177,SB,16475.8293640946,HS-20,Spawning biomass (thousand t)
tun43,2030,177,SB,16918.2021112339,HS-20,Spawning biomass (thousand t)
tun43,2031,177,SB,16813.4689588149,HS-20,Spawning biomass (thousand t)
tun43,2032,177,SB,16610.648621221,HS-20,Spawning biomass (thousand t)
tun43,2033,177,SB,15735.7365193878,HS-20,Spawning biomass (thousand t)
tun43,2034,177,SB,16182.3850715823,HS-20,Spawning biomass (thousand t)
tun43,2035,177,SB,18111.6642581503,HS-20,Spawning biomass (thousand t)
tun43,2036,177,SB,20018.6672923427,HS-20,Spawning biomass (thousand t)
tun43,2037,177,SB,20536.1791638642,HS-20,Spawning biomass (thousand t)
tun43,2038,177,SB,19993.7181928141,HS-20,Spawning biomass (thousand t)
tun43,2039,177,SB,19028.2937819013,HS-20,Spawning biomass (thousand t)
tun43,2040,177,SB,18433.5577611245,HS-20,Spawning biomass (thousand t)
tun43,2041,177,SB,18057.5346033759,HS-20,Spawning biomass (thousand t)
tun43,2042,177,SB,16477.9834215737,HS-20,Spawning biomass (thousand t)
tun43,2043,177,SB,14871.1453390028,HS-20,Spawning biomass (thousand t)
tun43,2044,177,SB,13140.140496018,HS-20,Spawning biomass (thousand t)
tun43,2045,177,SB,11200.0769421067,HS-20,Spawning biomass (thousand t)
tun43,2046,177,SB,9739.17701452939,HS-20,Spawning biomass (thousand t)
tun43,2047,177,SB,9086.38367813832,HS-20,Spawning biomass (thousand t)
tun43,2048,177,SB,8371.99988680245,HS-20,Spawning biomass (thousand t)
tun43,2049,177,SB,7466.15458688448,HS-20,Spawning biomass (thousand t)
tun43,2050,177,SB,6886.70323084856,HS-20,Spawning biomass (thousand t)
tun43,2025,186,SB,7859.93258500356,HS-20,Spawning biomass (thousand t)
tun43,2026,186,SB,8123.9870092944,HS-20,Spawning biomass (thousand t)
tun43,2027,186,SB,9542.80385282379,HS-20,Spawning biomass (thousand t)
tun43,2028,186,SB,12066.5800860218,HS-20,Spawning biomass (thousand t)
tun43,2029,186,SB,16273.6860541705,HS-20,Spawning biomass (thousand t)
tun43,2030,186,SB,20318.9774927902,HS-20,Spawning biomass (thousand t)
tun43,2031,186,SB,25272.5795293501,HS-20,Spawning biomass (thousand t)
tun43,2032,186,SB,31687.6184268041,HS-20,Spawning biomass (thousand t)
tun43,2033,186,SB,35405.5026563299,HS-20,Spawning biomass (thousand t)
tun43,2034,186,SB,37389.9320259011,HS-20,Spawning biomass (thousand t)
tun43,2035,186,SB,37964.0372106528,HS-20,Spawning biomass (thousand t)
tun43,2036,186,SB,37696.0355487292,HS-20,Spawning biomass (thousand t)
tun43,2037,186,SB,38178.6480369925,HS-20,Spawning biomass (thousand t)
tun43,2038,186,SB,37895.970809943,HS-20,Spawning biomass (thousand t)
tun43,2039,186,SB,37744.2739352663,HS-20,Spawning biomass (thousand t)
tun43,2040,186,SB,39843.4722640476,HS-20,Spawning biomass (thousand t)
tun43,2041,186,SB,42263.540203109,HS-20,Spawning biomass (thousand t)
tun43,2042,186,SB,42147.997387847,HS-20,Spawning biomass (thousand t)
tun43,2043,186,SB,41175.6056708287,HS-20,Spawning biomass (thousand t)
tun43,2044,186,SB,40030.6096339971,HS-20,Spawning biomass (thousand t)
tun43,2045,186,SB,38399.6939969744,HS-20,Spawning biomass (thousand t)
tun43,2046,186,SB,36435.4359879595,HS-20,Spawning biomass (thousand t)
tun43,2047,186,SB,36016.146359294,HS-20,Spawning biomass (thousand t)
tun43,2048,186,SB,36325.4613478581,HS-20,Spawning biomass (thousand t)
tun43,2049,186,SB,36646.7399796298,HS-20,Spawning biomass (thousand t)
tun43,2050,186,SB,36631.492102745,HS-20,Spawning biomass (thousand t)
tun43,2025,246,SB,8847.56725195435,HS-20,Spawning biomass (thousand t)
tun43,2026,246,SB,9409.32901417908,HS-20,Spawning biomass (thousand t)
tun43,2027,246,SB,9161.52444045472,HS-20,Spawning biomass (thousand t)
tun43,2028,246,SB,8689.35790722914,HS-20,Spawning biomass (thousand t)
tun43,2029,246,SB,8129.99595498879,HS-20,Spawning biomass (thousand t)
tun43,2030,246,SB,7274.12350187537,HS-20,Spawning biomass (thousand t)
tun43,2031,246,SB,6139.16585291484,HS-20,Spawning biomass (thousand t)
tun43,2032,246,SB,4971.26624782465,HS-20,Spawning biomass (thousand t)
tun43,2033,246,SB,3345.01951356934,HS-20,Spawning biomass (thousand t)
tun43,2034,246,SB,2386.44822444717,HS-20,Spawning biomass (thousand t)
tun43,2035,246,SB,1847.83815909916,HS-20,Spawning biomass (thousand t)
tun43,2036,246,SB,1989.05320962552,HS-20,Spawning biomass (thousand t)
tun43,2037,246,SB,2190.79912995137,HS-20,Spawning biomass (thousand t)
tun43,2038,246,SB,2320.16057435236,HS-20,Spawning biomass (thousand t)
tun43,2039,246,SB,2707.30233109446,HS-20,Spawning biomass (thousand t)
tun43,2040,246,SB,3089.48856694128,HS-20,Spawning biomass (thousand t)
tun43,2041,246,SB,3598.62561234719,HS-20,Spawning biomass (thousand t)
tun43,2042,246,SB,4152.96746951991,HS-20,Spawning biomass (thousand t)
tun43,2043,246,SB,4621.54073499618,HS-20,Spawning biomass (thousand t)
tun43,2044,246,SB,5044.35307548097,HS-20,Spawning biomass (thousand t)
tun43,2045,246,SB,5322.65038501154,HS-20,Spawning biomass (thousand t)
tun43,2046,246,SB,5460.96463049063,HS-20,Spawning biomass (thousand t)
tun43,2047,246,SB,5599.13596208706,HS-20,Spawning biomass (thousand t)
tun43,2048,246,SB,5903.31333485828,HS-20,Spawning biomass (thousand t)
tun43,2049,246,SB,6206.83209404766,HS-20,Spawning biomass (thousand t)
tun43,2050,246,SB,6042.73125150984,HS-20,Spawning biomass (thousand t)
tun43,2025,327,SB,6418.0774926786,HS-20,Spawning biomass (thousand t)
tun43,2026,327,SB,7692.01823610058,HS-20,Spawning biomass (thousand t)
tun43,2027,327,SB,9751.46108196392,HS-20,Spawning biomass (thousand t)
tun43,2028,327,SB,11925.1373636166,HS-20,Spawning biomass (thousand t)
tun43,2029,327,SB,14098.9836169867,HS-20,Spawning biomass (thousand t)
tun43,2030,327,SB,16114.4772486804,HS-20,Spawning biomass (thousand t)
tun43,2031,327,SB,16775.1705561703,HS-20,Spawning biomass (thousand t)
tun43,2032,327,SB,17306.4874587706,HS-20,Spawning biomass (thousand t)
tun43,2033,327,SB,18537.150685356,HS-20,Spawning biomass (thousand t)
tun43,2034,327,SB,19809.3206251751,HS-20,Spawning biomass (thousand t)
tun43,2035,327,SB,19943.2539982359,HS-20,Spawning biomass (thousand t)
tun43,2036,327,SB,19100.8649743932,HS-20,Spawning biomass (thousand t)
tun43,2037,327,SB,17800.1055405167,HS-20,Spawning biomass (thousand t)
tun43,2038,327,SB,16093.2618068461,HS-20,Spawning biomass (thousand t)
tun43,2039,327,SB,13950.8950539537,HS-20,Spawning biomass (thousand t)
tun43,2040,327,SB,11594.0629587381,HS-20,Spawning biomass (thousand t)
tun43,2041,327,SB,9387.72603795168,HS-20,Spawning biomass (thousand t)
tun43,2042,327,SB,7196.37940671136,HS-20,Spawning biomass (thousand t)
tun43,2043,327,SB,5554.49120705483,HS-20,Spawning biomass (thousand t)
tun43,2044,327,SB,4561.50551140283,HS-20,Spawning biomass (thousand t)
tun43,2045,327,SB,3710.78363924605,HS-20,Spawning biomass (thousand t)
tun43,2046,327,SB,3521.97788277023,HS-20,Spawning biomass (thousand t)
tun43,2047,327,SB,3755.1802485656,HS-20,Spawning biomass (thousand t)
tun43,2048,327,SB,3870.28743781243,HS-20,Spawning biomass (thousand t)
tun43,2049,327,SB,3896.78400117098,HS-20,Spawning biomass (thousand t)
tun43,2050,327,SB,4327.41476877603,HS-20,Spawning biomass (thousand t)
tun43,2025,344,SB,8341.1219780227,HS-20,Spawning biomass (thousand t)
tun43,2026,344,SB,9290.26802103512,HS-20,Spawning biomass (thousand t)
tun43,2027,344,SB,9950.69446130433,HS-20,Spawning biomass (thousand t)
tun43,2028,344,SB,11050.0279333267,HS-20,Spawning biomass (thousand t)
tun43,2029,344,SB,12682.3083387985,HS-20,Spawning biomass (thousand t)
tun43,2030,344,SB,13743.0476902045,HS-20,Spawning biomass (thousand t)
tun43,2031,344,SB,13723.9363799551,HS-20,Spawning biomass (thousand t)
tun43,2032,344,SB,13417.1970243876,HS-20,Spawning biomass (thousand t)
tun43,2033,344,SB,13760.5184731155,HS-20,Spawning biomass (thousand t)
tun43,2034,344,SB,16202.3604091486,HS-20,Spawning biomass (thousand t)
tun43,2035,344,SB,18385.4244618161,HS-20,Spawning biomass (thousand t)
tun43,2036,344,SB,19007.0285308656,HS-20,Spawning biomass (thousand t)
tun43,2037,344,SB,18907.1946743164,HS-20,Spawning biomass (thousand t)
tun43,2038,344,SB,18263.6975069726,HS-20,Spawning biomass (thousand t)
tun43,2039,344,SB,17493.7925258421,HS-20,Spawning biomass (thousand t)
tun43,2040,344,SB,16648.9832626873,HS-20,Spawning biomass (thousand t)
tun43,2041,344,SB,15732.5748498266,HS-20,Spawning biomass (thousand t)
tun43,2042,344,SB,14254.373937724,HS-20,Spawning biomass (thousand t)
tun43,2043,344,SB,12546.6932417924,HS-20,Spawning biomass (thousand t)
tun43,2044,344,SB,11027.1353121706,HS-20,Spawning biomass (thousand t)
tun43,2045,344,SB,9509.36415803734,HS-20,Spawning biomass (thousand t)
tun43,2046,344,SB,8357.54108166306,HS-20,Spawning biomass (thousand t)
tun43,2047,344,SB,7960.187478498,HS-20,Spawning biomass (thousand t)
tun43,2048,344,SB,8085.53886291185,HS-20,Spawning biomass (thousand t)
tun43,2049,344,SB,9150.93251801551,HS-20,Spawning biomass (thousand t)
tun43,2050,344,SB,9416.76051274937,HS-20,Spawning biomass (thousand t)
tun43,2025,348,SB,6263.92727977176,HS-20,Spawning biomass (thousand t)
tun43,2026,348,SB,7128.94820151295,HS-20,Spawning biomass (thousand t)
tun43,2027,348,SB,7974.95016067603,HS-20,Spawning biomass (thousand t)
tun43,2028,348,SB,9019.36423777315,HS-20,Spawning biomass (thousand t)
tun43,2029,348,SB,10070.1114351161,HS-20,Spawning biomass (thousand t)
tun43,2030,348,SB,10682.1631701632,HS-20,Spawning biomass (thousand t)
tun43,2031,348,SB,10398.1556342392,HS-20,Spawning biomass (thousand t)
tun43,2032,348,SB,9901.5794240017,HS-20,Spawning biomass (thousand t)
tun43,2033,348,SB,9041.17207056542,HS-20,Spawning biomass (thousand t)
tun43,2034,348,SB,8282.22010916679,HS-20,Spawning biomass (thousand t)
tun43,2035,348,SB,7895.495693095,HS-20,Spawning biomass (thousand t)
tun43,2036,348,SB,7663.17226101058,HS-20,Spawning biomass (thousand t)
tun43,2037,348,SB,6542.38315610734,HS-20,Spawning biomass (thousand t)
tun43,2038,348,SB,5329.74083994203,HS-20,Spawning biomass (thousand t)
tun43,2039,348,SB,3976.08751754211,HS-20,Spawning biomass (thousand t)
tun43,2040,348,SB,2784.47922958154,HS-20,Spawning biomass (thousand t)
tun43,2041,348,SB,1877.25505164532,HS-20,Spawning biomass (thousand t)
tun43,2042,348,SB,1492.17372214329,HS-20,Spawning biomass (thousand t)
tun43,2043,348,SB,1456.41122205398,HS-20,Spawning biomass (thousand t)
tun43,2044,348,SB,1536.1184040545,HS-20,Spawning biomass (thousand t)
tun43,2045,348,SB,1757.50628608923,HS-20,Spawning biomass (thousand t)
tun43,2046,348,SB,1898.42394317545,HS-20,Spawning biomass (thousand t)
tun43,2047,348,SB,2045.49469923579,HS-20,Spawning biomass (thousand t)
tun43,2048,348,SB,2191.7561786164,HS-20,Spawning biomass (thousand t)
tun43,2049,348,SB,2243.02432212251,HS-20,Spawning biomass (thousand t)
tun43,2050,348,SB,2032.71548781862,HS-20,Spawning biomass (thousand t)
tun43,2025,367,SB,7127.3628316359,HS-20,Spawning biomass (thousand t)
tun43,2026,367,SB,8539.4248951121,HS-20,Spawning biomass (thousand t)
tun43,2027,367,SB,9890.68620259571,HS-20,Spawning biomass (thousand t)
tun43,2028,367,SB,10139.8652178759,HS-20,Spawning biomass (thousand t)
tun43,2029,367,SB,9595.27695378708,HS-20,Spawning biomass (thousand t)
tun43,2030,367,SB,8604.15850639062,HS-20,Spawning biomass (thousand t)
tun43,2031,367,SB,7370.06004606653,HS-20,Spawning biomass (thousand t)
tun43,2032,367,SB,6144.093625522,HS-20,Spawning biomass (thousand t)
tun43,2033,367,SB,4949.22786779513,HS-20,Spawning biomass (thousand t)
tun43,2034,367,SB,4309.98796714555,HS-20,Spawning biomass (thousand t)
tun43,2035,367,SB,4155.88847848269,HS-20,Spawning biomass (thousand t)
tun43,2036,367,SB,4483.69531566291,HS-20,Spawning biomass (thousand t)
tun43,2037,367,SB,4951.46408202998,HS-20,Spawning biomass (thousand t)
tun43,2038,367,SB,5547.86224479469,HS-20,Spawning biomass (thousand t)
tun43,2039,367,SB,6344.68775576232,HS-20,Spawning biomass (thousand t)
tun43,2040,367,SB,7224.6966290441,HS-20,Spawning biomass (thousand t)
tun43,2041,367,SB,7783.52734320707,HS-20,Spawning biomass (thousand t)
tun43,2042,367,SB,8583.79293090056,HS-20,Spawning biomass (thousand t)
tun43,2043,367,SB,10046.5715096546,HS-20,Spawning biomass (thousand t)
tun43,2044,367,SB,11036.7655318979,HS-20,Spawning biomass (thousand t)
tun43,2045,367,SB,11710.9059518501,HS-20,Spawning biomass (thousand t)
tun43,2046,367,SB,12246.9293591597,HS-20,Spawning biomass (thousand t)
tun43,2047,367,SB,13645.0075092712,HS-20,Spawning biomass (thousand t)
tun43,2048,367,SB,16551.845252337,HS-20,Spawning biomass (thousand t)
tun43,2049,367,SB,19473.260601256,HS-20,Spawning biomass (thousand t)
tun43,2050,367,SB,23047.3013933782,HS-20,Spawning biomass (thousand t)
tun43,2025,397,SB,7216.38347223923,HS-20,Spawning biomass (thousand t)
tun43,2026,397,SB,7496.26536123305,HS-20,Spawning biomass (thousand t)
tun43,2027,397,SB,8268.63115763491,HS-20,Spawning biomass (thousand t)
tun43,2028,397,SB,9987.4976499521,HS-20,Spawning biomass (thousand t)
tun43,2029,397,SB,11161.6594908642,HS-20,Spawning biomass (thousand t)
tun43,2030,397,SB,11173.4951391743,HS-20,Spawning biomass (thousand t)
tun43,2031,397,SB,10698.6801099883,HS-20,Spawning biomass (thousand t)
tun43,2032,397,SB,10855.6885327239,HS-20,Spawning biomass (thousand t)
tun43,2033,397,SB,10606.1166145258,HS-20,Spawning biomass (thousand t)
tun43,2034,397,SB,10024.4056110595,HS-20,Spawning biomass (thousand t)
tun43,2035,397,SB,8817.09146384256,HS-20,Spawning biomass (thousand t)
tun43,2036,397,SB,8052.42726937345,HS-20,Spawning biomass (thousand t)
tun43,2037,397,SB,7649.16361476062,HS-20,Spawning biomass (thousand t)
tun43,2038,397,SB,7148.39327370309,HS-20,Spawning biomass (thousand t)
tun43,2039,397,SB,6977.85225895024,HS-20,Spawning biomass (thousand t)
tun43,2040,397,SB,6898.52283018556,HS-20,Spawning biomass (thousand t)
tun43,2041,397,SB,7092.83963569168,HS-20,Spawning biomass (thousand t)
tun43,2042,397,SB,6573.1561103551,HS-20,Spawning biomass (thousand t)
tun43,2043,397,SB,6088.72674675937,HS-20,Spawning biomass (thousand t)
tun43,2044,397,SB,5358.5870296804,HS-20,Spawning biomass (thousand t)
tun43,2045,397,SB,4568.74144562231,HS-20,Spawning biomass (thousand t)
tun43,2046,397,SB,4198.23903699113,HS-20,Spawning biomass (thousand t)
tun43,2047,397,SB,4450.88910838081,HS-20,Spawning biomass (thousand t)
tun43,2048,397,SB,4979.83689977074,HS-20,Spawning biomass (thousand t)
tun43,2049,397,SB,6079.10423321263,HS-20,Spawning biomass (thousand t)
tun43,2050,397,SB,7273.82788184031,HS-20,Spawning biomass (thousand t)
tun43,2025,498,SB,6629.64153376063,HS-20,Spawning biomass (thousand t)
tun43,2026,498,SB,6653.46529817723,HS-20,Spawning biomass (thousand t)
tun43,2027,498,SB,7111.41583321332,HS-20,Spawning biomass (thousand t)
tun43,2028,498,SB,7611.03484208681,HS-20,Spawning biomass (thousand t)
tun43,2029,498,SB,8002.01666063103,HS-20,Spawning biomass (thousand t)
tun43,2030,498,SB,8392.35416973208,HS-20,Spawning biomass (thousand t)
tun43,2031,498,SB,8337.84406941984,HS-20,Spawning biomass (thousand t)
tun43,2032,498,SB,8006.97910437898,HS-20,Spawning biomass (thousand t)
tun43,2033,498,SB,7504.34555422743,HS-20,Spawning biomass (thousand t)
tun43,2034,498,SB,7152.36595504558,HS-20,Spawning biomass (thousand t)
tun43,2035,498,SB,6264.99919102748,HS-20,Spawning biomass (thousand t)
tun43,2036,498,SB,5622.22059608814,HS-20,Spawning biomass (thousand t)
tun43,2037,498,SB,5075.36951087732,HS-20,Spawning biomass (thousand t)
tun43,2038,498,SB,4840.13380793622,HS-20,Spawning biomass (thousand t)
tun43,2039,498,SB,4727.77639110935,HS-20,Spawning biomass (thousand t)
tun43,2040,498,SB,5355.36834696999,HS-20,Spawning biomass (thousand t)
tun43,2041,498,SB,6902.54255534221,HS-20,Spawning biomass (thousand t)
tun43,2042,498,SB,8678.50671745015,HS-20,Spawning biomass (thousand t)
tun43,2043,498,SB,10599.4060325576,HS-20,Spawning biomass (thousand t)
tun43,2044,498,SB,12085.5536869662,HS-20,Spawning biomass (thousand t)
tun43,2045,498,SB,12727.0590284084,HS-20,Spawning biomass (thousand t)
tun43,2046,498,SB,13359.0708434271,HS-20,Spawning biomass (thousand t)
tun43,2047,498,SB,14364.0767642392,HS-20,Spawning biomass (thousand t)
tun43,2048,498,SB,15675.6204851729,HS-20,Spawning biomass (thousand t)
tun43,2049,498,SB,17356.7123302914,HS-20,Spawning biomass (thousand t)
tun43,2050,498,SB,17570.6295768732,HS-20,Spawning biomass (thousand t)
tun43,2025,37,C,1385.8907626811,HS-20,Catch (thousand t)
tun43,2026,37,C,1255.14054349354,HS-20,Catch (thousand t)
tun43,2027,37,C,1206.20515174805,HS-20,Catch (thousand t)
tun43,2028,37,C,1180.14106220361,HS-20,Catch (thousand t)
tun43,2029,37,C,1267.42528524411,HS-20,Catch (thousand t)
tun43,2030,37,C,1457.53907822512,HS-20,Catch (thousand t)
tun43,2031,37,C,1564.40802137998,HS-20,Catch (thousand t)
tun43,2032,37,C,1799.06922445061,HS-20,Catch (thousand t)
tun43,2033,37,C,1999.9999972952,HS-20,Catch (thousand t)
tun43,2034,37,C,1999.99999798127,HS-20,Catch (thousand t)
tun43,2035,37,C,1999.99999858988,HS-20,Catch (thousand t)
tun43,2036,37,C,1999.99999858611,HS-20,Catch (thousand t)
tun43,2037,37,C,1999.99999893624,HS-20,Catch (thousand t)
tun43,2038,37,C,1999.99999919653,HS-20,Catch (thousand t)
tun43,2039,37,C,1999.99999936993,HS-20,Catch (thousand t)
tun43,2040,37,C,1999.99999948638,HS-20,Catch (thousand t)
tun43,2041,37,C,1999.99999940703,HS-20,Catch (thousand t)
tun43,2042,37,C,1999.99999948525,HS-20,Catch (thousand t)
tun43,2043,37,C,1999.99999947906,HS-20,Catch (thousand t)
tun43,2044,37,C,1999.99999956123,HS-20,Catch (thousand t)
tun43,2045,37,C,1999.99999959445,HS-20,Catch (thousand t)
tun43,2046,37,C,1999.99999976002,HS-20,Catch (thousand t)
tun43,2047,37,C,1999.99999981709,HS-20,Catch (thousand t)
tun43,2048,37,C,1999.99999986403,HS-20,Catch (thousand t)
tun43,2049,37,C,1999.99999985389,HS-20,Catch (thousand t)
tun43,2050,37,C,1999.99999982479,HS-20,Catch (thousand t)
tun43,2025,65,C,1385.8907626811,HS-20,Catch (thousand t)
tun43,2026,65,C,1255.14033196834,HS-20,Catch (thousand t)
tun43,2027,65,C,1206.20648118704,HS-20,Catch (thousand t)
tun43,2028,65,C,1055.09912061842,HS-20,Catch (thousand t)
tun43,2029,65,C,1176.23505333288,HS-20,Catch (thousand t)
tun43,2030,65,C,1285.02234084359,HS-20,Catch (thousand t)
tun43,2031,65,C,1426.97836122534,HS-20,Catch (thousand t)
tun43,2032,65,C,1405.08399742366,HS-20,Catch (thousand t)
tun43,2033,65,C,1459.42437952378,HS-20,Catch (thousand t)
tun43,2034,65,C,1383.84550768116,HS-20,Catch (thousand t)
tun43,2035,65,C,1107.07640612008,HS-20,Catch (thousand t)
tun43,2036,65,C,885.66112492078,HS-20,Catch (thousand t)
tun43,2037,65,C,708.528899105828,HS-20,Catch (thousand t)
tun43,2038,65,C,640.238345257409,HS-20,Catch (thousand t)
tun43,2039,65,C,655.043078307423,HS-20,Catch (thousand t)
tun43,2040,65,C,753.299540051801,HS-20,Catch (thousand t)
tun43,2041,65,C,866.294471053545,HS-20,Catch (thousand t)
tun43,2042,65,C,996.238641540117,HS-20,Catch (thousand t)
tun43,2043,65,C,1145.67443634181,HS-20,Catch (thousand t)
tun43,2044,65,C,1317.52560028096,HS-20,Catch (thousand t)
tun43,2045,65,C,1515.15443584893,HS-20,Catch (thousand t)
tun43,2046,65,C,1742.42757525905,HS-20,Catch (thousand t)
tun43,2047,65,C,2000,HS-20,Catch (thousand t)
tun43,2048,65,C,1999.99999999999,HS-20,Catch (thousand t)
tun43,2049,65,C,1999.99999999998,HS-20,Catch (thousand t)
tun43,2050,65,C,1999.99999999998,HS-20,Catch (thousand t)
tun43,2025,110,C,1385.8907626811,HS-20,Catch (thousand t)
tun43,2026,110,C,1255.14081072849,HS-20,Catch (thousand t)
tun43,2027,110,C,1206.20608303064,HS-20,Catch (thousand t)
tun43,2028,110,C,1213.36791753254,HS-20,Catch (thousand t)
tun43,2029,110,C,1395.37310377255,HS-20,Catch (thousand t)
tun43,2030,110,C,1604.67907110345,HS-20,Catch (thousand t)
tun43,2031,110,C,1845.38092306202,HS-20,Catch (thousand t)
tun43,2032,110,C,1963.65025262578,HS-20,Catch (thousand t)
tun43,2033,110,C,1726.67918168811,HS-20,Catch (thousand t)
tun43,2034,110,C,1797.64108364992,HS-20,Catch (thousand t)
tun43,2035,110,C,1649.38172864816,HS-20,Catch (thousand t)
tun43,2036,110,C,1319.50538336946,HS-20,Catch (thousand t)
tun43,2037,110,C,1055.6043066863,HS-20,Catch (thousand t)
tun43,2038,110,C,914.959881863472,HS-20,Catch (thousand t)
tun43,2039,110,C,929.532652270303,HS-20,Catch (thousand t)
tun43,2040,110,C,1041.71289742569,HS-20,Catch (thousand t)
tun43,2041,110,C,1030.05459123563,HS-20,Catch (thousand t)
tun43,2042,110,C,1054.43702926758,HS-20,Catch (thousand t)
tun43,2043,110,C,1146.35741522041,HS-20,Catch (thousand t)
tun43,2044,110,C,1318.31103034645,HS-20,Catch (thousand t)
tun43,2045,110,C,1516.05768590085,HS-20,Catch (thousand t)
tun43,2046,110,C,1648.70201444955,HS-20,Catch (thousand t)
tun43,2047,110,C,1318.96161358771,HS-20,Catch (thousand t)
tun43,2048,110,C,1235.11125506725,HS-20,Catch (thousand t)
tun43,2049,110,C,1208.14417972708,HS-20,Catch (thousand t)
tun43,2050,110,C,1262.53524971242,HS-20,Catch (thousand t)
tun43,2025,151,C,1385.8907626811,HS-20,Catch (thousand t)
tun43,2026,151,C,1255.13968093498,HS-20,Catch (thousand t)
tun43,2027,151,C,1206.20439725315,HS-20,Catch (thousand t)
tun43,2028,151,C,1139.31331648973,HS-20,Catch (thousand t)
tun43,2029,151,C,1021.14054731838,HS-20,Catch (thousand t)
tun43,2030,151,C,1112.69761270879,HS-20,Catch (thousand t)
tun43,2031,151,C,1279.60225436587,HS-20,Catch (thousand t)
tun43,2032,151,C,1471.54258863428,HS-20,Catch (thousand t)
tun43,2033,151,C,1692.27397520798,HS-20,Catch (thousand t)
tun43,2034,151,C,1946.11505329906,HS-20,Catch (thousand t)
tun43,2035,151,C,1999.99997206549,HS-20,Catch (thousand t)
tun43,2036,151,C,1999.9999671528,HS-20,Catch (thousand t)
tun43,2037,151,C,1999.99995300306,HS-20,Catch (thousand t)
tun43,2038,151,C,2000,HS-20,Catch (thousand t)
tun43,2039,151,C,2000,HS-20,Catch (thousand t)
tun43,2040,151,C,1999.99999999999,HS-20,Catch (thousand t)
tun43,2041,151,C,1999.99999999998,HS-20,Catch (thousand t)
tun43,2042,151,C,1999.99999999999,HS-20,Catch (thousand t)
tun43,2043,151,C,2000,HS-20,Catch (thousand t)
tun43,2044,151,C,1999.99998464914,HS-20,Catch (thousand t)
tun43,2045,151,C,1999.99994175439,HS-20,Catch (thousand t)
tun43,2046,151,C,1999.99993332882,HS-20,Catch (thousand t)
tun43,2047,151,C,2000,HS-20,Catch (thousand t)
tun43,2048,151,C,1999.99999999999,HS-20,Catch (thousand t)
tun43,2049,151,C,1999.99999999997,HS-20,Catch (thousand t)
tun43,2050,151,C,1999.99999999988,HS-20,Catch (thousand t)
tun43,2025,158,C,1385.8907626811,HS-20,Catch (thousand t)
tun43,2026,158,C,1255.13998103441,HS-20,Catch (thousand t)
tun43,2027,158,C,1206.20430907553,HS-20,Catch (thousand t)
tun43,2028,158,C,1038.98041887391,HS-20,Catch (thousand t)
tun43,2029,158,C,1134.09784513424,HS-20,Catch (thousand t)
tun43,2030,158,C,1151.31320568195,HS-20,Catch (thousand t)
tun43,2031,158,C,1043.82238659402,HS-20,Catch (thousand t)
tun43,2032,158,C,1017.08935269719,HS-20,Catch (thousand t)
tun43,2033,158,C,991.022643259614,HS-20,Catch (thousand t)
tun43,2034,158,C,1139.67603974445,HS-20,Catch (thousand t)
tun43,2035,158,C,1229.84679101019,HS-20,Catch (thousand t)
tun43,2036,158,C,1414.32380966319,HS-20,Catch (thousand t)
tun43,2037,158,C,1621.12530587474,HS-20,Catch (thousand t)
tun43,2038,158,C,1864.29410150504,HS-20,Catch (thousand t)
tun43,2039,158,C,1999.99999889925,HS-20,Catch (thousand t)
tun43,2040,158,C,1999.9999971303,HS-20,Catch (thousand t)
tun43,2041,158,C,1999.99999673298,HS-20,Catch (thousand t)
tun43,2042,158,C,1999.99999589906,HS-20,Catch (thousand t)
tun43,2043,158,C,1999.99999590567,HS-20,Catch (thousand t)
tun43,2044,158,C,1999.99999599467,HS-20,Catch (thousand t)
tun43,2045,158,C,1999.99999449475,HS-20,Catch (thousand t)
tun43,2046,158,C,1999.9999920994,HS-20,Catch (thousand t)
tun43,2047,158,C,1999.99998903734,HS-20,Catch (thousand t)
tun43,2048,158,C,1999.99997921311,HS-20,Catch (thousand t)
tun43,2049,158,C,1999.99994178772,HS-20,Catch (thousand t)
tun43,2050,158,C,2000,HS-20,Catch (thousand t)
tun43,2025,165,C,1385.8907626811,HS-20,Catch (thousand t)
tun43,2026,165,C,1255.14058805589,HS-20,Catch (thousand t)
tun43,2027,165,C,1206.20616003097,HS-20,Catch (thousand t)
tun43,2028,165,C,1270.69864707846,HS-20,Catch (thousand t)
tun43,2029,165,C,1387.12801873704,HS-20,Catch (thousand t)
tun43,2030,165,C,1595.1972216691,HS-20,Catch (thousand t)
tun43,2031,165,C,1457.85224118576,HS-20,Catch (thousand t)
tun43,2032,165,C,1510.027840636,HS-20,Catch (thousand t)
tun43,2033,165,C,1644.15140511661,HS-20,Catch (thousand t)
tun43,2034,165,C,1606.33680136834,HS-20,Catch (thousand t)
tun43,2035,165,C,1499.15306566294,HS-20,Catch (thousand t)
tun43,2036,165,C,1356.31857077456,HS-20,Catch (thousand t)
tun43,2037,165,C,1559.76636763779,HS-20,Catch (thousand t)
tun43,2038,165,C,1793.73134662265,HS-20,Catch (thousand t)
tun43,2039,165,C,1999.99998294105,HS-20,Catch (thousand t)
tun43,2040,165,C,1999.99998962217,HS-20,Catch (thousand t)
tun43,2041,165,C,1999.99999259581,HS-20,Catch (thousand t)
tun43,2042,165,C,1999.99999076537,HS-20,Catch (thousand t)
tun43,2043,165,C,1999.99998000743,HS-20,Catch (thousand t)
tun43,2044,165,C,1999.99996661243,HS-20,Catch (thousand t)
tun43,2045,165,C,1999.99996000767,HS-20,Catch (thousand t)
tun43,2046,165,C,1999.99994311214,HS-20,Catch (thousand t)
tun43,2047,165,C,1999.99990932353,HS-20,Catch (thousand t)
tun43,2048,165,C,1999.9998767193,HS-20,Catch (thousand t)
tun43,2049,165,C,2000,HS-20,Catch (thousand t)
tun43,2050,165,C,2000,HS-20,Catch (thousand t)
tun43,2025,177,C,1385.8907626811,HS-20,Catch (thousand t)
tun43,2026,177,C,1255.13940148454,HS-20,Catch (thousand t)
tun43,2027,177,C,1206.2043832813,HS-20,Catch (thousand t)
tun43,2028,177,C,1179.28033144977,HS-20,Catch (thousand t)
tun43,2029,177,C,1218.95156841004,HS-20,Catch (thousand t)
tun43,2030,177,C,1401.79434945626,HS-20,Catch (thousand t)
tun43,2031,177,C,1612.06346449884,HS-20,Catch (thousand t)
tun43,2032,177,C,1853.87299830952,HS-20,Catch (thousand t)
tun43,2033,177,C,1999.99995614667,HS-20,Catch (thousand t)
tun43,2034,177,C,1999.9999334123,HS-20,Catch (thousand t)
tun43,2035,177,C,2000,HS-20,Catch (thousand t)
tun43,2036,177,C,2000,HS-20,Catch (thousand t)
tun43,2037,177,C,1999.999901891,HS-20,Catch (thousand t)
tun43,2038,177,C,1999.99994866898,HS-20,Catch (thousand t)
tun43,2039,177,C,1999.99997381114,HS-20,Catch (thousand t)
tun43,2040,177,C,1999.99998328613,HS-20,Catch (thousand t)
tun43,2041,177,C,1999.99998110164,HS-20,Catch (thousand t)
tun43,2042,177,C,1999.99997578551,HS-20,Catch (thousand t)
tun43,2043,177,C,1999.99995116792,HS-20,Catch (thousand t)
tun43,2044,177,C,2000,HS-20,Catch (thousand t)
tun43,2045,177,C,1999.99999999999,HS-20,Catch (thousand t)
tun43,2046,177,C,1999.99999999994,HS-20,Catch (thousand t)
tun43,2047,177,C,1999.99999999958,HS-20,Catch (thousand t)
tun43,2048,177,C,1999.99999999714,HS-20,Catch (thousand t)
tun43,2049,177,C,1999.99999998749,HS-20,Catch (thousand t)
tun43,2050,177,C,1999.99999816355,HS-20,Catch (thousand t)
tun43,2025,186,C,1385.8907626811,HS-20,Catch (thousand t)
tun43,2026,186,C,1255.1402042504,HS-20,Catch (thousand t)
tun43,2027,186,C,1206.20473583742,HS-20,Catch (thousand t)
tun43,2028,186,C,1090.89455527046,HS-20,Catch (thousand t)
tun43,2029,186,C,1114.30544813784,HS-20,Catch (thousand t)
tun43,2030,186,C,1209.18649815825,HS-20,Catch (thousand t)
tun43,2031,186,C,1390.56447284833,HS-20,Catch (thousand t)
tun43,2032,186,C,1599.1491434006,HS-20,Catch (thousand t)
tun43,2033,186,C,1839.02151495103,HS-20,Catch (thousand t)
tun43,2034,186,C,1999.99999975743,HS-20,Catch (thousand t)
tun43,2035,186,C,1999.99999987692,HS-20,Catch (thousand t)
tun43,2036,186,C,1999.99999989212,HS-20,Catch (thousand t)
tun43,2037,186,C,1999.99999991502,HS-20,Catch (thousand t)
tun43,2038,186,C,1999.9999998952,HS-20,Catch (thousand t)
tun43,2039,186,C,1999.9999998864,HS-20,Catch (thousand t)
tun43,2040,186,C,1999.99999986145,HS-20,Catch (thousand t)
tun43,2041,186,C,1999.99999984392,HS-20,Catch (thousand t)
tun43,2042,186,C,1999.99999986687,HS-20,Catch (thousand t)
tun43,2043,186,C,1999.99999988033,HS-20,Catch (thousand t)
tun43,2044,186,C,1999.99999989353,HS-20,Catch (thousand t)
tun43,2045,186,C,1999.99999990235,HS-20,Catch (thousand t)
tun43,2046,186,C,1999.99999988504,HS-20,Catch (thousand t)
tun43,2047,186,C,1999.99999987654,HS-20,Catch (thousand t)
tun43,2048,186,C,1999.99999983448,HS-20,Catch (thousand t)
tun43,2049,186,C,1999.99999978874,HS-20,Catch (thousand t)
tun43,2050,186,C,1999.99999973378,HS-20,Catch (thousand t)
tun43,2025,246,C,1385.8907626811,HS-20,Catch (thousand t)
tun43,2026,246,C,1255.14035953378,HS-20,Catch (thousand t)
tun43,2027,246,C,1206.20603670806,HS-20,Catch (thousand t)
tun43,2028,246,C,1028.57172289454,HS-20,Catch (thousand t)
tun43,2029,246,C,1182.85747539594,HS-20,Catch (thousand t)
tun43,2030,246,C,1360.28610497668,HS-20,Catch (thousand t)
tun43,2031,246,C,1564.32902077812,HS-20,Catch (thousand t)
tun43,2032,246,C,1798.97837393268,HS-20,Catch (thousand t)
tun43,2033,246,C,1901.5209934703,HS-20,Catch (thousand t)
tun43,2034,246,C,1521.21679477677,HS-20,Catch (thousand t)
tun43,2035,246,C,1216.97343581044,HS-20,Catch (thousand t)
tun43,2036,246,C,1010.08741130727,HS-20,Catch (thousand t)
tun43,2037,246,C,834.942347784559,HS-20,Catch (thousand t)
tun43,2038,246,C,667.953877376361,HS-20,Catch (thousand t)
tun43,2039,246,C,534.363102582129,HS-20,Catch (thousand t)
tun43,2040,246,C,427.49048195444,HS-20,Catch (thousand t)
tun43,2041,246,C,421.517311974345,HS-20,Catch (thousand t)
tun43,2042,246,C,484.744918378038,HS-20,Catch (thousand t)
tun43,2043,246,C,557.456656134077,HS-20,Catch (thousand t)
tun43,2044,246,C,641.075154543745,HS-20,Catch (thousand t)
tun43,2045,246,C,737.236427723135,HS-20,Catch (thousand t)
tun43,2046,246,C,847.821891896894,HS-20,Catch (thousand t)
tun43,2047,246,C,903.469822259966,HS-20,Catch (thousand t)
tun43,2048,246,C,922.180784793402,HS-20,Catch (thousand t)
tun43,2049,246,C,1015.67419905578,HS-20,Catch (thousand t)
tun43,2050,246,C,1096.70513697736,HS-20,Catch (thousand t)
tun43,2025,327,C,1385.8907626811,HS-20,Catch (thousand t)
tun43,2026,327,C,1255.14086056154,HS-20,Catch (thousand t)
tun43,2027,327,C,1206.20604002313,HS-20,Catch (thousand t)
tun43,2028,327,C,1216.53072021962,HS-20,Catch (thousand t)
tun43,2029,327,C,1399.01032825231,HS-20,Catch (thousand t)
tun43,2030,327,C,1608.86187747494,HS-20,Catch (thousand t)
tun43,2031,327,C,1850.19115866885,HS-20,Catch (thousand t)
tun43,2032,327,C,1999.99999169219,HS-20,Catch (thousand t)
tun43,2033,327,C,1999.99998653373,HS-20,Catch (thousand t)
tun43,2034,327,C,1999.99997894629,HS-20,Catch (thousand t)
tun43,2035,327,C,1999.99998246923,HS-20,Catch (thousand t)
tun43,2036,327,C,1999.99997705321,HS-20,Catch (thousand t)
tun43,2037,327,C,1999.9999821079,HS-20,Catch (thousand t)
tun43,2038,327,C,1999.99997401278,HS-20,Catch (thousand t)
tun43,2039,327,C,1999.99996005863,HS-20,Catch (thousand t)
tun43,2040,327,C,1999.99993624917,HS-20,Catch (thousand t)
tun43,2041,327,C,2000,HS-20,Catch (thousand t)
tun43,2042,327,C,1999.9999999999,HS-20,Catch (thousand t)
tun43,2043,327,C,1999.99999999475,HS-20,Catch (thousand t)
tun43,2044,327,C,1999.99999958609,HS-20,Catch (thousand t)
tun43,2045,327,C,1999.99999936675,HS-20,Catch (thousand t)
tun43,2046,327,C,1890.47015820022,HS-20,Catch (thousand t)
tun43,2047,327,C,1512.37612656021,HS-20,Catch (thousand t)
tun43,2048,327,C,1209.90090124252,HS-20,Catch (thousand t)
tun43,2049,327,C,967.920720958119,HS-20,Catch (thousand t)
tun43,2050,327,C,774.336576798829,HS-20,Catch (thousand t)
tun43,2025,344,C,1385.8907626811,HS-20,Catch (thousand t)
tun43,2026,344,C,1255.14015205764,HS-20,Catch (thousand t)
tun43,2027,344,C,1206.20507483551,HS-20,Catch (thousand t)
tun43,2028,344,C,1387.13583606185,HS-20,Catch (thousand t)
tun43,2029,344,C,1595.20621147117,HS-20,Catch (thousand t)
tun43,2030,344,C,1834.48714319181,HS-20,Catch (thousand t)
tun43,2031,344,C,1999.99999999995,HS-20,Catch (thousand t)
tun43,2032,344,C,1999.99999999883,HS-20,Catch (thousand t)
tun43,2033,344,C,1999.99999994746,HS-20,Catch (thousand t)
tun43,2034,344,C,1999.99999950723,HS-20,Catch (thousand t)
tun43,2035,344,C,1999.99998023465,HS-20,Catch (thousand t)
tun43,2036,344,C,1999.99997085384,HS-20,Catch (thousand t)
tun43,2037,344,C,1999.9999786283,HS-20,Catch (thousand t)
tun43,2038,344,C,1999.9999848017,HS-20,Catch (thousand t)
tun43,2039,344,C,1999.99998700929,HS-20,Catch (thousand t)
tun43,2040,344,C,1999.99998750267,HS-20,Catch (thousand t)
tun43,2041,344,C,1999.99998286724,HS-20,Catch (thousand t)
tun43,2042,344,C,1999.99996392792,HS-20,Catch (thousand t)
tun43,2043,344,C,1999.99991483169,HS-20,Catch (thousand t)
tun43,2044,344,C,2000,HS-20,Catch (thousand t)
tun43,2045,344,C,1999.99999999997,HS-20,Catch (thousand t)
tun43,2046,344,C,1999.99999999956,HS-20,Catch (thousand t)
tun43,2047,344,C,2000,HS-20,Catch (thousand t)
tun43,2048,344,C,1999.99999997775,HS-20,Catch (thousand t)
tun43,2049,344,C,2000,HS-20,Catch (thousand t)
tun43,2050,344,C,1999.99999967899,HS-20,Catch (thousand t)
tun43,2025,348,C,1385.8907626811,HS-20,Catch (thousand t)
tun43,2026,348,C,1255.13958836188,HS-20,Catch (thousand t)
tun43,2027,348,C,1206.20515263199,HS-20,Catch (thousand t)
tun43,2028,348,C,1051.92094096642,HS-20,Catch (thousand t)
tun43,2029,348,C,1209.70908210889,HS-20,Catch (thousand t)
tun43,2030,348,C,1391.16544442221,HS-20,Catch (thousand t)
tun43,2031,348,C,1599.84026107831,HS-20,Catch (thousand t)
tun43,2032,348,C,1566.25037406523,HS-20,Catch (thousand t)
tun43,2033,348,C,1645.01129492842,HS-20,Catch (thousand t)
tun43,2034,348,C,1891.76303353082,HS-20,Catch (thousand t)
tun43,2035,348,C,1999.99999165865,HS-20,Catch (thousand t)
tun43,2036,348,C,1999.99999941039,HS-20,Catch (thousand t)
tun43,2037,348,C,1999.99999999949,HS-20,Catch (thousand t)
tun43,2038,348,C,2000,HS-20,Catch (thousand t)
tun43,2039,348,C,1999.9999998895,HS-20,Catch (thousand t)
tun43,2040,348,C,1944.13604420156,HS-20,Catch (thousand t)
tun43,2041,348,C,1671.84970897662,HS-20,Catch (thousand t)
tun43,2042,348,C,1337.47976723721,HS-20,Catch (thousand t)
tun43,2043,348,C,1069.98381312182,HS-20,Catch (thousand t)
tun43,2044,348,C,855.987051029781,HS-20,Catch (thousand t)
tun43,2045,348,C,684.78964082545,HS-20,Catch (thousand t)
tun43,2046,348,C,547.831712660032,HS-20,Catch (thousand t)
tun43,2047,348,C,448.053348644609,HS-20,Catch (thousand t)
tun43,2048,348,C,500.6924610883,HS-20,Catch (thousand t)
tun43,2049,348,C,560.682482585567,HS-20,Catch (thousand t)
tun43,2050,348,C,590.998774658604,HS-20,Catch (thousand t)
tun43,2025,367,C,1385.8907626811,HS-20,Catch (thousand t)
tun43,2026,367,C,1255.14049172703,HS-20,Catch (thousand t)
tun43,2027,367,C,1206.20559348366,HS-20,Catch (thousand t)
tun43,2028,367,C,1387.13643250784,HS-20,Catch (thousand t)
tun43,2029,367,C,1595.20689738177,HS-20,Catch (thousand t)
tun43,2030,367,C,1834.48793199377,HS-20,Catch (thousand t)
tun43,2031,367,C,1999.99999999943,HS-20,Catch (thousand t)
tun43,2032,367,C,1999.99999999915,HS-20,Catch (thousand t)
tun43,2033,367,C,1999.99999999942,HS-20,Catch (thousand t)
tun43,2034,367,C,1796.82833176616,HS-20,Catch (thousand t)
tun43,2035,367,C,1447.57881934061,HS-20,Catch (thousand t)
tun43,2036,367,C,1381.32333584612,HS-20,Catch (thousand t)
tun43,2037,367,C,1154.78587047904,HS-20,Catch (thousand t)
tun43,2038,367,C,1015.38469099961,HS-20,Catch (thousand t)
tun43,2039,367,C,812.307754880166,HS-20,Catch (thousand t)
tun43,2040,367,C,744.811353925823,HS-20,Catch (thousand t)
tun43,2041,367,C,856.533056549416,HS-20,Catch (thousand t)
tun43,2042,367,C,985.013011656066,HS-20,Catch (thousand t)
tun43,2043,367,C,1132.7649625492,HS-20,Catch (thousand t)
tun43,2044,367,C,1302.67968747782,HS-20,Catch (thousand t)
tun43,2045,367,C,1498.08161930213,HS-20,Catch (thousand t)
tun43,2046,367,C,1722.79387156587,HS-20,Catch (thousand t)
tun43,2047,367,C,1981.21298593149,HS-20,Catch (thousand t)
tun43,2048,367,C,1999.99998488758,HS-20,Catch (thousand t)
tun43,2049,367,C,1999.99996866477,HS-20,Catch (thousand t)
tun43,2050,367,C,1999.99998968891,HS-20,Catch (thousand t)
tun43,2025,397,C,1385.8907626811,HS-20,Catch (thousand t)
tun43,2026,397,C,1255.13977173553,HS-20,Catch (thousand t)
tun43,2027,397,C,1206.20419680488,HS-20,Catch (thousand t)
tun43,2028,397,C,1194.73970633801,HS-20,Catch (thousand t)
tun43,2029,397,C,1373.95066229208,HS-20,Catch (thousand t)
tun43,2030,397,C,1580.04326163603,HS-20,Catch (thousand t)
tun43,2031,397,C,1817.04975088142,HS-20,Catch (thousand t)
tun43,2032,397,C,1693.09306570598,HS-20,Catch (thousand t)
tun43,2033,397,C,1654.31153437639,HS-20,Catch (thousand t)
tun43,2034,397,C,1902.4582642467,HS-20,Catch (thousand t)
tun43,2035,397,C,1999.99999955744,HS-20,Catch (thousand t)
tun43,2036,397,C,1999.99999968694,HS-20,Catch (thousand t)
tun43,2037,397,C,1999.99999993686,HS-20,Catch (thousand t)
tun43,2038,397,C,1999.99999999985,HS-20,Catch (thousand t)
tun43,2039,397,C,1819.33013965105,HS-20,Catch (thousand t)
tun43,2040,397,C,1999.99999999699,HS-20,Catch (thousand t)
tun43,2041,397,C,1814.77185501249,HS-20,Catch (thousand t)
tun43,2042,397,C,1999.99999999997,HS-20,Catch (thousand t)
tun43,2043,397,C,1999.99999999993,HS-20,Catch (thousand t)
tun43,2044,397,C,1999.99999999953,HS-20,Catch (thousand t)
tun43,2045,397,C,1600,HS-20,Catch (thousand t)
tun43,2046,397,C,1279.99999999651,HS-20,Catch (thousand t)
tun43,2047,397,C,1023.99999815671,HS-20,Catch (thousand t)
tun43,2048,397,C,924.189946430564,HS-20,Catch (thousand t)
tun43,2049,397,C,808.947443427168,HS-20,Catch (thousand t)
tun43,2050,397,C,801.744821442643,HS-20,Catch (thousand t)
tun43,2025,498,C,1385.8907626811,HS-20,Catch (thousand t)
tun43,2026,498,C,1255.13975357597,HS-20,Catch (thousand t)
tun43,2027,498,C,1206.20533422903,HS-20,Catch (thousand t)
tun43,2028,498,C,1076.7633418604,HS-20,Catch (thousand t)
tun43,2029,498,C,1136.4822641887,HS-20,Catch (thousand t)
tun43,2030,498,C,1214.5799823504,HS-20,Catch (thousand t)
tun43,2031,498,C,1198.13856039453,HS-20,Catch (thousand t)
tun43,2032,498,C,1105.73259626592,HS-20,Catch (thousand t)
tun43,2033,498,C,1271.59249120195,HS-20,Catch (thousand t)
tun43,2034,498,C,1462.33136488224,HS-20,Catch (thousand t)
tun43,2035,498,C,1681.68103583031,HS-20,Catch (thousand t)
tun43,2036,498,C,1526.27758558523,HS-20,Catch (thousand t)
tun43,2037,498,C,1676.37367230811,HS-20,Catch (thousand t)
tun43,2038,498,C,1709.50994081187,HS-20,Catch (thousand t)
tun43,2039,498,C,1583.72133561728,HS-20,Catch (thousand t)
tun43,2040,498,C,1351.69115445063,HS-20,Catch (thousand t)
tun43,2041,498,C,1081.35292357031,HS-20,Catch (thousand t)
tun43,2042,498,C,954.382392675249,HS-20,Catch (thousand t)
tun43,2043,498,C,1037.47169429264,HS-20,Catch (thousand t)
tun43,2044,498,C,1193.09244843125,HS-20,Catch (thousand t)
tun43,2045,498,C,1372.05631555142,HS-20,Catch (thousand t)
tun43,2046,498,C,1577.86475346705,HS-20,Catch (thousand t)
tun43,2047,498,C,1758.11430485904,HS-20,Catch (thousand t)
tun43,2048,498,C,1999.99993198629,HS-20,Catch (thousand t)
tun43,2049,498,C,2000,HS-20,Catch (thousand t)
tun43,2050,498,C,1999.99992275224,HS-20,Catch (thousand t)
